customer_id,churn_probability,predicted_churn,actual_churn,risk_segment
CUST_000000,0.022224367,0,0,Low Risk
CUST_000001,0.089777976,0,0,Low Risk
CUST_000002,0.07518272,0,0,Low Risk
CUST_000003,0.99733126,1,1,High Risk
CUST_000004,0.9975043,1,1,High Risk
CUST_000005,0.013090168,0,0,Low Risk
CUST_000006,0.0022457724,0,0,Low Risk
CUST_000007,0.9998646,1,1,High Risk
CUST_000008,0.008986698,0,0,Low Risk
CUST_000009,0.064187884,0,0,Low Risk
CUST_000010,0.012166491,0,0,Low Risk
CUST_000011,0.9471515,1,1,High Risk
CUST_000012,0.38224116,0,0,Medium Risk
CUST_000013,0.02830698,0,0,Low Risk
CUST_000014,0.024220843,0,0,Low Risk
CUST_000015,0.16317734,0,0,Low Risk
CUST_000016,0.023520818,0,0,Low Risk
CUST_000017,0.025787206,0,0,Low Risk
CUST_000018,0.011197708,0,0,Low Risk
CUST_000019,0.054984115,0,0,Low Risk
CUST_000020,0.99924123,1,1,High Risk
CUST_000021,0.017814457,0,0,Low Risk
CUST_000022,0.99964416,1,1,High Risk
CUST_000023,0.016065309,0,0,Low Risk
CUST_000024,0.012623588,0,0,Low Risk
CUST_000025,0.11466208,0,0,Low Risk
CUST_000026,0.0066267834,0,0,Low Risk
CUST_000027,0.037587784,0,0,Low Risk
CUST_000028,0.83540654,1,1,High Risk
CUST_000029,0.9989089,1,1,High Risk
CUST_000030,0.022595378,0,0,Low Risk
CUST_000031,0.02086352,0,0,Low Risk
CUST_000032,0.012272437,0,0,Low Risk
CUST_000033,0.11945149,0,0,Low Risk
CUST_000034,0.16810668,0,0,Low Risk
CUST_000035,0.108335964,0,0,Low Risk
CUST_000036,0.016199725,0,0,Low Risk
CUST_000037,0.020328613,0,0,Low Risk
CUST_000038,0.0065073026,0,0,Low Risk
CUST_000039,0.009779659,0,0,Low Risk
CUST_000040,0.028949406,0,0,Low Risk
CUST_000041,0.0117036,0,0,Low Risk
CUST_000042,0.02570365,0,0,Low Risk
CUST_000043,0.99009424,1,1,High Risk
CUST_000044,0.039236788,0,0,Low Risk
CUST_000045,0.054621555,0,0,Low Risk
CUST_000046,0.99967456,1,1,High Risk
CUST_000047,0.025953392,0,0,Low Risk
CUST_000048,0.9990989,1,1,High Risk
CUST_000049,0.0026734013,0,0,Low Risk
CUST_000050,0.40877402,0,0,Medium Risk
CUST_000051,0.02644775,0,0,Low Risk
CUST_000052,0.9991974,1,1,High Risk
CUST_000053,0.020813327,0,0,Low Risk
CUST_000054,0.03471086,0,0,Low Risk
CUST_000055,0.007429667,0,0,Low Risk
CUST_000056,0.021584319,0,0,Low Risk
CUST_000057,0.017376307,0,0,Low Risk
CUST_000058,0.0023610026,0,0,Low Risk
CUST_000059,0.004066326,0,0,Low Risk
CUST_000060,0.02017753,0,0,Low Risk
CUST_000061,0.020626364,0,0,Low Risk
CUST_000062,0.27403948,0,0,Low Risk
CUST_000063,0.011239516,0,0,Low Risk
CUST_000064,0.0051737553,0,0,Low Risk
CUST_000065,0.32988477,0,0,Low Risk
CUST_000066,0.5441243,1,0,Medium Risk
CUST_000067,0.022092264,0,0,Low Risk
CUST_000068,0.035392273,0,0,Low Risk
CUST_000069,0.115164,0,0,Low Risk
CUST_000070,0.055135537,0,0,Low Risk
CUST_000071,0.03176676,0,0,Low Risk
CUST_000072,0.9968207,1,1,High Risk
CUST_000073,0.01618281,0,0,Low Risk
CUST_000074,0.008621956,0,0,Low Risk
CUST_000075,0.66029274,1,0,High Risk
CUST_000076,0.015582132,0,0,Low Risk
CUST_000077,0.9630616,1,1,High Risk
CUST_000078,0.0014818382,0,0,Low Risk
CUST_000079,0.030813884,0,0,Low Risk
CUST_000080,0.01978858,0,0,Low Risk
CUST_000081,0.99912494,1,1,High Risk
CUST_000082,0.9995146,1,1,High Risk
CUST_000083,0.05855562,0,0,Low Risk
CUST_000084,0.013483839,0,0,Low Risk
CUST_000085,0.008645485,0,0,Low Risk
CUST_000086,0.18559836,0,0,Low Risk
CUST_000087,0.9996402,1,1,High Risk
CUST_000088,0.036879305,0,0,Low Risk
CUST_000089,0.0040340484,0,0,Low Risk
CUST_000090,0.02785448,0,0,Low Risk
CUST_000091,0.031556804,0,0,Low Risk
CUST_000092,0.00673741,0,0,Low Risk
CUST_000093,0.99780256,1,1,High Risk
CUST_000094,0.9984086,1,1,High Risk
CUST_000095,0.025184512,0,0,Low Risk
CUST_000096,0.042495333,0,0,Low Risk
CUST_000097,0.9988734,1,1,High Risk
CUST_000098,0.008206184,0,0,Low Risk
CUST_000099,0.023842435,0,0,Low Risk
CUST_000100,0.0022440935,0,0,Low Risk
CUST_000101,0.66115624,1,0,High Risk
CUST_000102,0.9998417,1,1,High Risk
CUST_000103,0.028520247,0,0,Low Risk
CUST_000104,0.99651563,1,1,High Risk
CUST_000105,0.996829,1,1,High Risk
CUST_000106,0.03507565,0,0,Low Risk
CUST_000107,0.035934243,0,0,Low Risk
CUST_000108,0.99574214,1,1,High Risk
CUST_000109,0.9981029,1,1,High Risk
CUST_000110,0.007661367,0,0,Low Risk
CUST_000111,0.013700839,0,0,Low Risk
CUST_000112,0.09909691,0,0,Low Risk
CUST_000113,0.18457805,0,0,Low Risk
CUST_000114,0.025996683,0,0,Low Risk
CUST_000115,0.5621218,1,1,Medium Risk
CUST_000116,0.08629634,0,0,Low Risk
CUST_000117,0.007564233,0,0,Low Risk
CUST_000118,0.1079623,0,0,Low Risk
CUST_000119,0.02359456,0,0,Low Risk
CUST_000120,0.99910384,1,1,High Risk
CUST_000121,0.004287247,0,0,Low Risk
CUST_000122,0.00321186,0,0,Low Risk
CUST_000123,0.021428097,0,0,Low Risk
CUST_000124,0.054936647,0,0,Low Risk
CUST_000125,0.041428078,0,0,Low Risk
CUST_000126,0.064834036,0,0,Low Risk
CUST_000127,0.9971002,1,1,High Risk
CUST_000128,0.99766773,1,1,High Risk
CUST_000129,0.9437719,1,1,High Risk
CUST_000130,0.010770079,0,0,Low Risk
CUST_000131,0.9984781,1,1,High Risk
CUST_000132,0.025359048,0,0,Low Risk
CUST_000133,0.0076082777,0,0,Low Risk
CUST_000134,0.7178901,1,1,High Risk
CUST_000135,0.034616377,0,0,Low Risk
CUST_000136,0.1100017,0,0,Low Risk
CUST_000137,0.99988985,1,1,High Risk
CUST_000138,0.00642806,0,0,Low Risk
CUST_000139,0.30202687,0,0,Low Risk
CUST_000140,0.9939871,1,1,High Risk
CUST_000141,0.9996113,1,1,High Risk
CUST_000142,0.018355971,0,0,Low Risk
CUST_000143,0.043364927,0,0,Low Risk
CUST_000144,0.6029219,1,1,Medium Risk
CUST_000145,0.01938646,0,0,Low Risk
CUST_000146,0.013416112,0,0,Low Risk
CUST_000147,0.10886626,0,0,Low Risk
CUST_000148,0.0056085866,0,0,Low Risk
CUST_000149,0.025128342,0,0,Low Risk
CUST_000150,0.03384388,0,0,Low Risk
CUST_000151,0.99978346,1,1,High Risk
CUST_000152,0.05324122,0,0,Low Risk
CUST_000153,0.008110971,0,0,Low Risk
CUST_000154,0.40281266,0,0,Medium Risk
CUST_000155,0.99970776,1,1,High Risk
CUST_000156,0.048670158,0,0,Low Risk
CUST_000157,0.77885777,1,1,High Risk
CUST_000158,0.043563906,0,0,Low Risk
CUST_000159,0.99650264,1,1,High Risk
CUST_000160,0.040801443,0,0,Low Risk
CUST_000161,0.0030864787,0,0,Low Risk
CUST_000162,0.033504684,0,0,Low Risk
CUST_000163,0.022737201,0,0,Low Risk
CUST_000164,0.9984267,1,1,High Risk
CUST_000165,0.15983604,0,0,Low Risk
CUST_000166,0.9997212,1,1,High Risk
CUST_000167,0.0032141644,0,0,Low Risk
CUST_000168,0.024520334,0,0,Low Risk
CUST_000169,0.005621971,0,0,Low Risk
CUST_000170,0.005215861,0,0,Low Risk
CUST_000171,0.9629867,1,1,High Risk
CUST_000172,0.014055345,0,0,Low Risk
CUST_000173,0.99968505,1,1,High Risk
CUST_000174,0.01750595,0,0,Low Risk
CUST_000175,0.99777466,1,1,High Risk
CUST_000176,0.0033051276,0,0,Low Risk
CUST_000177,0.022546796,0,0,Low Risk
CUST_000178,0.9956458,1,1,High Risk
CUST_000179,0.033081967,0,0,Low Risk
CUST_000180,0.0028038358,0,0,Low Risk
CUST_000181,0.04284559,0,0,Low Risk
CUST_000182,0.06599444,0,0,Low Risk
CUST_000183,0.0076366575,0,0,Low Risk
CUST_000184,0.021234391,0,0,Low Risk
CUST_000185,0.99948287,1,1,High Risk
CUST_000186,0.9933528,1,1,High Risk
CUST_000187,0.9991667,1,1,High Risk
CUST_000188,0.014038543,0,0,Low Risk
CUST_000189,0.99546343,1,1,High Risk
CUST_000190,0.9984421,1,1,High Risk
CUST_000191,0.02345749,0,0,Low Risk
CUST_000192,0.13856716,0,0,Low Risk
CUST_000193,0.10647079,0,0,Low Risk
CUST_000194,0.998321,1,1,High Risk
CUST_000195,0.014407848,0,0,Low Risk
CUST_000196,0.006012318,0,0,Low Risk
CUST_000197,0.9800648,1,1,High Risk
CUST_000198,0.012456661,0,0,Low Risk
CUST_000199,0.0068146954,0,0,Low Risk
CUST_000200,0.02984905,0,0,Low Risk
CUST_000201,0.018423855,0,0,Low Risk
CUST_000202,0.022940665,0,0,Low Risk
CUST_000203,0.9967962,1,1,High Risk
CUST_000204,0.9954228,1,1,High Risk
CUST_000205,0.14407499,0,0,Low Risk
CUST_000206,0.017611474,0,0,Low Risk
CUST_000207,0.0076664584,0,0,Low Risk
CUST_000208,0.05007024,0,0,Low Risk
CUST_000209,0.026632864,0,0,Low Risk
CUST_000210,0.9996723,1,1,High Risk
CUST_000211,0.03557525,0,0,Low Risk
CUST_000212,0.99807656,1,1,High Risk
CUST_000213,0.03915013,0,0,Low Risk
CUST_000214,0.042692605,0,0,Low Risk
CUST_000215,0.8440992,1,0,High Risk
CUST_000216,0.0061770957,0,0,Low Risk
CUST_000217,0.14669642,0,0,Low Risk
CUST_000218,0.008799073,0,0,Low Risk
CUST_000219,0.0030371393,0,0,Low Risk
CUST_000220,0.99986184,1,1,High Risk
CUST_000221,0.025115833,0,0,Low Risk
CUST_000222,0.99850273,1,1,High Risk
CUST_000223,0.00761803,0,0,Low Risk
CUST_000224,0.004473382,0,0,Low Risk
CUST_000225,0.9995453,1,1,High Risk
CUST_000226,0.4413599,0,0,Medium Risk
CUST_000227,0.081200376,0,0,Low Risk
CUST_000228,0.046649724,0,0,Low Risk
CUST_000229,0.023771292,0,0,Low Risk
CUST_000230,0.98526543,1,1,High Risk
CUST_000231,0.015542911,0,0,Low Risk
CUST_000232,0.49599344,0,0,Medium Risk
CUST_000233,0.005617796,0,0,Low Risk
CUST_000234,0.042091437,0,0,Low Risk
CUST_000235,0.99960226,1,1,High Risk
CUST_000236,0.018880779,0,0,Low Risk
CUST_000237,0.014725548,0,0,Low Risk
CUST_000238,0.004962744,0,0,Low Risk
CUST_000239,0.99955493,1,1,High Risk
CUST_000240,0.9971119,1,1,High Risk
CUST_000241,0.020902716,0,0,Low Risk
CUST_000242,0.057611592,0,0,Low Risk
CUST_000243,0.0049084653,0,0,Low Risk
CUST_000244,0.0256605,0,0,Low Risk
CUST_000245,0.06757284,0,0,Low Risk
CUST_000246,0.011308891,0,0,Low Risk
CUST_000247,0.2218683,0,0,Low Risk
CUST_000248,0.9977108,1,1,High Risk
CUST_000249,0.99738365,1,1,High Risk
CUST_000250,0.030443216,0,0,Low Risk
CUST_000251,0.007606546,0,0,Low Risk
CUST_000252,0.014959039,0,0,Low Risk
CUST_000253,0.0062768734,0,0,Low Risk
CUST_000254,0.9993438,1,1,High Risk
CUST_000255,0.016145986,0,0,Low Risk
CUST_000256,0.9993556,1,1,High Risk
CUST_000257,0.024163604,0,0,Low Risk
CUST_000258,0.05864855,0,0,Low Risk
CUST_000259,0.08620433,0,0,Low Risk
CUST_000260,0.017335776,0,0,Low Risk
CUST_000261,0.06682177,0,1,Low Risk
CUST_000262,0.48978716,0,0,Medium Risk
CUST_000263,0.003292402,0,0,Low Risk
CUST_000264,0.07510488,0,0,Low Risk
CUST_000265,0.0431211,0,0,Low Risk
CUST_000266,0.99978536,1,1,High Risk
CUST_000267,0.997789,1,1,High Risk
CUST_000268,0.99982846,1,1,High Risk
CUST_000269,0.028882466,0,0,Low Risk
CUST_000270,0.040261235,0,0,Low Risk
CUST_000271,0.017571613,0,0,Low Risk
CUST_000272,0.043989595,0,0,Low Risk
CUST_000273,0.06644691,0,0,Low Risk
CUST_000274,0.0042755664,0,0,Low Risk
CUST_000275,0.99964464,1,1,High Risk
CUST_000276,0.0639424,0,0,Low Risk
CUST_000277,0.14905167,0,0,Low Risk
CUST_000278,0.020732136,0,0,Low Risk
CUST_000279,0.038247164,0,0,Low Risk
CUST_000280,0.029921643,0,0,Low Risk
CUST_000281,0.0056615938,0,0,Low Risk
CUST_000282,0.014392247,0,0,Low Risk
CUST_000283,0.008692348,0,0,Low Risk
CUST_000284,0.076559566,0,0,Low Risk
CUST_000285,0.9960199,1,1,High Risk
CUST_000286,0.0042170193,0,0,Low Risk
CUST_000287,0.9987877,1,1,High Risk
CUST_000288,0.024779843,0,0,Low Risk
CUST_000289,0.0030491087,0,0,Low Risk
CUST_000290,0.018640907,0,0,Low Risk
CUST_000291,0.003036078,0,0,Low Risk
CUST_000292,0.072339416,0,0,Low Risk
CUST_000293,0.0018194304,0,0,Low Risk
CUST_000294,0.062934466,0,0,Low Risk
CUST_000295,0.03873008,0,0,Low Risk
CUST_000296,0.012556491,0,0,Low Risk
CUST_000297,0.041539494,0,0,Low Risk
CUST_000298,0.9996989,1,1,High Risk
CUST_000299,0.04300552,0,0,Low Risk
CUST_000300,0.028479967,0,0,Low Risk
CUST_000301,0.9989471,1,1,High Risk
CUST_000302,0.99900776,1,1,High Risk
CUST_000303,0.037481412,0,0,Low Risk
CUST_000304,0.011175481,0,0,Low Risk
CUST_000305,0.09428818,0,0,Low Risk
CUST_000306,0.018582271,0,0,Low Risk
CUST_000307,0.9992681,1,1,High Risk
CUST_000308,0.08517043,0,0,Low Risk
CUST_000309,0.004285434,0,0,Low Risk
CUST_000310,0.016742222,0,0,Low Risk
CUST_000311,0.01061725,0,0,Low Risk
CUST_000312,0.06870256,0,0,Low Risk
CUST_000313,0.038137898,0,0,Low Risk
CUST_000314,0.013285215,0,0,Low Risk
CUST_000315,0.02781472,0,0,Low Risk
CUST_000316,0.06980377,0,0,Low Risk
CUST_000317,0.038092867,0,0,Low Risk
CUST_000318,0.024433812,0,0,Low Risk
CUST_000319,0.99181163,1,1,High Risk
CUST_000320,0.054487355,0,0,Low Risk
CUST_000321,0.026641376,0,0,Low Risk
CUST_000322,0.031519722,0,0,Low Risk
CUST_000323,0.006034223,0,0,Low Risk
CUST_000324,0.9919137,1,1,High Risk
CUST_000325,0.035405274,0,0,Low Risk
CUST_000326,0.99979955,1,1,High Risk
CUST_000327,0.0046463977,0,0,Low Risk
CUST_000328,0.007094379,0,0,Low Risk
CUST_000329,0.02451689,0,0,Low Risk
CUST_000330,0.99782515,1,1,High Risk
CUST_000331,0.04112678,0,0,Low Risk
CUST_000332,0.0030507836,0,0,Low Risk
CUST_000333,0.024336813,0,0,Low Risk
CUST_000334,0.0027084951,0,0,Low Risk
CUST_000335,0.059406552,0,0,Low Risk
CUST_000336,0.9950842,1,1,High Risk
CUST_000337,0.99981636,1,1,High Risk
CUST_000338,0.04368617,0,0,Low Risk
CUST_000339,0.0037609302,0,0,Low Risk
CUST_000340,0.006639493,0,0,Low Risk
CUST_000341,0.011103081,0,0,Low Risk
CUST_000342,0.03858872,0,0,Low Risk
CUST_000343,0.017406147,0,0,Low Risk
CUST_000344,0.0149304075,0,0,Low Risk
CUST_000345,0.025274975,0,0,Low Risk
CUST_000346,0.9988543,1,1,High Risk
CUST_000347,0.99872154,1,1,High Risk
CUST_000348,0.004090884,0,0,Low Risk
CUST_000349,0.16824569,0,0,Low Risk
CUST_000350,0.99906665,1,1,High Risk
CUST_000351,0.046894066,0,0,Low Risk
CUST_000352,0.02041167,0,0,Low Risk
CUST_000353,0.017144926,0,0,Low Risk
CUST_000354,0.001239244,0,0,Low Risk
CUST_000355,0.013972215,0,0,Low Risk
CUST_000356,0.018040787,0,0,Low Risk
CUST_000357,0.020188935,0,0,Low Risk
CUST_000358,0.99571383,1,1,High Risk
CUST_000359,0.99810684,1,1,High Risk
CUST_000360,0.0022410536,0,0,Low Risk
CUST_000361,0.9956726,1,1,High Risk
CUST_000362,0.9912305,1,1,High Risk
CUST_000363,0.9991584,1,1,High Risk
CUST_000364,0.99471855,1,1,High Risk
CUST_000365,0.024931563,0,0,Low Risk
CUST_000366,0.016628096,0,0,Low Risk
CUST_000367,0.033249408,0,0,Low Risk
CUST_000368,0.99951124,1,1,High Risk
CUST_000369,0.006104632,0,0,Low Risk
CUST_000370,0.0403294,0,0,Low Risk
CUST_000371,0.002083751,0,0,Low Risk
CUST_000372,0.005656874,0,0,Low Risk
CUST_000373,0.014867657,0,0,Low Risk
CUST_000374,0.014522852,0,0,Low Risk
CUST_000375,0.013339349,0,0,Low Risk
CUST_000376,0.03595208,0,0,Low Risk
CUST_000377,0.015347943,0,0,Low Risk
CUST_000378,0.039890893,0,0,Low Risk
CUST_000379,0.01681036,0,0,Low Risk
CUST_000380,0.0032204324,0,0,Low Risk
CUST_000381,0.012196184,0,0,Low Risk
CUST_000382,0.012525737,0,0,Low Risk
CUST_000383,0.02959566,0,0,Low Risk
CUST_000384,0.017843757,0,0,Low Risk
CUST_000385,0.012090797,0,0,Low Risk
CUST_000386,0.008161442,0,0,Low Risk
CUST_000387,0.013538077,0,0,Low Risk
CUST_000388,0.017074894,0,0,Low Risk
CUST_000389,0.94061303,1,1,High Risk
CUST_000390,0.16813023,0,0,Low Risk
CUST_000391,0.99842876,1,1,High Risk
CUST_000392,0.018808624,0,0,Low Risk
CUST_000393,0.0030884733,0,0,Low Risk
CUST_000394,0.022840679,0,0,Low Risk
CUST_000395,0.07209654,0,0,Low Risk
CUST_000396,0.9978397,1,1,High Risk
CUST_000397,0.07205948,0,0,Low Risk
CUST_000398,0.08134194,0,0,Low Risk
CUST_000399,0.9993923,1,1,High Risk
CUST_000400,0.009648791,0,0,Low Risk
CUST_000401,0.04667119,0,0,Low Risk
CUST_000402,0.0023898478,0,0,Low Risk
CUST_000403,0.06827106,0,0,Low Risk
CUST_000404,0.9989312,1,1,High Risk
CUST_000405,0.028567735,0,0,Low Risk
CUST_000406,0.0018933916,0,0,Low Risk
CUST_000407,0.06443859,0,0,Low Risk
CUST_000408,0.053795975,0,0,Low Risk
CUST_000409,0.9986412,1,1,High Risk
CUST_000410,0.013232619,0,0,Low Risk
CUST_000411,0.07823312,0,0,Low Risk
CUST_000412,0.15363038,0,0,Low Risk
CUST_000413,0.020083502,0,0,Low Risk
CUST_000414,0.020279739,0,0,Low Risk
CUST_000415,0.9997843,1,1,High Risk
CUST_000416,0.013572787,0,0,Low Risk
CUST_000417,0.0038368735,0,0,Low Risk
CUST_000418,0.023819825,0,0,Low Risk
CUST_000419,0.95189035,1,1,High Risk
CUST_000420,0.041493572,0,0,Low Risk
CUST_000421,0.03126145,0,0,Low Risk
CUST_000422,0.015696885,0,0,Low Risk
CUST_000423,0.99967563,1,1,High Risk
CUST_000424,0.0054719676,0,0,Low Risk
CUST_000425,0.042447057,0,0,Low Risk
CUST_000426,0.046991922,0,0,Low Risk
CUST_000427,0.008891855,0,0,Low Risk
CUST_000428,0.99897325,1,1,High Risk
CUST_000429,0.9997067,1,1,High Risk
CUST_000430,0.0055810763,0,0,Low Risk
CUST_000431,0.014233361,0,0,Low Risk
CUST_000432,0.09733911,0,0,Low Risk
CUST_000433,0.0052813264,0,0,Low Risk
CUST_000434,0.010748044,0,0,Low Risk
CUST_000435,0.051689785,0,0,Low Risk
CUST_000436,0.02249535,0,0,Low Risk
CUST_000437,0.069111764,0,0,Low Risk
CUST_000438,0.99803895,1,1,High Risk
CUST_000439,0.015197654,0,0,Low Risk
CUST_000440,0.012936702,0,0,Low Risk
CUST_000441,0.92359793,1,1,High Risk
CUST_000442,0.99902034,1,1,High Risk
CUST_000443,0.018961824,0,0,Low Risk
CUST_000444,0.015713906,0,0,Low Risk
CUST_000445,0.07807809,0,0,Low Risk
CUST_000446,0.21548232,0,0,Low Risk
CUST_000447,0.34413385,0,0,Low Risk
CUST_000448,0.008225911,0,0,Low Risk
CUST_000449,0.0036290558,0,0,Low Risk
CUST_000450,0.007098095,0,0,Low Risk
CUST_000451,0.006604015,0,0,Low Risk
CUST_000452,0.10318059,0,0,Low Risk
CUST_000453,0.6308573,1,1,Medium Risk
CUST_000454,0.007746325,0,0,Low Risk
CUST_000455,0.051920164,0,0,Low Risk
CUST_000456,0.01423015,0,0,Low Risk
CUST_000457,0.004806358,0,0,Low Risk
CUST_000458,0.0067771035,0,0,Low Risk
CUST_000459,0.038354166,0,0,Low Risk
CUST_000460,0.03541705,0,0,Low Risk
CUST_000461,0.044887323,0,0,Low Risk
CUST_000462,0.2374269,0,0,Low Risk
CUST_000463,0.13495481,0,1,Low Risk
CUST_000464,0.053677727,0,0,Low Risk
CUST_000465,0.030257009,0,0,Low Risk
CUST_000466,0.9994691,1,1,High Risk
CUST_000467,0.99703,1,1,High Risk
CUST_000468,0.008652616,0,0,Low Risk
CUST_000469,0.9983866,1,1,High Risk
CUST_000470,0.03575697,0,0,Low Risk
CUST_000471,0.46569481,0,0,Medium Risk
CUST_000472,0.0931113,0,0,Low Risk
CUST_000473,0.042989682,0,0,Low Risk
CUST_000474,0.012039433,0,0,Low Risk
CUST_000475,0.06576561,0,0,Low Risk
CUST_000476,0.004943253,0,0,Low Risk
CUST_000477,0.39073744,0,0,Medium Risk
CUST_000478,0.99571604,1,1,High Risk
CUST_000479,0.060746737,0,0,Low Risk
CUST_000480,0.005613224,0,0,Low Risk
CUST_000481,0.0044703046,0,0,Low Risk
CUST_000482,0.016190888,0,0,Low Risk
CUST_000483,0.061633695,0,0,Low Risk
CUST_000484,0.99740785,1,1,High Risk
CUST_000485,0.21269676,0,0,Low Risk
CUST_000486,0.997598,1,1,High Risk
CUST_000487,0.018745609,0,0,Low Risk
CUST_000488,0.030408781,0,0,Low Risk
CUST_000489,0.079871714,0,0,Low Risk
CUST_000490,0.005795934,0,0,Low Risk
CUST_000491,0.012002934,0,0,Low Risk
CUST_000492,0.027132252,0,0,Low Risk
CUST_000493,0.0070299027,0,0,Low Risk
CUST_000494,0.98889345,1,1,High Risk
CUST_000495,0.0061854,0,0,Low Risk
CUST_000496,0.03858027,0,0,Low Risk
CUST_000497,0.080745995,0,0,Low Risk
CUST_000498,0.9837949,1,1,High Risk
CUST_000499,0.4436172,0,0,Medium Risk
CUST_000500,0.03872004,0,0,Low Risk
CUST_000501,0.08016273,0,0,Low Risk
CUST_000502,0.992851,1,1,High Risk
CUST_000503,0.039650686,0,0,Low Risk
CUST_000504,0.02053034,0,0,Low Risk
CUST_000505,0.02436135,0,0,Low Risk
CUST_000506,0.9986395,1,1,High Risk
CUST_000507,0.09740026,0,0,Low Risk
CUST_000508,0.5106033,1,0,Medium Risk
CUST_000509,0.9902294,1,1,High Risk
CUST_000510,0.017306987,0,0,Low Risk
CUST_000511,0.011983988,0,0,Low Risk
CUST_000512,0.024735121,0,0,Low Risk
CUST_000513,0.08122356,0,0,Low Risk
CUST_000514,0.012479523,0,0,Low Risk
CUST_000515,0.031918697,0,0,Low Risk
CUST_000516,0.020049268,0,0,Low Risk
CUST_000517,0.006294535,0,0,Low Risk
CUST_000518,0.038336035,0,0,Low Risk
CUST_000519,0.074791305,0,0,Low Risk
CUST_000520,0.16322628,0,0,Low Risk
CUST_000521,0.013599742,0,0,Low Risk
CUST_000522,0.21552804,0,0,Low Risk
CUST_000523,0.041371375,0,0,Low Risk
CUST_000524,0.03646493,0,0,Low Risk
CUST_000525,0.015318952,0,0,Low Risk
CUST_000526,0.007258093,0,0,Low Risk
CUST_000527,0.004328036,0,0,Low Risk
CUST_000528,0.0023688786,0,0,Low Risk
CUST_000529,0.01946508,0,0,Low Risk
CUST_000530,0.99950945,1,1,High Risk
CUST_000531,0.062193975,0,0,Low Risk
CUST_000532,0.043397013,0,0,Low Risk
CUST_000533,0.11324207,0,0,Low Risk
CUST_000534,0.04418854,0,0,Low Risk
CUST_000535,0.08665142,0,0,Low Risk
CUST_000536,0.04910944,0,0,Low Risk
CUST_000537,0.014840353,0,0,Low Risk
CUST_000538,0.017930666,0,0,Low Risk
CUST_000539,0.0048123733,0,0,Low Risk
CUST_000540,0.9844246,1,1,High Risk
CUST_000541,0.026044877,0,0,Low Risk
CUST_000542,0.001855362,0,0,Low Risk
CUST_000543,0.9998753,1,1,High Risk
CUST_000544,0.011714509,0,0,Low Risk
CUST_000545,0.009536163,0,0,Low Risk
CUST_000546,0.0043872306,0,0,Low Risk
CUST_000547,0.12398122,0,0,Low Risk
CUST_000548,0.00718875,0,0,Low Risk
CUST_000549,0.00484332,0,0,Low Risk
CUST_000550,0.016943006,0,0,Low Risk
CUST_000551,0.5747601,1,0,Medium Risk
CUST_000552,0.0286089,0,0,Low Risk
CUST_000553,0.9996511,1,1,High Risk
CUST_000554,0.07602829,0,0,Low Risk
CUST_000555,0.018177927,0,0,Low Risk
CUST_000556,0.99944156,1,1,High Risk
CUST_000557,0.012935704,0,0,Low Risk
CUST_000558,0.021807598,0,0,Low Risk
CUST_000559,0.14362276,0,0,Low Risk
CUST_000560,0.040659156,0,0,Low Risk
CUST_000561,0.14390802,0,0,Low Risk
CUST_000562,0.0093996385,0,0,Low Risk
CUST_000563,0.07234291,0,0,Low Risk
CUST_000564,0.006036712,0,0,Low Risk
CUST_000565,0.9989442,1,1,High Risk
CUST_000566,0.008574976,0,0,Low Risk
CUST_000567,0.9981098,1,1,High Risk
CUST_000568,0.047198694,0,0,Low Risk
CUST_000569,0.9991116,1,1,High Risk
CUST_000570,0.006102841,0,0,Low Risk
CUST_000571,0.99936396,1,1,High Risk
CUST_000572,0.99915075,1,1,High Risk
CUST_000573,0.011259563,0,0,Low Risk
CUST_000574,0.00960595,0,0,Low Risk
CUST_000575,0.06779258,0,0,Low Risk
CUST_000576,0.016740065,0,0,Low Risk
CUST_000577,0.07203216,0,0,Low Risk
CUST_000578,0.013978727,0,0,Low Risk
CUST_000579,0.0028357666,0,0,Low Risk
CUST_000580,0.028092204,0,0,Low Risk
CUST_000581,0.06538062,0,0,Low Risk
CUST_000582,0.0049456293,0,0,Low Risk
CUST_000583,0.06576053,0,0,Low Risk
CUST_000584,0.034624744,0,0,Low Risk
CUST_000585,0.011879298,0,0,Low Risk
CUST_000586,0.9988034,1,1,High Risk
CUST_000587,0.01426496,0,0,Low Risk
CUST_000588,0.023591116,0,0,Low Risk
CUST_000589,0.015774757,0,0,Low Risk
CUST_000590,0.031971477,0,0,Low Risk
CUST_000591,0.0098587,0,0,Low Risk
CUST_000592,0.03598042,0,0,Low Risk
CUST_000593,0.9996625,1,1,High Risk
CUST_000594,0.998223,1,1,High Risk
CUST_000595,0.999731,1,1,High Risk
CUST_000596,0.030229716,0,0,Low Risk
CUST_000597,0.9864107,1,1,High Risk
CUST_000598,0.0024852336,0,0,Low Risk
CUST_000599,0.006381853,0,0,Low Risk
CUST_000600,0.0068459366,0,0,Low Risk
CUST_000601,0.99885416,1,1,High Risk
CUST_000602,0.0019484097,0,0,Low Risk
CUST_000603,0.012148583,0,0,Low Risk
CUST_000604,0.01999065,0,0,Low Risk
CUST_000605,0.0063456143,0,0,Low Risk
CUST_000606,0.97275275,1,1,High Risk
CUST_000607,0.035865035,0,0,Low Risk
CUST_000608,0.008202223,0,0,Low Risk
CUST_000609,0.041262113,0,1,Low Risk
CUST_000610,0.033548225,0,0,Low Risk
CUST_000611,0.9316331,1,1,High Risk
CUST_000612,0.99715245,1,1,High Risk
CUST_000613,0.017574085,0,0,Low Risk
CUST_000614,0.012348394,0,0,Low Risk
CUST_000615,0.057044487,0,0,Low Risk
CUST_000616,0.042278595,0,0,Low Risk
CUST_000617,0.19392446,0,0,Low Risk
CUST_000618,0.06597569,0,0,Low Risk
CUST_000619,0.011223035,0,0,Low Risk
CUST_000620,0.012805809,0,0,Low Risk
CUST_000621,0.039879177,0,0,Low Risk
CUST_000622,0.0037542472,0,0,Low Risk
CUST_000623,0.027747478,0,0,Low Risk
CUST_000624,0.028746154,0,0,Low Risk
CUST_000625,0.012772342,0,0,Low Risk
CUST_000626,0.025431644,0,0,Low Risk
CUST_000627,0.0030733747,0,0,Low Risk
CUST_000628,0.0011881794,0,0,Low Risk
CUST_000629,0.014133658,0,0,Low Risk
CUST_000630,0.016005047,0,0,Low Risk
CUST_000631,0.9886867,1,1,High Risk
CUST_000632,0.010640196,0,0,Low Risk
CUST_000633,0.046543594,0,0,Low Risk
CUST_000634,0.16269854,0,0,Low Risk
CUST_000635,0.010835225,0,0,Low Risk
CUST_000636,0.0015623873,0,0,Low Risk
CUST_000637,0.040553696,0,0,Low Risk
CUST_000638,0.9983341,1,1,High Risk
CUST_000639,0.99927336,1,1,High Risk
CUST_000640,0.020994779,0,0,Low Risk
CUST_000641,0.014523815,0,0,Low Risk
CUST_000642,0.016807105,0,0,Low Risk
CUST_000643,0.99775285,1,1,High Risk
CUST_000644,0.018988369,0,0,Low Risk
CUST_000645,0.026049638,0,0,Low Risk
CUST_000646,0.020702366,0,0,Low Risk
CUST_000647,0.97768503,1,1,High Risk
CUST_000648,0.99740124,1,1,High Risk
CUST_000649,0.010002364,0,0,Low Risk
CUST_000650,0.04972407,0,0,Low Risk
CUST_000651,0.009410243,0,0,Low Risk
CUST_000652,0.99442875,1,1,High Risk
CUST_000653,0.008213149,0,0,Low Risk
CUST_000654,0.010653938,0,0,Low Risk
CUST_000655,0.021118423,0,0,Low Risk
CUST_000656,0.036531713,0,0,Low Risk
CUST_000657,0.9985599,1,1,High Risk
CUST_000658,0.99695075,1,1,High Risk
CUST_000659,0.9993906,1,1,High Risk
CUST_000660,0.005631496,0,0,Low Risk
CUST_000661,0.5681031,1,0,Medium Risk
CUST_000662,0.048721448,0,0,Low Risk
CUST_000663,0.04963723,0,0,Low Risk
CUST_000664,0.0028381015,0,0,Low Risk
CUST_000665,0.005227346,0,0,Low Risk
CUST_000666,0.006437065,0,0,Low Risk
CUST_000667,0.9993319,1,1,High Risk
CUST_000668,0.015993852,0,0,Low Risk
CUST_000669,0.8626272,1,1,High Risk
CUST_000670,0.9988914,1,1,High Risk
CUST_000671,0.98546,1,1,High Risk
CUST_000672,0.028507838,0,0,Low Risk
CUST_000673,0.99986255,1,1,High Risk
CUST_000674,0.039223604,0,0,Low Risk
CUST_000675,0.5539031,1,0,Medium Risk
CUST_000676,0.2283321,0,1,Low Risk
CUST_000677,0.99805,1,1,High Risk
CUST_000678,0.99026394,1,1,High Risk
CUST_000679,0.050525878,0,0,Low Risk
CUST_000680,0.026017755,0,0,Low Risk
CUST_000681,0.025928367,0,0,Low Risk
CUST_000682,0.99875677,1,1,High Risk
CUST_000683,0.0374649,0,0,Low Risk
CUST_000684,0.10358998,0,0,Low Risk
CUST_000685,0.09494444,0,0,Low Risk
CUST_000686,0.030969976,0,0,Low Risk
CUST_000687,0.9975096,1,1,High Risk
CUST_000688,0.004415047,0,0,Low Risk
CUST_000689,0.010740978,0,0,Low Risk
CUST_000690,0.02086505,0,0,Low Risk
CUST_000691,0.006792437,0,0,Low Risk
CUST_000692,0.021294024,0,0,Low Risk
CUST_000693,0.011635214,0,0,Low Risk
CUST_000694,0.9990281,1,1,High Risk
CUST_000695,0.9995993,1,1,High Risk
CUST_000696,0.026567323,0,0,Low Risk
CUST_000697,0.007926369,0,0,Low Risk
CUST_000698,0.003439138,0,0,Low Risk
CUST_000699,0.99909127,1,1,High Risk
CUST_000700,0.0059641916,0,0,Low Risk
CUST_000701,0.03863006,0,0,Low Risk
CUST_000702,0.027919592,0,0,Low Risk
CUST_000703,0.004395547,0,0,Low Risk
CUST_000704,0.092387185,0,0,Low Risk
CUST_000705,0.0303724,0,0,Low Risk
CUST_000706,0.006453194,0,0,Low Risk
CUST_000707,0.062373746,0,0,Low Risk
CUST_000708,0.037785247,0,0,Low Risk
CUST_000709,0.026665265,0,0,Low Risk
CUST_000710,0.99977785,1,1,High Risk
CUST_000711,0.8515161,1,1,High Risk
CUST_000712,0.005521742,0,0,Low Risk
CUST_000713,0.9983718,1,1,High Risk
CUST_000714,0.016780045,0,0,Low Risk
CUST_000715,0.118107624,0,0,Low Risk
CUST_000716,0.33499786,0,0,Low Risk
CUST_000717,0.3606337,0,0,Medium Risk
CUST_000718,0.013617863,0,0,Low Risk
CUST_000719,0.055713464,0,0,Low Risk
CUST_000720,0.01717609,0,0,Low Risk
CUST_000721,0.9987974,1,1,High Risk
CUST_000722,0.0058662924,0,0,Low Risk
CUST_000723,0.13253053,0,0,Low Risk
CUST_000724,0.013726838,0,0,Low Risk
CUST_000725,0.09270573,0,0,Low Risk
CUST_000726,0.008523464,0,0,Low Risk
CUST_000727,0.99649626,1,1,High Risk
CUST_000728,0.0010869312,0,0,Low Risk
CUST_000729,0.004459645,0,0,Low Risk
CUST_000730,0.0018993249,0,0,Low Risk
CUST_000731,0.09321687,0,0,Low Risk
CUST_000732,0.99971944,1,1,High Risk
CUST_000733,0.039747793,0,0,Low Risk
CUST_000734,0.9986268,1,1,High Risk
CUST_000735,0.16623265,0,0,Low Risk
CUST_000736,0.0051974757,0,0,Low Risk
CUST_000737,0.02841189,0,0,Low Risk
CUST_000738,0.104710124,0,0,Low Risk
CUST_000739,0.99740076,1,1,High Risk
CUST_000740,0.0056386353,0,0,Low Risk
CUST_000741,0.9988035,1,1,High Risk
CUST_000742,0.015466529,0,0,Low Risk
CUST_000743,0.0023708572,0,0,Low Risk
CUST_000744,0.023232205,0,0,Low Risk
CUST_000745,0.005165322,0,0,Low Risk
CUST_000746,0.98559767,1,1,High Risk
CUST_000747,0.99718827,1,1,High Risk
CUST_000748,0.030900702,0,0,Low Risk
CUST_000749,0.99828726,1,1,High Risk
CUST_000750,0.2705573,0,0,Low Risk
CUST_000751,0.04669615,0,0,Low Risk
CUST_000752,0.16786475,0,0,Low Risk
CUST_000753,0.007657377,0,0,Low Risk
CUST_000754,0.024483504,0,0,Low Risk
CUST_000755,0.09088996,0,0,Low Risk
CUST_000756,0.0067869546,0,0,Low Risk
CUST_000757,0.002322738,0,0,Low Risk
CUST_000758,0.071912155,0,0,Low Risk
CUST_000759,0.06725682,0,0,Low Risk
CUST_000760,0.9281364,1,1,High Risk
CUST_000761,0.9993467,1,1,High Risk
CUST_000762,0.025208792,0,0,Low Risk
CUST_000763,0.1533664,0,0,Low Risk
CUST_000764,0.99855095,1,1,High Risk
CUST_000765,0.9979006,1,1,High Risk
CUST_000766,0.37924477,0,0,Medium Risk
CUST_000767,0.034383006,0,0,Low Risk
CUST_000768,0.99764097,1,1,High Risk
CUST_000769,0.028702386,0,0,Low Risk
CUST_000770,0.99936444,1,1,High Risk
CUST_000771,0.99979526,1,1,High Risk
CUST_000772,0.9977137,1,1,High Risk
CUST_000773,0.0485337,0,0,Low Risk
CUST_000774,0.07416301,0,0,Low Risk
CUST_000775,0.007393703,0,0,Low Risk
CUST_000776,0.999419,1,1,High Risk
CUST_000777,0.046426788,0,0,Low Risk
CUST_000778,0.01905032,0,0,Low Risk
CUST_000779,0.02240599,0,0,Low Risk
CUST_000780,0.0038044418,0,0,Low Risk
CUST_000781,0.9998354,1,1,High Risk
CUST_000782,0.9996743,1,1,High Risk
CUST_000783,0.010004296,0,0,Low Risk
CUST_000784,0.012867447,0,0,Low Risk
CUST_000785,0.057384685,0,0,Low Risk
CUST_000786,0.013787673,0,0,Low Risk
CUST_000787,0.9920976,1,1,High Risk
CUST_000788,0.9979096,1,1,High Risk
CUST_000789,0.07680555,0,0,Low Risk
CUST_000790,0.009815701,0,0,Low Risk
CUST_000791,0.01312077,0,0,Low Risk
CUST_000792,0.20031957,0,0,Low Risk
CUST_000793,0.04271394,0,0,Low Risk
CUST_000794,0.022108939,0,0,Low Risk
CUST_000795,0.008371483,0,0,Low Risk
CUST_000796,0.040393256,0,0,Low Risk
CUST_000797,0.023329366,0,0,Low Risk
CUST_000798,0.99949133,1,1,High Risk
CUST_000799,0.052576482,0,0,Low Risk
CUST_000800,0.9989687,1,1,High Risk
CUST_000801,0.008313392,0,0,Low Risk
CUST_000802,0.08455354,0,0,Low Risk
CUST_000803,0.12516055,0,0,Low Risk
CUST_000804,0.02075286,0,0,Low Risk
CUST_000805,0.993111,1,1,High Risk
CUST_000806,0.021625424,0,0,Low Risk
CUST_000807,0.083909094,0,0,Low Risk
CUST_000808,0.046464402,0,0,Low Risk
CUST_000809,0.0452882,0,0,Low Risk
CUST_000810,0.51532793,1,1,Medium Risk
CUST_000811,0.9997025,1,1,High Risk
CUST_000812,0.015956704,0,0,Low Risk
CUST_000813,0.9992853,1,1,High Risk
CUST_000814,0.9967384,1,1,High Risk
CUST_000815,0.045596078,0,0,Low Risk
CUST_000816,0.036772218,0,0,Low Risk
CUST_000817,0.9994948,1,1,High Risk
CUST_000818,0.03329064,0,0,Low Risk
CUST_000819,0.052145485,0,0,Low Risk
CUST_000820,0.9971879,1,1,High Risk
CUST_000821,0.9991003,1,1,High Risk
CUST_000822,0.99756086,1,1,High Risk
CUST_000823,0.011043314,0,0,Low Risk
CUST_000824,0.999305,1,1,High Risk
CUST_000825,0.5865081,1,1,Medium Risk
CUST_000826,0.008546338,0,0,Low Risk
CUST_000827,0.9997061,1,1,High Risk
CUST_000828,0.9996196,1,1,High Risk
CUST_000829,0.008974183,0,0,Low Risk
CUST_000830,0.015020801,0,0,Low Risk
CUST_000831,0.012181945,0,0,Low Risk
CUST_000832,0.0014854464,0,0,Low Risk
CUST_000833,0.9975394,1,1,High Risk
CUST_000834,0.9998627,1,1,High Risk
CUST_000835,0.07296369,0,0,Low Risk
CUST_000836,0.9914294,1,1,High Risk
CUST_000837,0.006827168,0,0,Low Risk
CUST_000838,0.024730716,0,0,Low Risk
CUST_000839,0.0070585897,0,0,Low Risk
CUST_000840,0.015563792,0,0,Low Risk
CUST_000841,0.0133424625,0,0,Low Risk
CUST_000842,0.9928226,1,1,High Risk
CUST_000843,0.03088002,0,0,Low Risk
CUST_000844,0.0045667575,0,0,Low Risk
CUST_000845,0.0048694503,0,0,Low Risk
CUST_000846,0.011607123,0,0,Low Risk
CUST_000847,0.38829353,0,1,Medium Risk
CUST_000848,0.018640168,0,0,Low Risk
CUST_000849,0.02854191,0,0,Low Risk
CUST_000850,0.99918693,1,1,High Risk
CUST_000851,0.079993546,0,0,Low Risk
CUST_000852,0.9963231,1,1,High Risk
CUST_000853,0.0034644308,0,0,Low Risk
CUST_000854,0.0059788874,0,0,Low Risk
CUST_000855,0.011205857,0,0,Low Risk
CUST_000856,0.05863949,0,0,Low Risk
CUST_000857,0.9991479,1,1,High Risk
CUST_000858,0.020296244,0,0,Low Risk
CUST_000859,0.014732795,0,0,Low Risk
CUST_000860,0.05584124,0,0,Low Risk
CUST_000861,0.056480452,0,0,Low Risk
CUST_000862,0.7307806,1,1,High Risk
CUST_000863,0.003623737,0,0,Low Risk
CUST_000864,0.23113379,0,0,Low Risk
CUST_000865,0.9989442,1,1,High Risk
CUST_000866,0.005306919,0,0,Low Risk
CUST_000867,0.0054756533,0,0,Low Risk
CUST_000868,0.008758453,0,0,Low Risk
CUST_000869,0.9813332,1,1,High Risk
CUST_000870,0.998836,1,1,High Risk
CUST_000871,0.0180028,0,0,Low Risk
CUST_000872,0.021235391,0,0,Low Risk
CUST_000873,0.15498951,0,0,Low Risk
CUST_000874,0.024170497,0,0,Low Risk
CUST_000875,0.036358584,0,0,Low Risk
CUST_000876,0.025762616,0,0,Low Risk
CUST_000877,0.9953412,1,1,High Risk
CUST_000878,0.0041890233,0,0,Low Risk
CUST_000879,0.036753688,0,0,Low Risk
CUST_000880,0.9982152,1,1,High Risk
CUST_000881,0.8027473,1,1,High Risk
CUST_000882,0.022181626,0,0,Low Risk
CUST_000883,0.03354106,0,0,Low Risk
CUST_000884,0.061254315,0,0,Low Risk
CUST_000885,0.99859613,1,1,High Risk
CUST_000886,0.004276257,0,0,Low Risk
CUST_000887,0.03556907,0,0,Low Risk
CUST_000888,0.016256135,0,0,Low Risk
CUST_000889,0.023237525,0,0,Low Risk
CUST_000890,0.99867463,1,1,High Risk
CUST_000891,0.9990752,1,1,High Risk
CUST_000892,0.9988783,1,1,High Risk
CUST_000893,0.0012666953,0,0,Low Risk
CUST_000894,0.9946603,1,1,High Risk
CUST_000895,0.9746616,1,1,High Risk
CUST_000896,0.9979329,1,1,High Risk
CUST_000897,0.9960006,1,1,High Risk
CUST_000898,0.032514427,0,0,Low Risk
CUST_000899,0.9979468,1,1,High Risk
CUST_000900,0.014708899,0,0,Low Risk
CUST_000901,0.04525239,0,0,Low Risk
CUST_000902,0.0069034686,0,0,Low Risk
CUST_000903,0.008728791,0,0,Low Risk
CUST_000904,0.012725571,0,0,Low Risk
CUST_000905,0.0034060422,0,0,Low Risk
CUST_000906,0.030232834,0,0,Low Risk
CUST_000907,0.015406856,0,0,Low Risk
CUST_000908,0.012804977,0,0,Low Risk
CUST_000909,0.013477624,0,0,Low Risk
CUST_000910,0.0130044455,0,0,Low Risk
CUST_000911,0.011885115,0,0,Low Risk
CUST_000912,0.017895643,0,0,Low Risk
CUST_000913,0.034260865,0,0,Low Risk
CUST_000914,0.1496118,0,0,Low Risk
CUST_000915,0.030397438,0,0,Low Risk
CUST_000916,0.9996481,1,1,High Risk
CUST_000917,0.9516155,1,1,High Risk
CUST_000918,0.052329212,0,0,Low Risk
CUST_000919,0.018272048,0,0,Low Risk
CUST_000920,0.028858904,0,0,Low Risk
CUST_000921,0.99905306,1,1,High Risk
CUST_000922,0.11418665,0,0,Low Risk
CUST_000923,0.9995691,1,1,High Risk
CUST_000924,0.03033617,0,0,Low Risk
CUST_000925,0.054847922,0,0,Low Risk
CUST_000926,0.013745119,0,0,Low Risk
CUST_000927,0.9728492,1,1,High Risk
CUST_000928,0.9982992,1,1,High Risk
CUST_000929,0.082576096,0,0,Low Risk
CUST_000930,0.99975234,1,1,High Risk
CUST_000931,0.15682483,0,0,Low Risk
CUST_000932,0.082259454,0,0,Low Risk
CUST_000933,0.009592445,0,0,Low Risk
CUST_000934,0.018829685,0,0,Low Risk
CUST_000935,0.9989906,1,1,High Risk
CUST_000936,0.1397545,0,0,Low Risk
CUST_000937,0.64448154,1,0,Medium Risk
CUST_000938,0.99760604,1,1,High Risk
CUST_000939,0.99270296,1,1,High Risk
CUST_000940,0.0077734096,0,0,Low Risk
CUST_000941,0.012070514,0,0,Low Risk
CUST_000942,0.024944939,0,0,Low Risk
CUST_000943,0.3665376,0,0,Medium Risk
CUST_000944,0.0037965165,0,0,Low Risk
CUST_000945,0.036315355,0,0,Low Risk
CUST_000946,0.0037323213,0,0,Low Risk
CUST_000947,0.99116325,1,1,High Risk
CUST_000948,0.03477664,0,0,Low Risk
CUST_000949,0.045086637,0,0,Low Risk
CUST_000950,0.005274592,0,0,Low Risk
CUST_000951,0.018776268,0,0,Low Risk
CUST_000952,0.0053473073,0,0,Low Risk
CUST_000953,0.12857807,0,0,Low Risk
CUST_000954,0.02991675,0,0,Low Risk
CUST_000955,0.0027752777,0,0,Low Risk
CUST_000956,0.021389434,0,0,Low Risk
CUST_000957,0.0026910321,0,0,Low Risk
CUST_000958,0.0061684223,0,0,Low Risk
CUST_000959,0.99928254,1,1,High Risk
CUST_000960,0.0023209257,0,0,Low Risk
CUST_000961,0.077016816,0,0,Low Risk
CUST_000962,0.0028748084,0,0,Low Risk
CUST_000963,0.013471647,0,0,Low Risk
CUST_000964,0.0023639041,0,0,Low Risk
CUST_000965,0.99924254,1,1,High Risk
CUST_000966,0.019142656,0,0,Low Risk
CUST_000967,0.01800445,0,0,Low Risk
CUST_000968,0.98797846,1,1,High Risk
CUST_000969,0.9990721,1,1,High Risk
CUST_000970,0.0056859446,0,0,Low Risk
CUST_000971,0.04352677,0,0,Low Risk
CUST_000972,0.99984276,1,1,High Risk
CUST_000973,0.041223392,0,0,Low Risk
CUST_000974,0.9992774,1,1,High Risk
CUST_000975,0.99855465,1,1,High Risk
CUST_000976,0.99976057,1,1,High Risk
CUST_000977,0.005507657,0,0,Low Risk
CUST_000978,0.043057583,0,0,Low Risk
CUST_000979,0.038090654,0,0,Low Risk
CUST_000980,0.0018066689,0,0,Low Risk
CUST_000981,0.014001737,0,0,Low Risk
CUST_000982,0.9882664,1,1,High Risk
CUST_000983,0.9988883,1,1,High Risk
CUST_000984,0.0039596627,0,0,Low Risk
CUST_000985,0.0155567285,0,0,Low Risk
CUST_000986,0.9950098,1,1,High Risk
CUST_000987,0.738927,1,1,High Risk
CUST_000988,0.99955875,1,1,High Risk
CUST_000989,0.010997642,0,0,Low Risk
CUST_000990,0.99892634,1,1,High Risk
CUST_000991,0.9334087,1,1,High Risk
CUST_000992,0.985342,1,1,High Risk
CUST_000993,0.9996044,1,1,High Risk
CUST_000994,0.015649943,0,0,Low Risk
CUST_000995,0.9987937,1,1,High Risk
CUST_000996,0.9993426,1,1,High Risk
CUST_000997,0.014045345,0,0,Low Risk
CUST_000998,0.95074624,1,1,High Risk
CUST_000999,0.020953728,0,0,Low Risk
CUST_001000,0.013300894,0,0,Low Risk
CUST_001001,0.009874478,0,0,Low Risk
CUST_001002,0.040480427,0,0,Low Risk
CUST_001003,0.99938345,1,1,High Risk
CUST_001004,0.99820065,1,1,High Risk
CUST_001005,0.026591051,0,0,Low Risk
CUST_001006,0.0030323064,0,0,Low Risk
CUST_001007,0.9985055,1,1,High Risk
CUST_001008,0.022988558,0,0,Low Risk
CUST_001009,0.99942136,1,1,High Risk
CUST_001010,0.9994584,1,1,High Risk
CUST_001011,0.15063073,0,0,Low Risk
CUST_001012,0.030798143,0,0,Low Risk
CUST_001013,0.99817216,1,1,High Risk
CUST_001014,0.019106017,0,0,Low Risk
CUST_001015,0.9917567,1,1,High Risk
CUST_001016,0.016320106,0,0,Low Risk
CUST_001017,0.9989982,1,1,High Risk
CUST_001018,0.9821862,1,1,High Risk
CUST_001019,0.003360415,0,0,Low Risk
CUST_001020,0.011435307,0,0,Low Risk
CUST_001021,0.0024107,0,0,Low Risk
CUST_001022,0.04746422,0,0,Low Risk
CUST_001023,0.05624334,0,0,Low Risk
CUST_001024,0.064848624,0,0,Low Risk
CUST_001025,0.006528023,0,0,Low Risk
CUST_001026,0.043426402,0,0,Low Risk
CUST_001027,0.9979303,1,1,High Risk
CUST_001028,0.9995161,1,1,High Risk
CUST_001029,0.9994081,1,1,High Risk
CUST_001030,0.99629223,1,1,High Risk
CUST_001031,0.017805114,0,0,Low Risk
CUST_001032,0.9993556,1,1,High Risk
CUST_001033,0.89124745,1,1,High Risk
CUST_001034,0.009540456,0,0,Low Risk
CUST_001035,0.076167904,0,0,Low Risk
CUST_001036,0.010532992,0,0,Low Risk
CUST_001037,0.10728594,0,0,Low Risk
CUST_001038,0.01836972,0,0,Low Risk
CUST_001039,0.027636735,0,0,Low Risk
CUST_001040,0.019825676,0,0,Low Risk
CUST_001041,0.9975924,1,1,High Risk
CUST_001042,0.006927263,0,0,Low Risk
CUST_001043,0.0085428925,0,0,Low Risk
CUST_001044,0.107186176,0,0,Low Risk
CUST_001045,0.005753265,0,0,Low Risk
CUST_001046,0.013139851,0,0,Low Risk
CUST_001047,0.01745918,0,0,Low Risk
CUST_001048,0.005087528,0,0,Low Risk
CUST_001049,0.9989454,1,1,High Risk
CUST_001050,0.9998115,1,1,High Risk
CUST_001051,0.028004827,0,0,Low Risk
CUST_001052,0.27953354,0,0,Low Risk
CUST_001053,0.99969614,1,1,High Risk
CUST_001054,0.46705112,0,0,Medium Risk
CUST_001055,0.6151139,1,1,Medium Risk
CUST_001056,0.0038378176,0,0,Low Risk
CUST_001057,0.9998317,1,1,High Risk
CUST_001058,0.29562023,0,0,Low Risk
CUST_001059,0.7673084,1,1,High Risk
CUST_001060,0.9998652,1,1,High Risk
CUST_001061,0.5187644,1,1,Medium Risk
CUST_001062,0.99986696,1,1,High Risk
CUST_001063,0.081515096,0,0,Low Risk
CUST_001064,0.008354329,0,0,Low Risk
CUST_001065,0.009342689,0,0,Low Risk
CUST_001066,0.06668564,0,0,Low Risk
CUST_001067,0.017429087,0,0,Low Risk
CUST_001068,0.007209232,0,0,Low Risk
CUST_001069,0.028624328,0,0,Low Risk
CUST_001070,0.01234805,0,0,Low Risk
CUST_001071,0.032239854,0,0,Low Risk
CUST_001072,0.07036683,0,0,Low Risk
CUST_001073,0.012490394,0,0,Low Risk
CUST_001074,0.44615215,0,1,Medium Risk
CUST_001075,0.998106,1,1,High Risk
CUST_001076,0.032417458,0,0,Low Risk
CUST_001077,0.02442245,0,0,Low Risk
CUST_001078,0.026160872,0,0,Low Risk
CUST_001079,0.06373981,0,0,Low Risk
CUST_001080,0.0151046375,0,0,Low Risk
CUST_001081,0.008523988,0,0,Low Risk
CUST_001082,0.033930887,0,0,Low Risk
CUST_001083,0.002650715,0,0,Low Risk
CUST_001084,0.042487804,0,0,Low Risk
CUST_001085,0.022652566,0,0,Low Risk
CUST_001086,0.016348576,0,0,Low Risk
CUST_001087,0.9992793,1,1,High Risk
CUST_001088,0.2886585,0,0,Low Risk
CUST_001089,0.99835026,1,1,High Risk
CUST_001090,0.07617162,0,0,Low Risk
CUST_001091,0.07156916,0,0,Low Risk
CUST_001092,0.99967706,1,1,High Risk
CUST_001093,0.020288466,0,0,Low Risk
CUST_001094,0.001807154,0,0,Low Risk
CUST_001095,0.9993286,1,1,High Risk
CUST_001096,0.56277055,1,0,Medium Risk
CUST_001097,0.018660594,0,0,Low Risk
CUST_001098,0.10885234,0,0,Low Risk
CUST_001099,0.014762191,0,0,Low Risk
CUST_001100,0.01737735,0,0,Low Risk
CUST_001101,0.5241461,1,0,Medium Risk
CUST_001102,0.112333626,0,0,Low Risk
CUST_001103,0.019781053,0,0,Low Risk
CUST_001104,0.82262194,1,1,High Risk
CUST_001105,0.01174796,0,0,Low Risk
CUST_001106,0.020714428,0,0,Low Risk
CUST_001107,0.03480785,0,0,Low Risk
CUST_001108,0.9993243,1,1,High Risk
CUST_001109,0.010087163,0,0,Low Risk
CUST_001110,0.004476184,0,0,Low Risk
CUST_001111,0.99949944,1,1,High Risk
CUST_001112,0.016178362,0,0,Low Risk
CUST_001113,0.05901794,0,0,Low Risk
CUST_001114,0.9998215,1,1,High Risk
CUST_001115,0.99967206,1,1,High Risk
CUST_001116,0.9993204,1,1,High Risk
CUST_001117,0.9943816,1,1,High Risk
CUST_001118,0.04030897,0,0,Low Risk
CUST_001119,0.01370769,0,0,Low Risk
CUST_001120,0.02063048,0,0,Low Risk
CUST_001121,0.96299964,1,1,High Risk
CUST_001122,0.019248012,0,0,Low Risk
CUST_001123,0.009985206,0,0,Low Risk
CUST_001124,0.012581466,0,0,Low Risk
CUST_001125,0.5335001,1,1,Medium Risk
CUST_001126,0.9960115,1,1,High Risk
CUST_001127,0.01407284,0,0,Low Risk
CUST_001128,0.027734527,0,0,Low Risk
CUST_001129,0.020241732,0,0,Low Risk
CUST_001130,0.018282367,0,0,Low Risk
CUST_001131,0.974571,1,1,High Risk
CUST_001132,0.024194458,0,0,Low Risk
CUST_001133,0.013996517,0,0,Low Risk
CUST_001134,0.0311601,0,0,Low Risk
CUST_001135,0.015550852,0,0,Low Risk
CUST_001136,0.0019893479,0,0,Low Risk
CUST_001137,0.9984049,1,1,High Risk
CUST_001138,0.054595448,0,0,Low Risk
CUST_001139,0.021767069,0,0,Low Risk
CUST_001140,0.006571427,0,0,Low Risk
CUST_001141,0.9992786,1,1,High Risk
CUST_001142,0.027722867,0,0,Low Risk
CUST_001143,0.0838581,0,0,Low Risk
CUST_001144,0.021910157,0,0,Low Risk
CUST_001145,0.99911946,1,1,High Risk
CUST_001146,0.025093835,0,0,Low Risk
CUST_001147,0.99748623,1,1,High Risk
CUST_001148,0.0039133476,0,0,Low Risk
CUST_001149,0.99404293,1,1,High Risk
CUST_001150,0.034941696,0,0,Low Risk
CUST_001151,0.088000104,0,0,Low Risk
CUST_001152,0.9995259,1,1,High Risk
CUST_001153,0.07917889,0,0,Low Risk
CUST_001154,0.16041037,0,1,Low Risk
CUST_001155,0.25876528,0,0,Low Risk
CUST_001156,0.99779713,1,1,High Risk
CUST_001157,0.18899386,0,0,Low Risk
CUST_001158,0.0037817194,0,0,Low Risk
CUST_001159,0.013672902,0,0,Low Risk
CUST_001160,0.046166983,0,0,Low Risk
CUST_001161,0.9994948,1,1,High Risk
CUST_001162,0.016942967,0,0,Low Risk
CUST_001163,0.9996908,1,1,High Risk
CUST_001164,0.060179416,0,0,Low Risk
CUST_001165,0.9987148,1,1,High Risk
CUST_001166,0.30437133,0,0,Low Risk
CUST_001167,0.02983537,0,0,Low Risk
CUST_001168,0.009674235,0,0,Low Risk
CUST_001169,0.59634453,1,1,Medium Risk
CUST_001170,0.026075115,0,0,Low Risk
CUST_001171,0.5333406,1,1,Medium Risk
CUST_001172,0.16780952,0,0,Low Risk
CUST_001173,0.99984324,1,1,High Risk
CUST_001174,0.0020103145,0,0,Low Risk
CUST_001175,0.0060106767,0,0,Low Risk
CUST_001176,0.02232272,0,0,Low Risk
CUST_001177,0.0051094033,0,0,Low Risk
CUST_001178,0.020261353,0,0,Low Risk
CUST_001179,0.0905897,0,1,Low Risk
CUST_001180,0.9266127,1,1,High Risk
CUST_001181,0.009646467,0,0,Low Risk
CUST_001182,0.5870209,1,0,Medium Risk
CUST_001183,0.07260496,0,0,Low Risk
CUST_001184,0.045417164,0,0,Low Risk
CUST_001185,0.12583797,0,0,Low Risk
CUST_001186,0.037330702,0,0,Low Risk
CUST_001187,0.05232303,0,0,Low Risk
CUST_001188,0.9998915,1,1,High Risk
CUST_001189,0.005124344,0,0,Low Risk
CUST_001190,0.0025902141,0,0,Low Risk
CUST_001191,0.029145353,0,0,Low Risk
CUST_001192,0.017955747,0,0,Low Risk
CUST_001193,0.008108612,0,0,Low Risk
CUST_001194,0.063103646,0,0,Low Risk
CUST_001195,0.34509823,0,0,Low Risk
CUST_001196,0.05342311,0,0,Low Risk
CUST_001197,0.042263657,0,0,Low Risk
CUST_001198,0.015377026,0,0,Low Risk
CUST_001199,0.0088171335,0,0,Low Risk
CUST_001200,0.99844176,1,1,High Risk
CUST_001201,0.03451894,0,0,Low Risk
CUST_001202,0.013628589,0,0,Low Risk
CUST_001203,0.005273632,0,0,Low Risk
CUST_001204,0.9995988,1,1,High Risk
CUST_001205,0.9925851,1,1,High Risk
CUST_001206,0.005664002,0,0,Low Risk
CUST_001207,0.9993875,1,1,High Risk
CUST_001208,0.084544465,0,0,Low Risk
CUST_001209,0.14345105,0,0,Low Risk
CUST_001210,0.025994865,0,0,Low Risk
CUST_001211,0.9989467,1,1,High Risk
CUST_001212,0.0023596876,0,0,Low Risk
CUST_001213,0.024224184,0,0,Low Risk
CUST_001214,0.048124164,0,0,Low Risk
CUST_001215,0.01686799,0,0,Low Risk
CUST_001216,0.03224307,0,0,Low Risk
CUST_001217,0.013146785,0,0,Low Risk
CUST_001218,0.0038120702,0,0,Low Risk
CUST_001219,0.0072252015,0,0,Low Risk
CUST_001220,0.8922428,1,1,High Risk
CUST_001221,0.004945491,0,0,Low Risk
CUST_001222,0.0026277606,0,0,Low Risk
CUST_001223,0.56746113,1,0,Medium Risk
CUST_001224,0.11239776,0,0,Low Risk
CUST_001225,0.0023487192,0,0,Low Risk
CUST_001226,0.99783427,1,1,High Risk
CUST_001227,0.012754635,0,0,Low Risk
CUST_001228,0.18349244,0,0,Low Risk
CUST_001229,0.16693161,0,0,Low Risk
CUST_001230,0.19669844,0,1,Low Risk
CUST_001231,0.040383138,0,0,Low Risk
CUST_001232,0.026689315,0,0,Low Risk
CUST_001233,0.0066048065,0,0,Low Risk
CUST_001234,0.007023821,0,0,Low Risk
CUST_001235,0.004311166,0,0,Low Risk
CUST_001236,0.9770867,1,1,High Risk
CUST_001237,0.9993438,1,1,High Risk
CUST_001238,0.9727351,1,1,High Risk
CUST_001239,0.010211016,0,0,Low Risk
CUST_001240,0.20876507,0,0,Low Risk
CUST_001241,0.008972675,0,0,Low Risk
CUST_001242,0.03337234,0,0,Low Risk
CUST_001243,0.04435714,0,0,Low Risk
CUST_001244,0.070612244,0,0,Low Risk
CUST_001245,0.0075233984,0,0,Low Risk
CUST_001246,0.99678564,1,1,High Risk
CUST_001247,0.99803215,1,1,High Risk
CUST_001248,0.09351946,0,0,Low Risk
CUST_001249,0.12558323,0,0,Low Risk
CUST_001250,0.8760705,1,1,High Risk
CUST_001251,0.03468683,0,0,Low Risk
CUST_001252,0.013510683,0,0,Low Risk
CUST_001253,0.99855036,1,1,High Risk
CUST_001254,0.9793727,1,1,High Risk
CUST_001255,0.042798173,0,0,Low Risk
CUST_001256,0.0211329,0,0,Low Risk
CUST_001257,0.05489007,0,0,Low Risk
CUST_001258,0.9993704,1,1,High Risk
CUST_001259,0.024679612,0,0,Low Risk
CUST_001260,0.9989679,1,1,High Risk
CUST_001261,0.999081,1,1,High Risk
CUST_001262,0.0017514786,0,0,Low Risk
CUST_001263,0.0082822405,0,0,Low Risk
CUST_001264,0.004019856,0,0,Low Risk
CUST_001265,0.012374999,0,0,Low Risk
CUST_001266,0.99981374,1,1,High Risk
CUST_001267,0.025597675,0,0,Low Risk
CUST_001268,0.011352971,0,0,Low Risk
CUST_001269,0.012587592,0,0,Low Risk
CUST_001270,0.029995615,0,0,Low Risk
CUST_001271,0.02950254,0,0,Low Risk
CUST_001272,0.82072973,1,1,High Risk
CUST_001273,0.017654177,0,0,Low Risk
CUST_001274,0.9993783,1,1,High Risk
CUST_001275,0.9968111,1,1,High Risk
CUST_001276,0.021110155,0,0,Low Risk
CUST_001277,0.14654551,0,0,Low Risk
CUST_001278,0.9980629,1,1,High Risk
CUST_001279,0.025478346,0,0,Low Risk
CUST_001280,0.99955827,1,1,High Risk
CUST_001281,0.007157345,0,0,Low Risk
CUST_001282,0.047539353,0,0,Low Risk
CUST_001283,0.99102145,1,1,High Risk
CUST_001284,0.052862085,0,0,Low Risk
CUST_001285,0.011418328,0,0,Low Risk
CUST_001286,0.40534398,0,1,Medium Risk
CUST_001287,0.03523531,0,0,Low Risk
CUST_001288,0.9992848,1,1,High Risk
CUST_001289,0.9986852,1,1,High Risk
CUST_001290,0.0029028626,0,0,Low Risk
CUST_001291,0.9992036,1,1,High Risk
CUST_001292,0.0975354,0,0,Low Risk
CUST_001293,0.015216234,0,0,Low Risk
CUST_001294,0.9712549,1,1,High Risk
CUST_001295,0.022314291,0,0,Low Risk
CUST_001296,0.99121654,1,1,High Risk
CUST_001297,0.015975373,0,0,Low Risk
CUST_001298,0.026335698,0,0,Low Risk
CUST_001299,0.100918725,0,0,Low Risk
CUST_001300,0.01777646,0,0,Low Risk
CUST_001301,0.01866242,0,0,Low Risk
CUST_001302,0.0064493306,0,0,Low Risk
CUST_001303,0.004074288,0,0,Low Risk
CUST_001304,0.052998308,0,0,Low Risk
CUST_001305,0.02784758,0,0,Low Risk
CUST_001306,0.040552832,0,0,Low Risk
CUST_001307,0.10968356,0,0,Low Risk
CUST_001308,0.0450818,0,0,Low Risk
CUST_001309,0.017204592,0,0,Low Risk
CUST_001310,0.034054916,0,0,Low Risk
CUST_001311,0.007933441,0,0,Low Risk
CUST_001312,0.0037058792,0,0,Low Risk
CUST_001313,0.010146975,0,0,Low Risk
CUST_001314,0.038797535,0,0,Low Risk
CUST_001315,0.00901742,0,0,Low Risk
CUST_001316,0.019560993,0,0,Low Risk
CUST_001317,0.99005365,1,1,High Risk
CUST_001318,0.028935015,0,0,Low Risk
CUST_001319,0.026857238,0,0,Low Risk
CUST_001320,0.045558494,0,0,Low Risk
CUST_001321,0.018328706,0,0,Low Risk
CUST_001322,0.19558096,0,0,Low Risk
CUST_001323,0.00365483,0,0,Low Risk
CUST_001324,0.47166196,0,0,Medium Risk
CUST_001325,0.017983548,0,0,Low Risk
CUST_001326,0.0016858404,0,0,Low Risk
CUST_001327,0.0073273554,0,0,Low Risk
CUST_001328,0.01709037,0,0,Low Risk
CUST_001329,0.0032740515,0,0,Low Risk
CUST_001330,0.020326255,0,0,Low Risk
CUST_001331,0.041188844,0,0,Low Risk
CUST_001332,0.9950612,1,1,High Risk
CUST_001333,0.05451289,0,0,Low Risk
CUST_001334,0.06502824,0,0,Low Risk
CUST_001335,0.99836904,1,1,High Risk
CUST_001336,0.005892803,0,0,Low Risk
CUST_001337,0.025605211,0,0,Low Risk
CUST_001338,0.013107687,0,0,Low Risk
CUST_001339,0.019032992,0,0,Low Risk
CUST_001340,0.032526392,0,0,Low Risk
CUST_001341,0.024552524,0,0,Low Risk
CUST_001342,0.98468614,1,1,High Risk
CUST_001343,0.022245592,0,0,Low Risk
CUST_001344,0.0657639,0,0,Low Risk
CUST_001345,0.0967909,0,0,Low Risk
CUST_001346,0.020669421,0,0,Low Risk
CUST_001347,0.32357606,0,0,Low Risk
CUST_001348,0.08962745,0,0,Low Risk
CUST_001349,0.024265831,0,0,Low Risk
CUST_001350,0.99965215,1,1,High Risk
CUST_001351,0.006866697,0,0,Low Risk
CUST_001352,0.0036487612,0,0,Low Risk
CUST_001353,0.024151862,0,0,Low Risk
CUST_001354,0.4808603,0,0,Medium Risk
CUST_001355,0.06152298,0,0,Low Risk
CUST_001356,0.02839897,0,0,Low Risk
CUST_001357,0.034941256,0,0,Low Risk
CUST_001358,0.99904495,1,1,High Risk
CUST_001359,0.05231304,0,0,Low Risk
CUST_001360,0.089166425,0,0,Low Risk
CUST_001361,0.99959177,1,1,High Risk
CUST_001362,0.024683295,0,0,Low Risk
CUST_001363,0.0224371,0,0,Low Risk
CUST_001364,0.2929101,0,1,Low Risk
CUST_001365,0.0029261613,0,0,Low Risk
CUST_001366,0.9063764,1,1,High Risk
CUST_001367,0.999116,1,1,High Risk
CUST_001368,0.00985288,0,0,Low Risk
CUST_001369,0.026302123,0,0,Low Risk
CUST_001370,0.13080609,0,0,Low Risk
CUST_001371,0.0016095135,0,0,Low Risk
CUST_001372,0.99982065,1,1,High Risk
CUST_001373,0.9997781,1,1,High Risk
CUST_001374,0.017551623,0,0,Low Risk
CUST_001375,0.26904377,0,0,Low Risk
CUST_001376,0.9927228,1,1,High Risk
CUST_001377,0.0049593807,0,0,Low Risk
CUST_001378,0.010772513,0,0,Low Risk
CUST_001379,0.0066094697,0,0,Low Risk
CUST_001380,0.05018939,0,0,Low Risk
CUST_001381,0.011671203,0,0,Low Risk
CUST_001382,0.51688194,1,1,Medium Risk
CUST_001383,0.026366195,0,0,Low Risk
CUST_001384,0.024379604,0,0,Low Risk
CUST_001385,0.012298729,0,0,Low Risk
CUST_001386,0.9922213,1,1,High Risk
CUST_001387,0.9996252,1,1,High Risk
CUST_001388,0.10268729,0,0,Low Risk
CUST_001389,0.998309,1,1,High Risk
CUST_001390,0.045286912,0,0,Low Risk
CUST_001391,0.998985,1,1,High Risk
CUST_001392,0.0060842405,0,0,Low Risk
CUST_001393,0.06062109,0,0,Low Risk
CUST_001394,0.0023976408,0,0,Low Risk
CUST_001395,0.027033184,0,0,Low Risk
CUST_001396,0.061554283,0,0,Low Risk
CUST_001397,0.1894376,0,0,Low Risk
CUST_001398,0.005361854,0,0,Low Risk
CUST_001399,0.013151214,0,0,Low Risk
CUST_001400,0.00870707,0,0,Low Risk
CUST_001401,0.01590996,0,0,Low Risk
CUST_001402,0.9989152,1,1,High Risk
CUST_001403,0.038715117,0,0,Low Risk
CUST_001404,0.014822057,0,0,Low Risk
CUST_001405,0.0015651442,0,0,Low Risk
CUST_001406,0.01765235,0,0,Low Risk
CUST_001407,0.05095485,0,0,Low Risk
CUST_001408,0.0026854172,0,0,Low Risk
CUST_001409,0.11416857,0,0,Low Risk
CUST_001410,0.012467036,0,0,Low Risk
CUST_001411,0.99888736,1,1,High Risk
CUST_001412,0.010995469,0,0,Low Risk
CUST_001413,0.99753976,1,1,High Risk
CUST_001414,0.010906832,0,0,Low Risk
CUST_001415,0.29351097,0,0,Low Risk
CUST_001416,0.054802746,0,0,Low Risk
CUST_001417,0.004803758,0,0,Low Risk
CUST_001418,0.08020185,0,0,Low Risk
CUST_001419,0.9957677,1,1,High Risk
CUST_001420,0.016222402,0,0,Low Risk
CUST_001421,0.99933064,1,1,High Risk
CUST_001422,0.99703324,1,1,High Risk
CUST_001423,0.0066645704,0,0,Low Risk
CUST_001424,0.09414769,0,0,Low Risk
CUST_001425,0.31136644,0,0,Low Risk
CUST_001426,0.99916303,1,1,High Risk
CUST_001427,0.38626406,0,1,Medium Risk
CUST_001428,0.04475952,0,0,Low Risk
CUST_001429,0.64774424,1,0,Medium Risk
CUST_001430,0.0024235824,0,0,Low Risk
CUST_001431,0.017781923,0,0,Low Risk
CUST_001432,0.9997024,1,1,High Risk
CUST_001433,0.0446704,0,0,Low Risk
CUST_001434,0.044319056,0,0,Low Risk
CUST_001435,0.05656255,0,0,Low Risk
CUST_001436,0.024674207,0,0,Low Risk
CUST_001437,0.026194256,0,0,Low Risk
CUST_001438,0.0076727583,0,0,Low Risk
CUST_001439,0.023235528,0,0,Low Risk
CUST_001440,0.42115518,0,0,Medium Risk
CUST_001441,0.045514733,0,0,Low Risk
CUST_001442,0.030260121,0,0,Low Risk
CUST_001443,0.9997676,1,1,High Risk
CUST_001444,0.9942616,1,1,High Risk
CUST_001445,0.016737506,0,0,Low Risk
CUST_001446,0.0025660319,0,0,Low Risk
CUST_001447,0.04209087,0,0,Low Risk
CUST_001448,0.11371043,0,0,Low Risk
CUST_001449,0.032075204,0,0,Low Risk
CUST_001450,0.11319016,0,1,Low Risk
CUST_001451,0.026235914,0,0,Low Risk
CUST_001452,0.044354495,0,0,Low Risk
CUST_001453,0.0054154717,0,0,Low Risk
CUST_001454,0.030519769,0,0,Low Risk
CUST_001455,0.34816885,0,0,Low Risk
CUST_001456,0.87240624,1,1,High Risk
CUST_001457,0.9064925,1,1,High Risk
CUST_001458,0.009866645,0,0,Low Risk
CUST_001459,0.055813942,0,0,Low Risk
CUST_001460,0.0033121707,0,0,Low Risk
CUST_001461,0.7363197,1,1,High Risk
CUST_001462,0.9984628,1,1,High Risk
CUST_001463,0.016011633,0,0,Low Risk
CUST_001464,0.23967002,0,0,Low Risk
CUST_001465,0.006196642,0,0,Low Risk
CUST_001466,0.9768406,1,1,High Risk
CUST_001467,0.049068972,0,0,Low Risk
CUST_001468,0.029996606,0,0,Low Risk
CUST_001469,0.012402075,0,0,Low Risk
CUST_001470,0.13054332,0,0,Low Risk
CUST_001471,0.038643803,0,0,Low Risk
CUST_001472,0.08585641,0,0,Low Risk
CUST_001473,0.020056339,0,0,Low Risk
CUST_001474,0.029749665,0,0,Low Risk
CUST_001475,0.020842774,0,0,Low Risk
CUST_001476,0.12162507,0,0,Low Risk
CUST_001477,0.99887794,1,1,High Risk
CUST_001478,0.93334943,1,1,High Risk
CUST_001479,0.018675487,0,0,Low Risk
CUST_001480,0.052130297,0,0,Low Risk
CUST_001481,0.10625994,0,0,Low Risk
CUST_001482,0.011179196,0,0,Low Risk
CUST_001483,0.0019374496,0,0,Low Risk
CUST_001484,0.035853267,0,0,Low Risk
CUST_001485,0.0021406258,0,0,Low Risk
CUST_001486,0.011502612,0,0,Low Risk
CUST_001487,0.014481323,0,0,Low Risk
CUST_001488,0.010596679,0,0,Low Risk
CUST_001489,0.013463512,0,0,Low Risk
CUST_001490,0.9989613,1,1,High Risk
CUST_001491,0.009910366,0,0,Low Risk
CUST_001492,0.32339987,0,0,Low Risk
CUST_001493,0.0011197004,0,0,Low Risk
CUST_001494,0.03444795,0,0,Low Risk
CUST_001495,0.99984634,1,1,High Risk
CUST_001496,0.009246409,0,0,Low Risk
CUST_001497,0.0022211096,0,0,Low Risk
CUST_001498,0.018637773,0,0,Low Risk
CUST_001499,0.0060566496,0,0,Low Risk
CUST_001500,0.064013846,0,0,Low Risk
CUST_001501,0.019562382,0,0,Low Risk
CUST_001502,0.004995762,0,0,Low Risk
CUST_001503,0.049048588,0,0,Low Risk
CUST_001504,0.9991804,1,1,High Risk
CUST_001505,0.99071443,1,1,High Risk
CUST_001506,0.036613263,0,0,Low Risk
CUST_001507,0.0050960337,0,0,Low Risk
CUST_001508,0.009711792,0,0,Low Risk
CUST_001509,0.056563746,0,0,Low Risk
CUST_001510,0.9971136,1,1,High Risk
CUST_001511,0.020162933,0,0,Low Risk
CUST_001512,0.9001572,1,1,High Risk
CUST_001513,0.027796112,0,0,Low Risk
CUST_001514,0.00890281,0,0,Low Risk
CUST_001515,0.40717137,0,0,Medium Risk
CUST_001516,0.99977857,1,1,High Risk
CUST_001517,0.38196024,0,0,Medium Risk
CUST_001518,0.9932842,1,1,High Risk
CUST_001519,0.9791517,1,1,High Risk
CUST_001520,0.04824161,0,0,Low Risk
CUST_001521,0.22920676,0,0,Low Risk
CUST_001522,0.021241244,0,0,Low Risk
CUST_001523,0.04209966,0,0,Low Risk
CUST_001524,0.9913497,1,1,High Risk
CUST_001525,0.044224642,0,0,Low Risk
CUST_001526,0.98284066,1,1,High Risk
CUST_001527,0.05073698,0,0,Low Risk
CUST_001528,0.09716196,0,0,Low Risk
CUST_001529,0.024599949,0,0,Low Risk
CUST_001530,0.0093236,0,0,Low Risk
CUST_001531,0.9993825,1,1,High Risk
CUST_001532,0.16981599,0,0,Low Risk
CUST_001533,0.008621887,0,0,Low Risk
CUST_001534,0.015945971,0,0,Low Risk
CUST_001535,0.006004606,0,0,Low Risk
CUST_001536,0.008368937,0,0,Low Risk
CUST_001537,0.04327648,0,0,Low Risk
CUST_001538,0.023588287,0,0,Low Risk
CUST_001539,0.0066329767,0,0,Low Risk
CUST_001540,0.011669668,0,0,Low Risk
CUST_001541,0.0122906985,0,0,Low Risk
CUST_001542,0.038601674,0,0,Low Risk
CUST_001543,0.99920326,1,1,High Risk
CUST_001544,0.04083746,0,0,Low Risk
CUST_001545,0.0019105206,0,0,Low Risk
CUST_001546,0.9732073,1,1,High Risk
CUST_001547,0.013489681,0,0,Low Risk
CUST_001548,0.10785026,0,0,Low Risk
CUST_001549,0.028151514,0,0,Low Risk
CUST_001550,0.99626213,1,1,High Risk
CUST_001551,0.9998672,1,1,High Risk
CUST_001552,0.039141003,0,0,Low Risk
CUST_001553,0.0052912356,0,0,Low Risk
CUST_001554,0.00710375,0,0,Low Risk
CUST_001555,0.0083857095,0,0,Low Risk
CUST_001556,0.99951947,1,1,High Risk
CUST_001557,0.025378447,0,0,Low Risk
CUST_001558,0.010274739,0,0,Low Risk
CUST_001559,0.9859503,1,1,High Risk
CUST_001560,0.009277567,0,0,Low Risk
CUST_001561,0.018725496,0,0,Low Risk
CUST_001562,0.9945967,1,1,High Risk
CUST_001563,0.9794504,1,1,High Risk
CUST_001564,0.99971336,1,1,High Risk
CUST_001565,0.43020383,0,0,Medium Risk
CUST_001566,0.9891651,1,1,High Risk
CUST_001567,0.21928257,0,1,Low Risk
CUST_001568,0.9993316,1,1,High Risk
CUST_001569,0.0041216365,0,0,Low Risk
CUST_001570,0.11297813,0,0,Low Risk
CUST_001571,0.014210251,0,0,Low Risk
CUST_001572,0.48459378,0,0,Medium Risk
CUST_001573,0.999689,1,1,High Risk
CUST_001574,0.004821158,0,0,Low Risk
CUST_001575,0.011676726,0,0,Low Risk
CUST_001576,0.034391154,0,0,Low Risk
CUST_001577,0.16250344,0,0,Low Risk
CUST_001578,0.0444603,0,0,Low Risk
CUST_001579,0.99842,1,1,High Risk
CUST_001580,0.008317025,0,0,Low Risk
CUST_001581,0.9997335,1,1,High Risk
CUST_001582,0.047290947,0,0,Low Risk
CUST_001583,0.014478194,0,0,Low Risk
CUST_001584,0.85742694,1,1,High Risk
CUST_001585,0.010928944,0,0,Low Risk
CUST_001586,0.56860924,1,1,Medium Risk
CUST_001587,0.0104808,0,0,Low Risk
CUST_001588,0.030922288,0,0,Low Risk
CUST_001589,0.056260265,0,0,Low Risk
CUST_001590,0.022059035,0,0,Low Risk
CUST_001591,0.21663398,0,0,Low Risk
CUST_001592,0.00920964,0,0,Low Risk
CUST_001593,0.011882948,0,0,Low Risk
CUST_001594,0.7319479,1,1,High Risk
CUST_001595,0.026344717,0,0,Low Risk
CUST_001596,0.018354451,0,0,Low Risk
CUST_001597,0.002012223,0,0,Low Risk
CUST_001598,0.004576846,0,0,Low Risk
CUST_001599,0.007109012,0,0,Low Risk
CUST_001600,0.031628564,0,0,Low Risk
CUST_001601,0.009707867,0,0,Low Risk
CUST_001602,0.008629994,0,0,Low Risk
CUST_001603,0.99951446,1,1,High Risk
CUST_001604,0.0123485625,0,0,Low Risk
CUST_001605,0.006961062,0,0,Low Risk
CUST_001606,0.05224292,0,0,Low Risk
CUST_001607,0.04021473,0,0,Low Risk
CUST_001608,0.021180233,0,0,Low Risk
CUST_001609,0.03224345,0,0,Low Risk
CUST_001610,0.0142844925,0,0,Low Risk
CUST_001611,0.004052311,0,0,Low Risk
CUST_001612,0.042710662,0,0,Low Risk
CUST_001613,0.00775782,0,0,Low Risk
CUST_001614,0.00907649,0,0,Low Risk
CUST_001615,0.7709834,1,1,High Risk
CUST_001616,0.4639342,0,1,Medium Risk
CUST_001617,0.9923354,1,1,High Risk
CUST_001618,0.06304324,0,0,Low Risk
CUST_001619,0.025695585,0,0,Low Risk
CUST_001620,0.15032625,0,0,Low Risk
CUST_001621,0.032067973,0,0,Low Risk
CUST_001622,0.027651368,0,0,Low Risk
CUST_001623,0.103450276,0,0,Low Risk
CUST_001624,0.9994704,1,1,High Risk
CUST_001625,0.9997633,1,1,High Risk
CUST_001626,0.01373969,0,0,Low Risk
CUST_001627,0.9991704,1,1,High Risk
CUST_001628,0.039367,0,0,Low Risk
CUST_001629,0.04572196,0,0,Low Risk
CUST_001630,0.028978817,0,0,Low Risk
CUST_001631,0.013474562,0,0,Low Risk
CUST_001632,0.022733644,0,0,Low Risk
CUST_001633,0.027360843,0,0,Low Risk
CUST_001634,0.11425383,0,0,Low Risk
CUST_001635,0.017062487,0,0,Low Risk
CUST_001636,0.9950846,1,1,High Risk
CUST_001637,0.028120084,0,0,Low Risk
CUST_001638,0.14430836,0,0,Low Risk
CUST_001639,0.03483645,0,0,Low Risk
CUST_001640,0.0021976933,0,0,Low Risk
CUST_001641,0.9997552,1,1,High Risk
CUST_001642,0.027719075,0,0,Low Risk
CUST_001643,0.0118450755,0,0,Low Risk
CUST_001644,0.9781788,1,1,High Risk
CUST_001645,0.09613795,0,0,Low Risk
CUST_001646,0.043502767,0,0,Low Risk
CUST_001647,0.29181507,0,0,Low Risk
CUST_001648,0.011090476,0,0,Low Risk
CUST_001649,0.9993492,1,1,High Risk
CUST_001650,0.06431636,0,0,Low Risk
CUST_001651,0.9973738,1,1,High Risk
CUST_001652,0.01729802,0,0,Low Risk
CUST_001653,0.99912757,1,1,High Risk
CUST_001654,0.99174726,1,1,High Risk
CUST_001655,0.9104018,1,1,High Risk
CUST_001656,0.99887806,1,1,High Risk
CUST_001657,0.99712616,1,1,High Risk
CUST_001658,0.013342475,0,0,Low Risk
CUST_001659,0.012145505,0,0,Low Risk
CUST_001660,0.9991732,1,1,High Risk
CUST_001661,0.01198217,0,0,Low Risk
CUST_001662,0.5909929,1,1,Medium Risk
CUST_001663,0.048093878,0,0,Low Risk
CUST_001664,0.37541807,0,0,Medium Risk
CUST_001665,0.9745754,1,1,High Risk
CUST_001666,0.4235316,0,0,Medium Risk
CUST_001667,0.063097775,0,0,Low Risk
CUST_001668,0.022828724,0,0,Low Risk
CUST_001669,0.24157448,0,1,Low Risk
CUST_001670,0.9992144,1,1,High Risk
CUST_001671,0.9962882,1,1,High Risk
CUST_001672,0.13560042,0,0,Low Risk
CUST_001673,0.035029925,0,0,Low Risk
CUST_001674,0.9995846,1,1,High Risk
CUST_001675,0.019164043,0,0,Low Risk
CUST_001676,0.9992342,1,1,High Risk
CUST_001677,0.99892694,1,1,High Risk
CUST_001678,0.014900001,0,0,Low Risk
CUST_001679,0.027466124,0,0,Low Risk
CUST_001680,0.0045905747,0,0,Low Risk
CUST_001681,0.09114968,0,0,Low Risk
CUST_001682,0.99980325,1,1,High Risk
CUST_001683,0.05454224,0,0,Low Risk
CUST_001684,0.07160491,0,0,Low Risk
CUST_001685,0.06531123,0,0,Low Risk
CUST_001686,0.99925333,1,1,High Risk
CUST_001687,0.0036430452,0,0,Low Risk
CUST_001688,0.020345537,0,0,Low Risk
CUST_001689,0.07693498,0,0,Low Risk
CUST_001690,0.074420966,0,0,Low Risk
CUST_001691,0.0062248963,0,0,Low Risk
CUST_001692,0.028911764,0,0,Low Risk
CUST_001693,0.9991379,1,1,High Risk
CUST_001694,0.010128767,0,0,Low Risk
CUST_001695,0.0029505752,0,0,Low Risk
CUST_001696,0.032316122,0,0,Low Risk
CUST_001697,0.01873344,0,0,Low Risk
CUST_001698,0.6348824,1,0,Medium Risk
CUST_001699,0.0040780217,0,0,Low Risk
CUST_001700,0.98290145,1,1,High Risk
CUST_001701,0.0198883,0,0,Low Risk
CUST_001702,0.004080199,0,0,Low Risk
CUST_001703,0.03827468,0,0,Low Risk
CUST_001704,0.9975339,1,1,High Risk
CUST_001705,0.009333228,0,0,Low Risk
CUST_001706,0.03737537,0,0,Low Risk
CUST_001707,0.0166112,0,0,Low Risk
CUST_001708,0.012806057,0,0,Low Risk
CUST_001709,0.013165586,0,0,Low Risk
CUST_001710,0.010530279,0,0,Low Risk
CUST_001711,0.007971401,0,0,Low Risk
CUST_001712,0.9985037,1,1,High Risk
CUST_001713,0.014956483,0,0,Low Risk
CUST_001714,0.030316427,0,0,Low Risk
CUST_001715,0.24288563,0,0,Low Risk
CUST_001716,0.9988306,1,1,High Risk
CUST_001717,0.37992734,0,1,Medium Risk
CUST_001718,0.19803672,0,0,Low Risk
CUST_001719,0.025394604,0,0,Low Risk
CUST_001720,0.01311321,0,0,Low Risk
CUST_001721,0.009808557,0,0,Low Risk
CUST_001722,0.99967813,1,1,High Risk
CUST_001723,0.016488878,0,0,Low Risk
CUST_001724,0.014220849,0,0,Low Risk
CUST_001725,0.024435045,0,0,Low Risk
CUST_001726,0.9992348,1,1,High Risk
CUST_001727,0.030435082,0,0,Low Risk
CUST_001728,0.6900708,1,0,High Risk
CUST_001729,0.058129806,0,0,Low Risk
CUST_001730,0.99979573,1,1,High Risk
CUST_001731,0.015214855,0,0,Low Risk
CUST_001732,0.99903214,1,1,High Risk
CUST_001733,0.0048408685,0,0,Low Risk
CUST_001734,0.02885573,0,0,Low Risk
CUST_001735,0.11192227,0,0,Low Risk
CUST_001736,0.041241545,0,0,Low Risk
CUST_001737,0.008598199,0,0,Low Risk
CUST_001738,0.990265,1,1,High Risk
CUST_001739,0.99741554,1,1,High Risk
CUST_001740,0.9774055,1,1,High Risk
CUST_001741,0.025616836,0,0,Low Risk
CUST_001742,0.9992994,1,1,High Risk
CUST_001743,0.011629052,0,0,Low Risk
CUST_001744,0.22788899,0,0,Low Risk
CUST_001745,0.0053527295,0,0,Low Risk
CUST_001746,0.99545383,1,1,High Risk
CUST_001747,0.08954036,0,1,Low Risk
CUST_001748,0.018337147,0,0,Low Risk
CUST_001749,0.03416521,0,0,Low Risk
CUST_001750,0.9996774,1,1,High Risk
CUST_001751,0.9994342,1,1,High Risk
CUST_001752,0.015748067,0,0,Low Risk
CUST_001753,0.0054788305,0,0,Low Risk
CUST_001754,0.5179152,1,0,Medium Risk
CUST_001755,0.9996747,1,1,High Risk
CUST_001756,0.19659632,0,0,Low Risk
CUST_001757,0.9970311,1,1,High Risk
CUST_001758,0.99436647,1,1,High Risk
CUST_001759,0.99929225,1,1,High Risk
CUST_001760,0.0020431876,0,0,Low Risk
CUST_001761,0.07377489,0,0,Low Risk
CUST_001762,0.0057460144,0,0,Low Risk
CUST_001763,0.048384633,0,0,Low Risk
CUST_001764,0.018222973,0,0,Low Risk
CUST_001765,0.006226976,0,0,Low Risk
CUST_001766,0.009705634,0,0,Low Risk
CUST_001767,0.0046483055,0,0,Low Risk
CUST_001768,0.2771819,0,1,Low Risk
CUST_001769,0.012135011,0,0,Low Risk
CUST_001770,0.99941325,1,1,High Risk
CUST_001771,0.036570627,0,0,Low Risk
CUST_001772,0.0075316345,0,0,Low Risk
CUST_001773,0.09688764,0,0,Low Risk
CUST_001774,0.09921514,0,0,Low Risk
CUST_001775,0.0064943153,0,0,Low Risk
CUST_001776,0.12784462,0,0,Low Risk
CUST_001777,0.9951314,1,1,High Risk
CUST_001778,0.031002061,0,0,Low Risk
CUST_001779,0.015807165,0,0,Low Risk
CUST_001780,0.9965655,1,1,High Risk
CUST_001781,0.00512537,0,0,Low Risk
CUST_001782,0.004282236,0,0,Low Risk
CUST_001783,0.06508358,0,0,Low Risk
CUST_001784,0.043247715,0,0,Low Risk
CUST_001785,0.0239224,0,0,Low Risk
CUST_001786,0.035966776,0,0,Low Risk
CUST_001787,0.9957035,1,1,High Risk
CUST_001788,0.999243,1,1,High Risk
CUST_001789,0.009827025,0,0,Low Risk
CUST_001790,0.018816423,0,0,Low Risk
CUST_001791,0.99982494,1,1,High Risk
CUST_001792,0.014575405,0,0,Low Risk
CUST_001793,0.0074772146,0,0,Low Risk
CUST_001794,0.0045524947,0,0,Low Risk
CUST_001795,0.9981509,1,1,High Risk
CUST_001796,0.99980897,1,1,High Risk
CUST_001797,0.0038673019,0,0,Low Risk
CUST_001798,0.0015900622,0,0,Low Risk
CUST_001799,0.0051190984,0,0,Low Risk
CUST_001800,0.09851067,0,0,Low Risk
CUST_001801,0.99963033,1,1,High Risk
CUST_001802,0.011082984,0,0,Low Risk
CUST_001803,0.013214742,0,0,Low Risk
CUST_001804,0.9966023,1,1,High Risk
CUST_001805,0.93498176,1,1,High Risk
CUST_001806,0.05061013,0,0,Low Risk
CUST_001807,0.03546565,0,0,Low Risk
CUST_001808,0.9990602,1,1,High Risk
CUST_001809,0.013333418,0,0,Low Risk
CUST_001810,0.956233,1,1,High Risk
CUST_001811,0.021107543,0,0,Low Risk
CUST_001812,0.026168173,0,0,Low Risk
CUST_001813,0.9970251,1,1,High Risk
CUST_001814,0.8131272,1,1,High Risk
CUST_001815,0.23676138,0,0,Low Risk
CUST_001816,0.3109683,0,0,Low Risk
CUST_001817,0.6093375,1,0,Medium Risk
CUST_001818,0.011367409,0,0,Low Risk
CUST_001819,0.4275835,0,1,Medium Risk
CUST_001820,0.02649449,0,0,Low Risk
CUST_001821,0.00444203,0,0,Low Risk
CUST_001822,0.008399368,0,0,Low Risk
CUST_001823,0.026720623,0,0,Low Risk
CUST_001824,0.03157686,0,0,Low Risk
CUST_001825,0.05961266,0,0,Low Risk
CUST_001826,0.98950875,1,1,High Risk
CUST_001827,0.10881224,0,0,Low Risk
CUST_001828,0.07554857,0,0,Low Risk
CUST_001829,0.99965966,1,1,High Risk
CUST_001830,0.96437943,1,1,High Risk
CUST_001831,0.9986877,1,1,High Risk
CUST_001832,0.06899534,0,0,Low Risk
CUST_001833,0.011633087,0,0,Low Risk
CUST_001834,0.0308361,0,0,Low Risk
CUST_001835,0.0027975806,0,0,Low Risk
CUST_001836,0.02093838,0,0,Low Risk
CUST_001837,0.0047920574,0,0,Low Risk
CUST_001838,0.9978442,1,1,High Risk
CUST_001839,0.010424174,0,0,Low Risk
CUST_001840,0.008164967,0,0,Low Risk
CUST_001841,0.008659494,0,0,Low Risk
CUST_001842,0.0045464137,0,0,Low Risk
CUST_001843,0.9568454,1,1,High Risk
CUST_001844,0.03413166,0,0,Low Risk
CUST_001845,0.008917821,0,0,Low Risk
CUST_001846,0.01046279,0,0,Low Risk
CUST_001847,0.013495102,0,1,Low Risk
CUST_001848,0.9998516,1,1,High Risk
CUST_001849,0.9971342,1,1,High Risk
CUST_001850,0.20049933,0,0,Low Risk
CUST_001851,0.042373538,0,0,Low Risk
CUST_001852,0.026438527,0,0,Low Risk
CUST_001853,0.3011703,0,1,Low Risk
CUST_001854,0.039446846,0,0,Low Risk
CUST_001855,0.013623699,0,0,Low Risk
CUST_001856,0.02439914,0,0,Low Risk
CUST_001857,0.007821656,0,0,Low Risk
CUST_001858,0.033778768,0,0,Low Risk
CUST_001859,0.03866297,0,0,Low Risk
CUST_001860,0.011485005,0,0,Low Risk
CUST_001861,0.021245439,0,0,Low Risk
CUST_001862,0.99927527,1,1,High Risk
CUST_001863,0.0072427443,0,0,Low Risk
CUST_001864,0.18563567,0,0,Low Risk
CUST_001865,0.020957759,0,0,Low Risk
CUST_001866,0.006889488,0,0,Low Risk
CUST_001867,0.012728466,0,0,Low Risk
CUST_001868,0.012886522,0,0,Low Risk
CUST_001869,0.052723356,0,0,Low Risk
CUST_001870,0.014313128,0,0,Low Risk
CUST_001871,0.013042623,0,0,Low Risk
CUST_001872,0.0028592723,0,0,Low Risk
CUST_001873,0.99384034,1,1,High Risk
CUST_001874,0.022514526,0,0,Low Risk
CUST_001875,0.9997856,1,1,High Risk
CUST_001876,0.99277025,1,1,High Risk
CUST_001877,0.007968585,0,0,Low Risk
CUST_001878,0.040991377,0,0,Low Risk
CUST_001879,0.01184464,0,0,Low Risk
CUST_001880,0.022140857,0,0,Low Risk
CUST_001881,0.005942596,0,0,Low Risk
CUST_001882,0.0033181028,0,0,Low Risk
CUST_001883,0.019342706,0,0,Low Risk
CUST_001884,0.058543544,0,0,Low Risk
CUST_001885,0.99471915,1,1,High Risk
CUST_001886,0.0051171365,0,0,Low Risk
CUST_001887,0.021600893,0,0,Low Risk
CUST_001888,0.043500952,0,0,Low Risk
CUST_001889,0.51937157,1,0,Medium Risk
CUST_001890,0.03229041,0,0,Low Risk
CUST_001891,0.04266788,0,0,Low Risk
CUST_001892,0.008480177,0,0,Low Risk
CUST_001893,0.0045604757,0,0,Low Risk
CUST_001894,0.0651477,0,0,Low Risk
CUST_001895,0.007845716,0,0,Low Risk
CUST_001896,0.040926907,0,0,Low Risk
CUST_001897,0.010232161,0,0,Low Risk
CUST_001898,0.015013923,0,0,Low Risk
CUST_001899,0.043947622,0,0,Low Risk
CUST_001900,0.037825286,0,0,Low Risk
CUST_001901,0.043604366,0,0,Low Risk
CUST_001902,0.02879448,0,0,Low Risk
CUST_001903,0.99733067,1,1,High Risk
CUST_001904,0.08842024,0,0,Low Risk
CUST_001905,0.009003475,0,0,Low Risk
CUST_001906,0.54923826,1,0,Medium Risk
CUST_001907,0.008129629,0,0,Low Risk
CUST_001908,0.9692086,1,1,High Risk
CUST_001909,0.19732592,0,0,Low Risk
CUST_001910,0.049235906,0,0,Low Risk
CUST_001911,0.12491259,0,0,Low Risk
CUST_001912,0.14999731,0,0,Low Risk
CUST_001913,0.020369662,0,0,Low Risk
CUST_001914,0.95274824,1,1,High Risk
CUST_001915,0.049582306,0,0,Low Risk
CUST_001916,0.0036262344,0,0,Low Risk
CUST_001917,0.3430705,0,0,Low Risk
CUST_001918,0.032001406,0,0,Low Risk
CUST_001919,0.020474015,0,0,Low Risk
CUST_001920,0.055995878,0,0,Low Risk
CUST_001921,0.010403355,0,0,Low Risk
CUST_001922,0.01924382,0,0,Low Risk
CUST_001923,0.0063867075,0,0,Low Risk
CUST_001924,0.02232242,0,0,Low Risk
CUST_001925,0.024377968,0,0,Low Risk
CUST_001926,0.99942505,1,1,High Risk
CUST_001927,0.011608643,0,0,Low Risk
CUST_001928,0.037722155,0,0,Low Risk
CUST_001929,0.99923146,1,1,High Risk
CUST_001930,0.007357303,0,0,Low Risk
CUST_001931,0.9850264,1,1,High Risk
CUST_001932,0.014722622,0,0,Low Risk
CUST_001933,0.9995658,1,1,High Risk
CUST_001934,0.01405582,0,0,Low Risk
CUST_001935,0.085987695,0,0,Low Risk
CUST_001936,0.026619758,0,0,Low Risk
CUST_001937,0.9998553,1,1,High Risk
CUST_001938,0.99926466,1,1,High Risk
CUST_001939,0.024613118,0,0,Low Risk
CUST_001940,0.026396006,0,0,Low Risk
CUST_001941,0.035394147,0,0,Low Risk
CUST_001942,0.9997675,1,1,High Risk
CUST_001943,0.9998871,1,1,High Risk
CUST_001944,0.03984093,0,0,Low Risk
CUST_001945,0.98031676,1,1,High Risk
CUST_001946,0.0019041137,0,0,Low Risk
CUST_001947,0.027871212,0,0,Low Risk
CUST_001948,0.029674634,0,0,Low Risk
CUST_001949,0.042335648,0,0,Low Risk
CUST_001950,0.015733883,0,0,Low Risk
CUST_001951,0.006840029,0,0,Low Risk
CUST_001952,0.6182946,1,0,Medium Risk
CUST_001953,0.017819831,0,0,Low Risk
CUST_001954,0.32992747,0,1,Low Risk
CUST_001955,0.06311751,0,0,Low Risk
CUST_001956,0.0032692356,0,0,Low Risk
CUST_001957,0.011782761,0,0,Low Risk
CUST_001958,0.8436176,1,1,High Risk
CUST_001959,0.005853864,0,0,Low Risk
CUST_001960,0.014735396,0,0,Low Risk
CUST_001961,0.40074027,0,1,Medium Risk
CUST_001962,0.9909718,1,1,High Risk
CUST_001963,0.0040863133,0,0,Low Risk
CUST_001964,0.012919616,0,0,Low Risk
CUST_001965,0.0038813115,0,0,Low Risk
CUST_001966,0.999699,1,1,High Risk
CUST_001967,0.009093411,0,0,Low Risk
CUST_001968,0.0018302763,0,0,Low Risk
CUST_001969,0.03560732,0,0,Low Risk
CUST_001970,0.9986468,1,1,High Risk
CUST_001971,0.042081885,0,0,Low Risk
CUST_001972,0.9769893,1,1,High Risk
CUST_001973,0.00257022,0,0,Low Risk
CUST_001974,0.033814542,0,0,Low Risk
CUST_001975,0.9792588,1,1,High Risk
CUST_001976,0.06030671,0,0,Low Risk
CUST_001977,0.998398,1,1,High Risk
CUST_001978,0.0061819446,0,0,Low Risk
CUST_001979,0.99942446,1,1,High Risk
CUST_001980,0.015991917,0,0,Low Risk
CUST_001981,0.99425864,1,1,High Risk
CUST_001982,0.021500275,0,0,Low Risk
CUST_001983,0.99725217,1,1,High Risk
CUST_001984,0.9993461,1,1,High Risk
CUST_001985,0.0020570122,0,0,Low Risk
CUST_001986,0.0058827917,0,0,Low Risk
CUST_001987,0.04534721,0,0,Low Risk
CUST_001988,0.76649874,1,1,High Risk
CUST_001989,0.021064905,0,0,Low Risk
CUST_001990,0.9987453,1,1,High Risk
CUST_001991,0.0057900427,0,0,Low Risk
CUST_001992,0.9921112,1,1,High Risk
CUST_001993,0.02141,0,0,Low Risk
CUST_001994,0.99888784,1,1,High Risk
CUST_001995,0.99976856,1,1,High Risk
CUST_001996,0.99554706,1,1,High Risk
CUST_001997,0.019781109,0,0,Low Risk
CUST_001998,0.23280026,0,0,Low Risk
CUST_001999,0.99803597,1,1,High Risk
CUST_002000,0.0038449413,0,0,Low Risk
CUST_002001,0.99954164,1,1,High Risk
CUST_002002,0.014995691,0,0,Low Risk
CUST_002003,0.006076822,0,0,Low Risk
CUST_002004,0.99675375,1,1,High Risk
CUST_002005,0.10952174,0,0,Low Risk
CUST_002006,0.012466332,0,0,Low Risk
CUST_002007,0.0042878967,0,0,Low Risk
CUST_002008,0.042452056,0,0,Low Risk
CUST_002009,0.29564163,0,0,Low Risk
CUST_002010,0.018801507,0,0,Low Risk
CUST_002011,0.006658055,0,0,Low Risk
CUST_002012,0.08342446,0,0,Low Risk
CUST_002013,0.99253404,1,1,High Risk
CUST_002014,0.020153062,0,0,Low Risk
CUST_002015,0.021011014,0,0,Low Risk
CUST_002016,0.9888249,1,1,High Risk
CUST_002017,0.0056182058,0,0,Low Risk
CUST_002018,0.015213498,0,0,Low Risk
CUST_002019,0.019839544,0,0,Low Risk
CUST_002020,0.1083669,0,0,Low Risk
CUST_002021,0.0057672635,0,0,Low Risk
CUST_002022,0.06278203,0,0,Low Risk
CUST_002023,0.09577918,0,0,Low Risk
CUST_002024,0.9992373,1,1,High Risk
CUST_002025,0.054419853,0,0,Low Risk
CUST_002026,0.0057488615,0,0,Low Risk
CUST_002027,0.9664093,1,1,High Risk
CUST_002028,0.22895578,0,0,Low Risk
CUST_002029,0.03721714,0,0,Low Risk
CUST_002030,0.998004,1,1,High Risk
CUST_002031,0.99952495,1,1,High Risk
CUST_002032,0.99571866,1,1,High Risk
CUST_002033,0.029245565,0,0,Low Risk
CUST_002034,0.0074798125,0,0,Low Risk
CUST_002035,0.007976169,0,0,Low Risk
CUST_002036,0.011237475,0,0,Low Risk
CUST_002037,0.006902393,0,0,Low Risk
CUST_002038,0.01987872,0,0,Low Risk
CUST_002039,0.02447773,0,0,Low Risk
CUST_002040,0.9992536,1,1,High Risk
CUST_002041,0.9978661,1,1,High Risk
CUST_002042,0.0036140315,0,0,Low Risk
CUST_002043,0.085749775,0,0,Low Risk
CUST_002044,0.019812874,0,0,Low Risk
CUST_002045,0.053274706,0,0,Low Risk
CUST_002046,0.03589878,0,0,Low Risk
CUST_002047,0.9998134,1,1,High Risk
CUST_002048,0.022369996,0,0,Low Risk
CUST_002049,0.99881697,1,1,High Risk
CUST_002050,0.0132452445,0,0,Low Risk
CUST_002051,0.992527,1,1,High Risk
CUST_002052,0.010830605,0,0,Low Risk
CUST_002053,0.022193188,0,0,Low Risk
CUST_002054,0.04119547,0,0,Low Risk
CUST_002055,0.99695563,1,1,High Risk
CUST_002056,0.028033007,0,0,Low Risk
CUST_002057,0.004533187,0,0,Low Risk
CUST_002058,0.9978522,1,1,High Risk
CUST_002059,0.047927372,0,0,Low Risk
CUST_002060,0.025309352,0,0,Low Risk
CUST_002061,0.023628721,0,0,Low Risk
CUST_002062,0.046721444,0,0,Low Risk
CUST_002063,0.020570341,0,0,Low Risk
CUST_002064,0.008073867,0,0,Low Risk
CUST_002065,0.04634806,0,0,Low Risk
CUST_002066,0.11859939,0,0,Low Risk
CUST_002067,0.00699539,0,0,Low Risk
CUST_002068,0.00475937,0,0,Low Risk
CUST_002069,0.048448905,0,0,Low Risk
CUST_002070,0.01780947,0,0,Low Risk
CUST_002071,0.0059254714,0,0,Low Risk
CUST_002072,0.015872085,0,0,Low Risk
CUST_002073,0.120624416,0,0,Low Risk
CUST_002074,0.00915785,0,0,Low Risk
CUST_002075,0.01745586,0,0,Low Risk
CUST_002076,0.13082021,0,0,Low Risk
CUST_002077,0.776021,1,0,High Risk
CUST_002078,0.13472277,0,0,Low Risk
CUST_002079,0.99978906,1,1,High Risk
CUST_002080,0.0013033374,0,0,Low Risk
CUST_002081,0.9986021,1,1,High Risk
CUST_002082,0.020677766,0,0,Low Risk
CUST_002083,0.024705466,0,0,Low Risk
CUST_002084,0.024688147,0,0,Low Risk
CUST_002085,0.0168323,0,0,Low Risk
CUST_002086,0.03193128,0,0,Low Risk
CUST_002087,0.9967264,1,1,High Risk
CUST_002088,0.99964595,1,1,High Risk
CUST_002089,0.045038477,0,0,Low Risk
CUST_002090,0.015581299,0,0,Low Risk
CUST_002091,0.18551676,0,0,Low Risk
CUST_002092,0.008166184,0,0,Low Risk
CUST_002093,0.04102117,0,0,Low Risk
CUST_002094,0.03766391,0,0,Low Risk
CUST_002095,0.024675244,0,0,Low Risk
CUST_002096,0.025990224,0,0,Low Risk
CUST_002097,0.020857492,0,0,Low Risk
CUST_002098,0.11865214,0,0,Low Risk
CUST_002099,0.9945911,1,1,High Risk
CUST_002100,0.20287375,0,0,Low Risk
CUST_002101,0.004110566,0,0,Low Risk
CUST_002102,0.99959034,1,1,High Risk
CUST_002103,0.0037925763,0,0,Low Risk
CUST_002104,0.035851393,0,0,Low Risk
CUST_002105,0.02247583,0,0,Low Risk
CUST_002106,0.7575833,1,1,High Risk
CUST_002107,0.99897444,1,1,High Risk
CUST_002108,0.024089152,0,0,Low Risk
CUST_002109,0.32431167,0,0,Low Risk
CUST_002110,0.998278,1,1,High Risk
CUST_002111,0.001231621,0,0,Low Risk
CUST_002112,0.010014729,0,0,Low Risk
CUST_002113,0.008312445,0,0,Low Risk
CUST_002114,0.0025084228,0,0,Low Risk
CUST_002115,0.02326747,0,0,Low Risk
CUST_002116,0.009653125,0,0,Low Risk
CUST_002117,0.08042894,0,0,Low Risk
CUST_002118,0.9819723,1,1,High Risk
CUST_002119,0.023453144,0,0,Low Risk
CUST_002120,0.035010703,0,0,Low Risk
CUST_002121,0.9996257,1,1,High Risk
CUST_002122,0.037298292,0,0,Low Risk
CUST_002123,0.004978338,0,0,Low Risk
CUST_002124,0.12029859,0,0,Low Risk
CUST_002125,0.9985468,1,1,High Risk
CUST_002126,0.052482218,0,0,Low Risk
CUST_002127,0.00474547,0,0,Low Risk
CUST_002128,0.04173786,0,0,Low Risk
CUST_002129,0.061236,0,0,Low Risk
CUST_002130,0.011427009,0,0,Low Risk
CUST_002131,0.8485055,1,1,High Risk
CUST_002132,0.47952244,0,0,Medium Risk
CUST_002133,0.803559,1,0,High Risk
CUST_002134,0.15908605,0,0,Low Risk
CUST_002135,0.12601356,0,0,Low Risk
CUST_002136,0.028373485,0,0,Low Risk
CUST_002137,0.038946744,0,0,Low Risk
CUST_002138,0.00745277,0,0,Low Risk
CUST_002139,0.006238252,0,0,Low Risk
CUST_002140,0.13242699,0,0,Low Risk
CUST_002141,0.027534217,0,0,Low Risk
CUST_002142,0.9995148,1,1,High Risk
CUST_002143,0.009158205,0,0,Low Risk
CUST_002144,0.0075123655,0,0,Low Risk
CUST_002145,0.0154213095,0,0,Low Risk
CUST_002146,0.031237857,0,0,Low Risk
CUST_002147,0.04666435,0,0,Low Risk
CUST_002148,0.016364327,0,0,Low Risk
CUST_002149,0.17248791,0,0,Low Risk
CUST_002150,0.997727,1,1,High Risk
CUST_002151,0.004418945,0,0,Low Risk
CUST_002152,0.005775483,0,0,Low Risk
CUST_002153,0.020771313,0,0,Low Risk
CUST_002154,0.006646412,0,0,Low Risk
CUST_002155,0.02516397,0,0,Low Risk
CUST_002156,0.0049036043,0,0,Low Risk
CUST_002157,0.025058549,0,0,Low Risk
CUST_002158,0.027810993,0,0,Low Risk
CUST_002159,0.99985635,1,1,High Risk
CUST_002160,0.020611914,0,0,Low Risk
CUST_002161,0.06200374,0,0,Low Risk
CUST_002162,0.0074781524,0,0,Low Risk
CUST_002163,0.9936359,1,1,High Risk
CUST_002164,0.9935015,1,1,High Risk
CUST_002165,0.017575344,0,0,Low Risk
CUST_002166,0.9942175,1,1,High Risk
CUST_002167,0.013025498,0,0,Low Risk
CUST_002168,0.99971634,1,1,High Risk
CUST_002169,0.14600329,0,0,Low Risk
CUST_002170,0.07166043,0,0,Low Risk
CUST_002171,0.9982705,1,1,High Risk
CUST_002172,0.9993782,1,1,High Risk
CUST_002173,0.12474802,0,0,Low Risk
CUST_002174,0.0022483745,0,0,Low Risk
CUST_002175,0.9871459,1,1,High Risk
CUST_002176,0.18736187,0,0,Low Risk
CUST_002177,0.027170807,0,0,Low Risk
CUST_002178,0.051335685,0,0,Low Risk
CUST_002179,0.9995976,1,1,High Risk
CUST_002180,0.039317794,0,0,Low Risk
CUST_002181,0.025542203,0,0,Low Risk
CUST_002182,0.9980507,1,1,High Risk
CUST_002183,0.004107038,0,0,Low Risk
CUST_002184,0.009865983,0,0,Low Risk
CUST_002185,0.5903676,1,1,Medium Risk
CUST_002186,0.028709298,0,0,Low Risk
CUST_002187,0.003877234,0,0,Low Risk
CUST_002188,0.056767862,0,0,Low Risk
CUST_002189,0.015005302,0,0,Low Risk
CUST_002190,0.060324352,0,0,Low Risk
CUST_002191,0.043653414,0,0,Low Risk
CUST_002192,0.9219355,1,1,High Risk
CUST_002193,0.01629572,0,0,Low Risk
CUST_002194,0.020082295,0,0,Low Risk
CUST_002195,0.9996879,1,1,High Risk
CUST_002196,0.11629498,0,0,Low Risk
CUST_002197,0.011753304,0,0,Low Risk
CUST_002198,0.07632808,0,0,Low Risk
CUST_002199,0.013377352,0,0,Low Risk
CUST_002200,0.6184418,1,0,Medium Risk
CUST_002201,0.9991566,1,1,High Risk
CUST_002202,0.04515223,0,0,Low Risk
CUST_002203,0.0046027885,0,0,Low Risk
CUST_002204,0.037270974,0,0,Low Risk
CUST_002205,0.22150016,0,0,Low Risk
CUST_002206,0.036413487,0,0,Low Risk
CUST_002207,0.040136736,0,0,Low Risk
CUST_002208,0.08787768,0,0,Low Risk
CUST_002209,0.9836969,1,1,High Risk
CUST_002210,0.99734616,1,1,High Risk
CUST_002211,0.09854598,0,1,Low Risk
CUST_002212,0.03818294,0,0,Low Risk
CUST_002213,0.5342726,1,0,Medium Risk
CUST_002214,0.03678287,0,0,Low Risk
CUST_002215,0.01807071,0,0,Low Risk
CUST_002216,0.9985077,1,1,High Risk
CUST_002217,0.008063582,0,0,Low Risk
CUST_002218,0.075430065,0,0,Low Risk
CUST_002219,0.0063105724,0,0,Low Risk
CUST_002220,0.9998247,1,1,High Risk
CUST_002221,0.013346041,0,0,Low Risk
CUST_002222,0.99926955,1,1,High Risk
CUST_002223,0.020706553,0,0,Low Risk
CUST_002224,0.07367105,0,0,Low Risk
CUST_002225,0.013433852,0,0,Low Risk
CUST_002226,0.018313471,0,0,Low Risk
CUST_002227,0.97066945,1,1,High Risk
CUST_002228,0.55154836,1,1,Medium Risk
CUST_002229,0.999686,1,1,High Risk
CUST_002230,0.05509642,0,0,Low Risk
CUST_002231,0.09017531,0,0,Low Risk
CUST_002232,0.85084337,1,1,High Risk
CUST_002233,0.0056457324,0,0,Low Risk
CUST_002234,0.9983765,1,1,High Risk
CUST_002235,0.007844332,0,0,Low Risk
CUST_002236,0.07303917,0,0,Low Risk
CUST_002237,0.0029443337,0,0,Low Risk
CUST_002238,0.005215641,0,0,Low Risk
CUST_002239,0.99952304,1,1,High Risk
CUST_002240,0.08423959,0,0,Low Risk
CUST_002241,0.9961695,1,1,High Risk
CUST_002242,0.016120706,0,0,Low Risk
CUST_002243,0.24402474,0,0,Low Risk
CUST_002244,0.07113179,0,0,Low Risk
CUST_002245,0.016588822,0,0,Low Risk
CUST_002246,0.052805897,0,0,Low Risk
CUST_002247,0.1751391,0,0,Low Risk
CUST_002248,0.008157969,0,0,Low Risk
CUST_002249,0.109749414,0,0,Low Risk
CUST_002250,0.003771237,0,0,Low Risk
CUST_002251,0.9686667,1,1,High Risk
CUST_002252,0.9996636,1,1,High Risk
CUST_002253,0.09977365,0,0,Low Risk
CUST_002254,0.044395644,0,0,Low Risk
CUST_002255,0.024177123,0,0,Low Risk
CUST_002256,0.012949336,0,0,Low Risk
CUST_002257,0.020381851,0,0,Low Risk
CUST_002258,0.05025075,0,0,Low Risk
CUST_002259,0.0036195696,0,0,Low Risk
CUST_002260,0.028074171,0,0,Low Risk
CUST_002261,0.015819542,0,0,Low Risk
CUST_002262,0.087113015,0,0,Low Risk
CUST_002263,0.007300846,0,0,Low Risk
CUST_002264,0.07934008,0,0,Low Risk
CUST_002265,0.32471707,0,0,Low Risk
CUST_002266,0.9988765,1,1,High Risk
CUST_002267,0.9995427,1,1,High Risk
CUST_002268,0.04426977,0,0,Low Risk
CUST_002269,0.99972075,1,1,High Risk
CUST_002270,0.011861411,0,0,Low Risk
CUST_002271,0.9713538,1,1,High Risk
CUST_002272,0.0067100893,0,0,Low Risk
CUST_002273,0.0029487496,0,0,Low Risk
CUST_002274,0.026827812,0,0,Low Risk
CUST_002275,0.018052686,0,0,Low Risk
CUST_002276,0.058108706,0,0,Low Risk
CUST_002277,0.004213695,0,0,Low Risk
CUST_002278,0.008187565,0,0,Low Risk
CUST_002279,0.011310906,0,0,Low Risk
CUST_002280,0.99969995,1,1,High Risk
CUST_002281,0.010091687,0,0,Low Risk
CUST_002282,0.003863874,0,0,Low Risk
CUST_002283,0.059518244,0,0,Low Risk
CUST_002284,0.99525553,1,1,High Risk
CUST_002285,0.008770623,0,0,Low Risk
CUST_002286,0.17055963,0,0,Low Risk
CUST_002287,0.47388682,0,1,Medium Risk
CUST_002288,0.0083605405,0,0,Low Risk
CUST_002289,0.99870324,1,1,High Risk
CUST_002290,0.99855393,1,1,High Risk
CUST_002291,0.039065592,0,0,Low Risk
CUST_002292,0.99889034,1,1,High Risk
CUST_002293,0.008423418,0,0,Low Risk
CUST_002294,0.06795235,0,0,Low Risk
CUST_002295,0.12026281,0,0,Low Risk
CUST_002296,0.010378006,0,0,Low Risk
CUST_002297,0.0018207845,0,0,Low Risk
CUST_002298,0.008362146,0,0,Low Risk
CUST_002299,0.0048817955,0,0,Low Risk
CUST_002300,0.10150274,0,0,Low Risk
CUST_002301,0.021284034,0,0,Low Risk
CUST_002302,0.016327295,0,0,Low Risk
CUST_002303,0.01583167,0,0,Low Risk
CUST_002304,0.99511826,1,1,High Risk
CUST_002305,0.096295744,0,0,Low Risk
CUST_002306,0.030326992,0,0,Low Risk
CUST_002307,0.029731523,0,0,Low Risk
CUST_002308,0.0023072865,0,0,Low Risk
CUST_002309,0.9993414,1,1,High Risk
CUST_002310,0.006476189,0,0,Low Risk
CUST_002311,0.017424693,0,0,Low Risk
CUST_002312,0.9997876,1,1,High Risk
CUST_002313,0.030287951,0,0,Low Risk
CUST_002314,0.06676565,0,0,Low Risk
CUST_002315,0.08101327,0,0,Low Risk
CUST_002316,0.0050492887,0,0,Low Risk
CUST_002317,0.009180364,0,0,Low Risk
CUST_002318,0.99935704,1,1,High Risk
CUST_002319,0.062305275,0,0,Low Risk
CUST_002320,0.036074623,0,0,Low Risk
CUST_002321,0.01037687,0,0,Low Risk
CUST_002322,0.99961084,1,1,High Risk
CUST_002323,0.020756233,0,0,Low Risk
CUST_002324,0.019190608,0,0,Low Risk
CUST_002325,0.027244365,0,0,Low Risk
CUST_002326,0.99947435,1,1,High Risk
CUST_002327,0.027467532,0,0,Low Risk
CUST_002328,0.999853,1,1,High Risk
CUST_002329,0.0026622037,0,0,Low Risk
CUST_002330,0.97335243,1,1,High Risk
CUST_002331,0.009582126,0,0,Low Risk
CUST_002332,0.6705204,1,1,High Risk
CUST_002333,0.017921055,0,0,Low Risk
CUST_002334,0.011121656,0,0,Low Risk
CUST_002335,0.053408943,0,0,Low Risk
CUST_002336,0.99941254,1,1,High Risk
CUST_002337,0.03948843,0,0,Low Risk
CUST_002338,0.004296882,0,0,Low Risk
CUST_002339,0.016271796,0,0,Low Risk
CUST_002340,0.9996915,1,1,High Risk
CUST_002341,0.012693997,0,0,Low Risk
CUST_002342,0.4697152,0,0,Medium Risk
CUST_002343,0.026242303,0,0,Low Risk
CUST_002344,0.63342255,1,1,Medium Risk
CUST_002345,0.022179848,0,0,Low Risk
CUST_002346,0.018878875,0,0,Low Risk
CUST_002347,0.003145462,0,0,Low Risk
CUST_002348,0.9992561,1,1,High Risk
CUST_002349,0.019276297,0,0,Low Risk
CUST_002350,0.99789244,1,1,High Risk
CUST_002351,0.008367997,0,0,Low Risk
CUST_002352,0.0043205977,0,0,Low Risk
CUST_002353,0.003052356,0,0,Low Risk
CUST_002354,0.004832356,0,0,Low Risk
CUST_002355,0.9993493,1,1,High Risk
CUST_002356,0.9940275,1,1,High Risk
CUST_002357,0.9991025,1,1,High Risk
CUST_002358,0.0027629526,0,0,Low Risk
CUST_002359,0.9997788,1,1,High Risk
CUST_002360,0.017872937,0,0,Low Risk
CUST_002361,0.011435731,0,0,Low Risk
CUST_002362,0.006479159,0,0,Low Risk
CUST_002363,0.02144524,0,0,Low Risk
CUST_002364,0.01927528,0,0,Low Risk
CUST_002365,0.018430691,0,0,Low Risk
CUST_002366,0.025966888,0,0,Low Risk
CUST_002367,0.0135518,0,0,Low Risk
CUST_002368,0.9998286,1,1,High Risk
CUST_002369,0.023808572,0,0,Low Risk
CUST_002370,0.9998907,1,1,High Risk
CUST_002371,0.0021139495,0,0,Low Risk
CUST_002372,0.027832279,0,0,Low Risk
CUST_002373,0.017723335,0,0,Low Risk
CUST_002374,0.021999503,0,0,Low Risk
CUST_002375,0.009979504,0,0,Low Risk
CUST_002376,0.0073874104,0,0,Low Risk
CUST_002377,0.9994832,1,1,High Risk
CUST_002378,0.009080939,0,0,Low Risk
CUST_002379,0.050608777,0,0,Low Risk
CUST_002380,0.04417986,0,0,Low Risk
CUST_002381,0.058269076,0,0,Low Risk
CUST_002382,0.079132855,0,0,Low Risk
CUST_002383,0.02942272,0,0,Low Risk
CUST_002384,0.0120447995,0,0,Low Risk
CUST_002385,0.9985322,1,1,High Risk
CUST_002386,0.01963643,0,0,Low Risk
CUST_002387,0.035016302,0,0,Low Risk
CUST_002388,0.004998173,0,0,Low Risk
CUST_002389,0.99929416,1,1,High Risk
CUST_002390,0.99989176,1,1,High Risk
CUST_002391,0.008243128,0,0,Low Risk
CUST_002392,0.029390058,0,0,Low Risk
CUST_002393,0.9815004,1,1,High Risk
CUST_002394,0.17967339,0,0,Low Risk
CUST_002395,0.99698,1,1,High Risk
CUST_002396,0.016230935,0,0,Low Risk
CUST_002397,0.015413353,0,0,Low Risk
CUST_002398,0.08887582,0,0,Low Risk
CUST_002399,0.03403232,0,0,Low Risk
CUST_002400,0.016841795,0,0,Low Risk
CUST_002401,0.017431645,0,0,Low Risk
CUST_002402,0.9976768,1,1,High Risk
CUST_002403,0.018052567,0,0,Low Risk
CUST_002404,0.99954754,1,1,High Risk
CUST_002405,0.023327693,0,0,Low Risk
CUST_002406,0.18983178,0,1,Low Risk
CUST_002407,0.033591658,0,0,Low Risk
CUST_002408,0.4006184,0,1,Medium Risk
CUST_002409,0.032819446,0,0,Low Risk
CUST_002410,0.008614844,0,0,Low Risk
CUST_002411,0.016002545,0,0,Low Risk
CUST_002412,0.007460859,0,0,Low Risk
CUST_002413,0.0062666945,0,0,Low Risk
CUST_002414,0.04242334,0,0,Low Risk
CUST_002415,0.9941208,1,1,High Risk
CUST_002416,0.002457341,0,0,Low Risk
CUST_002417,0.9697184,1,1,High Risk
CUST_002418,0.022995522,0,0,Low Risk
CUST_002419,0.7917371,1,0,High Risk
CUST_002420,0.998716,1,1,High Risk
CUST_002421,0.004809764,0,0,Low Risk
CUST_002422,0.1011643,0,0,Low Risk
CUST_002423,0.020927543,0,0,Low Risk
CUST_002424,0.01019192,0,0,Low Risk
CUST_002425,0.9998091,1,1,High Risk
CUST_002426,0.009749317,0,0,Low Risk
CUST_002427,0.10288069,0,0,Low Risk
CUST_002428,0.02841377,0,0,Low Risk
CUST_002429,0.037166122,0,0,Low Risk
CUST_002430,0.032455657,0,0,Low Risk
CUST_002431,0.0645276,0,0,Low Risk
CUST_002432,0.417371,0,0,Medium Risk
CUST_002433,0.014174385,0,0,Low Risk
CUST_002434,0.9947432,1,1,High Risk
CUST_002435,0.016255492,0,0,Low Risk
CUST_002436,0.015366871,0,0,Low Risk
CUST_002437,0.0012481189,0,0,Low Risk
CUST_002438,0.9909837,1,1,High Risk
CUST_002439,0.011138976,0,0,Low Risk
CUST_002440,0.29816017,0,0,Low Risk
CUST_002441,0.9987174,1,1,High Risk
CUST_002442,0.09014658,0,0,Low Risk
CUST_002443,0.99753004,1,1,High Risk
CUST_002444,0.0017270879,0,0,Low Risk
CUST_002445,0.99981767,1,1,High Risk
CUST_002446,0.9993875,1,1,High Risk
CUST_002447,0.010852665,0,0,Low Risk
CUST_002448,0.0049922485,0,0,Low Risk
CUST_002449,0.9989806,1,1,High Risk
CUST_002450,0.019393926,0,0,Low Risk
CUST_002451,0.99264044,1,1,High Risk
CUST_002452,0.9993068,1,1,High Risk
CUST_002453,0.00651265,0,0,Low Risk
CUST_002454,0.031259652,0,0,Low Risk
CUST_002455,0.018368723,0,0,Low Risk
CUST_002456,0.009958792,0,0,Low Risk
CUST_002457,0.0034639451,0,0,Low Risk
CUST_002458,0.9987269,1,1,High Risk
CUST_002459,0.0028692684,0,0,Low Risk
CUST_002460,0.07134656,0,0,Low Risk
CUST_002461,0.06065552,0,0,Low Risk
CUST_002462,0.005826063,0,0,Low Risk
CUST_002463,0.9998889,1,1,High Risk
CUST_002464,0.999688,1,1,High Risk
CUST_002465,0.9567511,1,1,High Risk
CUST_002466,0.016175775,0,0,Low Risk
CUST_002467,0.009046523,0,0,Low Risk
CUST_002468,0.99850404,1,1,High Risk
CUST_002469,0.0075913463,0,0,Low Risk
CUST_002470,0.009114524,0,0,Low Risk
CUST_002471,0.17275412,0,0,Low Risk
CUST_002472,0.004814601,0,0,Low Risk
CUST_002473,0.012416375,0,0,Low Risk
CUST_002474,0.08434321,0,0,Low Risk
CUST_002475,0.9783745,1,1,High Risk
CUST_002476,0.005176264,0,0,Low Risk
CUST_002477,0.9976961,1,1,High Risk
CUST_002478,0.027511409,0,0,Low Risk
CUST_002479,0.98309326,1,1,High Risk
CUST_002480,0.015037747,0,0,Low Risk
CUST_002481,0.99844724,1,1,High Risk
CUST_002482,0.042009804,0,0,Low Risk
CUST_002483,0.9988267,1,1,High Risk
CUST_002484,0.031025786,0,0,Low Risk
CUST_002485,0.16541699,0,0,Low Risk
CUST_002486,0.0037372643,0,0,Low Risk
CUST_002487,0.024151176,0,0,Low Risk
CUST_002488,0.063930325,0,0,Low Risk
CUST_002489,0.005689213,0,0,Low Risk
CUST_002490,0.99974686,1,1,High Risk
CUST_002491,0.99874747,1,1,High Risk
CUST_002492,0.12640032,0,0,Low Risk
CUST_002493,0.011693439,0,0,Low Risk
CUST_002494,0.04324363,0,0,Low Risk
CUST_002495,0.018345745,0,0,Low Risk
CUST_002496,0.0074660797,0,0,Low Risk
CUST_002497,0.005325227,0,0,Low Risk
CUST_002498,0.03629607,0,0,Low Risk
CUST_002499,0.9988016,1,1,High Risk
CUST_002500,0.9997702,1,1,High Risk
CUST_002501,0.06544879,0,0,Low Risk
CUST_002502,0.017462976,0,0,Low Risk
CUST_002503,0.06637244,0,0,Low Risk
CUST_002504,0.026183927,0,0,Low Risk
CUST_002505,0.022356594,0,0,Low Risk
CUST_002506,0.054509953,0,0,Low Risk
CUST_002507,0.0074179526,0,0,Low Risk
CUST_002508,0.27049085,0,0,Low Risk
CUST_002509,0.040165205,0,0,Low Risk
CUST_002510,0.006204073,0,0,Low Risk
CUST_002511,0.8998758,1,1,High Risk
CUST_002512,0.0057635657,0,0,Low Risk
CUST_002513,0.0065628747,0,0,Low Risk
CUST_002514,0.044319317,0,0,Low Risk
CUST_002515,0.6250278,1,1,Medium Risk
CUST_002516,0.11673717,0,0,Low Risk
CUST_002517,0.012370419,0,0,Low Risk
CUST_002518,0.023876501,0,0,Low Risk
CUST_002519,0.026133915,0,0,Low Risk
CUST_002520,0.022575555,0,0,Low Risk
CUST_002521,0.024457768,0,0,Low Risk
CUST_002522,0.037853003,0,0,Low Risk
CUST_002523,0.99940073,1,1,High Risk
CUST_002524,0.031634454,0,0,Low Risk
CUST_002525,0.9993591,1,1,High Risk
CUST_002526,0.02081526,0,0,Low Risk
CUST_002527,0.18225381,0,0,Low Risk
CUST_002528,0.8294628,1,1,High Risk
CUST_002529,0.11514547,0,0,Low Risk
CUST_002530,0.039611693,0,0,Low Risk
CUST_002531,0.47585467,0,1,Medium Risk
CUST_002532,0.0033975048,0,0,Low Risk
CUST_002533,0.17245984,0,0,Low Risk
CUST_002534,0.008486989,0,0,Low Risk
CUST_002535,0.051862873,0,0,Low Risk
CUST_002536,0.047069255,0,0,Low Risk
CUST_002537,0.008871804,0,0,Low Risk
CUST_002538,0.0026332275,0,0,Low Risk
CUST_002539,0.9887139,1,1,High Risk
CUST_002540,0.32292032,0,1,Low Risk
CUST_002541,0.08408344,0,0,Low Risk
CUST_002542,0.0047506955,0,0,Low Risk
CUST_002543,0.008788039,0,0,Low Risk
CUST_002544,0.0120177865,0,0,Low Risk
CUST_002545,0.0044665965,0,0,Low Risk
CUST_002546,0.0019826216,0,0,Low Risk
CUST_002547,0.05861653,0,0,Low Risk
CUST_002548,0.999699,1,1,High Risk
CUST_002549,0.99888676,1,1,High Risk
CUST_002550,0.060412616,0,0,Low Risk
CUST_002551,0.03185198,0,0,Low Risk
CUST_002552,0.05427256,0,0,Low Risk
CUST_002553,0.98764765,1,1,High Risk
CUST_002554,0.007149312,0,0,Low Risk
CUST_002555,0.54893297,1,1,Medium Risk
CUST_002556,0.9997869,1,1,High Risk
CUST_002557,0.0068102176,0,0,Low Risk
CUST_002558,0.004232819,0,1,Low Risk
CUST_002559,0.9999088,1,1,High Risk
CUST_002560,0.008963596,0,0,Low Risk
CUST_002561,0.04548221,0,0,Low Risk
CUST_002562,0.020268554,0,0,Low Risk
CUST_002563,0.0078421235,0,0,Low Risk
CUST_002564,0.9989095,1,1,High Risk
CUST_002565,0.02438976,0,0,Low Risk
CUST_002566,0.9988763,1,1,High Risk
CUST_002567,0.996387,1,1,High Risk
CUST_002568,0.995756,1,1,High Risk
CUST_002569,0.1393165,0,0,Low Risk
CUST_002570,0.9985794,1,1,High Risk
CUST_002571,0.007195978,0,0,Low Risk
CUST_002572,0.025684964,0,0,Low Risk
CUST_002573,0.06428786,0,0,Low Risk
CUST_002574,0.13838036,0,0,Low Risk
CUST_002575,0.030098515,0,0,Low Risk
CUST_002576,0.98552716,1,1,High Risk
CUST_002577,0.06852454,0,0,Low Risk
CUST_002578,0.19602497,0,0,Low Risk
CUST_002579,0.999411,1,1,High Risk
CUST_002580,0.9992224,1,1,High Risk
CUST_002581,0.009225739,0,0,Low Risk
CUST_002582,0.01402082,0,0,Low Risk
CUST_002583,0.34690526,0,0,Low Risk
CUST_002584,0.992763,1,1,High Risk
CUST_002585,0.014419405,0,0,Low Risk
CUST_002586,0.047185045,0,0,Low Risk
CUST_002587,0.9849413,1,1,High Risk
CUST_002588,0.9997526,1,1,High Risk
CUST_002589,0.9972932,1,1,High Risk
CUST_002590,0.9997876,1,1,High Risk
CUST_002591,0.04616231,0,0,Low Risk
CUST_002592,0.01870401,0,0,Low Risk
CUST_002593,0.04450063,0,0,Low Risk
CUST_002594,0.007987186,0,0,Low Risk
CUST_002595,0.9938545,1,1,High Risk
CUST_002596,0.051997367,0,0,Low Risk
CUST_002597,0.0022768257,0,0,Low Risk
CUST_002598,0.020333946,0,0,Low Risk
CUST_002599,0.013520372,0,0,Low Risk
CUST_002600,0.98464197,1,1,High Risk
CUST_002601,0.013394891,0,0,Low Risk
CUST_002602,0.024178645,0,0,Low Risk
CUST_002603,0.018627193,0,0,Low Risk
CUST_002604,0.035025198,0,0,Low Risk
CUST_002605,0.0016529331,0,0,Low Risk
CUST_002606,0.007992398,0,0,Low Risk
CUST_002607,0.00504517,0,0,Low Risk
CUST_002608,0.6345157,1,1,Medium Risk
CUST_002609,0.014497195,0,0,Low Risk
CUST_002610,0.8936368,1,1,High Risk
CUST_002611,0.008071412,0,0,Low Risk
CUST_002612,0.014790778,0,0,Low Risk
CUST_002613,0.026866121,0,0,Low Risk
CUST_002614,0.21231829,0,1,Low Risk
CUST_002615,0.99933773,1,1,High Risk
CUST_002616,0.004878308,0,0,Low Risk
CUST_002617,0.9996978,1,1,High Risk
CUST_002618,0.012058136,0,0,Low Risk
CUST_002619,0.9997664,1,1,High Risk
CUST_002620,0.01570115,0,0,Low Risk
CUST_002621,0.0049573127,0,0,Low Risk
CUST_002622,0.023374591,0,0,Low Risk
CUST_002623,0.008899713,0,0,Low Risk
CUST_002624,0.040214535,0,0,Low Risk
CUST_002625,0.43043995,0,0,Medium Risk
CUST_002626,0.99836975,1,1,High Risk
CUST_002627,0.9939037,1,1,High Risk
CUST_002628,0.99883646,1,1,High Risk
CUST_002629,0.023862448,0,0,Low Risk
CUST_002630,0.012291816,0,0,Low Risk
CUST_002631,0.027555788,0,0,Low Risk
CUST_002632,0.049524006,0,0,Low Risk
CUST_002633,0.0017905077,0,0,Low Risk
CUST_002634,0.023087585,0,0,Low Risk
CUST_002635,0.97181976,1,1,High Risk
CUST_002636,0.3219302,0,0,Low Risk
CUST_002637,0.018253522,0,0,Low Risk
CUST_002638,0.9990534,1,1,High Risk
CUST_002639,0.038292155,0,0,Low Risk
CUST_002640,0.0192153,0,0,Low Risk
CUST_002641,0.035662536,0,0,Low Risk
CUST_002642,0.8863063,1,0,High Risk
CUST_002643,0.99971086,1,1,High Risk
CUST_002644,0.010855364,0,0,Low Risk
CUST_002645,0.017373092,0,0,Low Risk
CUST_002646,0.10525434,0,0,Low Risk
CUST_002647,0.027670005,0,0,Low Risk
CUST_002648,0.99979454,1,1,High Risk
CUST_002649,0.99822825,1,1,High Risk
CUST_002650,0.09097389,0,0,Low Risk
CUST_002651,0.0036280095,0,0,Low Risk
CUST_002652,0.007762784,0,0,Low Risk
CUST_002653,0.9985311,1,1,High Risk
CUST_002654,0.99943036,1,1,High Risk
CUST_002655,0.9987161,1,1,High Risk
CUST_002656,0.5954133,1,0,Medium Risk
CUST_002657,0.9989555,1,1,High Risk
CUST_002658,0.9995497,1,1,High Risk
CUST_002659,0.999912,1,1,High Risk
CUST_002660,0.016166344,0,0,Low Risk
CUST_002661,0.08775242,0,1,Low Risk
CUST_002662,0.0017870842,0,0,Low Risk
CUST_002663,0.023386765,0,0,Low Risk
CUST_002664,0.0032557377,0,0,Low Risk
CUST_002665,0.9993512,1,1,High Risk
CUST_002666,0.015803462,0,0,Low Risk
CUST_002667,0.013234156,0,0,Low Risk
CUST_002668,0.05868834,0,0,Low Risk
CUST_002669,0.99983263,1,1,High Risk
CUST_002670,0.0027922674,0,0,Low Risk
CUST_002671,0.0146997655,0,0,Low Risk
CUST_002672,0.9994703,1,1,High Risk
CUST_002673,0.0069309375,0,0,Low Risk
CUST_002674,0.02703344,0,0,Low Risk
CUST_002675,0.13642487,0,0,Low Risk
CUST_002676,0.99823654,1,1,High Risk
CUST_002677,0.035985935,0,0,Low Risk
CUST_002678,0.9984666,1,1,High Risk
CUST_002679,0.048795052,0,0,Low Risk
CUST_002680,0.005872764,0,0,Low Risk
CUST_002681,0.009870535,0,0,Low Risk
CUST_002682,0.0049854903,0,0,Low Risk
CUST_002683,0.028350778,0,0,Low Risk
CUST_002684,0.9980716,1,1,High Risk
CUST_002685,0.0016984578,0,0,Low Risk
CUST_002686,0.9994935,1,1,High Risk
CUST_002687,0.01154443,0,0,Low Risk
CUST_002688,0.011789293,0,0,Low Risk
CUST_002689,0.022136047,0,0,Low Risk
CUST_002690,0.041578628,0,0,Low Risk
CUST_002691,0.009634325,0,0,Low Risk
CUST_002692,0.015406654,0,0,Low Risk
CUST_002693,0.004742424,0,0,Low Risk
CUST_002694,0.11338928,0,0,Low Risk
CUST_002695,0.01180018,0,0,Low Risk
CUST_002696,0.9998319,1,1,High Risk
CUST_002697,0.0060173157,0,0,Low Risk
CUST_002698,0.060344793,0,0,Low Risk
CUST_002699,0.9807149,1,1,High Risk
CUST_002700,0.046619024,0,0,Low Risk
CUST_002701,0.97178054,1,1,High Risk
CUST_002702,0.0089860745,0,0,Low Risk
CUST_002703,0.0055930326,0,0,Low Risk
CUST_002704,0.011048934,0,0,Low Risk
CUST_002705,0.023354957,0,0,Low Risk
CUST_002706,0.008331586,0,0,Low Risk
CUST_002707,0.99758077,1,1,High Risk
CUST_002708,0.030710425,0,0,Low Risk
CUST_002709,0.049546354,0,0,Low Risk
CUST_002710,0.08414714,0,0,Low Risk
CUST_002711,0.05712098,0,0,Low Risk
CUST_002712,0.0033450555,0,0,Low Risk
CUST_002713,0.9990281,1,1,High Risk
CUST_002714,0.98939556,1,1,High Risk
CUST_002715,0.035519462,0,0,Low Risk
CUST_002716,0.6480147,1,0,Medium Risk
CUST_002717,0.98585355,1,1,High Risk
CUST_002718,0.09280267,0,0,Low Risk
CUST_002719,0.029381374,0,0,Low Risk
CUST_002720,0.8694655,1,1,High Risk
CUST_002721,0.98094547,1,1,High Risk
CUST_002722,0.03246401,0,0,Low Risk
CUST_002723,0.07456398,0,0,Low Risk
CUST_002724,0.01046082,0,0,Low Risk
CUST_002725,0.99971575,1,1,High Risk
CUST_002726,0.07872102,0,0,Low Risk
CUST_002727,0.017630352,0,0,Low Risk
CUST_002728,0.99967563,1,1,High Risk
CUST_002729,0.9995394,1,1,High Risk
CUST_002730,0.08099149,0,0,Low Risk
CUST_002731,0.9988122,1,1,High Risk
CUST_002732,0.020961756,0,0,Low Risk
CUST_002733,0.19160579,0,0,Low Risk
CUST_002734,0.04348185,0,0,Low Risk
CUST_002735,0.99830997,1,1,High Risk
CUST_002736,0.16155258,0,0,Low Risk
CUST_002737,0.037025504,0,0,Low Risk
CUST_002738,0.2158932,0,0,Low Risk
CUST_002739,0.004902013,0,0,Low Risk
CUST_002740,0.9995363,1,1,High Risk
CUST_002741,0.02573128,0,0,Low Risk
CUST_002742,0.0061153607,0,0,Low Risk
CUST_002743,0.0055245287,0,0,Low Risk
CUST_002744,0.14803354,0,0,Low Risk
CUST_002745,0.9997558,1,1,High Risk
CUST_002746,0.99928963,1,1,High Risk
CUST_002747,0.023629893,0,0,Low Risk
CUST_002748,0.040419564,0,0,Low Risk
CUST_002749,0.051445182,0,0,Low Risk
CUST_002750,0.002380154,0,0,Low Risk
CUST_002751,0.05090526,0,0,Low Risk
CUST_002752,0.01596608,0,0,Low Risk
CUST_002753,0.99577385,1,1,High Risk
CUST_002754,0.69854236,1,1,High Risk
CUST_002755,0.9873527,1,1,High Risk
CUST_002756,0.97903985,1,1,High Risk
CUST_002757,0.021298481,0,0,Low Risk
CUST_002758,0.9986694,1,1,High Risk
CUST_002759,0.005690184,0,0,Low Risk
CUST_002760,0.0062768226,0,0,Low Risk
CUST_002761,0.0029839196,0,0,Low Risk
CUST_002762,0.014871366,0,0,Low Risk
CUST_002763,0.0133077055,0,0,Low Risk
CUST_002764,0.0023874773,0,0,Low Risk
CUST_002765,0.34152704,0,0,Low Risk
CUST_002766,0.9994985,1,1,High Risk
CUST_002767,0.011290719,0,0,Low Risk
CUST_002768,0.9923713,1,1,High Risk
CUST_002769,0.0074578826,0,0,Low Risk
CUST_002770,0.9992988,1,1,High Risk
CUST_002771,0.032641433,0,0,Low Risk
CUST_002772,0.9600776,1,1,High Risk
CUST_002773,0.035552155,0,0,Low Risk
CUST_002774,0.014828784,0,0,Low Risk
CUST_002775,0.0020680479,0,0,Low Risk
CUST_002776,0.9950566,1,1,High Risk
CUST_002777,0.99938524,1,1,High Risk
CUST_002778,0.0070445,0,0,Low Risk
CUST_002779,0.9987909,1,1,High Risk
CUST_002780,0.007764833,0,0,Low Risk
CUST_002781,0.09090828,0,1,Low Risk
CUST_002782,0.82467943,1,1,High Risk
CUST_002783,0.9271461,1,1,High Risk
CUST_002784,0.07915153,0,0,Low Risk
CUST_002785,0.032122668,0,0,Low Risk
CUST_002786,0.3449141,0,0,Low Risk
CUST_002787,0.002619975,0,0,Low Risk
CUST_002788,0.12642735,0,0,Low Risk
CUST_002789,0.07030837,0,0,Low Risk
CUST_002790,0.027636345,0,0,Low Risk
CUST_002791,0.09754867,0,0,Low Risk
CUST_002792,0.035566237,0,0,Low Risk
CUST_002793,0.9989103,1,1,High Risk
CUST_002794,0.062105775,0,0,Low Risk
CUST_002795,0.042240933,0,0,Low Risk
CUST_002796,0.013687546,0,0,Low Risk
CUST_002797,0.9985676,1,1,High Risk
CUST_002798,0.21038482,0,0,Low Risk
CUST_002799,0.016081154,0,0,Low Risk
CUST_002800,0.02463557,0,0,Low Risk
CUST_002801,0.19173105,0,1,Low Risk
CUST_002802,0.030731486,0,0,Low Risk
CUST_002803,0.1649052,0,0,Low Risk
CUST_002804,0.009963617,0,0,Low Risk
CUST_002805,0.6780871,1,1,High Risk
CUST_002806,0.012977573,0,0,Low Risk
CUST_002807,0.9997197,1,1,High Risk
CUST_002808,0.9984939,1,1,High Risk
CUST_002809,0.025768586,0,0,Low Risk
CUST_002810,0.0059122765,0,0,Low Risk
CUST_002811,0.98489064,1,1,High Risk
CUST_002812,0.089380294,0,0,Low Risk
CUST_002813,0.006002037,0,0,Low Risk
CUST_002814,0.034111954,0,0,Low Risk
CUST_002815,0.012049924,0,0,Low Risk
CUST_002816,0.024976907,0,0,Low Risk
CUST_002817,0.99453545,1,1,High Risk
CUST_002818,0.023408523,0,0,Low Risk
CUST_002819,0.9986386,1,1,High Risk
CUST_002820,0.94170666,1,1,High Risk
CUST_002821,0.01155833,0,0,Low Risk
CUST_002822,0.016242666,0,0,Low Risk
CUST_002823,0.0049960082,0,0,Low Risk
CUST_002824,0.07190051,0,0,Low Risk
CUST_002825,0.1605763,0,0,Low Risk
CUST_002826,0.021527944,0,0,Low Risk
CUST_002827,0.003024155,0,0,Low Risk
CUST_002828,0.99951935,1,1,High Risk
CUST_002829,0.005898451,0,0,Low Risk
CUST_002830,0.34849402,0,0,Low Risk
CUST_002831,0.03063195,0,0,Low Risk
CUST_002832,0.014737945,0,0,Low Risk
CUST_002833,0.020815887,0,0,Low Risk
CUST_002834,0.058302738,0,0,Low Risk
CUST_002835,0.058884025,0,0,Low Risk
CUST_002836,0.1362902,0,0,Low Risk
CUST_002837,0.24552928,0,1,Low Risk
CUST_002838,0.021713635,0,0,Low Risk
CUST_002839,0.011184485,0,0,Low Risk
CUST_002840,0.07186025,0,0,Low Risk
CUST_002841,0.013385586,0,0,Low Risk
CUST_002842,0.11770979,0,0,Low Risk
CUST_002843,0.045361046,0,0,Low Risk
CUST_002844,0.07090993,0,0,Low Risk
CUST_002845,0.9981516,1,1,High Risk
CUST_002846,0.050575864,0,0,Low Risk
CUST_002847,0.0166803,0,0,Low Risk
CUST_002848,0.02958407,0,0,Low Risk
CUST_002849,0.9959692,1,1,High Risk
CUST_002850,0.8492502,1,1,High Risk
CUST_002851,0.9975804,1,1,High Risk
CUST_002852,0.99966633,1,1,High Risk
CUST_002853,0.07655527,0,0,Low Risk
CUST_002854,0.058900718,0,0,Low Risk
CUST_002855,0.0040803133,0,0,Low Risk
CUST_002856,0.022612475,0,0,Low Risk
CUST_002857,0.99860877,1,1,High Risk
CUST_002858,0.9801311,1,1,High Risk
CUST_002859,0.9996817,1,1,High Risk
CUST_002860,0.023202792,0,0,Low Risk
CUST_002861,0.07746082,0,0,Low Risk
CUST_002862,0.092099026,0,0,Low Risk
CUST_002863,0.93342453,1,1,High Risk
CUST_002864,0.024319788,0,0,Low Risk
CUST_002865,0.016465163,0,0,Low Risk
CUST_002866,0.03422623,0,0,Low Risk
CUST_002867,0.99729234,1,1,High Risk
CUST_002868,0.012911445,0,0,Low Risk
CUST_002869,0.9989374,1,1,High Risk
CUST_002870,0.029655667,0,0,Low Risk
CUST_002871,0.9948258,1,1,High Risk
CUST_002872,0.01932032,0,0,Low Risk
CUST_002873,0.016755085,0,0,Low Risk
CUST_002874,0.9779303,1,1,High Risk
CUST_002875,0.83295745,1,1,High Risk
CUST_002876,0.9997166,1,1,High Risk
CUST_002877,0.998027,1,1,High Risk
CUST_002878,0.057680804,0,0,Low Risk
CUST_002879,0.0059770825,0,0,Low Risk
CUST_002880,0.0046799583,0,0,Low Risk
CUST_002881,0.040117987,0,0,Low Risk
CUST_002882,0.07688366,0,0,Low Risk
CUST_002883,0.9973437,1,1,High Risk
CUST_002884,0.0044756145,0,0,Low Risk
CUST_002885,0.028575307,0,0,Low Risk
CUST_002886,0.990672,1,1,High Risk
CUST_002887,0.034055043,0,0,Low Risk
CUST_002888,0.018351268,0,0,Low Risk
CUST_002889,0.018883884,0,0,Low Risk
CUST_002890,0.025790302,0,0,Low Risk
CUST_002891,0.026345132,0,0,Low Risk
CUST_002892,0.11099089,0,0,Low Risk
CUST_002893,0.03174208,0,0,Low Risk
CUST_002894,0.0036862236,0,0,Low Risk
CUST_002895,0.9986541,1,1,High Risk
CUST_002896,0.04019288,0,0,Low Risk
CUST_002897,0.006882112,0,0,Low Risk
CUST_002898,0.09650926,0,0,Low Risk
CUST_002899,0.02682846,0,0,Low Risk
CUST_002900,0.020096527,0,0,Low Risk
CUST_002901,0.086587444,0,0,Low Risk
CUST_002902,0.009002067,0,0,Low Risk
CUST_002903,0.02000491,0,0,Low Risk
CUST_002904,0.03442114,0,0,Low Risk
CUST_002905,0.019195473,0,0,Low Risk
CUST_002906,0.9648848,1,1,High Risk
CUST_002907,0.0015947077,0,0,Low Risk
CUST_002908,0.017444307,0,0,Low Risk
CUST_002909,0.022901734,0,0,Low Risk
CUST_002910,0.022375597,0,0,Low Risk
CUST_002911,0.16546458,0,0,Low Risk
CUST_002912,0.0047984906,0,0,Low Risk
CUST_002913,0.29907793,0,0,Low Risk
CUST_002914,0.009439643,0,0,Low Risk
CUST_002915,0.03619413,0,0,Low Risk
CUST_002916,0.0333098,0,0,Low Risk
CUST_002917,0.016537799,0,0,Low Risk
CUST_002918,0.017730294,0,0,Low Risk
CUST_002919,0.013656019,0,0,Low Risk
CUST_002920,0.005264981,0,0,Low Risk
CUST_002921,0.99941146,1,1,High Risk
CUST_002922,0.008161732,0,0,Low Risk
CUST_002923,0.9982303,1,1,High Risk
CUST_002924,0.99919385,1,1,High Risk
CUST_002925,0.018908383,0,0,Low Risk
CUST_002926,0.0704475,0,0,Low Risk
CUST_002927,0.20689702,0,0,Low Risk
CUST_002928,0.013341897,0,0,Low Risk
CUST_002929,0.0056806253,0,0,Low Risk
CUST_002930,0.011300757,0,0,Low Risk
CUST_002931,0.9999174,1,1,High Risk
CUST_002932,0.006675571,0,0,Low Risk
CUST_002933,0.0017517011,0,0,Low Risk
CUST_002934,0.9997348,1,1,High Risk
CUST_002935,0.0063338717,0,0,Low Risk
CUST_002936,0.9923282,1,1,High Risk
CUST_002937,0.017093126,0,0,Low Risk
CUST_002938,0.7963385,1,0,High Risk
CUST_002939,0.055022236,0,0,Low Risk
CUST_002940,0.11543457,0,0,Low Risk
CUST_002941,0.03481328,0,0,Low Risk
CUST_002942,0.023268234,0,0,Low Risk
CUST_002943,0.013571862,0,0,Low Risk
CUST_002944,0.06636043,0,0,Low Risk
CUST_002945,0.0170471,0,0,Low Risk
CUST_002946,0.9997211,1,1,High Risk
CUST_002947,0.9997303,1,1,High Risk
CUST_002948,0.99845743,1,1,High Risk
CUST_002949,0.123344846,0,0,Low Risk
CUST_002950,0.020799581,0,0,Low Risk
CUST_002951,0.9997234,1,1,High Risk
CUST_002952,0.02287145,0,0,Low Risk
CUST_002953,0.023016598,0,0,Low Risk
CUST_002954,0.99964464,1,1,High Risk
CUST_002955,0.99936086,1,1,High Risk
CUST_002956,0.99900085,1,1,High Risk
CUST_002957,0.037006866,0,0,Low Risk
CUST_002958,0.3464866,0,0,Low Risk
CUST_002959,0.9961217,1,1,High Risk
CUST_002960,0.99938905,1,1,High Risk
CUST_002961,0.008526233,0,0,Low Risk
CUST_002962,0.99868137,1,1,High Risk
CUST_002963,0.075005,0,0,Low Risk
CUST_002964,0.999762,1,1,High Risk
CUST_002965,0.082199655,0,0,Low Risk
CUST_002966,0.14676958,0,0,Low Risk
CUST_002967,0.99800736,1,1,High Risk
CUST_002968,0.08402052,0,0,Low Risk
CUST_002969,0.019886885,0,0,Low Risk
CUST_002970,0.062138293,0,0,Low Risk
CUST_002971,0.99943715,1,1,High Risk
CUST_002972,0.9977998,1,1,High Risk
CUST_002973,0.004978503,0,0,Low Risk
CUST_002974,0.0146381715,0,0,Low Risk
CUST_002975,0.00678861,0,0,Low Risk
CUST_002976,0.09019914,0,0,Low Risk
CUST_002977,0.9982906,1,1,High Risk
CUST_002978,0.033771824,0,0,Low Risk
CUST_002979,0.09263933,0,0,Low Risk
CUST_002980,0.007284994,0,0,Low Risk
CUST_002981,0.010527779,0,0,Low Risk
CUST_002982,0.003999598,0,0,Low Risk
CUST_002983,0.9994691,1,1,High Risk
CUST_002984,0.029786505,0,0,Low Risk
CUST_002985,0.039682236,0,0,Low Risk
CUST_002986,0.9967719,1,1,High Risk
CUST_002987,0.07818512,0,1,Low Risk
CUST_002988,0.024104722,0,0,Low Risk
CUST_002989,0.98593485,1,1,High Risk
CUST_002990,0.020971484,0,0,Low Risk
CUST_002991,0.046281956,0,0,Low Risk
CUST_002992,0.9979572,1,1,High Risk
CUST_002993,0.017273128,0,0,Low Risk
CUST_002994,0.01627343,0,0,Low Risk
CUST_002995,0.9963684,1,1,High Risk
CUST_002996,0.9972402,1,1,High Risk
CUST_002997,0.98511803,1,1,High Risk
CUST_002998,0.013070907,0,0,Low Risk
CUST_002999,0.026299339,0,0,Low Risk
CUST_003000,0.022670489,0,0,Low Risk
CUST_003001,0.05060251,0,0,Low Risk
CUST_003002,0.02515472,0,0,Low Risk
CUST_003003,0.03544672,0,0,Low Risk
CUST_003004,0.005478199,0,0,Low Risk
CUST_003005,0.9983884,1,1,High Risk
CUST_003006,0.07623438,0,0,Low Risk
CUST_003007,0.0035415795,0,0,Low Risk
CUST_003008,0.009218768,0,0,Low Risk
CUST_003009,0.004746873,0,0,Low Risk
CUST_003010,0.0051304274,0,0,Low Risk
CUST_003011,0.998833,1,1,High Risk
CUST_003012,0.99904424,1,1,High Risk
CUST_003013,0.007798765,0,0,Low Risk
CUST_003014,0.085761085,0,0,Low Risk
CUST_003015,0.9992539,1,1,High Risk
CUST_003016,0.006281539,0,0,Low Risk
CUST_003017,0.99972206,1,1,High Risk
CUST_003018,0.046530254,0,0,Low Risk
CUST_003019,0.030367523,0,0,Low Risk
CUST_003020,0.0039018348,0,0,Low Risk
CUST_003021,0.02393348,0,0,Low Risk
CUST_003022,0.0667778,0,0,Low Risk
CUST_003023,0.017083477,0,0,Low Risk
CUST_003024,0.026691636,0,0,Low Risk
CUST_003025,0.010601624,0,0,Low Risk
CUST_003026,0.06367784,0,0,Low Risk
CUST_003027,0.008357047,0,0,Low Risk
CUST_003028,0.9999155,1,1,High Risk
CUST_003029,0.030311018,0,0,Low Risk
CUST_003030,0.009635267,0,0,Low Risk
CUST_003031,0.073970705,0,0,Low Risk
CUST_003032,0.993174,1,1,High Risk
CUST_003033,0.9967836,1,1,High Risk
CUST_003034,0.99976856,1,1,High Risk
CUST_003035,0.009952047,0,0,Low Risk
CUST_003036,0.006019934,0,0,Low Risk
CUST_003037,0.6233743,1,1,Medium Risk
CUST_003038,0.023311865,0,0,Low Risk
CUST_003039,0.01827809,0,0,Low Risk
CUST_003040,0.0014901905,0,0,Low Risk
CUST_003041,0.99801576,1,1,High Risk
CUST_003042,0.0035866022,0,0,Low Risk
CUST_003043,0.31609404,0,0,Low Risk
CUST_003044,0.06800797,0,0,Low Risk
CUST_003045,0.99393576,1,1,High Risk
CUST_003046,0.052355297,0,0,Low Risk
CUST_003047,0.03184492,0,0,Low Risk
CUST_003048,0.99979943,1,1,High Risk
CUST_003049,0.0031854105,0,0,Low Risk
CUST_003050,0.0047525787,0,0,Low Risk
CUST_003051,0.011534705,0,0,Low Risk
CUST_003052,0.039080184,0,0,Low Risk
CUST_003053,0.005352978,0,0,Low Risk
CUST_003054,0.9989925,1,1,High Risk
CUST_003055,0.94527256,1,1,High Risk
CUST_003056,0.027379561,0,0,Low Risk
CUST_003057,0.024802733,0,0,Low Risk
CUST_003058,0.9088386,1,1,High Risk
CUST_003059,0.1253877,0,0,Low Risk
CUST_003060,0.99751484,1,1,High Risk
CUST_003061,0.020870877,0,0,Low Risk
CUST_003062,0.30524507,0,1,Low Risk
CUST_003063,0.9981583,1,1,High Risk
CUST_003064,0.9994456,1,1,High Risk
CUST_003065,0.014218148,0,0,Low Risk
CUST_003066,0.007446656,0,0,Low Risk
CUST_003067,0.93730164,1,1,High Risk
CUST_003068,0.00951403,0,0,Low Risk
CUST_003069,0.8724417,1,1,High Risk
CUST_003070,0.019020803,0,0,Low Risk
CUST_003071,0.06406858,0,0,Low Risk
CUST_003072,0.012710688,0,0,Low Risk
CUST_003073,0.017908847,0,0,Low Risk
CUST_003074,0.022300107,0,0,Low Risk
CUST_003075,0.06040016,0,0,Low Risk
CUST_003076,0.2033649,0,0,Low Risk
CUST_003077,0.023526048,0,0,Low Risk
CUST_003078,0.9979169,1,1,High Risk
CUST_003079,0.9848882,1,1,High Risk
CUST_003080,0.045267936,0,0,Low Risk
CUST_003081,0.0071041835,0,0,Low Risk
CUST_003082,0.005675777,0,0,Low Risk
CUST_003083,0.9966454,1,1,High Risk
CUST_003084,0.99909353,1,1,High Risk
CUST_003085,0.13631465,0,0,Low Risk
CUST_003086,0.99870443,1,1,High Risk
CUST_003087,0.9938012,1,1,High Risk
CUST_003088,0.02391488,0,0,Low Risk
CUST_003089,0.00403248,0,0,Low Risk
CUST_003090,0.0045080674,0,0,Low Risk
CUST_003091,0.99680567,1,1,High Risk
CUST_003092,0.015201694,0,0,Low Risk
CUST_003093,0.0049475916,0,0,Low Risk
CUST_003094,0.005115845,0,0,Low Risk
CUST_003095,0.047305435,0,0,Low Risk
CUST_003096,0.5711439,1,0,Medium Risk
CUST_003097,0.005278061,0,0,Low Risk
CUST_003098,0.030992303,0,0,Low Risk
CUST_003099,0.0845483,0,0,Low Risk
CUST_003100,0.01607364,0,0,Low Risk
CUST_003101,0.02062657,0,0,Low Risk
CUST_003102,0.22533676,0,0,Low Risk
CUST_003103,0.040390424,0,0,Low Risk
CUST_003104,0.006237732,0,0,Low Risk
CUST_003105,0.99174225,1,1,High Risk
CUST_003106,0.9999131,1,1,High Risk
CUST_003107,0.0055491882,0,0,Low Risk
CUST_003108,0.028098205,0,0,Low Risk
CUST_003109,0.015401612,0,0,Low Risk
CUST_003110,0.020686353,0,0,Low Risk
CUST_003111,0.9719024,1,1,High Risk
CUST_003112,0.014281692,0,0,Low Risk
CUST_003113,0.0037888703,0,0,Low Risk
CUST_003114,0.004245184,0,0,Low Risk
CUST_003115,0.9983516,1,1,High Risk
CUST_003116,0.9975514,1,1,High Risk
CUST_003117,0.22668512,0,0,Low Risk
CUST_003118,0.9998223,1,1,High Risk
CUST_003119,0.018018896,0,0,Low Risk
CUST_003120,0.016917173,0,0,Low Risk
CUST_003121,0.99703133,1,1,High Risk
CUST_003122,0.9987167,1,1,High Risk
CUST_003123,0.031940814,0,0,Low Risk
CUST_003124,0.9988286,1,1,High Risk
CUST_003125,0.45551828,0,0,Medium Risk
CUST_003126,0.033398174,0,0,Low Risk
CUST_003127,0.022821672,0,0,Low Risk
CUST_003128,0.03399295,0,0,Low Risk
CUST_003129,0.010348804,0,0,Low Risk
CUST_003130,0.017134162,0,0,Low Risk
CUST_003131,0.40735683,0,0,Medium Risk
CUST_003132,0.99832994,1,1,High Risk
CUST_003133,0.19679445,0,1,Low Risk
CUST_003134,0.004721223,0,0,Low Risk
CUST_003135,0.007354555,0,0,Low Risk
CUST_003136,0.02493156,0,0,Low Risk
CUST_003137,0.9708707,1,1,High Risk
CUST_003138,0.012739148,0,0,Low Risk
CUST_003139,0.024294944,0,0,Low Risk
CUST_003140,0.99875987,1,1,High Risk
CUST_003141,0.13911392,0,0,Low Risk
CUST_003142,0.9980405,1,1,High Risk
CUST_003143,0.013080483,0,0,Low Risk
CUST_003144,0.047507443,0,0,Low Risk
CUST_003145,0.014916758,0,0,Low Risk
CUST_003146,0.033099756,0,0,Low Risk
CUST_003147,0.008243693,0,0,Low Risk
CUST_003148,0.0044604708,0,0,Low Risk
CUST_003149,0.01091951,0,0,Low Risk
CUST_003150,0.021045478,0,0,Low Risk
CUST_003151,0.008617849,0,0,Low Risk
CUST_003152,0.07519946,0,0,Low Risk
CUST_003153,0.9996958,1,1,High Risk
CUST_003154,0.0083175795,0,0,Low Risk
CUST_003155,0.026535563,0,0,Low Risk
CUST_003156,0.9991309,1,1,High Risk
CUST_003157,0.011031369,0,0,Low Risk
CUST_003158,0.9751381,1,1,High Risk
CUST_003159,0.047623124,0,0,Low Risk
CUST_003160,0.0026786039,0,0,Low Risk
CUST_003161,0.997912,1,1,High Risk
CUST_003162,0.007310072,0,0,Low Risk
CUST_003163,0.04611021,0,0,Low Risk
CUST_003164,0.9993019,1,1,High Risk
CUST_003165,0.0032746273,0,0,Low Risk
CUST_003166,0.99829644,1,1,High Risk
CUST_003167,0.015555137,0,0,Low Risk
CUST_003168,0.9970862,1,1,High Risk
CUST_003169,0.9991473,1,1,High Risk
CUST_003170,0.038625725,0,0,Low Risk
CUST_003171,0.032773934,0,0,Low Risk
CUST_003172,0.014940692,0,0,Low Risk
CUST_003173,0.0026339116,0,0,Low Risk
CUST_003174,0.0037467624,0,0,Low Risk
CUST_003175,0.97932684,1,1,High Risk
CUST_003176,0.008479549,0,0,Low Risk
CUST_003177,0.16691756,0,0,Low Risk
CUST_003178,0.026088458,0,0,Low Risk
CUST_003179,0.014034691,0,0,Low Risk
CUST_003180,0.009145635,0,0,Low Risk
CUST_003181,0.013733081,0,0,Low Risk
CUST_003182,0.05113545,0,0,Low Risk
CUST_003183,0.0066165333,0,0,Low Risk
CUST_003184,0.06444918,0,0,Low Risk
CUST_003185,0.53632164,1,0,Medium Risk
CUST_003186,0.012448722,0,0,Low Risk
CUST_003187,0.99936944,1,1,High Risk
CUST_003188,0.093086965,0,0,Low Risk
CUST_003189,0.02597369,0,0,Low Risk
CUST_003190,0.011913809,0,0,Low Risk
CUST_003191,0.0408667,0,0,Low Risk
CUST_003192,0.7950329,1,1,High Risk
CUST_003193,0.012116893,0,0,Low Risk
CUST_003194,0.02711714,0,0,Low Risk
CUST_003195,0.0077521033,0,0,Low Risk
CUST_003196,0.13693652,0,0,Low Risk
CUST_003197,0.026275527,0,0,Low Risk
CUST_003198,0.0390916,0,0,Low Risk
CUST_003199,0.020439096,0,0,Low Risk
CUST_003200,0.14021285,0,0,Low Risk
CUST_003201,0.010035504,0,0,Low Risk
CUST_003202,0.0033990745,0,0,Low Risk
CUST_003203,0.012031654,0,0,Low Risk
CUST_003204,0.022705754,0,0,Low Risk
CUST_003205,0.04647524,0,0,Low Risk
CUST_003206,0.9997644,1,1,High Risk
CUST_003207,0.8175129,1,1,High Risk
CUST_003208,0.0043488895,0,0,Low Risk
CUST_003209,0.026737083,0,0,Low Risk
CUST_003210,0.059589423,0,0,Low Risk
CUST_003211,0.9999056,1,1,High Risk
CUST_003212,0.019467112,0,0,Low Risk
CUST_003213,0.023097752,0,0,Low Risk
CUST_003214,0.008919709,0,0,Low Risk
CUST_003215,0.084264144,0,0,Low Risk
CUST_003216,0.0065631173,0,0,Low Risk
CUST_003217,0.0162705,0,0,Low Risk
CUST_003218,0.9998841,1,1,High Risk
CUST_003219,0.046033304,0,0,Low Risk
CUST_003220,0.99977654,1,1,High Risk
CUST_003221,0.99902236,1,1,High Risk
CUST_003222,0.072676644,0,0,Low Risk
CUST_003223,0.038827464,0,0,Low Risk
CUST_003224,0.17234348,0,0,Low Risk
CUST_003225,0.0039059771,0,0,Low Risk
CUST_003226,0.99873537,1,1,High Risk
CUST_003227,0.99973184,1,1,High Risk
CUST_003228,0.034735825,0,0,Low Risk
CUST_003229,0.023717169,0,0,Low Risk
CUST_003230,0.013222014,0,0,Low Risk
CUST_003231,0.831756,1,1,High Risk
CUST_003232,0.041264318,0,0,Low Risk
CUST_003233,0.04144343,0,0,Low Risk
CUST_003234,0.051871397,0,0,Low Risk
CUST_003235,0.008732397,0,0,Low Risk
CUST_003236,0.47214043,0,0,Medium Risk
CUST_003237,0.06211947,0,0,Low Risk
CUST_003238,0.0091300495,0,0,Low Risk
CUST_003239,0.0028893969,0,0,Low Risk
CUST_003240,0.26413164,0,1,Low Risk
CUST_003241,0.041537926,0,0,Low Risk
CUST_003242,0.031938,0,0,Low Risk
CUST_003243,0.087322794,0,0,Low Risk
CUST_003244,0.9953643,1,1,High Risk
CUST_003245,0.0040665925,0,0,Low Risk
CUST_003246,0.5135214,1,1,Medium Risk
CUST_003247,0.027032768,0,0,Low Risk
CUST_003248,0.07277002,0,0,Low Risk
CUST_003249,0.99955755,1,1,High Risk
CUST_003250,0.0038589456,0,0,Low Risk
CUST_003251,0.01887929,0,0,Low Risk
CUST_003252,0.010732798,0,0,Low Risk
CUST_003253,0.013556154,0,0,Low Risk
CUST_003254,0.99908173,1,1,High Risk
CUST_003255,0.0042263167,0,0,Low Risk
CUST_003256,0.082145795,0,0,Low Risk
CUST_003257,0.016870402,0,0,Low Risk
CUST_003258,0.99967384,1,1,High Risk
CUST_003259,0.11930514,0,1,Low Risk
CUST_003260,0.0031821434,0,0,Low Risk
CUST_003261,0.0060874936,0,0,Low Risk
CUST_003262,0.01948014,0,0,Low Risk
CUST_003263,0.9985549,1,1,High Risk
CUST_003264,0.0030628636,0,0,Low Risk
CUST_003265,0.008639076,0,0,Low Risk
CUST_003266,0.03497739,0,0,Low Risk
CUST_003267,0.9998267,1,1,High Risk
CUST_003268,0.051761474,0,0,Low Risk
CUST_003269,0.018882241,0,0,Low Risk
CUST_003270,0.010601599,0,0,Low Risk
CUST_003271,0.29917726,0,1,Low Risk
CUST_003272,0.031084407,0,0,Low Risk
CUST_003273,0.029321874,0,0,Low Risk
CUST_003274,0.049393397,0,0,Low Risk
CUST_003275,0.052084148,0,0,Low Risk
CUST_003276,0.043887228,0,0,Low Risk
CUST_003277,0.015381344,0,0,Low Risk
CUST_003278,0.99959594,1,1,High Risk
CUST_003279,0.08447894,0,0,Low Risk
CUST_003280,0.028700849,0,0,Low Risk
CUST_003281,0.9989171,1,1,High Risk
CUST_003282,0.0049625393,0,0,Low Risk
CUST_003283,0.9985979,1,1,High Risk
CUST_003284,0.9929686,1,1,High Risk
CUST_003285,0.9945726,1,1,High Risk
CUST_003286,0.03168476,0,0,Low Risk
CUST_003287,0.037742283,0,0,Low Risk
CUST_003288,0.016120518,0,0,Low Risk
CUST_003289,0.113441885,0,0,Low Risk
CUST_003290,0.008367359,0,0,Low Risk
CUST_003291,0.9992955,1,1,High Risk
CUST_003292,0.022388397,0,0,Low Risk
CUST_003293,0.009737314,0,0,Low Risk
CUST_003294,0.0853933,0,0,Low Risk
CUST_003295,0.013171126,0,0,Low Risk
CUST_003296,0.017665824,0,0,Low Risk
CUST_003297,0.9966079,1,1,High Risk
CUST_003298,0.99904114,1,1,High Risk
CUST_003299,0.09200673,0,0,Low Risk
CUST_003300,0.99970144,1,1,High Risk
CUST_003301,0.46258384,0,0,Medium Risk
CUST_003302,0.06801388,0,0,Low Risk
CUST_003303,0.00929671,0,0,Low Risk
CUST_003304,0.010328801,0,0,Low Risk
CUST_003305,0.036797784,0,0,Low Risk
CUST_003306,0.002537763,0,0,Low Risk
CUST_003307,0.010614181,0,0,Low Risk
CUST_003308,0.012748033,0,0,Low Risk
CUST_003309,0.019372972,0,0,Low Risk
CUST_003310,0.01623076,0,0,Low Risk
CUST_003311,0.014973464,0,0,Low Risk
CUST_003312,0.9998273,1,1,High Risk
CUST_003313,0.99827254,1,1,High Risk
CUST_003314,0.99919695,1,1,High Risk
CUST_003315,0.00236421,0,0,Low Risk
CUST_003316,0.03533287,0,0,Low Risk
CUST_003317,0.9972536,1,1,High Risk
CUST_003318,0.0146319205,0,0,Low Risk
CUST_003319,0.025110418,0,0,Low Risk
CUST_003320,0.015120728,0,0,Low Risk
CUST_003321,0.0036675225,0,0,Low Risk
CUST_003322,0.053841095,0,0,Low Risk
CUST_003323,0.0203784,0,0,Low Risk
CUST_003324,0.028517826,0,0,Low Risk
CUST_003325,0.04442205,0,0,Low Risk
CUST_003326,0.026912436,0,0,Low Risk
CUST_003327,0.05140844,0,0,Low Risk
CUST_003328,0.039287746,0,0,Low Risk
CUST_003329,0.9994561,1,1,High Risk
CUST_003330,0.02540795,0,0,Low Risk
CUST_003331,0.021854024,0,0,Low Risk
CUST_003332,0.013584534,0,0,Low Risk
CUST_003333,0.010617967,0,0,Low Risk
CUST_003334,0.0020938711,0,0,Low Risk
CUST_003335,0.01303069,0,0,Low Risk
CUST_003336,0.10553707,0,0,Low Risk
CUST_003337,0.29203355,0,1,Low Risk
CUST_003338,0.042844668,0,0,Low Risk
CUST_003339,0.016903047,0,0,Low Risk
CUST_003340,0.024142805,0,0,Low Risk
CUST_003341,0.007612146,0,0,Low Risk
CUST_003342,0.003422429,0,0,Low Risk
CUST_003343,0.021695845,0,0,Low Risk
CUST_003344,0.0021962225,0,0,Low Risk
CUST_003345,0.67053217,1,1,High Risk
CUST_003346,0.28478152,0,1,Low Risk
CUST_003347,0.013214083,0,0,Low Risk
CUST_003348,0.037930775,0,0,Low Risk
CUST_003349,0.0036685436,0,0,Low Risk
CUST_003350,0.4587881,0,1,Medium Risk
CUST_003351,0.013117579,0,0,Low Risk
CUST_003352,0.5501755,1,1,Medium Risk
CUST_003353,0.9998981,1,1,High Risk
CUST_003354,0.011458168,0,0,Low Risk
CUST_003355,0.015635794,0,0,Low Risk
CUST_003356,0.9880173,1,1,High Risk
CUST_003357,0.16888057,0,0,Low Risk
CUST_003358,0.02869302,0,0,Low Risk
CUST_003359,0.019445194,0,0,Low Risk
CUST_003360,0.008089811,0,0,Low Risk
CUST_003361,0.122687176,0,0,Low Risk
CUST_003362,0.0096194735,0,0,Low Risk
CUST_003363,0.0047942023,0,0,Low Risk
CUST_003364,0.028559918,0,0,Low Risk
CUST_003365,0.011508919,0,0,Low Risk
CUST_003366,0.038822144,0,0,Low Risk
CUST_003367,0.038062677,0,0,Low Risk
CUST_003368,0.9986683,1,1,High Risk
CUST_003369,0.0055691088,0,0,Low Risk
CUST_003370,0.055133186,0,0,Low Risk
CUST_003371,0.0051590283,0,0,Low Risk
CUST_003372,0.08763945,0,1,Low Risk
CUST_003373,0.007333,0,0,Low Risk
CUST_003374,0.23226029,0,0,Low Risk
CUST_003375,0.99058443,1,1,High Risk
CUST_003376,0.9997998,1,1,High Risk
CUST_003377,0.0047325674,0,0,Low Risk
CUST_003378,0.012393615,0,0,Low Risk
CUST_003379,0.99876994,1,1,High Risk
CUST_003380,0.03440193,0,0,Low Risk
CUST_003381,0.013135208,0,0,Low Risk
CUST_003382,0.029225849,0,0,Low Risk
CUST_003383,0.0032526243,0,0,Low Risk
CUST_003384,0.0028962079,0,0,Low Risk
CUST_003385,0.9915126,1,1,High Risk
CUST_003386,0.99905175,1,1,High Risk
CUST_003387,0.0023683268,0,0,Low Risk
CUST_003388,0.09746414,0,0,Low Risk
CUST_003389,0.9996176,1,1,High Risk
CUST_003390,0.008672452,0,0,Low Risk
CUST_003391,0.07391573,0,0,Low Risk
CUST_003392,0.028032992,0,0,Low Risk
CUST_003393,0.099980794,0,0,Low Risk
CUST_003394,0.010802219,0,0,Low Risk
CUST_003395,0.22968477,0,0,Low Risk
CUST_003396,0.010738571,0,0,Low Risk
CUST_003397,0.102601774,0,0,Low Risk
CUST_003398,0.0318812,0,0,Low Risk
CUST_003399,0.25798783,0,1,Low Risk
CUST_003400,0.8970037,1,1,High Risk
CUST_003401,0.0025252516,0,0,Low Risk
CUST_003402,0.20553297,0,0,Low Risk
CUST_003403,0.9981554,1,1,High Risk
CUST_003404,0.063250564,0,0,Low Risk
CUST_003405,0.04753055,0,0,Low Risk
CUST_003406,0.03206189,0,0,Low Risk
CUST_003407,0.09566258,0,0,Low Risk
CUST_003408,0.022609308,0,0,Low Risk
CUST_003409,0.03381006,0,0,Low Risk
CUST_003410,0.00937556,0,0,Low Risk
CUST_003411,0.007388456,0,0,Low Risk
CUST_003412,0.0017330716,0,0,Low Risk
CUST_003413,0.0042423606,0,0,Low Risk
CUST_003414,0.9996563,1,1,High Risk
CUST_003415,0.99864334,1,1,High Risk
CUST_003416,0.006116679,0,0,Low Risk
CUST_003417,0.0027358204,0,0,Low Risk
CUST_003418,0.9997985,1,1,High Risk
CUST_003419,0.03198972,0,0,Low Risk
CUST_003420,0.018515555,0,0,Low Risk
CUST_003421,0.12802231,0,0,Low Risk
CUST_003422,0.18161403,0,0,Low Risk
CUST_003423,0.020930395,0,0,Low Risk
CUST_003424,0.9951663,1,1,High Risk
CUST_003425,0.0061869714,0,0,Low Risk
CUST_003426,0.99944204,1,1,High Risk
CUST_003427,0.24171247,0,0,Low Risk
CUST_003428,0.13351667,0,0,Low Risk
CUST_003429,0.08866472,0,0,Low Risk
CUST_003430,0.0053224517,0,0,Low Risk
CUST_003431,0.1436669,0,0,Low Risk
CUST_003432,0.01972512,0,0,Low Risk
CUST_003433,0.008752282,0,0,Low Risk
CUST_003434,0.024638742,0,0,Low Risk
CUST_003435,0.008870806,0,0,Low Risk
CUST_003436,0.8531365,1,1,High Risk
CUST_003437,0.99904853,1,1,High Risk
CUST_003438,0.99803776,1,1,High Risk
CUST_003439,0.9984652,1,1,High Risk
CUST_003440,0.0056557665,0,0,Low Risk
CUST_003441,0.014441152,0,0,Low Risk
CUST_003442,0.0057112146,0,0,Low Risk
CUST_003443,0.053761307,0,0,Low Risk
CUST_003444,0.049662158,0,0,Low Risk
CUST_003445,0.028160952,0,0,Low Risk
CUST_003446,0.02696243,0,0,Low Risk
CUST_003447,0.988597,1,1,High Risk
CUST_003448,0.08237427,0,0,Low Risk
CUST_003449,0.0039792224,0,0,Low Risk
CUST_003450,0.024376748,0,0,Low Risk
CUST_003451,0.015784109,0,0,Low Risk
CUST_003452,0.03347069,0,0,Low Risk
CUST_003453,0.0028581223,0,0,Low Risk
CUST_003454,0.018865941,0,0,Low Risk
CUST_003455,0.9995233,1,1,High Risk
CUST_003456,0.02141063,0,0,Low Risk
CUST_003457,0.024304543,0,0,Low Risk
CUST_003458,0.1429365,0,0,Low Risk
CUST_003459,0.011109114,0,0,Low Risk
CUST_003460,0.0063003213,0,0,Low Risk
CUST_003461,0.03250617,0,0,Low Risk
CUST_003462,0.0389736,0,0,Low Risk
CUST_003463,0.10350386,0,0,Low Risk
CUST_003464,0.9979965,1,1,High Risk
CUST_003465,0.025358232,0,0,Low Risk
CUST_003466,0.9993211,1,1,High Risk
CUST_003467,0.029551573,0,0,Low Risk
CUST_003468,0.08922377,0,0,Low Risk
CUST_003469,0.006434324,0,0,Low Risk
CUST_003470,0.014423511,0,0,Low Risk
CUST_003471,0.9887334,1,1,High Risk
CUST_003472,0.014177357,0,0,Low Risk
CUST_003473,0.035468463,0,0,Low Risk
CUST_003474,0.09356107,0,0,Low Risk
CUST_003475,0.025679965,0,0,Low Risk
CUST_003476,0.45184222,0,0,Medium Risk
CUST_003477,0.009269669,0,0,Low Risk
CUST_003478,0.9996903,1,1,High Risk
CUST_003479,0.01610524,0,0,Low Risk
CUST_003480,0.99952316,1,1,High Risk
CUST_003481,0.0314688,0,0,Low Risk
CUST_003482,0.01789808,0,0,Low Risk
CUST_003483,0.012736964,0,0,Low Risk
CUST_003484,0.09648804,0,1,Low Risk
CUST_003485,0.9915202,1,1,High Risk
CUST_003486,0.9996517,1,1,High Risk
CUST_003487,0.9991027,1,1,High Risk
CUST_003488,0.012510972,0,0,Low Risk
CUST_003489,0.060767252,0,0,Low Risk
CUST_003490,0.019380089,0,0,Low Risk
CUST_003491,0.011003561,0,0,Low Risk
CUST_003492,0.016032502,0,0,Low Risk
CUST_003493,0.03189454,0,0,Low Risk
CUST_003494,0.008998929,0,0,Low Risk
CUST_003495,0.9996606,1,1,High Risk
CUST_003496,0.056392085,0,0,Low Risk
CUST_003497,0.032127157,0,0,Low Risk
CUST_003498,0.009383773,0,0,Low Risk
CUST_003499,0.030755153,0,0,Low Risk
CUST_003500,0.015908571,0,0,Low Risk
CUST_003501,0.014164773,0,0,Low Risk
CUST_003502,0.034019586,0,0,Low Risk
CUST_003503,0.0118286945,0,0,Low Risk
CUST_003504,0.09805664,0,0,Low Risk
CUST_003505,0.022524554,0,0,Low Risk
CUST_003506,0.027789291,0,0,Low Risk
CUST_003507,0.009929324,0,0,Low Risk
CUST_003508,0.3085037,0,0,Low Risk
CUST_003509,0.046540536,0,0,Low Risk
CUST_003510,0.011815853,0,0,Low Risk
CUST_003511,0.99664897,1,1,High Risk
CUST_003512,0.33017513,0,0,Low Risk
CUST_003513,0.38706854,0,0,Medium Risk
CUST_003514,0.9997358,1,1,High Risk
CUST_003515,0.094063394,0,0,Low Risk
CUST_003516,0.011386261,0,0,Low Risk
CUST_003517,0.99860054,1,1,High Risk
CUST_003518,0.038203083,0,0,Low Risk
CUST_003519,0.008009379,0,0,Low Risk
CUST_003520,0.012494452,0,0,Low Risk
CUST_003521,0.001774953,0,0,Low Risk
CUST_003522,0.0027139941,0,0,Low Risk
CUST_003523,0.043740526,0,0,Low Risk
CUST_003524,0.014462091,0,0,Low Risk
CUST_003525,0.9963225,1,1,High Risk
CUST_003526,0.3314231,0,0,Low Risk
CUST_003527,0.019560529,0,0,Low Risk
CUST_003528,0.9319203,1,1,High Risk
CUST_003529,0.046911452,0,0,Low Risk
CUST_003530,0.021696027,0,0,Low Risk
CUST_003531,0.015420238,0,0,Low Risk
CUST_003532,0.117091194,0,0,Low Risk
CUST_003533,0.009350318,0,0,Low Risk
CUST_003534,0.9986534,1,1,High Risk
CUST_003535,0.07253771,0,0,Low Risk
CUST_003536,0.015766297,0,0,Low Risk
CUST_003537,0.0042345882,0,0,Low Risk
CUST_003538,0.025448747,0,0,Low Risk
CUST_003539,0.0043231794,0,0,Low Risk
CUST_003540,0.037977472,0,0,Low Risk
CUST_003541,0.012006842,0,0,Low Risk
CUST_003542,0.03860471,0,0,Low Risk
CUST_003543,0.0055542453,0,0,Low Risk
CUST_003544,0.015287178,0,0,Low Risk
CUST_003545,0.022141993,0,0,Low Risk
CUST_003546,0.05804073,0,0,Low Risk
CUST_003547,0.0028366675,0,0,Low Risk
CUST_003548,0.0017080007,0,0,Low Risk
CUST_003549,0.052893117,0,0,Low Risk
CUST_003550,0.9615341,1,1,High Risk
CUST_003551,0.99971,1,1,High Risk
CUST_003552,0.0063228374,0,0,Low Risk
CUST_003553,0.0089646,0,0,Low Risk
CUST_003554,0.0076073636,0,0,Low Risk
CUST_003555,0.013484549,0,0,Low Risk
CUST_003556,0.039177746,0,0,Low Risk
CUST_003557,0.020943634,0,0,Low Risk
CUST_003558,0.01660606,0,0,Low Risk
CUST_003559,0.0042801183,0,0,Low Risk
CUST_003560,0.0048315763,0,0,Low Risk
CUST_003561,0.0044313557,0,0,Low Risk
CUST_003562,0.17266352,0,0,Low Risk
CUST_003563,0.0032811752,0,0,Low Risk
CUST_003564,0.062333744,0,0,Low Risk
CUST_003565,0.91237277,1,1,High Risk
CUST_003566,0.0020304555,0,0,Low Risk
CUST_003567,0.034179978,0,0,Low Risk
CUST_003568,0.01666765,0,0,Low Risk
CUST_003569,0.0074285488,0,0,Low Risk
CUST_003570,0.04935111,0,0,Low Risk
CUST_003571,0.0221358,0,0,Low Risk
CUST_003572,0.06448164,0,0,Low Risk
CUST_003573,0.09937806,0,0,Low Risk
CUST_003574,0.012116899,0,0,Low Risk
CUST_003575,0.0028874755,0,0,Low Risk
CUST_003576,0.98777616,1,1,High Risk
CUST_003577,0.02775036,0,0,Low Risk
CUST_003578,0.02092085,0,0,Low Risk
CUST_003579,0.0117406,0,0,Low Risk
CUST_003580,0.018596621,0,0,Low Risk
CUST_003581,0.03508896,0,0,Low Risk
CUST_003582,0.011581592,0,0,Low Risk
CUST_003583,0.055504117,0,0,Low Risk
CUST_003584,0.017196177,0,0,Low Risk
CUST_003585,0.05724923,0,0,Low Risk
CUST_003586,0.7289531,1,0,High Risk
CUST_003587,0.010633642,0,0,Low Risk
CUST_003588,0.0026043246,0,0,Low Risk
CUST_003589,0.99917847,1,1,High Risk
CUST_003590,0.07556146,0,0,Low Risk
CUST_003591,0.99696654,1,1,High Risk
CUST_003592,0.9992723,1,1,High Risk
CUST_003593,0.03713871,0,0,Low Risk
CUST_003594,0.026303241,0,0,Low Risk
CUST_003595,0.04929895,0,0,Low Risk
CUST_003596,0.99884915,1,1,High Risk
CUST_003597,0.016749462,0,0,Low Risk
CUST_003598,0.033804853,0,0,Low Risk
CUST_003599,0.9798467,1,1,High Risk
CUST_003600,0.023047514,0,0,Low Risk
CUST_003601,0.05192245,0,0,Low Risk
CUST_003602,0.012355479,0,0,Low Risk
CUST_003603,0.0036595003,0,0,Low Risk
CUST_003604,0.009048241,0,0,Low Risk
CUST_003605,0.006968961,0,0,Low Risk
CUST_003606,0.0068951505,0,0,Low Risk
CUST_003607,0.013561958,0,0,Low Risk
CUST_003608,0.2930872,0,0,Low Risk
CUST_003609,0.26115713,0,0,Low Risk
CUST_003610,0.051442124,0,0,Low Risk
CUST_003611,0.012997304,0,0,Low Risk
CUST_003612,0.012601996,0,0,Low Risk
CUST_003613,0.18405606,0,0,Low Risk
CUST_003614,0.010347115,0,0,Low Risk
CUST_003615,0.0024224506,0,0,Low Risk
CUST_003616,0.9995085,1,1,High Risk
CUST_003617,0.0137625765,0,0,Low Risk
CUST_003618,0.069800265,0,0,Low Risk
CUST_003619,0.008942894,0,0,Low Risk
CUST_003620,0.009800067,0,0,Low Risk
CUST_003621,0.060313556,0,0,Low Risk
CUST_003622,0.037888177,0,0,Low Risk
CUST_003623,0.16056149,0,0,Low Risk
CUST_003624,0.00939165,0,0,Low Risk
CUST_003625,0.09488363,0,0,Low Risk
CUST_003626,0.009862602,0,0,Low Risk
CUST_003627,0.007877899,0,0,Low Risk
CUST_003628,0.07505473,0,0,Low Risk
CUST_003629,0.8902361,1,1,High Risk
CUST_003630,0.017556878,0,0,Low Risk
CUST_003631,0.9334856,1,1,High Risk
CUST_003632,0.048978206,0,0,Low Risk
CUST_003633,0.9979499,1,1,High Risk
CUST_003634,0.005006822,0,0,Low Risk
CUST_003635,0.999884,1,1,High Risk
CUST_003636,0.02226987,0,0,Low Risk
CUST_003637,0.0075069778,0,0,Low Risk
CUST_003638,0.036966205,0,0,Low Risk
CUST_003639,0.0883468,0,0,Low Risk
CUST_003640,0.039413147,0,0,Low Risk
CUST_003641,0.04467209,0,0,Low Risk
CUST_003642,0.38039738,0,1,Medium Risk
CUST_003643,0.9992925,1,1,High Risk
CUST_003644,0.5041194,1,1,Medium Risk
CUST_003645,0.018656543,0,0,Low Risk
CUST_003646,0.008523376,0,0,Low Risk
CUST_003647,0.9998666,1,1,High Risk
CUST_003648,0.043667547,0,0,Low Risk
CUST_003649,0.5953277,1,1,Medium Risk
CUST_003650,0.01227579,0,0,Low Risk
CUST_003651,0.9984091,1,1,High Risk
CUST_003652,0.03221062,0,0,Low Risk
CUST_003653,0.03911369,0,0,Low Risk
CUST_003654,0.013304256,0,0,Low Risk
CUST_003655,0.0050913068,0,0,Low Risk
CUST_003656,0.0109221935,0,0,Low Risk
CUST_003657,0.9998084,1,1,High Risk
CUST_003658,0.49523926,0,0,Medium Risk
CUST_003659,0.9461101,1,1,High Risk
CUST_003660,0.04606705,0,0,Low Risk
CUST_003661,0.04556243,0,0,Low Risk
CUST_003662,0.0073664635,0,0,Low Risk
CUST_003663,0.0013528623,0,0,Low Risk
CUST_003664,0.053788707,0,0,Low Risk
CUST_003665,0.010748438,0,1,Low Risk
CUST_003666,0.00800569,0,0,Low Risk
CUST_003667,0.009786986,0,0,Low Risk
CUST_003668,0.009412652,0,0,Low Risk
CUST_003669,0.9976151,1,1,High Risk
CUST_003670,0.010163017,0,0,Low Risk
CUST_003671,0.0050164755,0,0,Low Risk
CUST_003672,0.99961996,1,1,High Risk
CUST_003673,0.006010135,0,0,Low Risk
CUST_003674,0.9998648,1,1,High Risk
CUST_003675,0.015912222,0,0,Low Risk
CUST_003676,0.9992581,1,1,High Risk
CUST_003677,0.9948085,1,1,High Risk
CUST_003678,0.007024732,0,0,Low Risk
CUST_003679,0.9993845,1,1,High Risk
CUST_003680,0.013071166,0,0,Low Risk
CUST_003681,0.0021505142,0,0,Low Risk
CUST_003682,0.036878314,0,0,Low Risk
CUST_003683,0.09995303,0,0,Low Risk
CUST_003684,0.9997801,1,1,High Risk
CUST_003685,0.0085481815,0,0,Low Risk
CUST_003686,0.5233332,1,0,Medium Risk
CUST_003687,0.059237525,0,0,Low Risk
CUST_003688,0.011364714,0,0,Low Risk
CUST_003689,0.010777016,0,0,Low Risk
CUST_003690,0.031320423,0,0,Low Risk
CUST_003691,0.56343305,1,1,Medium Risk
CUST_003692,0.04733493,0,0,Low Risk
CUST_003693,0.002273201,0,0,Low Risk
CUST_003694,0.008231453,0,0,Low Risk
CUST_003695,0.03975007,0,0,Low Risk
CUST_003696,0.050379694,0,0,Low Risk
CUST_003697,0.0030625782,0,0,Low Risk
CUST_003698,0.045770492,0,0,Low Risk
CUST_003699,0.9992415,1,1,High Risk
CUST_003700,0.0129664065,0,0,Low Risk
CUST_003701,0.044493485,0,0,Low Risk
CUST_003702,0.005610183,0,0,Low Risk
CUST_003703,0.98322475,1,1,High Risk
CUST_003704,0.009855312,0,0,Low Risk
CUST_003705,0.016892212,0,0,Low Risk
CUST_003706,0.9954281,1,1,High Risk
CUST_003707,0.0030712076,0,0,Low Risk
CUST_003708,0.048221078,0,0,Low Risk
CUST_003709,0.32950398,0,0,Low Risk
CUST_003710,0.019418968,0,0,Low Risk
CUST_003711,0.011103442,0,0,Low Risk
CUST_003712,0.028561564,0,0,Low Risk
CUST_003713,0.01233997,0,0,Low Risk
CUST_003714,0.16560632,0,0,Low Risk
CUST_003715,0.010195379,0,0,Low Risk
CUST_003716,0.009637589,0,0,Low Risk
CUST_003717,0.9985367,1,1,High Risk
CUST_003718,0.021979531,0,0,Low Risk
CUST_003719,0.014041997,0,0,Low Risk
CUST_003720,0.011080496,0,0,Low Risk
CUST_003721,0.045018565,0,0,Low Risk
CUST_003722,0.39773062,0,0,Medium Risk
CUST_003723,0.012742273,0,0,Low Risk
CUST_003724,0.011186668,0,0,Low Risk
CUST_003725,0.020699048,0,0,Low Risk
CUST_003726,0.9958046,1,1,High Risk
CUST_003727,0.023368692,0,0,Low Risk
CUST_003728,0.038361788,0,0,Low Risk
CUST_003729,0.99261355,1,1,High Risk
CUST_003730,0.05231513,0,0,Low Risk
CUST_003731,0.96853787,1,1,High Risk
CUST_003732,0.005940315,0,0,Low Risk
CUST_003733,0.006286824,0,0,Low Risk
CUST_003734,0.010844326,0,0,Low Risk
CUST_003735,0.0027348942,0,0,Low Risk
CUST_003736,0.043412,0,0,Low Risk
CUST_003737,0.028016895,0,0,Low Risk
CUST_003738,0.019656166,0,0,Low Risk
CUST_003739,0.004518602,0,0,Low Risk
CUST_003740,0.030216187,0,0,Low Risk
CUST_003741,0.016590642,0,0,Low Risk
CUST_003742,0.994764,1,1,High Risk
CUST_003743,0.07944289,0,0,Low Risk
CUST_003744,0.06803141,0,0,Low Risk
CUST_003745,0.044236787,0,0,Low Risk
CUST_003746,0.023603108,0,0,Low Risk
CUST_003747,0.041686427,0,0,Low Risk
CUST_003748,0.06997593,0,0,Low Risk
CUST_003749,0.9947286,1,1,High Risk
CUST_003750,0.05925186,0,0,Low Risk
CUST_003751,0.9995222,1,1,High Risk
CUST_003752,0.99346787,1,1,High Risk
CUST_003753,0.026439495,0,0,Low Risk
CUST_003754,0.9990151,1,1,High Risk
CUST_003755,0.009545987,0,0,Low Risk
CUST_003756,0.01859167,0,0,Low Risk
CUST_003757,0.999741,1,1,High Risk
CUST_003758,0.008955039,0,0,Low Risk
CUST_003759,0.15276255,0,0,Low Risk
CUST_003760,0.019228907,0,0,Low Risk
CUST_003761,0.047706336,0,0,Low Risk
CUST_003762,0.0036674337,0,0,Low Risk
CUST_003763,0.8856788,1,1,High Risk
CUST_003764,0.9997774,1,1,High Risk
CUST_003765,0.012605112,0,0,Low Risk
CUST_003766,0.015318247,0,0,Low Risk
CUST_003767,0.999509,1,1,High Risk
CUST_003768,0.0136478,0,0,Low Risk
CUST_003769,0.99976057,1,1,High Risk
CUST_003770,0.6582742,1,0,High Risk
CUST_003771,0.99987626,1,1,High Risk
CUST_003772,0.9988796,1,1,High Risk
CUST_003773,0.09418941,0,0,Low Risk
CUST_003774,0.022481315,0,0,Low Risk
CUST_003775,0.28306904,0,0,Low Risk
CUST_003776,0.0049110325,0,0,Low Risk
CUST_003777,0.033642475,0,0,Low Risk
CUST_003778,0.9998535,1,1,High Risk
CUST_003779,0.050224405,0,0,Low Risk
CUST_003780,0.99874914,1,1,High Risk
CUST_003781,0.0673876,0,0,Low Risk
CUST_003782,0.0052927467,0,0,Low Risk
CUST_003783,0.013504933,0,0,Low Risk
CUST_003784,0.015338081,0,0,Low Risk
CUST_003785,0.98974365,1,1,High Risk
CUST_003786,0.30451247,0,0,Low Risk
CUST_003787,0.024422897,0,0,Low Risk
CUST_003788,0.9994311,1,1,High Risk
CUST_003789,0.5486873,1,1,Medium Risk
CUST_003790,0.028418588,0,0,Low Risk
CUST_003791,0.009383366,0,0,Low Risk
CUST_003792,0.04401268,0,0,Low Risk
CUST_003793,0.99221706,1,1,High Risk
CUST_003794,0.07790122,0,0,Low Risk
CUST_003795,0.005943644,0,0,Low Risk
CUST_003796,0.07115111,0,0,Low Risk
CUST_003797,0.002852979,0,0,Low Risk
CUST_003798,0.01390349,0,0,Low Risk
CUST_003799,0.99982184,1,1,High Risk
CUST_003800,0.9990403,1,1,High Risk
CUST_003801,0.04110102,0,0,Low Risk
CUST_003802,0.9989183,1,1,High Risk
CUST_003803,0.8411868,1,1,High Risk
CUST_003804,0.08468113,0,0,Low Risk
CUST_003805,0.034312215,0,0,Low Risk
CUST_003806,0.034529716,0,0,Low Risk
CUST_003807,0.99879515,1,1,High Risk
CUST_003808,0.006128634,0,0,Low Risk
CUST_003809,0.008439739,0,0,Low Risk
CUST_003810,0.032166798,0,0,Low Risk
CUST_003811,0.0641591,0,0,Low Risk
CUST_003812,0.018216874,0,0,Low Risk
CUST_003813,0.013608145,0,0,Low Risk
CUST_003814,0.036367673,0,0,Low Risk
CUST_003815,0.0032787665,0,0,Low Risk
CUST_003816,0.99959,1,1,High Risk
CUST_003817,0.44678158,0,1,Medium Risk
CUST_003818,0.9938937,1,1,High Risk
CUST_003819,0.009606326,0,0,Low Risk
CUST_003820,0.9997323,1,1,High Risk
CUST_003821,0.0036896525,0,0,Low Risk
CUST_003822,0.024232933,0,0,Low Risk
CUST_003823,0.9995436,1,1,High Risk
CUST_003824,0.021990199,0,0,Low Risk
CUST_003825,0.009227627,0,0,Low Risk
CUST_003826,0.9958786,1,1,High Risk
CUST_003827,0.009904767,0,0,Low Risk
CUST_003828,0.010149954,0,0,Low Risk
CUST_003829,0.009498643,0,0,Low Risk
CUST_003830,0.06265159,0,0,Low Risk
CUST_003831,0.015082131,0,0,Low Risk
CUST_003832,0.01629812,0,0,Low Risk
CUST_003833,0.028089281,0,0,Low Risk
CUST_003834,0.015514138,0,0,Low Risk
CUST_003835,0.0053498414,0,0,Low Risk
CUST_003836,0.041746967,0,0,Low Risk
CUST_003837,0.0031141113,0,0,Low Risk
CUST_003838,0.7416451,1,1,High Risk
CUST_003839,0.99895406,1,1,High Risk
CUST_003840,0.0016498953,0,0,Low Risk
CUST_003841,0.99501723,1,1,High Risk
CUST_003842,0.014783338,0,0,Low Risk
CUST_003843,0.023141637,0,0,Low Risk
CUST_003844,0.0066390773,0,0,Low Risk
CUST_003845,0.019174734,0,0,Low Risk
CUST_003846,0.7169209,1,1,High Risk
CUST_003847,0.017614635,0,0,Low Risk
CUST_003848,0.02657795,0,0,Low Risk
CUST_003849,0.99740404,1,1,High Risk
CUST_003850,0.045273907,0,0,Low Risk
CUST_003851,0.03296779,0,0,Low Risk
CUST_003852,0.015236747,0,0,Low Risk
CUST_003853,0.048540775,0,0,Low Risk
CUST_003854,0.9983329,1,1,High Risk
CUST_003855,0.002270797,0,0,Low Risk
CUST_003856,0.006188053,0,0,Low Risk
CUST_003857,0.0071602766,0,0,Low Risk
CUST_003858,0.9995433,1,1,High Risk
CUST_003859,0.018186972,0,0,Low Risk
CUST_003860,0.06460004,0,0,Low Risk
CUST_003861,0.028493619,0,0,Low Risk
CUST_003862,0.01576148,0,0,Low Risk
CUST_003863,0.017920567,0,0,Low Risk
CUST_003864,0.020557512,0,0,Low Risk
CUST_003865,0.99436635,1,1,High Risk
CUST_003866,0.14419375,0,0,Low Risk
CUST_003867,0.99976295,1,1,High Risk
CUST_003868,0.9992735,1,1,High Risk
CUST_003869,0.9939798,1,1,High Risk
CUST_003870,0.14854713,0,0,Low Risk
CUST_003871,0.008776615,0,0,Low Risk
CUST_003872,0.0070917667,0,0,Low Risk
CUST_003873,0.01161901,0,0,Low Risk
CUST_003874,0.017388524,0,0,Low Risk
CUST_003875,0.017826017,0,0,Low Risk
CUST_003876,0.99908125,1,1,High Risk
CUST_003877,0.026497534,0,0,Low Risk
CUST_003878,0.094554484,0,0,Low Risk
CUST_003879,0.0086566415,0,0,Low Risk
CUST_003880,0.018932091,0,0,Low Risk
CUST_003881,0.011377456,0,0,Low Risk
CUST_003882,0.9989157,1,1,High Risk
CUST_003883,0.014349839,0,0,Low Risk
CUST_003884,0.7447275,1,1,High Risk
CUST_003885,0.020011539,0,0,Low Risk
CUST_003886,0.99398935,1,1,High Risk
CUST_003887,0.8128157,1,1,High Risk
CUST_003888,0.04034423,0,0,Low Risk
CUST_003889,0.7662973,1,1,High Risk
CUST_003890,0.046042815,0,0,Low Risk
CUST_003891,0.022296203,0,0,Low Risk
CUST_003892,0.057998642,0,0,Low Risk
CUST_003893,0.9984012,1,1,High Risk
CUST_003894,0.94777715,1,1,High Risk
CUST_003895,0.42222336,0,0,Medium Risk
CUST_003896,0.006649205,0,0,Low Risk
CUST_003897,0.010062885,0,0,Low Risk
CUST_003898,0.028006144,0,0,Low Risk
CUST_003899,0.005041593,0,0,Low Risk
CUST_003900,0.01489266,0,0,Low Risk
CUST_003901,0.0053608497,0,0,Low Risk
CUST_003902,0.99926347,1,1,High Risk
CUST_003903,0.99966717,1,1,High Risk
CUST_003904,0.9942107,1,1,High Risk
CUST_003905,0.989011,1,1,High Risk
CUST_003906,0.049176835,0,0,Low Risk
CUST_003907,0.020891758,0,0,Low Risk
CUST_003908,0.9982253,1,1,High Risk
CUST_003909,0.0088931965,0,0,Low Risk
CUST_003910,0.007832721,0,0,Low Risk
CUST_003911,0.025025066,0,0,Low Risk
CUST_003912,0.06975232,0,0,Low Risk
CUST_003913,0.8735789,1,1,High Risk
CUST_003914,0.8236909,1,1,High Risk
CUST_003915,0.99950457,1,1,High Risk
CUST_003916,0.01803151,0,0,Low Risk
CUST_003917,0.018842239,0,0,Low Risk
CUST_003918,0.9912815,1,1,High Risk
CUST_003919,0.002589091,0,0,Low Risk
CUST_003920,0.06634606,0,0,Low Risk
CUST_003921,0.041780908,0,0,Low Risk
CUST_003922,0.14953266,0,0,Low Risk
CUST_003923,0.021412067,0,0,Low Risk
CUST_003924,0.1059959,0,0,Low Risk
CUST_003925,0.017388655,0,0,Low Risk
CUST_003926,0.10847945,0,0,Low Risk
CUST_003927,0.99975413,1,1,High Risk
CUST_003928,0.04789406,0,0,Low Risk
CUST_003929,0.013989255,0,0,Low Risk
CUST_003930,0.36497453,0,0,Medium Risk
CUST_003931,0.9991109,1,1,High Risk
CUST_003932,0.99989617,1,1,High Risk
CUST_003933,0.048565958,0,0,Low Risk
CUST_003934,0.025734227,0,0,Low Risk
CUST_003935,0.99977213,1,1,High Risk
CUST_003936,0.11872823,0,0,Low Risk
CUST_003937,0.99783295,1,1,High Risk
CUST_003938,0.9997745,1,1,High Risk
CUST_003939,0.992234,1,1,High Risk
CUST_003940,0.9990871,1,1,High Risk
CUST_003941,0.031131694,0,0,Low Risk
CUST_003942,0.016985342,0,0,Low Risk
CUST_003943,0.0307598,0,0,Low Risk
CUST_003944,0.05238048,0,0,Low Risk
CUST_003945,0.009472067,0,0,Low Risk
CUST_003946,0.018392343,0,0,Low Risk
CUST_003947,0.007254861,0,0,Low Risk
CUST_003948,0.033480376,0,0,Low Risk
CUST_003949,0.005543131,0,0,Low Risk
CUST_003950,0.0039138384,0,0,Low Risk
CUST_003951,0.0053800675,0,0,Low Risk
CUST_003952,0.66783464,1,0,High Risk
CUST_003953,0.99931324,1,1,High Risk
CUST_003954,0.42616943,0,0,Medium Risk
CUST_003955,0.011064483,0,0,Low Risk
CUST_003956,0.9987118,1,1,High Risk
CUST_003957,0.99799323,1,1,High Risk
CUST_003958,0.011976007,0,0,Low Risk
CUST_003959,0.024179125,0,0,Low Risk
CUST_003960,0.30723053,0,1,Low Risk
CUST_003961,0.41812196,0,0,Medium Risk
CUST_003962,0.99837327,1,1,High Risk
CUST_003963,0.031225804,0,0,Low Risk
CUST_003964,0.009254218,0,0,Low Risk
CUST_003965,0.70569247,1,1,High Risk
CUST_003966,0.038005035,0,0,Low Risk
CUST_003967,0.02677672,0,0,Low Risk
CUST_003968,0.036945745,0,0,Low Risk
CUST_003969,0.009467997,0,0,Low Risk
CUST_003970,0.030633131,0,0,Low Risk
CUST_003971,0.99902,1,1,High Risk
CUST_003972,0.036849238,0,0,Low Risk
CUST_003973,0.029352397,0,0,Low Risk
CUST_003974,0.99547994,1,1,High Risk
CUST_003975,0.009839663,0,0,Low Risk
CUST_003976,0.9993061,1,1,High Risk
CUST_003977,0.008891961,0,0,Low Risk
CUST_003978,0.9990584,1,1,High Risk
CUST_003979,0.0092357695,0,0,Low Risk
CUST_003980,0.9976102,1,1,High Risk
CUST_003981,0.070344985,0,0,Low Risk
CUST_003982,0.057057444,0,0,Low Risk
CUST_003983,0.018504607,0,0,Low Risk
CUST_003984,0.9986216,1,1,High Risk
CUST_003985,0.35825762,0,0,Medium Risk
CUST_003986,0.998992,1,1,High Risk
CUST_003987,0.0120778745,0,0,Low Risk
CUST_003988,0.03181984,0,0,Low Risk
CUST_003989,0.9844131,1,1,High Risk
CUST_003990,0.9980877,1,1,High Risk
CUST_003991,0.011782234,0,0,Low Risk
CUST_003992,0.11384741,0,0,Low Risk
CUST_003993,0.026060963,0,0,Low Risk
CUST_003994,0.12446742,0,0,Low Risk
CUST_003995,0.009252855,0,0,Low Risk
CUST_003996,0.0076228655,0,0,Low Risk
CUST_003997,0.025568696,0,0,Low Risk
CUST_003998,0.9981431,1,1,High Risk
CUST_003999,0.008085114,0,0,Low Risk
CUST_004000,0.12850237,0,0,Low Risk
CUST_004001,0.99892706,1,1,High Risk
CUST_004002,0.99788034,1,1,High Risk
CUST_004003,0.0020613845,0,0,Low Risk
CUST_004004,0.0027694574,0,0,Low Risk
CUST_004005,0.034270093,0,0,Low Risk
CUST_004006,0.9998597,1,1,High Risk
CUST_004007,0.0084754,0,0,Low Risk
CUST_004008,0.99897397,1,1,High Risk
CUST_004009,0.9969151,1,1,High Risk
CUST_004010,0.032842606,0,0,Low Risk
CUST_004011,0.005583665,0,0,Low Risk
CUST_004012,0.072900094,0,0,Low Risk
CUST_004013,0.027948977,0,0,Low Risk
CUST_004014,0.02280305,0,0,Low Risk
CUST_004015,0.63735515,1,0,Medium Risk
CUST_004016,0.99843913,1,1,High Risk
CUST_004017,0.016200507,0,0,Low Risk
CUST_004018,0.013285159,0,0,Low Risk
CUST_004019,0.040352546,0,0,Low Risk
CUST_004020,0.06248166,0,0,Low Risk
CUST_004021,0.014209202,0,0,Low Risk
CUST_004022,0.013488907,0,0,Low Risk
CUST_004023,0.91369927,1,1,High Risk
CUST_004024,0.99211085,1,1,High Risk
CUST_004025,0.03434236,0,0,Low Risk
CUST_004026,0.0053036404,0,0,Low Risk
CUST_004027,0.9994578,1,1,High Risk
CUST_004028,0.99973434,1,1,High Risk
CUST_004029,0.0040792907,0,0,Low Risk
CUST_004030,0.0032118065,0,0,Low Risk
CUST_004031,0.054799553,0,0,Low Risk
CUST_004032,0.572503,1,1,Medium Risk
CUST_004033,0.20104194,0,1,Low Risk
CUST_004034,0.010115428,0,0,Low Risk
CUST_004035,0.1012453,0,0,Low Risk
CUST_004036,0.9740771,1,1,High Risk
CUST_004037,0.026255045,0,0,Low Risk
CUST_004038,0.9995079,1,1,High Risk
CUST_004039,0.0027250226,0,0,Low Risk
CUST_004040,0.99550664,1,1,High Risk
CUST_004041,0.9983005,1,1,High Risk
CUST_004042,0.021979261,0,0,Low Risk
CUST_004043,0.0075452807,0,0,Low Risk
CUST_004044,0.99971217,1,1,High Risk
CUST_004045,0.9994886,1,1,High Risk
CUST_004046,0.9968491,1,1,High Risk
CUST_004047,0.00884986,0,0,Low Risk
CUST_004048,0.9997607,1,1,High Risk
CUST_004049,0.016000338,0,0,Low Risk
CUST_004050,0.9976744,1,1,High Risk
CUST_004051,0.91286254,1,1,High Risk
CUST_004052,0.039067872,0,0,Low Risk
CUST_004053,0.031105608,0,0,Low Risk
CUST_004054,0.99965525,1,1,High Risk
CUST_004055,0.0017210008,0,0,Low Risk
CUST_004056,0.06217886,0,0,Low Risk
CUST_004057,0.01103306,0,0,Low Risk
CUST_004058,0.6315867,1,0,Medium Risk
CUST_004059,0.8364137,1,1,High Risk
CUST_004060,0.0030860926,0,0,Low Risk
CUST_004061,0.051070455,0,0,Low Risk
CUST_004062,0.0070589273,0,0,Low Risk
CUST_004063,0.002414331,0,0,Low Risk
CUST_004064,0.067510284,0,0,Low Risk
CUST_004065,0.006504005,0,0,Low Risk
CUST_004066,0.5847705,1,0,Medium Risk
CUST_004067,0.7207459,1,1,High Risk
CUST_004068,0.10011266,0,0,Low Risk
CUST_004069,0.10641517,0,0,Low Risk
CUST_004070,0.004189083,0,0,Low Risk
CUST_004071,0.9996125,1,1,High Risk
CUST_004072,0.99615854,1,1,High Risk
CUST_004073,0.9844753,1,1,High Risk
CUST_004074,0.049143378,0,0,Low Risk
CUST_004075,0.999471,1,1,High Risk
CUST_004076,0.009828677,0,0,Low Risk
CUST_004077,0.06668012,0,0,Low Risk
CUST_004078,0.020873314,0,0,Low Risk
CUST_004079,0.71481997,1,1,High Risk
CUST_004080,0.030262018,0,0,Low Risk
CUST_004081,0.99489766,1,1,High Risk
CUST_004082,0.12735249,0,0,Low Risk
CUST_004083,0.12652212,0,0,Low Risk
CUST_004084,0.0030748567,0,0,Low Risk
CUST_004085,0.9991372,1,1,High Risk
CUST_004086,0.028338296,0,0,Low Risk
CUST_004087,0.021781776,0,0,Low Risk
CUST_004088,0.04011186,0,0,Low Risk
CUST_004089,0.004660084,0,0,Low Risk
CUST_004090,0.99981135,1,1,High Risk
CUST_004091,0.99840885,1,1,High Risk
CUST_004092,0.02674441,0,0,Low Risk
CUST_004093,0.15131646,0,0,Low Risk
CUST_004094,0.0145390155,0,0,Low Risk
CUST_004095,0.007582335,0,0,Low Risk
CUST_004096,0.026921103,0,0,Low Risk
CUST_004097,0.0029671227,0,0,Low Risk
CUST_004098,0.012355532,0,0,Low Risk
CUST_004099,0.9985261,1,1,High Risk
CUST_004100,0.042970855,0,0,Low Risk
CUST_004101,0.985947,1,0,High Risk
CUST_004102,0.99953294,1,1,High Risk
CUST_004103,0.99877125,1,1,High Risk
CUST_004104,0.025557945,0,0,Low Risk
CUST_004105,0.0045934166,0,0,Low Risk
CUST_004106,0.10159089,0,0,Low Risk
CUST_004107,0.99919933,1,1,High Risk
CUST_004108,0.99971586,1,1,High Risk
CUST_004109,0.005721538,0,0,Low Risk
CUST_004110,0.017117377,0,0,Low Risk
CUST_004111,0.9950193,1,1,High Risk
CUST_004112,0.9260622,1,1,High Risk
CUST_004113,0.009762377,0,0,Low Risk
CUST_004114,0.99852896,1,1,High Risk
CUST_004115,0.9993899,1,1,High Risk
CUST_004116,0.10946669,0,0,Low Risk
CUST_004117,0.007543835,0,0,Low Risk
CUST_004118,0.0030524938,0,0,Low Risk
CUST_004119,0.030518873,0,0,Low Risk
CUST_004120,0.016070006,0,0,Low Risk
CUST_004121,0.054237276,0,0,Low Risk
CUST_004122,0.048306786,0,0,Low Risk
CUST_004123,0.055639606,0,0,Low Risk
CUST_004124,0.021962501,0,0,Low Risk
CUST_004125,0.004578354,0,0,Low Risk
CUST_004126,0.31365523,0,1,Low Risk
CUST_004127,0.98142767,1,1,High Risk
CUST_004128,0.9868291,1,1,High Risk
CUST_004129,0.0089026615,0,0,Low Risk
CUST_004130,0.047748838,0,0,Low Risk
CUST_004131,0.0055926396,0,0,Low Risk
CUST_004132,0.99861324,1,1,High Risk
CUST_004133,0.008876723,0,0,Low Risk
CUST_004134,0.031101061,0,0,Low Risk
CUST_004135,0.09913133,0,0,Low Risk
CUST_004136,0.06661913,0,0,Low Risk
CUST_004137,0.9996935,1,1,High Risk
CUST_004138,0.0036047932,0,0,Low Risk
CUST_004139,0.007110069,0,0,Low Risk
CUST_004140,0.0061704805,0,0,Low Risk
CUST_004141,0.0020729296,0,0,Low Risk
CUST_004142,0.008243899,0,0,Low Risk
CUST_004143,0.993061,1,1,High Risk
CUST_004144,0.99983597,1,1,High Risk
CUST_004145,0.9991441,1,1,High Risk
CUST_004146,0.24647236,0,0,Low Risk
CUST_004147,0.028598811,0,0,Low Risk
CUST_004148,0.022637349,0,0,Low Risk
CUST_004149,0.05860443,0,0,Low Risk
CUST_004150,0.013888939,0,0,Low Risk
CUST_004151,0.5185618,1,0,Medium Risk
CUST_004152,0.08255023,0,0,Low Risk
CUST_004153,0.7021186,1,1,High Risk
CUST_004154,0.56371397,1,0,Medium Risk
CUST_004155,0.07500028,0,0,Low Risk
CUST_004156,0.015991721,0,0,Low Risk
CUST_004157,0.9904495,1,1,High Risk
CUST_004158,0.124049276,0,0,Low Risk
CUST_004159,0.9997905,1,1,High Risk
CUST_004160,0.0032259906,0,0,Low Risk
CUST_004161,0.0016623059,0,0,Low Risk
CUST_004162,0.04391775,0,0,Low Risk
CUST_004163,0.075017475,0,0,Low Risk
CUST_004164,0.997547,1,1,High Risk
CUST_004165,0.99841726,1,1,High Risk
CUST_004166,0.0054887435,0,0,Low Risk
CUST_004167,0.0056663845,0,0,Low Risk
CUST_004168,0.0079350285,0,0,Low Risk
CUST_004169,0.99914205,1,1,High Risk
CUST_004170,0.64075285,1,0,Medium Risk
CUST_004171,0.17485255,0,0,Low Risk
CUST_004172,0.6807713,1,0,High Risk
CUST_004173,0.016697256,0,0,Low Risk
CUST_004174,0.9950794,1,1,High Risk
CUST_004175,0.037067503,0,0,Low Risk
CUST_004176,0.9998665,1,1,High Risk
CUST_004177,0.1289033,0,1,Low Risk
CUST_004178,0.08818765,0,0,Low Risk
CUST_004179,0.9975318,1,1,High Risk
CUST_004180,0.029363306,0,0,Low Risk
CUST_004181,0.0145334825,0,0,Low Risk
CUST_004182,0.01872493,0,0,Low Risk
CUST_004183,0.99980706,1,1,High Risk
CUST_004184,0.008122373,0,0,Low Risk
CUST_004185,0.023748958,0,0,Low Risk
CUST_004186,0.0055830167,0,0,Low Risk
CUST_004187,0.54856396,1,0,Medium Risk
CUST_004188,0.014113513,0,0,Low Risk
CUST_004189,0.024157712,0,0,Low Risk
CUST_004190,0.99929214,1,1,High Risk
CUST_004191,0.009393934,0,0,Low Risk
CUST_004192,0.18109296,0,0,Low Risk
CUST_004193,0.99983144,1,1,High Risk
CUST_004194,0.00502405,0,0,Low Risk
CUST_004195,0.9992072,1,1,High Risk
CUST_004196,0.0035868613,0,0,Low Risk
CUST_004197,0.05511548,0,0,Low Risk
CUST_004198,0.010710488,0,0,Low Risk
CUST_004199,0.003012127,0,0,Low Risk
CUST_004200,0.99964845,1,1,High Risk
CUST_004201,0.019906681,0,0,Low Risk
CUST_004202,0.00777225,0,0,Low Risk
CUST_004203,0.9708283,1,1,High Risk
CUST_004204,0.997609,1,1,High Risk
CUST_004205,0.99924576,1,1,High Risk
CUST_004206,0.9318052,1,1,High Risk
CUST_004207,0.9994404,1,1,High Risk
CUST_004208,0.99581546,1,1,High Risk
CUST_004209,0.036110636,0,0,Low Risk
CUST_004210,0.017187394,0,0,Low Risk
CUST_004211,0.0074268784,0,0,Low Risk
CUST_004212,0.02172565,0,0,Low Risk
CUST_004213,0.022813162,0,0,Low Risk
CUST_004214,0.015067412,0,0,Low Risk
CUST_004215,0.02553736,0,0,Low Risk
CUST_004216,0.6783742,1,0,High Risk
CUST_004217,0.021847125,0,0,Low Risk
CUST_004218,0.005751583,0,0,Low Risk
CUST_004219,0.0070928102,0,0,Low Risk
CUST_004220,0.045873642,0,0,Low Risk
CUST_004221,0.010382012,0,0,Low Risk
CUST_004222,0.032331202,0,0,Low Risk
CUST_004223,0.0051597897,0,0,Low Risk
CUST_004224,0.007203882,0,0,Low Risk
CUST_004225,0.035143796,0,0,Low Risk
CUST_004226,0.0045649935,0,0,Low Risk
CUST_004227,0.021023195,0,0,Low Risk
CUST_004228,0.99721295,1,1,High Risk
CUST_004229,0.9992487,1,1,High Risk
CUST_004230,0.03972166,0,0,Low Risk
CUST_004231,0.021198554,0,0,Low Risk
CUST_004232,0.9873985,1,1,High Risk
CUST_004233,0.6952039,1,1,High Risk
CUST_004234,0.031894997,0,0,Low Risk
CUST_004235,0.001806712,0,0,Low Risk
CUST_004236,0.00238901,0,0,Low Risk
CUST_004237,0.11452155,0,0,Low Risk
CUST_004238,0.016957387,0,0,Low Risk
CUST_004239,0.9985612,1,1,High Risk
CUST_004240,0.030853676,0,0,Low Risk
CUST_004241,0.028827457,0,0,Low Risk
CUST_004242,0.025102021,0,0,Low Risk
CUST_004243,0.9995339,1,1,High Risk
CUST_004244,0.11999271,0,0,Low Risk
CUST_004245,0.02464891,0,0,Low Risk
CUST_004246,0.9996227,1,1,High Risk
CUST_004247,0.01972902,0,0,Low Risk
CUST_004248,0.9997693,1,1,High Risk
CUST_004249,0.0349009,0,0,Low Risk
CUST_004250,0.061444763,0,0,Low Risk
CUST_004251,0.003071409,0,0,Low Risk
CUST_004252,0.010003313,0,0,Low Risk
CUST_004253,0.009837419,0,0,Low Risk
CUST_004254,0.0050819223,0,0,Low Risk
CUST_004255,0.9998103,1,1,High Risk
CUST_004256,0.26340473,0,0,Low Risk
CUST_004257,0.9998099,1,1,High Risk
CUST_004258,0.010106636,0,0,Low Risk
CUST_004259,0.013347296,0,0,Low Risk
CUST_004260,0.039074298,0,0,Low Risk
CUST_004261,0.020803984,0,0,Low Risk
CUST_004262,0.11959642,0,0,Low Risk
CUST_004263,0.0065480713,0,0,Low Risk
CUST_004264,0.41147342,0,1,Medium Risk
CUST_004265,0.0131989205,0,0,Low Risk
CUST_004266,0.00693143,0,0,Low Risk
CUST_004267,0.7099043,1,0,High Risk
CUST_004268,0.02528679,0,0,Low Risk
CUST_004269,0.07663038,0,0,Low Risk
CUST_004270,0.021655887,0,0,Low Risk
CUST_004271,0.19885926,0,0,Low Risk
CUST_004272,0.15539704,0,0,Low Risk
CUST_004273,0.9495594,1,1,High Risk
CUST_004274,0.999564,1,1,High Risk
CUST_004275,0.029428845,0,0,Low Risk
CUST_004276,0.00791754,0,0,Low Risk
CUST_004277,0.99978,1,1,High Risk
CUST_004278,0.9996117,1,1,High Risk
CUST_004279,0.04606283,0,0,Low Risk
CUST_004280,0.0680839,0,0,Low Risk
CUST_004281,0.025082827,0,0,Low Risk
CUST_004282,0.8104207,1,1,High Risk
CUST_004283,0.9968477,1,1,High Risk
CUST_004284,0.021211639,0,0,Low Risk
CUST_004285,0.026708731,0,0,Low Risk
CUST_004286,0.99968266,1,1,High Risk
CUST_004287,0.043204814,0,0,Low Risk
CUST_004288,0.08181924,0,1,Low Risk
CUST_004289,0.013236585,0,0,Low Risk
CUST_004290,0.00481159,0,0,Low Risk
CUST_004291,0.074054874,0,0,Low Risk
CUST_004292,0.01237452,0,0,Low Risk
CUST_004293,0.30031955,0,1,Low Risk
CUST_004294,0.998793,1,1,High Risk
CUST_004295,0.99932253,1,1,High Risk
CUST_004296,0.9984281,1,1,High Risk
CUST_004297,0.038653363,0,0,Low Risk
CUST_004298,0.005863487,0,0,Low Risk
CUST_004299,0.0062073637,0,0,Low Risk
CUST_004300,0.025902294,0,0,Low Risk
CUST_004301,0.016485602,0,0,Low Risk
CUST_004302,0.020220408,0,0,Low Risk
CUST_004303,0.04115909,0,0,Low Risk
CUST_004304,0.084345296,0,0,Low Risk
CUST_004305,0.01059144,0,0,Low Risk
CUST_004306,0.048983708,0,0,Low Risk
CUST_004307,0.07482015,0,0,Low Risk
CUST_004308,0.032055292,0,0,Low Risk
CUST_004309,0.037994906,0,0,Low Risk
CUST_004310,0.007467748,0,0,Low Risk
CUST_004311,0.23158114,0,0,Low Risk
CUST_004312,0.99913895,1,1,High Risk
CUST_004313,0.019902067,0,0,Low Risk
CUST_004314,0.11035233,0,0,Low Risk
CUST_004315,0.99866354,1,1,High Risk
CUST_004316,0.031921476,0,0,Low Risk
CUST_004317,0.99725777,1,1,High Risk
CUST_004318,0.01967021,0,0,Low Risk
CUST_004319,0.9977628,1,1,High Risk
CUST_004320,0.0772899,0,0,Low Risk
CUST_004321,0.43854555,0,1,Medium Risk
CUST_004322,0.030062448,0,0,Low Risk
CUST_004323,0.0059018657,0,0,Low Risk
CUST_004324,0.012699215,0,0,Low Risk
CUST_004325,0.07115902,0,0,Low Risk
CUST_004326,0.016236722,0,0,Low Risk
CUST_004327,0.16424568,0,0,Low Risk
CUST_004328,0.015720109,0,0,Low Risk
CUST_004329,0.9990926,1,1,High Risk
CUST_004330,0.0261131,0,0,Low Risk
CUST_004331,0.99832886,1,1,High Risk
CUST_004332,0.999721,1,1,High Risk
CUST_004333,0.98484516,1,1,High Risk
CUST_004334,0.033838976,0,0,Low Risk
CUST_004335,0.08124619,0,0,Low Risk
CUST_004336,0.04900138,0,0,Low Risk
CUST_004337,0.016087908,0,0,Low Risk
CUST_004338,0.012710017,0,0,Low Risk
CUST_004339,0.02390942,0,0,Low Risk
CUST_004340,0.0024491549,0,0,Low Risk
CUST_004341,0.9992441,1,1,High Risk
CUST_004342,0.9782688,1,1,High Risk
CUST_004343,0.088618994,0,0,Low Risk
CUST_004344,0.9994041,1,1,High Risk
CUST_004345,0.0065712123,0,0,Low Risk
CUST_004346,0.004370346,0,0,Low Risk
CUST_004347,0.024094896,0,0,Low Risk
CUST_004348,0.082406335,0,0,Low Risk
CUST_004349,0.035897948,0,0,Low Risk
CUST_004350,0.017494576,0,0,Low Risk
CUST_004351,0.022846533,0,0,Low Risk
CUST_004352,0.061160717,0,0,Low Risk
CUST_004353,0.2916294,0,0,Low Risk
CUST_004354,0.014448688,0,0,Low Risk
CUST_004355,0.0072395327,0,0,Low Risk
CUST_004356,0.02043586,0,0,Low Risk
CUST_004357,0.05791594,0,0,Low Risk
CUST_004358,0.017349899,0,0,Low Risk
CUST_004359,0.9087927,1,1,High Risk
CUST_004360,0.0055861305,0,0,Low Risk
CUST_004361,0.0076801036,0,0,Low Risk
CUST_004362,0.9940147,1,1,High Risk
CUST_004363,0.9998894,1,1,High Risk
CUST_004364,0.013125947,0,0,Low Risk
CUST_004365,0.9996277,1,1,High Risk
CUST_004366,0.99801767,1,1,High Risk
CUST_004367,0.008302097,0,0,Low Risk
CUST_004368,0.008565041,0,0,Low Risk
CUST_004369,0.015695706,0,0,Low Risk
CUST_004370,0.017067486,0,0,Low Risk
CUST_004371,0.7482535,1,0,High Risk
CUST_004372,0.9984933,1,1,High Risk
CUST_004373,0.027171506,0,0,Low Risk
CUST_004374,0.013956761,0,0,Low Risk
CUST_004375,0.010836619,0,0,Low Risk
CUST_004376,0.9985404,1,1,High Risk
CUST_004377,0.6690375,1,1,High Risk
CUST_004378,0.01907542,0,0,Low Risk
CUST_004379,0.03100514,0,0,Low Risk
CUST_004380,0.99624807,1,1,High Risk
CUST_004381,0.002097586,0,0,Low Risk
CUST_004382,0.02340196,0,0,Low Risk
CUST_004383,0.09544697,0,0,Low Risk
CUST_004384,0.01984437,0,0,Low Risk
CUST_004385,0.0077455183,0,0,Low Risk
CUST_004386,0.46003363,0,0,Medium Risk
CUST_004387,0.0033292626,0,0,Low Risk
CUST_004388,0.006400436,0,0,Low Risk
CUST_004389,0.006555468,0,0,Low Risk
CUST_004390,0.0066264854,0,0,Low Risk
CUST_004391,0.008472491,0,0,Low Risk
CUST_004392,0.9997795,1,1,High Risk
CUST_004393,0.99826354,1,1,High Risk
CUST_004394,0.19960235,0,0,Low Risk
CUST_004395,0.77624214,1,1,High Risk
CUST_004396,0.028067531,0,0,Low Risk
CUST_004397,0.041165337,0,0,Low Risk
CUST_004398,0.99920964,1,1,High Risk
CUST_004399,0.010155047,0,0,Low Risk
CUST_004400,0.010207537,0,0,Low Risk
CUST_004401,0.04286857,0,0,Low Risk
CUST_004402,0.79558766,1,1,High Risk
CUST_004403,0.005046295,0,0,Low Risk
CUST_004404,0.10280585,0,0,Low Risk
CUST_004405,0.009062639,0,0,Low Risk
CUST_004406,0.01375683,0,0,Low Risk
CUST_004407,0.005407459,0,0,Low Risk
CUST_004408,0.052611943,0,0,Low Risk
CUST_004409,0.9994405,1,1,High Risk
CUST_004410,0.0066619636,0,0,Low Risk
CUST_004411,0.058472637,0,0,Low Risk
CUST_004412,0.014098281,0,0,Low Risk
CUST_004413,0.99821067,1,1,High Risk
CUST_004414,0.024457367,0,0,Low Risk
CUST_004415,0.03334141,0,0,Low Risk
CUST_004416,0.014247056,0,0,Low Risk
CUST_004417,0.03164877,0,0,Low Risk
CUST_004418,0.0026940564,0,0,Low Risk
CUST_004419,0.00906386,0,0,Low Risk
CUST_004420,0.017452957,0,0,Low Risk
CUST_004421,0.10114647,0,0,Low Risk
CUST_004422,0.0065558217,0,0,Low Risk
CUST_004423,0.03338043,0,0,Low Risk
CUST_004424,0.030171786,0,0,Low Risk
CUST_004425,0.0078020785,0,0,Low Risk
CUST_004426,0.998803,1,1,High Risk
CUST_004427,0.005009286,0,0,Low Risk
CUST_004428,0.005852712,0,0,Low Risk
CUST_004429,0.5768254,1,1,Medium Risk
CUST_004430,0.02233466,0,0,Low Risk
CUST_004431,0.012711651,0,0,Low Risk
CUST_004432,0.02934819,0,0,Low Risk
CUST_004433,0.245532,0,0,Low Risk
CUST_004434,0.9979438,1,1,High Risk
CUST_004435,0.045502428,0,0,Low Risk
CUST_004436,0.021696087,0,0,Low Risk
CUST_004437,0.017687343,0,0,Low Risk
CUST_004438,0.25195286,0,0,Low Risk
CUST_004439,0.018856248,0,0,Low Risk
CUST_004440,0.9998703,1,1,High Risk
CUST_004441,0.9998035,1,1,High Risk
CUST_004442,0.9995295,1,1,High Risk
CUST_004443,0.99937433,1,1,High Risk
CUST_004444,0.019908141,0,0,Low Risk
CUST_004445,0.043829717,0,0,Low Risk
CUST_004446,0.005810793,0,0,Low Risk
CUST_004447,0.99897265,1,1,High Risk
CUST_004448,0.99803215,1,1,High Risk
CUST_004449,0.017834708,0,0,Low Risk
CUST_004450,0.0074759335,0,0,Low Risk
CUST_004451,0.018755129,0,0,Low Risk
CUST_004452,0.99937445,1,1,High Risk
CUST_004453,0.0121554695,0,0,Low Risk
CUST_004454,0.9989491,1,1,High Risk
CUST_004455,0.9989667,1,1,High Risk
CUST_004456,0.006139573,0,0,Low Risk
CUST_004457,0.4330964,0,1,Medium Risk
CUST_004458,0.022823913,0,0,Low Risk
CUST_004459,0.038399994,0,0,Low Risk
CUST_004460,0.015587194,0,0,Low Risk
CUST_004461,0.012587219,0,0,Low Risk
CUST_004462,0.4928657,0,0,Medium Risk
CUST_004463,0.93456453,1,0,High Risk
CUST_004464,0.047569763,0,1,Low Risk
CUST_004465,0.010740876,0,0,Low Risk
CUST_004466,0.01899541,0,0,Low Risk
CUST_004467,0.019756965,0,0,Low Risk
CUST_004468,0.06275617,0,0,Low Risk
CUST_004469,0.03307808,0,0,Low Risk
CUST_004470,0.032824088,0,0,Low Risk
CUST_004471,0.030089034,0,0,Low Risk
CUST_004472,0.02089119,0,0,Low Risk
CUST_004473,0.051046483,0,0,Low Risk
CUST_004474,0.09131976,0,0,Low Risk
CUST_004475,0.008563506,0,0,Low Risk
CUST_004476,0.0023955877,0,0,Low Risk
CUST_004477,0.01939525,0,0,Low Risk
CUST_004478,0.01796472,0,0,Low Risk
CUST_004479,0.82767636,1,1,High Risk
CUST_004480,0.008602769,0,0,Low Risk
CUST_004481,0.30909714,0,0,Low Risk
CUST_004482,0.023363188,0,0,Low Risk
CUST_004483,0.024309743,0,0,Low Risk
CUST_004484,0.0067070266,0,0,Low Risk
CUST_004485,0.007353125,0,0,Low Risk
CUST_004486,0.11372159,0,0,Low Risk
CUST_004487,0.0042357002,0,0,Low Risk
CUST_004488,0.04863876,0,0,Low Risk
CUST_004489,0.0031755345,0,0,Low Risk
CUST_004490,0.0114061,0,0,Low Risk
CUST_004491,0.9988067,1,1,High Risk
CUST_004492,0.9994615,1,1,High Risk
CUST_004493,0.96391374,1,1,High Risk
CUST_004494,0.041099936,0,0,Low Risk
CUST_004495,0.0058351927,0,0,Low Risk
CUST_004496,0.99987614,1,1,High Risk
CUST_004497,0.0016985395,0,0,Low Risk
CUST_004498,0.024485366,0,0,Low Risk
CUST_004499,0.016298205,0,0,Low Risk
CUST_004500,0.014020551,0,0,Low Risk
CUST_004501,0.0058535114,0,0,Low Risk
CUST_004502,0.024023293,0,0,Low Risk
CUST_004503,0.005509888,0,0,Low Risk
CUST_004504,0.004690839,0,0,Low Risk
CUST_004505,0.17115167,0,0,Low Risk
CUST_004506,0.03401533,0,0,Low Risk
CUST_004507,0.117089495,0,0,Low Risk
CUST_004508,0.024319896,0,0,Low Risk
CUST_004509,0.8618767,1,1,High Risk
CUST_004510,0.9957703,1,1,High Risk
CUST_004511,0.03852259,0,0,Low Risk
CUST_004512,0.011687869,0,0,Low Risk
CUST_004513,0.028534984,0,0,Low Risk
CUST_004514,0.9992518,1,1,High Risk
CUST_004515,0.025898293,0,0,Low Risk
CUST_004516,0.060064897,0,0,Low Risk
CUST_004517,0.040724598,0,0,Low Risk
CUST_004518,0.005924317,0,0,Low Risk
CUST_004519,0.0038036937,0,0,Low Risk
CUST_004520,0.011495869,0,0,Low Risk
CUST_004521,0.95410246,1,1,High Risk
CUST_004522,0.0098853195,0,0,Low Risk
CUST_004523,0.020525271,0,0,Low Risk
CUST_004524,0.0020201595,0,0,Low Risk
CUST_004525,0.97896487,1,1,High Risk
CUST_004526,0.99965334,1,1,High Risk
CUST_004527,0.9933263,1,1,High Risk
CUST_004528,0.99917763,1,1,High Risk
CUST_004529,0.01149166,0,0,Low Risk
CUST_004530,0.039943084,0,0,Low Risk
CUST_004531,0.0047776294,0,0,Low Risk
CUST_004532,0.040312313,0,0,Low Risk
CUST_004533,0.9996712,1,1,High Risk
CUST_004534,0.008045702,0,0,Low Risk
CUST_004535,0.9960116,1,1,High Risk
CUST_004536,0.9997552,1,1,High Risk
CUST_004537,0.10245175,0,0,Low Risk
CUST_004538,0.010902944,0,0,Low Risk
CUST_004539,0.0020420854,0,0,Low Risk
CUST_004540,0.34382048,0,0,Low Risk
CUST_004541,0.005273054,0,0,Low Risk
CUST_004542,0.016216611,0,0,Low Risk
CUST_004543,0.07791974,0,0,Low Risk
CUST_004544,0.015111455,0,0,Low Risk
CUST_004545,0.017689323,0,0,Low Risk
CUST_004546,0.021685777,0,0,Low Risk
CUST_004547,0.027764868,0,0,Low Risk
CUST_004548,0.008216467,0,0,Low Risk
CUST_004549,0.041710794,0,0,Low Risk
CUST_004550,0.9471325,1,1,High Risk
CUST_004551,0.0042431927,0,0,Low Risk
CUST_004552,0.99677104,1,1,High Risk
CUST_004553,0.9994467,1,1,High Risk
CUST_004554,0.047148637,0,0,Low Risk
CUST_004555,0.022840764,0,0,Low Risk
CUST_004556,0.07615626,0,0,Low Risk
CUST_004557,0.027824571,0,0,Low Risk
CUST_004558,0.84586424,1,1,High Risk
CUST_004559,0.20422812,0,0,Low Risk
CUST_004560,0.05429503,0,0,Low Risk
CUST_004561,0.014553992,0,0,Low Risk
CUST_004562,0.99850756,1,1,High Risk
CUST_004563,0.004414535,0,0,Low Risk
CUST_004564,0.011143804,0,0,Low Risk
CUST_004565,0.9986726,1,1,High Risk
CUST_004566,0.051218692,0,0,Low Risk
CUST_004567,0.9990545,1,1,High Risk
CUST_004568,0.00565226,0,0,Low Risk
CUST_004569,0.026798591,0,0,Low Risk
CUST_004570,0.06416803,0,0,Low Risk
CUST_004571,0.015371028,0,0,Low Risk
CUST_004572,0.3107603,0,0,Low Risk
CUST_004573,0.99029994,1,1,High Risk
CUST_004574,0.8396784,1,1,High Risk
CUST_004575,0.019764246,0,0,Low Risk
CUST_004576,0.07110188,0,0,Low Risk
CUST_004577,0.026501877,0,0,Low Risk
CUST_004578,0.15377703,0,0,Low Risk
CUST_004579,0.052033182,0,0,Low Risk
CUST_004580,0.08365226,0,0,Low Risk
CUST_004581,0.9995912,1,1,High Risk
CUST_004582,0.008709429,0,0,Low Risk
CUST_004583,0.021328181,0,0,Low Risk
CUST_004584,0.9998797,1,1,High Risk
CUST_004585,0.37091658,0,0,Medium Risk
CUST_004586,0.037537023,0,0,Low Risk
CUST_004587,0.99849916,1,1,High Risk
CUST_004588,0.021046594,0,0,Low Risk
CUST_004589,0.017085157,0,0,Low Risk
CUST_004590,0.044320308,0,0,Low Risk
CUST_004591,0.024967479,0,0,Low Risk
CUST_004592,0.0028475216,0,0,Low Risk
CUST_004593,0.027125431,0,0,Low Risk
CUST_004594,0.018311698,0,0,Low Risk
CUST_004595,0.025572386,0,0,Low Risk
CUST_004596,0.0034944457,0,0,Low Risk
CUST_004597,0.99873644,1,1,High Risk
CUST_004598,0.033879172,0,0,Low Risk
CUST_004599,0.0433173,0,0,Low Risk
CUST_004600,0.008580267,0,0,Low Risk
CUST_004601,0.13696884,0,0,Low Risk
CUST_004602,0.042283326,0,0,Low Risk
CUST_004603,0.010133516,0,0,Low Risk
CUST_004604,0.0053972057,0,0,Low Risk
CUST_004605,0.42950267,0,0,Medium Risk
CUST_004606,0.98445964,1,1,High Risk
CUST_004607,0.013470956,0,0,Low Risk
CUST_004608,0.97707033,1,1,High Risk
CUST_004609,0.0041513913,0,0,Low Risk
CUST_004610,0.011333148,0,0,Low Risk
CUST_004611,0.015426544,0,0,Low Risk
CUST_004612,0.99760866,1,1,High Risk
CUST_004613,0.99938655,1,1,High Risk
CUST_004614,0.9994412,1,1,High Risk
CUST_004615,0.07298654,0,0,Low Risk
CUST_004616,0.11644621,0,0,Low Risk
CUST_004617,0.31828156,0,0,Low Risk
CUST_004618,0.99923694,1,1,High Risk
CUST_004619,0.039690215,0,0,Low Risk
CUST_004620,0.99925214,1,1,High Risk
CUST_004621,0.0060763964,0,0,Low Risk
CUST_004622,0.0832145,0,0,Low Risk
CUST_004623,0.010220166,0,0,Low Risk
CUST_004624,0.12666161,0,0,Low Risk
CUST_004625,0.998519,1,1,High Risk
CUST_004626,0.14932336,0,0,Low Risk
CUST_004627,0.018147893,0,0,Low Risk
CUST_004628,0.0019544954,0,0,Low Risk
CUST_004629,0.004976028,0,0,Low Risk
CUST_004630,0.017349297,0,0,Low Risk
CUST_004631,0.017101364,0,0,Low Risk
CUST_004632,0.9790086,1,1,High Risk
CUST_004633,0.068699844,0,0,Low Risk
CUST_004634,0.037253484,0,0,Low Risk
CUST_004635,0.06457815,0,0,Low Risk
CUST_004636,0.015724434,0,0,Low Risk
CUST_004637,0.9998934,1,1,High Risk
CUST_004638,0.022973826,0,0,Low Risk
CUST_004639,0.017244969,0,0,Low Risk
CUST_004640,0.20045176,0,0,Low Risk
CUST_004641,0.07562418,0,0,Low Risk
CUST_004642,0.8072811,1,1,High Risk
CUST_004643,0.0068917586,0,0,Low Risk
CUST_004644,0.08050307,0,0,Low Risk
CUST_004645,0.9965133,1,1,High Risk
CUST_004646,0.99873537,1,1,High Risk
CUST_004647,0.028325124,0,0,Low Risk
CUST_004648,0.10183704,0,0,Low Risk
CUST_004649,0.555796,1,1,Medium Risk
CUST_004650,0.025492853,0,0,Low Risk
CUST_004651,0.11963339,0,0,Low Risk
CUST_004652,0.034879845,0,0,Low Risk
CUST_004653,0.0077848523,0,0,Low Risk
CUST_004654,0.034576513,0,0,Low Risk
CUST_004655,0.011774618,0,0,Low Risk
CUST_004656,0.0162807,0,0,Low Risk
CUST_004657,0.0886061,0,0,Low Risk
CUST_004658,0.008447416,0,0,Low Risk
CUST_004659,0.6989982,1,1,High Risk
CUST_004660,0.021684129,0,0,Low Risk
CUST_004661,0.0035533193,0,0,Low Risk
CUST_004662,0.010606126,0,0,Low Risk
CUST_004663,0.015181582,0,0,Low Risk
CUST_004664,0.011759337,0,0,Low Risk
CUST_004665,0.99957925,1,1,High Risk
CUST_004666,0.02162509,0,0,Low Risk
CUST_004667,0.13045885,0,0,Low Risk
CUST_004668,0.05984557,0,0,Low Risk
CUST_004669,0.0016557547,0,0,Low Risk
CUST_004670,0.99897075,1,1,High Risk
CUST_004671,0.1697571,0,0,Low Risk
CUST_004672,0.020017734,0,0,Low Risk
CUST_004673,0.0108413175,0,0,Low Risk
CUST_004674,0.99969816,1,1,High Risk
CUST_004675,0.022441713,0,0,Low Risk
CUST_004676,0.0037862235,0,0,Low Risk
CUST_004677,0.9910703,1,1,High Risk
CUST_004678,0.009407118,0,0,Low Risk
CUST_004679,0.021980489,0,0,Low Risk
CUST_004680,0.011478153,0,0,Low Risk
CUST_004681,0.0020197444,0,0,Low Risk
CUST_004682,0.02093224,0,0,Low Risk
CUST_004683,0.99796283,1,1,High Risk
CUST_004684,0.8704172,1,1,High Risk
CUST_004685,0.010904188,0,0,Low Risk
CUST_004686,0.021856349,0,0,Low Risk
CUST_004687,0.014207919,0,0,Low Risk
CUST_004688,0.297879,0,0,Low Risk
CUST_004689,0.4463507,0,1,Medium Risk
CUST_004690,0.9991462,1,1,High Risk
CUST_004691,0.009852838,0,0,Low Risk
CUST_004692,0.01196797,0,0,Low Risk
CUST_004693,0.19564088,0,0,Low Risk
CUST_004694,0.010633768,0,0,Low Risk
CUST_004695,0.99980384,1,1,High Risk
CUST_004696,0.9996532,1,1,High Risk
CUST_004697,0.04583928,0,0,Low Risk
CUST_004698,0.012244666,0,0,Low Risk
CUST_004699,0.15899338,0,0,Low Risk
CUST_004700,0.006948867,0,0,Low Risk
CUST_004701,0.003628323,0,0,Low Risk
CUST_004702,0.02045663,0,0,Low Risk
CUST_004703,0.014884197,0,0,Low Risk
CUST_004704,0.03657792,0,0,Low Risk
CUST_004705,0.024577556,0,0,Low Risk
CUST_004706,0.1390062,0,0,Low Risk
CUST_004707,0.61972916,1,0,Medium Risk
CUST_004708,0.99929774,1,1,High Risk
CUST_004709,0.009098815,0,0,Low Risk
CUST_004710,0.99945384,1,1,High Risk
CUST_004711,0.062425718,0,0,Low Risk
CUST_004712,0.99881625,1,1,High Risk
CUST_004713,0.29576755,0,0,Low Risk
CUST_004714,0.031987652,0,0,Low Risk
CUST_004715,0.080653206,0,0,Low Risk
CUST_004716,0.04806554,0,0,Low Risk
CUST_004717,0.3816767,0,1,Medium Risk
CUST_004718,0.99818856,1,1,High Risk
CUST_004719,0.31244367,0,0,Low Risk
CUST_004720,0.99873525,1,1,High Risk
CUST_004721,0.032547075,0,0,Low Risk
CUST_004722,0.9978993,1,1,High Risk
CUST_004723,0.49203983,0,0,Medium Risk
CUST_004724,0.008185811,0,0,Low Risk
CUST_004725,0.9966903,1,1,High Risk
CUST_004726,0.07537061,0,0,Low Risk
CUST_004727,0.08396527,0,0,Low Risk
CUST_004728,0.0024883377,0,0,Low Risk
CUST_004729,0.012175922,0,0,Low Risk
CUST_004730,0.9992661,1,1,High Risk
CUST_004731,0.9561575,1,1,High Risk
CUST_004732,0.9997502,1,1,High Risk
CUST_004733,0.9999311,1,1,High Risk
CUST_004734,0.010254504,0,0,Low Risk
CUST_004735,0.04796884,0,0,Low Risk
CUST_004736,0.011667452,0,0,Low Risk
CUST_004737,0.0116042895,0,0,Low Risk
CUST_004738,0.027401468,0,0,Low Risk
CUST_004739,0.009653485,0,0,Low Risk
CUST_004740,0.041567225,0,0,Low Risk
CUST_004741,0.99929523,1,1,High Risk
CUST_004742,0.017975718,0,0,Low Risk
CUST_004743,0.1214203,0,0,Low Risk
CUST_004744,0.83065623,1,1,High Risk
CUST_004745,0.021376552,0,0,Low Risk
CUST_004746,0.017316543,0,0,Low Risk
CUST_004747,0.064884156,0,0,Low Risk
CUST_004748,0.9995815,1,1,High Risk
CUST_004749,0.0393094,0,0,Low Risk
CUST_004750,0.997288,1,1,High Risk
CUST_004751,0.029600177,0,0,Low Risk
CUST_004752,0.029560635,0,0,Low Risk
CUST_004753,0.9990101,1,1,High Risk
CUST_004754,0.005751844,0,0,Low Risk
CUST_004755,0.008896879,0,0,Low Risk
CUST_004756,0.03046144,0,0,Low Risk
CUST_004757,0.9949574,1,1,High Risk
CUST_004758,0.9990934,1,1,High Risk
CUST_004759,0.12854317,0,0,Low Risk
CUST_004760,0.99656576,1,1,High Risk
CUST_004761,0.746997,1,1,High Risk
CUST_004762,0.06902795,0,0,Low Risk
CUST_004763,0.05665358,0,0,Low Risk
CUST_004764,0.008351979,0,0,Low Risk
CUST_004765,0.69496864,1,1,High Risk
CUST_004766,0.4160401,0,1,Medium Risk
CUST_004767,0.016076136,0,0,Low Risk
CUST_004768,0.03372377,0,0,Low Risk
CUST_004769,0.0074732634,0,0,Low Risk
CUST_004770,0.5341345,1,0,Medium Risk
CUST_004771,0.028916087,0,0,Low Risk
CUST_004772,0.049746998,0,0,Low Risk
CUST_004773,0.04936638,0,0,Low Risk
CUST_004774,0.42981318,0,0,Medium Risk
CUST_004775,0.07021982,0,0,Low Risk
CUST_004776,0.019853791,0,0,Low Risk
CUST_004777,0.9993692,1,1,High Risk
CUST_004778,0.70547956,1,0,High Risk
CUST_004779,0.03376607,0,0,Low Risk
CUST_004780,0.037574366,0,0,Low Risk
CUST_004781,0.022681303,0,0,Low Risk
CUST_004782,0.9996593,1,1,High Risk
CUST_004783,0.18796988,0,0,Low Risk
CUST_004784,0.056414355,0,0,Low Risk
CUST_004785,0.9965274,1,1,High Risk
CUST_004786,0.008884656,0,0,Low Risk
CUST_004787,0.005042703,0,0,Low Risk
CUST_004788,0.9998312,1,1,High Risk
CUST_004789,0.012566706,0,0,Low Risk
CUST_004790,0.9989415,1,1,High Risk
CUST_004791,0.119444385,0,0,Low Risk
CUST_004792,0.0203543,0,0,Low Risk
CUST_004793,0.022148252,0,0,Low Risk
CUST_004794,0.056480594,0,0,Low Risk
CUST_004795,0.021688448,0,0,Low Risk
CUST_004796,0.0054919254,0,0,Low Risk
CUST_004797,0.10029123,0,0,Low Risk
CUST_004798,0.9995403,1,1,High Risk
CUST_004799,0.027181448,0,0,Low Risk
CUST_004800,0.99865216,1,1,High Risk
CUST_004801,0.0047106543,0,0,Low Risk
CUST_004802,0.044022612,0,0,Low Risk
CUST_004803,0.005124082,0,0,Low Risk
CUST_004804,0.997957,1,1,High Risk
CUST_004805,0.017654946,0,0,Low Risk
CUST_004806,0.0037107929,0,0,Low Risk
CUST_004807,0.31084377,0,1,Low Risk
CUST_004808,0.0141605465,0,0,Low Risk
CUST_004809,0.0055560363,0,0,Low Risk
CUST_004810,0.99900013,1,1,High Risk
CUST_004811,0.9960211,1,1,High Risk
CUST_004812,0.025593072,0,0,Low Risk
CUST_004813,0.020605851,0,0,Low Risk
CUST_004814,0.011401929,0,0,Low Risk
CUST_004815,0.99880683,1,1,High Risk
CUST_004816,0.014058027,0,0,Low Risk
CUST_004817,0.9987941,1,1,High Risk
CUST_004818,0.99790925,1,1,High Risk
CUST_004819,0.009035923,0,0,Low Risk
CUST_004820,0.07867694,0,0,Low Risk
CUST_004821,0.02729927,0,0,Low Risk
CUST_004822,0.027103055,0,0,Low Risk
CUST_004823,0.03715214,0,0,Low Risk
CUST_004824,0.010448857,0,0,Low Risk
CUST_004825,0.99975055,1,1,High Risk
CUST_004826,0.0126614375,0,0,Low Risk
CUST_004827,0.99971956,1,1,High Risk
CUST_004828,0.011020485,0,0,Low Risk
CUST_004829,0.9958831,1,1,High Risk
CUST_004830,0.10527847,0,0,Low Risk
CUST_004831,0.99005413,1,1,High Risk
CUST_004832,0.018938208,0,0,Low Risk
CUST_004833,0.007737438,0,0,Low Risk
CUST_004834,0.009526692,0,0,Low Risk
CUST_004835,0.019131161,0,0,Low Risk
CUST_004836,0.093567535,0,0,Low Risk
CUST_004837,0.002532777,0,0,Low Risk
CUST_004838,0.96980304,1,1,High Risk
CUST_004839,0.015412514,0,0,Low Risk
CUST_004840,0.985919,1,1,High Risk
CUST_004841,0.028545758,0,0,Low Risk
CUST_004842,0.006395544,0,0,Low Risk
CUST_004843,0.01178265,0,0,Low Risk
CUST_004844,0.040800437,0,0,Low Risk
CUST_004845,0.017526643,0,0,Low Risk
CUST_004846,0.023516405,0,0,Low Risk
CUST_004847,0.01787888,0,0,Low Risk
CUST_004848,0.040702906,0,0,Low Risk
CUST_004849,0.023115367,0,0,Low Risk
CUST_004850,0.13183013,0,0,Low Risk
CUST_004851,0.009031945,0,0,Low Risk
CUST_004852,0.9587524,1,1,High Risk
CUST_004853,0.9994759,1,1,High Risk
CUST_004854,0.999605,1,1,High Risk
CUST_004855,0.030741923,0,0,Low Risk
CUST_004856,0.9965745,1,1,High Risk
CUST_004857,0.051624116,0,0,Low Risk
CUST_004858,0.092791304,0,0,Low Risk
CUST_004859,0.023077017,0,0,Low Risk
CUST_004860,0.9996977,1,1,High Risk
CUST_004861,0.99705976,1,1,High Risk
CUST_004862,0.28927273,0,1,Low Risk
CUST_004863,0.0055418434,0,0,Low Risk
CUST_004864,0.9997317,1,1,High Risk
CUST_004865,0.9985078,1,1,High Risk
CUST_004866,0.006885512,0,0,Low Risk
CUST_004867,0.0050286213,0,0,Low Risk
CUST_004868,0.9997923,1,1,High Risk
CUST_004869,0.015605102,0,0,Low Risk
CUST_004870,0.006037836,0,0,Low Risk
CUST_004871,0.0071177515,0,0,Low Risk
CUST_004872,0.02724827,0,0,Low Risk
CUST_004873,0.072299145,0,0,Low Risk
CUST_004874,0.062061045,0,0,Low Risk
CUST_004875,0.9766466,1,1,High Risk
CUST_004876,0.0017190522,0,0,Low Risk
CUST_004877,0.027893623,0,0,Low Risk
CUST_004878,0.01767642,0,0,Low Risk
CUST_004879,0.9997662,1,1,High Risk
CUST_004880,0.99950624,1,1,High Risk
CUST_004881,0.9994448,1,1,High Risk
CUST_004882,0.9946668,1,1,High Risk
CUST_004883,0.9989182,1,1,High Risk
CUST_004884,0.041395344,0,0,Low Risk
CUST_004885,0.84569937,1,1,High Risk
CUST_004886,0.05120452,0,0,Low Risk
CUST_004887,0.99987245,1,1,High Risk
CUST_004888,0.99896,1,1,High Risk
CUST_004889,0.9992281,1,1,High Risk
CUST_004890,0.018139428,0,0,Low Risk
CUST_004891,0.0031460961,0,0,Low Risk
CUST_004892,0.026234683,0,0,Low Risk
CUST_004893,0.011643618,0,0,Low Risk
CUST_004894,0.04703882,0,0,Low Risk
CUST_004895,0.042139526,0,0,Low Risk
CUST_004896,0.9979937,1,1,High Risk
CUST_004897,0.015678167,0,0,Low Risk
CUST_004898,0.006301447,0,0,Low Risk
CUST_004899,0.039568894,0,0,Low Risk
CUST_004900,0.9877951,1,1,High Risk
CUST_004901,0.01418239,0,0,Low Risk
CUST_004902,0.998733,1,1,High Risk
CUST_004903,0.05117571,0,0,Low Risk
CUST_004904,0.12100911,0,0,Low Risk
CUST_004905,0.005279032,0,0,Low Risk
CUST_004906,0.06854663,0,0,Low Risk
CUST_004907,0.0057108654,0,0,Low Risk
CUST_004908,0.09405052,0,0,Low Risk
CUST_004909,0.9994254,1,1,High Risk
CUST_004910,0.014322111,0,0,Low Risk
CUST_004911,0.99986696,1,1,High Risk
CUST_004912,0.03633273,0,0,Low Risk
CUST_004913,0.014527719,0,0,Low Risk
CUST_004914,0.99759465,1,1,High Risk
CUST_004915,0.10671039,0,0,Low Risk
CUST_004916,0.9995968,1,1,High Risk
CUST_004917,0.0022728636,0,0,Low Risk
CUST_004918,0.9965256,1,1,High Risk
CUST_004919,0.011095339,0,0,Low Risk
CUST_004920,0.02291023,0,0,Low Risk
CUST_004921,0.038618978,0,0,Low Risk
CUST_004922,0.04625478,0,0,Low Risk
CUST_004923,0.067918204,0,0,Low Risk
CUST_004924,0.011178981,0,0,Low Risk
CUST_004925,0.011277898,0,0,Low Risk
CUST_004926,0.020194242,0,0,Low Risk
CUST_004927,0.006542813,0,0,Low Risk
CUST_004928,0.12660255,0,0,Low Risk
CUST_004929,0.99794275,1,1,High Risk
CUST_004930,0.32199204,0,0,Low Risk
CUST_004931,0.02350549,0,0,Low Risk
CUST_004932,0.46986675,0,0,Medium Risk
CUST_004933,0.010722227,0,0,Low Risk
CUST_004934,0.032489657,0,0,Low Risk
CUST_004935,0.022165364,0,0,Low Risk
CUST_004936,0.9812491,1,1,High Risk
CUST_004937,0.004749431,0,0,Low Risk
CUST_004938,0.11002736,0,0,Low Risk
CUST_004939,0.0858244,0,0,Low Risk
CUST_004940,0.05878654,0,0,Low Risk
CUST_004941,0.038365524,0,0,Low Risk
CUST_004942,0.5581709,1,0,Medium Risk
CUST_004943,0.013540426,0,0,Low Risk
CUST_004944,0.9986822,1,1,High Risk
CUST_004945,0.022005737,0,0,Low Risk
CUST_004946,0.06426939,0,0,Low Risk
CUST_004947,0.005116996,0,0,Low Risk
CUST_004948,0.043415003,0,0,Low Risk
CUST_004949,0.0075942096,0,0,Low Risk
CUST_004950,0.029669577,0,0,Low Risk
CUST_004951,0.0028666258,0,0,Low Risk
CUST_004952,0.9998043,1,1,High Risk
CUST_004953,0.98271435,1,1,High Risk
CUST_004954,0.9995035,1,1,High Risk
CUST_004955,0.01822383,0,0,Low Risk
CUST_004956,0.9996779,1,1,High Risk
CUST_004957,0.0065297247,0,0,Low Risk
CUST_004958,0.9991567,1,1,High Risk
CUST_004959,0.9992053,1,1,High Risk
CUST_004960,0.010255903,0,0,Low Risk
CUST_004961,0.018598223,0,0,Low Risk
CUST_004962,0.027544247,0,0,Low Risk
CUST_004963,0.39535636,0,0,Medium Risk
CUST_004964,0.99898726,1,1,High Risk
CUST_004965,0.090621404,0,0,Low Risk
CUST_004966,0.3070779,0,0,Low Risk
CUST_004967,0.056680925,0,0,Low Risk
CUST_004968,0.28020975,0,0,Low Risk
CUST_004969,0.0056862654,0,0,Low Risk
CUST_004970,0.01105289,0,0,Low Risk
CUST_004971,0.8454701,1,1,High Risk
CUST_004972,0.008807745,0,0,Low Risk
CUST_004973,0.9986971,1,1,High Risk
CUST_004974,0.001010882,0,0,Low Risk
CUST_004975,0.020490738,0,0,Low Risk
CUST_004976,0.6567954,1,0,High Risk
CUST_004977,0.05698706,0,0,Low Risk
CUST_004978,0.99837935,1,1,High Risk
CUST_004979,0.021103855,0,0,Low Risk
CUST_004980,0.9926252,1,1,High Risk
CUST_004981,0.033892278,0,0,Low Risk
CUST_004982,0.032743413,0,0,Low Risk
CUST_004983,0.9289835,1,1,High Risk
CUST_004984,0.99976856,1,1,High Risk
CUST_004985,0.0038222135,0,0,Low Risk
CUST_004986,0.022816421,0,0,Low Risk
CUST_004987,0.024303881,0,0,Low Risk
CUST_004988,0.014289072,0,0,Low Risk
CUST_004989,0.0077313962,0,0,Low Risk
CUST_004990,0.1596337,0,0,Low Risk
CUST_004991,0.018603131,0,0,Low Risk
CUST_004992,0.0011230267,0,0,Low Risk
CUST_004993,0.045985796,0,0,Low Risk
CUST_004994,0.03126483,0,0,Low Risk
CUST_004995,0.9681179,1,1,High Risk
CUST_004996,0.0063824942,0,0,Low Risk
CUST_004997,0.01086813,0,0,Low Risk
CUST_004998,0.024352374,0,0,Low Risk
CUST_004999,0.0062228166,0,0,Low Risk
CUST_005000,0.0185219,0,0,Low Risk
CUST_005001,0.07999821,0,0,Low Risk
CUST_005002,0.069456406,0,0,Low Risk
CUST_005003,0.002480235,0,0,Low Risk
CUST_005004,0.05388362,0,0,Low Risk
CUST_005005,0.9992009,1,1,High Risk
CUST_005006,0.99629456,1,1,High Risk
CUST_005007,0.9346468,1,1,High Risk
CUST_005008,0.010640471,0,0,Low Risk
CUST_005009,0.93690115,1,1,High Risk
CUST_005010,0.002328478,0,0,Low Risk
CUST_005011,0.9994848,1,1,High Risk
CUST_005012,0.033236045,0,0,Low Risk
CUST_005013,0.011668074,0,0,Low Risk
CUST_005014,0.9990239,1,1,High Risk
CUST_005015,0.09938416,0,0,Low Risk
CUST_005016,0.015536559,0,0,Low Risk
CUST_005017,0.03364619,0,0,Low Risk
CUST_005018,0.004404838,0,0,Low Risk
CUST_005019,0.0515121,0,0,Low Risk
CUST_005020,0.9996753,1,1,High Risk
CUST_005021,0.96336645,1,1,High Risk
CUST_005022,0.06154351,0,0,Low Risk
CUST_005023,0.024629818,0,0,Low Risk
CUST_005024,0.99960965,1,1,High Risk
CUST_005025,0.9983368,1,1,High Risk
CUST_005026,0.9979938,1,1,High Risk
CUST_005027,0.0045063174,0,0,Low Risk
CUST_005028,0.078637384,0,0,Low Risk
CUST_005029,0.011939124,0,0,Low Risk
CUST_005030,0.013818154,0,0,Low Risk
CUST_005031,0.02746968,0,1,Low Risk
CUST_005032,0.047288787,0,0,Low Risk
CUST_005033,0.0028769225,0,0,Low Risk
CUST_005034,0.006981542,0,0,Low Risk
CUST_005035,0.04336583,0,0,Low Risk
CUST_005036,0.037462454,0,0,Low Risk
CUST_005037,0.17238472,0,0,Low Risk
CUST_005038,0.044287648,0,0,Low Risk
CUST_005039,0.083942786,0,0,Low Risk
CUST_005040,0.0075798663,0,0,Low Risk
CUST_005041,0.9997595,1,1,High Risk
CUST_005042,0.018562637,0,0,Low Risk
CUST_005043,0.999833,1,1,High Risk
CUST_005044,0.02744812,0,0,Low Risk
CUST_005045,0.24251412,0,0,Low Risk
CUST_005046,0.06802405,0,0,Low Risk
CUST_005047,0.9994105,1,1,High Risk
CUST_005048,0.00841137,0,0,Low Risk
CUST_005049,0.04221674,0,0,Low Risk
CUST_005050,0.01647213,0,0,Low Risk
CUST_005051,0.025380898,0,0,Low Risk
CUST_005052,0.010219824,0,0,Low Risk
CUST_005053,0.02913937,0,0,Low Risk
CUST_005054,0.0049994257,0,0,Low Risk
CUST_005055,0.99914026,1,1,High Risk
CUST_005056,0.012718444,0,0,Low Risk
CUST_005057,0.018513637,0,0,Low Risk
CUST_005058,0.025148617,0,0,Low Risk
CUST_005059,0.029815404,0,0,Low Risk
CUST_005060,0.099205784,0,0,Low Risk
CUST_005061,0.0485098,0,0,Low Risk
CUST_005062,0.0048901695,0,0,Low Risk
CUST_005063,0.99921215,1,1,High Risk
CUST_005064,0.50092876,1,0,Medium Risk
CUST_005065,0.006675125,0,0,Low Risk
CUST_005066,0.018289492,0,0,Low Risk
CUST_005067,0.003573109,0,0,Low Risk
CUST_005068,0.010653717,0,0,Low Risk
CUST_005069,0.900305,1,1,High Risk
CUST_005070,0.014153052,0,0,Low Risk
CUST_005071,0.9996649,1,1,High Risk
CUST_005072,0.0016566268,0,0,Low Risk
CUST_005073,0.012529572,0,0,Low Risk
CUST_005074,0.19493018,0,0,Low Risk
CUST_005075,0.9842903,1,0,High Risk
CUST_005076,0.008778897,0,0,Low Risk
CUST_005077,0.9992581,1,1,High Risk
CUST_005078,0.13781467,0,0,Low Risk
CUST_005079,0.028552676,0,0,Low Risk
CUST_005080,0.0038290715,0,0,Low Risk
CUST_005081,0.0074327122,0,0,Low Risk
CUST_005082,0.14657693,0,0,Low Risk
CUST_005083,0.0025068126,0,0,Low Risk
CUST_005084,0.0063268202,0,0,Low Risk
CUST_005085,0.999853,1,1,High Risk
CUST_005086,0.00868523,0,0,Low Risk
CUST_005087,0.02407197,0,0,Low Risk
CUST_005088,0.012913645,0,0,Low Risk
CUST_005089,0.020746203,0,0,Low Risk
CUST_005090,0.018831166,0,0,Low Risk
CUST_005091,0.010434037,0,0,Low Risk
CUST_005092,0.054192547,0,0,Low Risk
CUST_005093,0.99955565,1,1,High Risk
CUST_005094,0.99755573,1,1,High Risk
CUST_005095,0.999423,1,1,High Risk
CUST_005096,0.09799042,0,0,Low Risk
CUST_005097,0.004560361,0,0,Low Risk
CUST_005098,0.111724265,0,0,Low Risk
CUST_005099,0.012693017,0,0,Low Risk
CUST_005100,0.054160405,0,0,Low Risk
CUST_005101,0.0049457303,0,0,Low Risk
CUST_005102,0.004485756,0,0,Low Risk
CUST_005103,0.07377309,0,0,Low Risk
CUST_005104,0.9998292,1,1,High Risk
CUST_005105,0.0013390088,0,0,Low Risk
CUST_005106,0.999845,1,1,High Risk
CUST_005107,0.02219698,0,0,Low Risk
CUST_005108,0.0045668874,0,0,Low Risk
CUST_005109,0.2972351,0,0,Low Risk
CUST_005110,0.20394856,0,0,Low Risk
CUST_005111,0.025793076,0,0,Low Risk
CUST_005112,0.01361484,0,0,Low Risk
CUST_005113,0.9997075,1,1,High Risk
CUST_005114,0.05015077,0,0,Low Risk
CUST_005115,0.0074975654,0,0,Low Risk
CUST_005116,0.016246764,0,0,Low Risk
CUST_005117,0.07795358,0,0,Low Risk
CUST_005118,0.9716007,1,1,High Risk
CUST_005119,0.022760699,0,0,Low Risk
CUST_005120,0.99969685,1,1,High Risk
CUST_005121,0.032651477,0,0,Low Risk
CUST_005122,0.004305259,0,0,Low Risk
CUST_005123,0.024415506,0,0,Low Risk
CUST_005124,0.14595519,0,0,Low Risk
CUST_005125,0.016739806,0,0,Low Risk
CUST_005126,0.0076655517,0,0,Low Risk
CUST_005127,0.99666154,1,1,High Risk
CUST_005128,0.006922757,0,0,Low Risk
CUST_005129,0.9995808,1,1,High Risk
CUST_005130,0.059549678,0,0,Low Risk
CUST_005131,0.006041492,0,0,Low Risk
CUST_005132,0.01481527,0,0,Low Risk
CUST_005133,0.044083174,0,0,Low Risk
CUST_005134,0.9928063,1,1,High Risk
CUST_005135,0.0038977892,0,0,Low Risk
CUST_005136,0.9996973,1,1,High Risk
CUST_005137,0.002141872,0,0,Low Risk
CUST_005138,0.019349284,0,0,Low Risk
CUST_005139,0.042433143,0,0,Low Risk
CUST_005140,0.03748855,0,0,Low Risk
CUST_005141,0.22213936,0,0,Low Risk
CUST_005142,0.03665112,0,0,Low Risk
CUST_005143,0.005323331,0,0,Low Risk
CUST_005144,0.9995202,1,1,High Risk
CUST_005145,0.08893859,0,0,Low Risk
CUST_005146,0.030925833,0,0,Low Risk
CUST_005147,0.00212875,0,0,Low Risk
CUST_005148,0.99901843,1,1,High Risk
CUST_005149,0.998004,1,1,High Risk
CUST_005150,0.012963796,0,0,Low Risk
CUST_005151,0.016857546,0,0,Low Risk
CUST_005152,0.023616847,0,0,Low Risk
CUST_005153,0.009000919,0,0,Low Risk
CUST_005154,0.013793056,0,0,Low Risk
CUST_005155,0.00681075,0,0,Low Risk
CUST_005156,0.012454398,0,0,Low Risk
CUST_005157,0.9983229,1,1,High Risk
CUST_005158,0.00216433,0,0,Low Risk
CUST_005159,0.09031117,0,0,Low Risk
CUST_005160,0.016435754,0,0,Low Risk
CUST_005161,0.008868328,0,0,Low Risk
CUST_005162,0.00704788,0,0,Low Risk
CUST_005163,0.01457977,0,0,Low Risk
CUST_005164,0.006610857,0,0,Low Risk
CUST_005165,0.053113237,0,0,Low Risk
CUST_005166,0.07355223,0,0,Low Risk
CUST_005167,0.026864119,0,0,Low Risk
CUST_005168,0.0031291905,0,0,Low Risk
CUST_005169,0.07881946,0,0,Low Risk
CUST_005170,0.02004933,0,0,Low Risk
CUST_005171,0.019943673,0,0,Low Risk
CUST_005172,0.9951925,1,1,High Risk
CUST_005173,0.026153889,0,0,Low Risk
CUST_005174,0.9982468,1,1,High Risk
CUST_005175,0.010764737,0,0,Low Risk
CUST_005176,0.049331672,0,0,Low Risk
CUST_005177,0.002251271,0,0,Low Risk
CUST_005178,0.030576078,0,0,Low Risk
CUST_005179,0.99642533,1,1,High Risk
CUST_005180,0.009438206,0,0,Low Risk
CUST_005181,0.15566991,0,0,Low Risk
CUST_005182,0.010298828,0,0,Low Risk
CUST_005183,0.09806519,0,0,Low Risk
CUST_005184,0.06308845,0,0,Low Risk
CUST_005185,0.058634546,0,0,Low Risk
CUST_005186,0.008418919,0,0,Low Risk
CUST_005187,0.002343402,0,0,Low Risk
CUST_005188,0.9975915,1,1,High Risk
CUST_005189,0.011368095,0,0,Low Risk
CUST_005190,0.9870877,1,1,High Risk
CUST_005191,0.008833909,0,0,Low Risk
CUST_005192,0.8488754,1,1,High Risk
CUST_005193,0.7464792,1,1,High Risk
CUST_005194,0.9962835,1,1,High Risk
CUST_005195,0.029250316,0,0,Low Risk
CUST_005196,0.1531676,0,0,Low Risk
CUST_005197,0.9986008,1,1,High Risk
CUST_005198,0.0051254844,0,0,Low Risk
CUST_005199,0.005232166,0,0,Low Risk
CUST_005200,0.022503655,0,0,Low Risk
CUST_005201,0.6074117,1,1,Medium Risk
CUST_005202,0.020029126,0,0,Low Risk
CUST_005203,0.037528068,0,0,Low Risk
CUST_005204,0.9642718,1,1,High Risk
CUST_005205,0.99336797,1,1,High Risk
CUST_005206,0.03558303,0,0,Low Risk
CUST_005207,0.0092233075,0,0,Low Risk
CUST_005208,0.7012225,1,1,High Risk
CUST_005209,0.004168684,0,0,Low Risk
CUST_005210,0.06823848,0,0,Low Risk
CUST_005211,0.08350224,0,0,Low Risk
CUST_005212,0.99826175,1,1,High Risk
CUST_005213,0.030654287,0,0,Low Risk
CUST_005214,0.031694073,0,0,Low Risk
CUST_005215,0.09319674,0,0,Low Risk
CUST_005216,0.0048147105,0,0,Low Risk
CUST_005217,0.2562557,0,0,Low Risk
CUST_005218,0.021651888,0,0,Low Risk
CUST_005219,0.027041927,0,0,Low Risk
CUST_005220,0.009211098,0,0,Low Risk
CUST_005221,0.011177261,0,0,Low Risk
CUST_005222,0.08320011,0,0,Low Risk
CUST_005223,0.011779758,0,0,Low Risk
CUST_005224,0.0065857926,0,0,Low Risk
CUST_005225,0.017060287,0,0,Low Risk
CUST_005226,0.008858636,0,0,Low Risk
CUST_005227,0.010538868,0,0,Low Risk
CUST_005228,0.0056140036,0,0,Low Risk
CUST_005229,0.04310172,0,0,Low Risk
CUST_005230,0.017640281,0,0,Low Risk
CUST_005231,0.9365777,1,1,High Risk
CUST_005232,0.015052798,0,0,Low Risk
CUST_005233,0.04255717,0,0,Low Risk
CUST_005234,0.0022051653,0,0,Low Risk
CUST_005235,0.0037309742,0,0,Low Risk
CUST_005236,0.9990972,1,1,High Risk
CUST_005237,0.019088482,0,0,Low Risk
CUST_005238,0.030384736,0,0,Low Risk
CUST_005239,0.0037065432,0,0,Low Risk
CUST_005240,0.032905065,0,0,Low Risk
CUST_005241,0.0022765107,0,0,Low Risk
CUST_005242,0.9999474,1,1,High Risk
CUST_005243,0.012353733,0,0,Low Risk
CUST_005244,0.1605978,0,0,Low Risk
CUST_005245,0.08497572,0,0,Low Risk
CUST_005246,0.039242346,0,0,Low Risk
CUST_005247,0.016331822,0,0,Low Risk
CUST_005248,0.015144264,0,0,Low Risk
CUST_005249,0.0049053174,0,0,Low Risk
CUST_005250,0.0040285653,0,0,Low Risk
CUST_005251,0.046473052,0,0,Low Risk
CUST_005252,0.013333658,0,0,Low Risk
CUST_005253,0.99852103,1,1,High Risk
CUST_005254,0.99094653,1,1,High Risk
CUST_005255,0.006058748,0,0,Low Risk
CUST_005256,0.017013501,0,0,Low Risk
CUST_005257,0.010668729,0,0,Low Risk
CUST_005258,0.52185714,1,0,Medium Risk
CUST_005259,0.061864972,0,0,Low Risk
CUST_005260,0.013708387,0,0,Low Risk
CUST_005261,0.26201057,0,0,Low Risk
CUST_005262,0.040915545,0,0,Low Risk
CUST_005263,0.9973347,1,1,High Risk
CUST_005264,0.07308345,0,0,Low Risk
CUST_005265,0.032487523,0,0,Low Risk
CUST_005266,0.060213864,0,0,Low Risk
CUST_005267,0.9995735,1,1,High Risk
CUST_005268,0.99867,1,1,High Risk
CUST_005269,0.009943687,0,0,Low Risk
CUST_005270,0.008106975,0,0,Low Risk
CUST_005271,0.014033185,0,0,Low Risk
CUST_005272,0.5768095,1,1,Medium Risk
CUST_005273,0.04196889,0,0,Low Risk
CUST_005274,0.02115858,0,0,Low Risk
CUST_005275,0.011611642,0,0,Low Risk
CUST_005276,0.045588043,0,0,Low Risk
CUST_005277,0.9778176,1,1,High Risk
CUST_005278,0.25465518,0,0,Low Risk
CUST_005279,0.9986278,1,1,High Risk
CUST_005280,0.3295604,0,0,Low Risk
CUST_005281,0.9846393,1,1,High Risk
CUST_005282,0.011837782,0,0,Low Risk
CUST_005283,0.019210598,0,0,Low Risk
CUST_005284,0.9947766,1,1,High Risk
CUST_005285,0.050140526,0,0,Low Risk
CUST_005286,0.19407743,0,0,Low Risk
CUST_005287,0.0045279437,0,0,Low Risk
CUST_005288,0.998505,1,1,High Risk
CUST_005289,0.01757443,0,0,Low Risk
CUST_005290,0.9990395,1,1,High Risk
CUST_005291,0.02690663,0,0,Low Risk
CUST_005292,0.01223868,0,0,Low Risk
CUST_005293,0.11209146,0,0,Low Risk
CUST_005294,0.075806536,0,0,Low Risk
CUST_005295,0.012573205,0,0,Low Risk
CUST_005296,0.017231945,0,0,Low Risk
CUST_005297,0.044891596,0,0,Low Risk
CUST_005298,0.99484706,1,1,High Risk
CUST_005299,0.0043256716,0,0,Low Risk
CUST_005300,0.007472177,0,0,Low Risk
CUST_005301,0.012665368,0,0,Low Risk
CUST_005302,0.006764658,0,0,Low Risk
CUST_005303,0.027059289,0,0,Low Risk
CUST_005304,0.01191193,0,0,Low Risk
CUST_005305,0.0942492,0,0,Low Risk
CUST_005306,0.057326496,0,0,Low Risk
CUST_005307,0.009904178,0,0,Low Risk
CUST_005308,0.16106132,0,0,Low Risk
CUST_005309,0.0858499,0,0,Low Risk
CUST_005310,0.006354794,0,0,Low Risk
CUST_005311,0.072453514,0,0,Low Risk
CUST_005312,0.021608723,0,0,Low Risk
CUST_005313,0.059658367,0,0,Low Risk
CUST_005314,0.019451044,0,0,Low Risk
CUST_005315,0.99986494,1,1,High Risk
CUST_005316,0.0109405415,0,0,Low Risk
CUST_005317,0.38943458,0,0,Medium Risk
CUST_005318,0.99866176,1,1,High Risk
CUST_005319,0.99874,1,1,High Risk
CUST_005320,0.018102417,0,0,Low Risk
CUST_005321,0.019149097,0,0,Low Risk
CUST_005322,0.02828998,0,0,Low Risk
CUST_005323,0.7357573,1,1,High Risk
CUST_005324,0.0025780518,0,0,Low Risk
CUST_005325,0.0028945957,0,0,Low Risk
CUST_005326,0.024879493,0,0,Low Risk
CUST_005327,0.9994425,1,1,High Risk
CUST_005328,0.12881748,0,0,Low Risk
CUST_005329,0.004051016,0,0,Low Risk
CUST_005330,0.014581634,0,0,Low Risk
CUST_005331,0.0031214787,0,0,Low Risk
CUST_005332,0.99878246,1,1,High Risk
CUST_005333,0.003264919,0,0,Low Risk
CUST_005334,0.1012193,0,0,Low Risk
CUST_005335,0.08038866,0,0,Low Risk
CUST_005336,0.014142378,0,0,Low Risk
CUST_005337,0.021281531,0,0,Low Risk
CUST_005338,0.057218548,0,0,Low Risk
CUST_005339,0.05146932,0,0,Low Risk
CUST_005340,0.09979147,0,1,Low Risk
CUST_005341,0.025164274,0,0,Low Risk
CUST_005342,0.018432857,0,0,Low Risk
CUST_005343,0.103499755,0,0,Low Risk
CUST_005344,0.9775283,1,1,High Risk
CUST_005345,0.9998223,1,1,High Risk
CUST_005346,0.018741343,0,0,Low Risk
CUST_005347,0.02333861,0,0,Low Risk
CUST_005348,0.112738565,0,0,Low Risk
CUST_005349,0.051329136,0,0,Low Risk
CUST_005350,0.01045225,0,0,Low Risk
CUST_005351,0.1782261,0,0,Low Risk
CUST_005352,0.057395082,0,0,Low Risk
CUST_005353,0.99928516,1,1,High Risk
CUST_005354,0.020025197,0,0,Low Risk
CUST_005355,0.03387726,0,0,Low Risk
CUST_005356,0.9991203,1,1,High Risk
CUST_005357,0.15350129,0,0,Low Risk
CUST_005358,0.9951351,1,1,High Risk
CUST_005359,0.99982697,1,1,High Risk
CUST_005360,0.026226461,0,0,Low Risk
CUST_005361,0.9991327,1,1,High Risk
CUST_005362,0.9774253,1,1,High Risk
CUST_005363,0.021052588,0,0,Low Risk
CUST_005364,0.0115222335,0,0,Low Risk
CUST_005365,0.074714296,0,0,Low Risk
CUST_005366,0.004394994,0,0,Low Risk
CUST_005367,0.008322203,0,0,Low Risk
CUST_005368,0.01333591,0,0,Low Risk
CUST_005369,0.013390051,0,0,Low Risk
CUST_005370,0.04721952,0,0,Low Risk
CUST_005371,0.011452158,0,0,Low Risk
CUST_005372,0.016631512,0,0,Low Risk
CUST_005373,0.036859132,0,0,Low Risk
CUST_005374,0.99869835,1,1,High Risk
CUST_005375,0.0098764505,0,0,Low Risk
CUST_005376,0.024139395,0,0,Low Risk
CUST_005377,0.03358891,0,0,Low Risk
CUST_005378,0.31315622,0,0,Low Risk
CUST_005379,0.050508987,0,0,Low Risk
CUST_005380,0.9993956,1,1,High Risk
CUST_005381,0.008760456,0,0,Low Risk
CUST_005382,0.99967,1,1,High Risk
CUST_005383,0.9986594,1,1,High Risk
CUST_005384,0.99671435,1,1,High Risk
CUST_005385,0.9996319,1,1,High Risk
CUST_005386,0.019473653,0,0,Low Risk
CUST_005387,0.9971349,1,1,High Risk
CUST_005388,0.99957126,1,1,High Risk
CUST_005389,0.011130821,0,0,Low Risk
CUST_005390,0.9983537,1,1,High Risk
CUST_005391,0.0420366,0,0,Low Risk
CUST_005392,0.99954176,1,1,High Risk
CUST_005393,0.002940923,0,0,Low Risk
CUST_005394,0.0339673,0,0,Low Risk
CUST_005395,0.99979764,1,1,High Risk
CUST_005396,0.0069352644,0,0,Low Risk
CUST_005397,0.044191528,0,0,Low Risk
CUST_005398,0.0028257633,0,0,Low Risk
CUST_005399,0.12481969,0,0,Low Risk
CUST_005400,0.040937774,0,0,Low Risk
CUST_005401,0.16723886,0,0,Low Risk
CUST_005402,0.20495696,0,0,Low Risk
CUST_005403,0.038245015,0,0,Low Risk
CUST_005404,0.9984144,1,1,High Risk
CUST_005405,0.9992385,1,1,High Risk
CUST_005406,0.6809627,1,1,High Risk
CUST_005407,0.0074561643,0,0,Low Risk
CUST_005408,0.99856025,1,1,High Risk
CUST_005409,0.030478345,0,0,Low Risk
CUST_005410,0.06672968,0,0,Low Risk
CUST_005411,0.0071704187,0,0,Low Risk
CUST_005412,0.9993217,1,1,High Risk
CUST_005413,0.016151963,0,0,Low Risk
CUST_005414,0.011215529,0,0,Low Risk
CUST_005415,0.996005,1,1,High Risk
CUST_005416,0.13365565,0,0,Low Risk
CUST_005417,0.0097104935,0,0,Low Risk
CUST_005418,0.99790925,1,1,High Risk
CUST_005419,0.0036669807,0,0,Low Risk
CUST_005420,0.0018831169,0,0,Low Risk
CUST_005421,0.0034605905,0,0,Low Risk
CUST_005422,0.061224736,0,0,Low Risk
CUST_005423,0.9993807,1,1,High Risk
CUST_005424,0.003447611,0,0,Low Risk
CUST_005425,0.98921365,1,1,High Risk
CUST_005426,0.969613,1,1,High Risk
CUST_005427,0.017532172,0,0,Low Risk
CUST_005428,0.06591223,0,0,Low Risk
CUST_005429,0.011014531,0,0,Low Risk
CUST_005430,0.56913024,1,0,Medium Risk
CUST_005431,0.015339219,0,0,Low Risk
CUST_005432,0.018230911,0,0,Low Risk
CUST_005433,0.002026927,0,0,Low Risk
CUST_005434,0.018294951,0,0,Low Risk
CUST_005435,0.03281742,0,0,Low Risk
CUST_005436,0.03580486,0,0,Low Risk
CUST_005437,0.9996643,1,1,High Risk
CUST_005438,0.063874006,0,0,Low Risk
CUST_005439,0.05591541,0,0,Low Risk
CUST_005440,0.04410806,0,0,Low Risk
CUST_005441,0.99932504,1,1,High Risk
CUST_005442,0.83610666,1,1,High Risk
CUST_005443,0.06536012,0,0,Low Risk
CUST_005444,0.006887599,0,0,Low Risk
CUST_005445,0.021732027,0,0,Low Risk
CUST_005446,0.008771158,0,0,Low Risk
CUST_005447,0.04048525,0,0,Low Risk
CUST_005448,0.0071034804,0,0,Low Risk
CUST_005449,0.002303139,0,0,Low Risk
CUST_005450,0.011068913,0,0,Low Risk
CUST_005451,0.9966409,1,1,High Risk
CUST_005452,0.9993048,1,1,High Risk
CUST_005453,0.9982815,1,1,High Risk
CUST_005454,0.43027046,0,1,Medium Risk
CUST_005455,0.034455087,0,0,Low Risk
CUST_005456,0.010612712,0,0,Low Risk
CUST_005457,0.00443261,0,0,Low Risk
CUST_005458,0.7849451,1,1,High Risk
CUST_005459,0.03727419,0,0,Low Risk
CUST_005460,0.006674218,0,0,Low Risk
CUST_005461,0.0066117463,0,0,Low Risk
CUST_005462,0.031576853,0,0,Low Risk
CUST_005463,0.99905056,1,1,High Risk
CUST_005464,0.011980798,0,0,Low Risk
CUST_005465,0.0038666388,0,0,Low Risk
CUST_005466,0.87562406,1,1,High Risk
CUST_005467,0.91509795,1,1,High Risk
CUST_005468,0.061948016,0,0,Low Risk
CUST_005469,0.0045987503,0,0,Low Risk
CUST_005470,0.98288786,1,1,High Risk
CUST_005471,0.9998381,1,1,High Risk
CUST_005472,0.0024716966,0,0,Low Risk
CUST_005473,0.024457494,0,0,Low Risk
CUST_005474,0.9940798,1,1,High Risk
CUST_005475,0.99976546,1,1,High Risk
CUST_005476,0.9998447,1,1,High Risk
CUST_005477,0.026132302,0,0,Low Risk
CUST_005478,0.99895775,1,1,High Risk
CUST_005479,0.035910755,0,0,Low Risk
CUST_005480,0.10077685,0,0,Low Risk
CUST_005481,0.07119535,0,0,Low Risk
CUST_005482,0.013024799,0,0,Low Risk
CUST_005483,0.67057794,1,0,High Risk
CUST_005484,0.093454264,0,0,Low Risk
CUST_005485,0.015649708,0,0,Low Risk
CUST_005486,0.029941428,0,0,Low Risk
CUST_005487,0.94582564,1,1,High Risk
CUST_005488,0.029081505,0,0,Low Risk
CUST_005489,0.269989,0,0,Low Risk
CUST_005490,0.019764256,0,0,Low Risk
CUST_005491,0.9991352,1,1,High Risk
CUST_005492,0.020949107,0,0,Low Risk
CUST_005493,0.026045287,0,0,Low Risk
CUST_005494,0.018368086,0,0,Low Risk
CUST_005495,0.99969625,1,1,High Risk
CUST_005496,0.017349884,0,0,Low Risk
CUST_005497,0.9994955,1,1,High Risk
CUST_005498,0.0065494273,0,0,Low Risk
CUST_005499,0.10308973,0,0,Low Risk
CUST_005500,0.99928814,1,1,High Risk
CUST_005501,0.015956704,0,0,Low Risk
CUST_005502,0.017264575,0,0,Low Risk
CUST_005503,0.99887604,1,1,High Risk
CUST_005504,0.020637376,0,0,Low Risk
CUST_005505,0.9986136,1,1,High Risk
CUST_005506,0.008601422,0,0,Low Risk
CUST_005507,0.9994917,1,1,High Risk
CUST_005508,0.02271574,0,0,Low Risk
CUST_005509,0.01396993,0,0,Low Risk
CUST_005510,0.0019019372,0,0,Low Risk
CUST_005511,0.08168534,0,1,Low Risk
CUST_005512,0.7715403,1,1,High Risk
CUST_005513,0.17235559,0,0,Low Risk
CUST_005514,0.02411326,0,0,Low Risk
CUST_005515,0.054459866,0,0,Low Risk
CUST_005516,0.0075272126,0,0,Low Risk
CUST_005517,0.08579171,0,0,Low Risk
CUST_005518,0.015317936,0,0,Low Risk
CUST_005519,0.006321319,0,0,Low Risk
CUST_005520,0.05370108,0,0,Low Risk
CUST_005521,0.022283858,0,0,Low Risk
CUST_005522,0.042668864,0,0,Low Risk
CUST_005523,0.03430633,0,0,Low Risk
CUST_005524,0.0065604197,0,0,Low Risk
CUST_005525,0.031953193,0,0,Low Risk
CUST_005526,0.060884174,0,0,Low Risk
CUST_005527,0.0033840227,0,0,Low Risk
CUST_005528,0.031677894,0,0,Low Risk
CUST_005529,0.008347549,0,0,Low Risk
CUST_005530,0.9995041,1,1,High Risk
CUST_005531,0.9982399,1,1,High Risk
CUST_005532,0.009831675,0,0,Low Risk
CUST_005533,0.9998306,1,1,High Risk
CUST_005534,0.010759883,0,0,Low Risk
CUST_005535,0.22887184,0,0,Low Risk
CUST_005536,0.06762629,0,0,Low Risk
CUST_005537,0.9998944,1,1,High Risk
CUST_005538,0.04445079,0,0,Low Risk
CUST_005539,0.038312607,0,0,Low Risk
CUST_005540,0.9982204,1,1,High Risk
CUST_005541,0.99978966,1,1,High Risk
CUST_005542,0.028748682,0,0,Low Risk
CUST_005543,0.015369454,0,0,Low Risk
CUST_005544,0.9819042,1,1,High Risk
CUST_005545,0.9925809,1,1,High Risk
CUST_005546,0.9992717,1,1,High Risk
CUST_005547,0.005678151,0,0,Low Risk
CUST_005548,0.007926861,0,0,Low Risk
CUST_005549,0.02780081,0,0,Low Risk
CUST_005550,0.9997539,1,1,High Risk
CUST_005551,0.9998074,1,1,High Risk
CUST_005552,0.0069773314,0,0,Low Risk
CUST_005553,0.0056922673,0,0,Low Risk
CUST_005554,0.9966929,1,1,High Risk
CUST_005555,0.24601196,0,0,Low Risk
CUST_005556,0.10050155,0,0,Low Risk
CUST_005557,0.023893962,0,0,Low Risk
CUST_005558,0.99977034,1,1,High Risk
CUST_005559,0.14818601,0,0,Low Risk
CUST_005560,0.00879206,0,0,Low Risk
CUST_005561,0.44485992,0,0,Medium Risk
CUST_005562,0.011470057,0,0,Low Risk
CUST_005563,0.046812445,0,0,Low Risk
CUST_005564,0.97285527,1,1,High Risk
CUST_005565,0.023051584,0,0,Low Risk
CUST_005566,0.9971084,1,1,High Risk
CUST_005567,0.9966454,1,1,High Risk
CUST_005568,0.99927753,1,1,High Risk
CUST_005569,0.05114082,0,0,Low Risk
CUST_005570,0.52103466,1,0,Medium Risk
CUST_005571,0.9940474,1,1,High Risk
CUST_005572,0.9981134,1,1,High Risk
CUST_005573,0.9995216,1,1,High Risk
CUST_005574,0.6848415,1,1,High Risk
CUST_005575,0.1753258,0,0,Low Risk
CUST_005576,0.99694306,1,1,High Risk
CUST_005577,0.15602127,0,0,Low Risk
CUST_005578,0.11011247,0,0,Low Risk
CUST_005579,0.093238585,0,0,Low Risk
CUST_005580,0.023229921,0,0,Low Risk
CUST_005581,0.0045743547,0,0,Low Risk
CUST_005582,0.85147625,1,1,High Risk
CUST_005583,0.021577518,0,0,Low Risk
CUST_005584,0.027363706,0,0,Low Risk
CUST_005585,0.012136458,0,0,Low Risk
CUST_005586,0.9993586,1,1,High Risk
CUST_005587,0.99859947,1,1,High Risk
CUST_005588,0.99922574,1,1,High Risk
CUST_005589,0.038116172,0,0,Low Risk
CUST_005590,0.0059930454,0,0,Low Risk
CUST_005591,0.9997451,1,1,High Risk
CUST_005592,0.017956806,0,0,Low Risk
CUST_005593,0.9909734,1,1,High Risk
CUST_005594,0.019210782,0,0,Low Risk
CUST_005595,0.7633756,1,1,High Risk
CUST_005596,0.08339795,0,0,Low Risk
CUST_005597,0.012993507,0,0,Low Risk
CUST_005598,0.11395615,0,0,Low Risk
CUST_005599,0.032041572,0,0,Low Risk
CUST_005600,0.31283578,0,0,Low Risk
CUST_005601,0.010258499,0,0,Low Risk
CUST_005602,0.99876785,1,1,High Risk
CUST_005603,0.034797672,0,0,Low Risk
CUST_005604,0.015872957,0,0,Low Risk
CUST_005605,0.9951709,1,1,High Risk
CUST_005606,0.008080847,0,0,Low Risk
CUST_005607,0.016722579,0,0,Low Risk
CUST_005608,0.011855958,0,0,Low Risk
CUST_005609,0.00848029,0,0,Low Risk
CUST_005610,0.9984591,1,1,High Risk
CUST_005611,0.90088093,1,0,High Risk
CUST_005612,0.046422195,0,0,Low Risk
CUST_005613,0.99838114,1,1,High Risk
CUST_005614,0.008363388,0,0,Low Risk
CUST_005615,0.1326435,0,0,Low Risk
CUST_005616,0.9980478,1,1,High Risk
CUST_005617,0.06359111,0,0,Low Risk
CUST_005618,0.13200793,0,0,Low Risk
CUST_005619,0.0118796285,0,0,Low Risk
CUST_005620,0.004156749,0,0,Low Risk
CUST_005621,0.06581601,0,0,Low Risk
CUST_005622,0.05080556,0,0,Low Risk
CUST_005623,0.049006213,0,0,Low Risk
CUST_005624,0.9987968,1,1,High Risk
CUST_005625,0.5126817,1,1,Medium Risk
CUST_005626,0.018196745,0,0,Low Risk
CUST_005627,0.9991042,1,1,High Risk
CUST_005628,0.022313844,0,0,Low Risk
CUST_005629,0.0073271957,0,0,Low Risk
CUST_005630,0.04460984,0,0,Low Risk
CUST_005631,0.0061925384,0,0,Low Risk
CUST_005632,0.014146315,0,0,Low Risk
CUST_005633,0.021874133,0,0,Low Risk
CUST_005634,0.0051117064,0,0,Low Risk
CUST_005635,0.0043324335,0,0,Low Risk
CUST_005636,0.25021103,0,0,Low Risk
CUST_005637,0.008695862,0,0,Low Risk
CUST_005638,0.041307785,0,0,Low Risk
CUST_005639,0.014533012,0,0,Low Risk
CUST_005640,0.054767817,0,0,Low Risk
CUST_005641,0.999574,1,1,High Risk
CUST_005642,0.99859744,1,1,High Risk
CUST_005643,0.996431,1,1,High Risk
CUST_005644,0.050825402,0,0,Low Risk
CUST_005645,0.0046852655,0,0,Low Risk
CUST_005646,0.0019406102,0,0,Low Risk
CUST_005647,0.03281222,0,0,Low Risk
CUST_005648,0.0039226203,0,0,Low Risk
CUST_005649,0.017333275,0,0,Low Risk
CUST_005650,0.9601497,1,1,High Risk
CUST_005651,0.012335444,0,0,Low Risk
CUST_005652,0.051052477,0,0,Low Risk
CUST_005653,0.003507838,0,0,Low Risk
CUST_005654,0.021282688,0,0,Low Risk
CUST_005655,0.006471861,0,0,Low Risk
CUST_005656,0.0021652447,0,0,Low Risk
CUST_005657,0.051491626,0,0,Low Risk
CUST_005658,0.4426942,0,0,Medium Risk
CUST_005659,0.9994779,1,1,High Risk
CUST_005660,0.038371567,0,0,Low Risk
CUST_005661,0.012846986,0,0,Low Risk
CUST_005662,0.0203618,0,0,Low Risk
CUST_005663,0.99977857,1,1,High Risk
CUST_005664,0.004692342,0,0,Low Risk
CUST_005665,0.010598583,0,0,Low Risk
CUST_005666,0.999742,1,1,High Risk
CUST_005667,0.02409699,0,0,Low Risk
CUST_005668,0.97658485,1,1,High Risk
CUST_005669,0.045767307,0,0,Low Risk
CUST_005670,0.99923253,1,1,High Risk
CUST_005671,0.9997491,1,1,High Risk
CUST_005672,0.020287253,0,0,Low Risk
CUST_005673,0.012489959,0,0,Low Risk
CUST_005674,0.23398575,0,0,Low Risk
CUST_005675,0.01250175,0,0,Low Risk
CUST_005676,0.019460678,0,0,Low Risk
CUST_005677,0.9996099,1,1,High Risk
CUST_005678,0.032230195,0,0,Low Risk
CUST_005679,0.002454911,0,0,Low Risk
CUST_005680,0.03547876,0,0,Low Risk
CUST_005681,0.016086021,0,0,Low Risk
CUST_005682,0.99975055,1,1,High Risk
CUST_005683,0.047944434,0,0,Low Risk
CUST_005684,0.02396908,0,0,Low Risk
CUST_005685,0.03433469,0,0,Low Risk
CUST_005686,0.99985003,1,1,High Risk
CUST_005687,0.99379855,1,1,High Risk
CUST_005688,0.013448833,0,0,Low Risk
CUST_005689,0.055460345,0,0,Low Risk
CUST_005690,0.9945827,1,1,High Risk
CUST_005691,0.011143273,0,0,Low Risk
CUST_005692,0.03332937,0,0,Low Risk
CUST_005693,0.038570743,0,0,Low Risk
CUST_005694,0.6207304,1,0,Medium Risk
CUST_005695,0.9997433,1,1,High Risk
CUST_005696,0.039801363,0,0,Low Risk
CUST_005697,0.013039352,0,0,Low Risk
CUST_005698,0.05262505,0,0,Low Risk
CUST_005699,0.013428786,0,0,Low Risk
CUST_005700,0.008333433,0,0,Low Risk
CUST_005701,0.9996816,1,1,High Risk
CUST_005702,0.9784842,1,1,High Risk
CUST_005703,0.008605584,0,0,Low Risk
CUST_005704,0.089859165,0,0,Low Risk
CUST_005705,0.059956424,0,0,Low Risk
CUST_005706,0.011046835,0,0,Low Risk
CUST_005707,0.025573589,0,0,Low Risk
CUST_005708,0.03688138,0,0,Low Risk
CUST_005709,0.019295495,0,0,Low Risk
CUST_005710,0.008817016,0,0,Low Risk
CUST_005711,0.62046367,1,0,Medium Risk
CUST_005712,0.23421134,0,0,Low Risk
CUST_005713,0.042219523,0,0,Low Risk
CUST_005714,0.995501,1,1,High Risk
CUST_005715,0.03470851,0,0,Low Risk
CUST_005716,0.0126286,0,0,Low Risk
CUST_005717,0.9997367,1,1,High Risk
CUST_005718,0.005861425,0,0,Low Risk
CUST_005719,0.005471407,0,0,Low Risk
CUST_005720,0.99458367,1,1,High Risk
CUST_005721,0.06271481,0,0,Low Risk
CUST_005722,0.054800607,0,0,Low Risk
CUST_005723,0.0041475906,0,0,Low Risk
CUST_005724,0.010097653,0,0,Low Risk
CUST_005725,0.016661797,0,0,Low Risk
CUST_005726,0.9992735,1,1,High Risk
CUST_005727,0.2148561,0,1,Low Risk
CUST_005728,0.012014265,0,0,Low Risk
CUST_005729,0.042584393,0,0,Low Risk
CUST_005730,0.02007321,0,0,Low Risk
CUST_005731,0.9997055,1,1,High Risk
CUST_005732,0.03443344,0,0,Low Risk
CUST_005733,0.99323696,1,1,High Risk
CUST_005734,0.9988005,1,1,High Risk
CUST_005735,0.028855644,0,0,Low Risk
CUST_005736,0.029318798,0,0,Low Risk
CUST_005737,0.016395388,0,0,Low Risk
CUST_005738,0.005977799,0,0,Low Risk
CUST_005739,0.010057641,0,0,Low Risk
CUST_005740,0.03291908,0,0,Low Risk
CUST_005741,0.041462917,0,0,Low Risk
CUST_005742,0.026447298,0,0,Low Risk
CUST_005743,0.7818086,1,1,High Risk
CUST_005744,0.0037472143,0,0,Low Risk
CUST_005745,0.053613815,0,0,Low Risk
CUST_005746,0.9997271,1,1,High Risk
CUST_005747,0.19342197,0,0,Low Risk
CUST_005748,0.39051554,0,1,Medium Risk
CUST_005749,0.011910582,0,0,Low Risk
CUST_005750,0.0011602521,0,0,Low Risk
CUST_005751,0.021614723,0,0,Low Risk
CUST_005752,0.0046912134,0,0,Low Risk
CUST_005753,0.99049544,1,1,High Risk
CUST_005754,0.04192814,0,0,Low Risk
CUST_005755,0.023658248,0,0,Low Risk
CUST_005756,0.012696376,0,0,Low Risk
CUST_005757,0.008042651,0,0,Low Risk
CUST_005758,0.03396646,0,0,Low Risk
CUST_005759,0.9990901,1,1,High Risk
CUST_005760,0.021296035,0,0,Low Risk
CUST_005761,0.9905076,1,1,High Risk
CUST_005762,0.9934777,1,1,High Risk
CUST_005763,0.007936349,0,0,Low Risk
CUST_005764,0.0049982825,0,0,Low Risk
CUST_005765,0.9972873,1,1,High Risk
CUST_005766,0.013516308,0,0,Low Risk
CUST_005767,0.0017684276,0,0,Low Risk
CUST_005768,0.007272036,0,0,Low Risk
CUST_005769,0.09787285,0,0,Low Risk
CUST_005770,0.02198069,0,0,Low Risk
CUST_005771,0.00990032,0,0,Low Risk
CUST_005772,0.99958974,1,1,High Risk
CUST_005773,0.99559,1,1,High Risk
CUST_005774,0.010779863,0,0,Low Risk
CUST_005775,0.99931467,1,1,High Risk
CUST_005776,0.026240943,0,0,Low Risk
CUST_005777,0.018996803,0,0,Low Risk
CUST_005778,0.020838384,0,0,Low Risk
CUST_005779,0.99932206,1,1,High Risk
CUST_005780,0.99807113,1,1,High Risk
CUST_005781,0.99984884,1,1,High Risk
CUST_005782,0.2846557,0,0,Low Risk
CUST_005783,0.0070696436,0,0,Low Risk
CUST_005784,0.99885106,1,1,High Risk
CUST_005785,0.009147447,0,0,Low Risk
CUST_005786,0.016242048,0,0,Low Risk
CUST_005787,0.030550614,0,0,Low Risk
CUST_005788,0.10890773,0,0,Low Risk
CUST_005789,0.05439289,0,0,Low Risk
CUST_005790,0.013000938,0,0,Low Risk
CUST_005791,0.028194794,0,0,Low Risk
CUST_005792,0.27678508,0,0,Low Risk
CUST_005793,0.07869872,0,0,Low Risk
CUST_005794,0.03293555,0,0,Low Risk
CUST_005795,0.08922341,0,0,Low Risk
CUST_005796,0.006560969,0,0,Low Risk
CUST_005797,0.61418706,1,0,Medium Risk
CUST_005798,0.990716,1,1,High Risk
CUST_005799,0.0028877088,0,0,Low Risk
CUST_005800,0.0037299744,0,0,Low Risk
CUST_005801,0.017083837,0,0,Low Risk
CUST_005802,0.9962476,1,1,High Risk
CUST_005803,0.058102086,0,0,Low Risk
CUST_005804,0.08972594,0,0,Low Risk
CUST_005805,0.019070875,0,0,Low Risk
CUST_005806,0.0049227206,0,0,Low Risk
CUST_005807,0.6721326,1,1,High Risk
CUST_005808,0.058965173,0,0,Low Risk
CUST_005809,0.9994215,1,1,High Risk
CUST_005810,0.03128867,0,0,Low Risk
CUST_005811,0.12113317,0,0,Low Risk
CUST_005812,0.95734036,1,1,High Risk
CUST_005813,0.9995752,1,1,High Risk
CUST_005814,0.022612533,0,0,Low Risk
CUST_005815,0.9991837,1,1,High Risk
CUST_005816,0.9989833,1,1,High Risk
CUST_005817,0.9993018,1,1,High Risk
CUST_005818,0.33576694,0,0,Low Risk
CUST_005819,0.023670394,0,0,Low Risk
CUST_005820,0.96432567,1,1,High Risk
CUST_005821,0.016960043,0,0,Low Risk
CUST_005822,0.9998252,1,1,High Risk
CUST_005823,0.015384125,0,0,Low Risk
CUST_005824,0.020372493,0,0,Low Risk
CUST_005825,0.038535662,0,0,Low Risk
CUST_005826,0.023756357,0,0,Low Risk
CUST_005827,0.0025089933,0,0,Low Risk
CUST_005828,0.9984884,1,1,High Risk
CUST_005829,0.9960337,1,1,High Risk
CUST_005830,0.20268834,0,0,Low Risk
CUST_005831,0.01792913,0,0,Low Risk
CUST_005832,0.006009942,0,0,Low Risk
CUST_005833,0.07780335,0,0,Low Risk
CUST_005834,0.185885,0,0,Low Risk
CUST_005835,0.023742797,0,0,Low Risk
CUST_005836,0.114554554,0,0,Low Risk
CUST_005837,0.9927953,1,1,High Risk
CUST_005838,0.014828193,0,0,Low Risk
CUST_005839,0.998811,1,1,High Risk
CUST_005840,0.9974316,1,1,High Risk
CUST_005841,0.2699805,0,1,Low Risk
CUST_005842,0.001431839,0,0,Low Risk
CUST_005843,0.99812,1,1,High Risk
CUST_005844,0.0969497,0,0,Low Risk
CUST_005845,0.007060498,0,0,Low Risk
CUST_005846,0.9996197,1,1,High Risk
CUST_005847,0.99056315,1,1,High Risk
CUST_005848,0.0029558209,0,0,Low Risk
CUST_005849,0.9979936,1,1,High Risk
CUST_005850,0.034416292,0,0,Low Risk
CUST_005851,0.51467246,1,0,Medium Risk
CUST_005852,0.7743316,1,1,High Risk
CUST_005853,0.022800034,0,0,Low Risk
CUST_005854,0.009942608,0,0,Low Risk
CUST_005855,0.42725784,0,0,Medium Risk
CUST_005856,0.012232998,0,0,Low Risk
CUST_005857,0.9977222,1,1,High Risk
CUST_005858,0.011634775,0,0,Low Risk
CUST_005859,0.999542,1,1,High Risk
CUST_005860,0.99873227,1,1,High Risk
CUST_005861,0.9989945,1,1,High Risk
CUST_005862,0.0045294487,0,0,Low Risk
CUST_005863,0.11518872,0,0,Low Risk
CUST_005864,0.026564991,0,0,Low Risk
CUST_005865,0.021321932,0,0,Low Risk
CUST_005866,0.030326655,0,0,Low Risk
CUST_005867,0.008603004,0,0,Low Risk
CUST_005868,0.024770902,0,0,Low Risk
CUST_005869,0.0073801544,0,0,Low Risk
CUST_005870,0.9995788,1,1,High Risk
CUST_005871,0.019597089,0,0,Low Risk
CUST_005872,0.0023844582,0,0,Low Risk
CUST_005873,0.005195228,0,0,Low Risk
CUST_005874,0.022702571,0,0,Low Risk
CUST_005875,0.99952185,1,1,High Risk
CUST_005876,0.9913283,1,1,High Risk
CUST_005877,0.024657074,0,0,Low Risk
CUST_005878,0.0039995885,0,0,Low Risk
CUST_005879,0.014093968,0,0,Low Risk
CUST_005880,0.004094446,0,0,Low Risk
CUST_005881,0.015961152,0,0,Low Risk
CUST_005882,0.0057030185,0,0,Low Risk
CUST_005883,0.29489148,0,0,Low Risk
CUST_005884,0.022321086,0,0,Low Risk
CUST_005885,0.03009734,0,0,Low Risk
CUST_005886,0.99844724,1,1,High Risk
CUST_005887,0.99893266,1,1,High Risk
CUST_005888,0.12271603,0,0,Low Risk
CUST_005889,0.99648666,1,1,High Risk
CUST_005890,0.0070408485,0,0,Low Risk
CUST_005891,0.024346353,0,0,Low Risk
CUST_005892,0.13902064,0,1,Low Risk
CUST_005893,0.9977538,1,1,High Risk
CUST_005894,0.9994104,1,1,High Risk
CUST_005895,0.009971428,0,0,Low Risk
CUST_005896,0.48681173,0,1,Medium Risk
CUST_005897,0.015186218,0,0,Low Risk
CUST_005898,0.95626086,1,1,High Risk
CUST_005899,0.048725758,0,0,Low Risk
CUST_005900,0.09375345,0,0,Low Risk
CUST_005901,0.028715337,0,0,Low Risk
CUST_005902,0.0034335682,0,0,Low Risk
CUST_005903,0.021755299,0,0,Low Risk
CUST_005904,0.9976412,1,1,High Risk
CUST_005905,0.016963476,0,0,Low Risk
CUST_005906,0.23707852,0,0,Low Risk
CUST_005907,0.0125766685,0,0,Low Risk
CUST_005908,0.9991271,1,1,High Risk
CUST_005909,0.032417692,0,0,Low Risk
CUST_005910,0.37655887,0,0,Medium Risk
CUST_005911,0.9961935,1,1,High Risk
CUST_005912,0.031508707,0,0,Low Risk
CUST_005913,0.01346685,0,0,Low Risk
CUST_005914,0.0025114622,0,0,Low Risk
CUST_005915,0.0046839807,0,0,Low Risk
CUST_005916,0.09471476,0,0,Low Risk
CUST_005917,0.9999156,1,1,High Risk
CUST_005918,0.015657745,0,0,Low Risk
CUST_005919,0.9997664,1,1,High Risk
CUST_005920,0.9966595,1,1,High Risk
CUST_005921,0.025196018,0,0,Low Risk
CUST_005922,0.34144947,0,0,Low Risk
CUST_005923,0.99982244,1,1,High Risk
CUST_005924,0.015909482,0,0,Low Risk
CUST_005925,0.9953454,1,1,High Risk
CUST_005926,0.9980793,1,1,High Risk
CUST_005927,0.017961524,0,0,Low Risk
CUST_005928,0.04434663,0,0,Low Risk
CUST_005929,0.0030001795,0,0,Low Risk
CUST_005930,0.99927706,1,1,High Risk
CUST_005931,0.13029811,0,0,Low Risk
CUST_005932,0.005990674,0,0,Low Risk
CUST_005933,0.04095943,0,0,Low Risk
CUST_005934,0.017516859,0,0,Low Risk
CUST_005935,0.03788066,0,0,Low Risk
CUST_005936,0.9981565,1,1,High Risk
CUST_005937,0.006547628,0,0,Low Risk
CUST_005938,0.9998092,1,1,High Risk
CUST_005939,0.036407962,0,0,Low Risk
CUST_005940,0.018939175,0,0,Low Risk
CUST_005941,0.99951994,1,1,High Risk
CUST_005942,0.022666547,0,0,Low Risk
CUST_005943,0.03034686,0,0,Low Risk
CUST_005944,0.24681209,0,1,Low Risk
CUST_005945,0.00802541,0,0,Low Risk
CUST_005946,0.003051439,0,0,Low Risk
CUST_005947,0.0014409573,0,0,Low Risk
CUST_005948,0.022977268,0,0,Low Risk
CUST_005949,0.087263525,0,0,Low Risk
CUST_005950,0.31053194,0,0,Low Risk
CUST_005951,0.018371083,0,0,Low Risk
CUST_005952,0.99490535,1,1,High Risk
CUST_005953,0.02542527,0,0,Low Risk
CUST_005954,0.061036177,0,0,Low Risk
CUST_005955,0.02014211,0,0,Low Risk
CUST_005956,0.011122752,0,0,Low Risk
CUST_005957,0.02584591,0,0,Low Risk
CUST_005958,0.046455327,0,0,Low Risk
CUST_005959,0.019048413,0,0,Low Risk
CUST_005960,0.013972873,0,0,Low Risk
CUST_005961,0.99746776,1,1,High Risk
CUST_005962,0.0032314262,0,0,Low Risk
CUST_005963,0.93134713,1,1,High Risk
CUST_005964,0.11163724,0,0,Low Risk
CUST_005965,0.005742207,0,0,Low Risk
CUST_005966,0.9983646,1,1,High Risk
CUST_005967,0.006866717,0,0,Low Risk
CUST_005968,0.99936324,1,1,High Risk
CUST_005969,0.0046329475,0,0,Low Risk
CUST_005970,0.0149133885,0,0,Low Risk
CUST_005971,0.9987136,1,1,High Risk
CUST_005972,0.010146094,0,0,Low Risk
CUST_005973,0.019603672,0,0,Low Risk
CUST_005974,0.02499243,0,0,Low Risk
CUST_005975,0.017056195,0,0,Low Risk
CUST_005976,0.098242246,0,0,Low Risk
CUST_005977,0.004735277,0,0,Low Risk
CUST_005978,0.041667286,0,0,Low Risk
CUST_005979,0.005976054,0,0,Low Risk
CUST_005980,0.025316818,0,0,Low Risk
CUST_005981,0.24213856,0,0,Low Risk
CUST_005982,0.9938412,1,1,High Risk
CUST_005983,0.011177852,0,0,Low Risk
CUST_005984,0.0021365476,0,0,Low Risk
CUST_005985,0.0044458443,0,0,Low Risk
CUST_005986,0.25425473,0,0,Low Risk
CUST_005987,0.97790956,1,1,High Risk
CUST_005988,0.010162897,0,0,Low Risk
CUST_005989,0.99879044,1,1,High Risk
CUST_005990,0.014644274,0,0,Low Risk
CUST_005991,0.9986349,1,1,High Risk
CUST_005992,0.01674691,0,0,Low Risk
CUST_005993,0.010999089,0,0,Low Risk
CUST_005994,0.03275401,0,0,Low Risk
CUST_005995,0.022678377,0,0,Low Risk
CUST_005996,0.0019388361,0,0,Low Risk
CUST_005997,0.012127326,0,0,Low Risk
CUST_005998,0.0047529237,0,0,Low Risk
CUST_005999,0.02250204,0,0,Low Risk
CUST_006000,0.9945156,1,1,High Risk
CUST_006001,0.013067856,0,0,Low Risk
CUST_006002,0.037330717,0,0,Low Risk
CUST_006003,0.99948287,1,1,High Risk
CUST_006004,0.0128422035,0,0,Low Risk
CUST_006005,0.16496883,0,0,Low Risk
CUST_006006,0.030793788,0,0,Low Risk
CUST_006007,0.99888235,1,1,High Risk
CUST_006008,0.69916445,1,0,High Risk
CUST_006009,0.99914515,1,1,High Risk
CUST_006010,0.023131944,0,0,Low Risk
CUST_006011,0.07061426,0,0,Low Risk
CUST_006012,0.9906544,1,1,High Risk
CUST_006013,0.99948287,1,1,High Risk
CUST_006014,0.014118976,0,0,Low Risk
CUST_006015,0.99927145,1,1,High Risk
CUST_006016,0.9994093,1,1,High Risk
CUST_006017,0.0058431565,0,0,Low Risk
CUST_006018,0.9906685,1,1,High Risk
CUST_006019,0.87399375,1,1,High Risk
CUST_006020,0.9992563,1,1,High Risk
CUST_006021,0.01063475,0,0,Low Risk
CUST_006022,0.032548618,0,0,Low Risk
CUST_006023,0.99961543,1,1,High Risk
CUST_006024,0.015140979,0,0,Low Risk
CUST_006025,0.9989184,1,1,High Risk
CUST_006026,0.99887925,1,1,High Risk
CUST_006027,0.9978764,1,1,High Risk
CUST_006028,0.9960044,1,1,High Risk
CUST_006029,0.0020641084,0,0,Low Risk
CUST_006030,0.97948015,1,1,High Risk
CUST_006031,0.006737885,0,0,Low Risk
CUST_006032,0.03174931,0,0,Low Risk
CUST_006033,0.998869,1,1,High Risk
CUST_006034,0.0232271,0,0,Low Risk
CUST_006035,0.0054463735,0,0,Low Risk
CUST_006036,0.017083628,0,0,Low Risk
CUST_006037,0.20146127,0,0,Low Risk
CUST_006038,0.9996118,1,1,High Risk
CUST_006039,0.018300746,0,0,Low Risk
CUST_006040,0.9998865,1,1,High Risk
CUST_006041,0.9997693,1,1,High Risk
CUST_006042,0.99918514,1,1,High Risk
CUST_006043,0.9982724,1,1,High Risk
CUST_006044,0.07034977,0,0,Low Risk
CUST_006045,0.79741323,1,1,High Risk
CUST_006046,0.8258678,1,1,High Risk
CUST_006047,0.45296592,0,0,Medium Risk
CUST_006048,0.03817582,0,0,Low Risk
CUST_006049,0.985225,1,1,High Risk
CUST_006050,0.049576294,0,0,Low Risk
CUST_006051,0.090833314,0,0,Low Risk
CUST_006052,0.99961215,1,1,High Risk
CUST_006053,0.025616819,0,0,Low Risk
CUST_006054,0.16565788,0,0,Low Risk
CUST_006055,0.03184415,0,0,Low Risk
CUST_006056,0.9996357,1,1,High Risk
CUST_006057,0.99963653,1,1,High Risk
CUST_006058,0.0470805,0,0,Low Risk
CUST_006059,0.99975675,1,1,High Risk
CUST_006060,0.043608047,0,1,Low Risk
CUST_006061,0.016492374,0,0,Low Risk
CUST_006062,0.017417781,0,0,Low Risk
CUST_006063,0.0017238065,0,0,Low Risk
CUST_006064,0.023487825,0,0,Low Risk
CUST_006065,0.056310363,0,0,Low Risk
CUST_006066,0.25244516,0,0,Low Risk
CUST_006067,0.99696165,1,1,High Risk
CUST_006068,0.0057231113,0,0,Low Risk
CUST_006069,0.012779337,0,0,Low Risk
CUST_006070,0.019536704,0,0,Low Risk
CUST_006071,0.0023787506,0,0,Low Risk
CUST_006072,0.044080593,0,0,Low Risk
CUST_006073,0.019190878,0,0,Low Risk
CUST_006074,0.0055842716,0,0,Low Risk
CUST_006075,0.9993419,1,1,High Risk
CUST_006076,0.0046749124,0,0,Low Risk
CUST_006077,0.99980503,1,1,High Risk
CUST_006078,0.018729096,0,0,Low Risk
CUST_006079,0.00201775,0,0,Low Risk
CUST_006080,0.0083475085,0,0,Low Risk
CUST_006081,0.9912459,1,1,High Risk
CUST_006082,0.9997546,1,1,High Risk
CUST_006083,0.0034489331,0,0,Low Risk
CUST_006084,0.011443266,0,0,Low Risk
CUST_006085,0.551913,1,1,Medium Risk
CUST_006086,0.99983704,1,1,High Risk
CUST_006087,0.999739,1,1,High Risk
CUST_006088,0.053724546,0,0,Low Risk
CUST_006089,0.064165674,0,0,Low Risk
CUST_006090,0.05715954,0,0,Low Risk
CUST_006091,0.16289547,0,0,Low Risk
CUST_006092,0.038593184,0,0,Low Risk
CUST_006093,0.0019336115,0,0,Low Risk
CUST_006094,0.008898245,0,0,Low Risk
CUST_006095,0.03682562,0,0,Low Risk
CUST_006096,0.040803947,0,0,Low Risk
CUST_006097,0.005628234,0,0,Low Risk
CUST_006098,0.0141276,0,0,Low Risk
CUST_006099,0.58022577,1,1,Medium Risk
CUST_006100,0.9985845,1,1,High Risk
CUST_006101,0.027845358,0,0,Low Risk
CUST_006102,0.99985707,1,1,High Risk
CUST_006103,0.037618965,0,0,Low Risk
CUST_006104,0.9982836,1,1,High Risk
CUST_006105,0.013492728,0,0,Low Risk
CUST_006106,0.042954758,0,0,Low Risk
CUST_006107,0.041817106,0,0,Low Risk
CUST_006108,0.0035830494,0,0,Low Risk
CUST_006109,0.08413274,0,0,Low Risk
CUST_006110,0.059245545,0,0,Low Risk
CUST_006111,0.0014218308,0,0,Low Risk
CUST_006112,0.9973476,1,1,High Risk
CUST_006113,0.13004977,0,0,Low Risk
CUST_006114,0.99970585,1,1,High Risk
CUST_006115,0.026824538,0,0,Low Risk
CUST_006116,0.029012637,0,0,Low Risk
CUST_006117,0.5969883,1,1,Medium Risk
CUST_006118,0.9983463,1,1,High Risk
CUST_006119,0.9990402,1,1,High Risk
CUST_006120,0.008491977,0,0,Low Risk
CUST_006121,0.053062506,0,0,Low Risk
CUST_006122,0.024971593,0,0,Low Risk
CUST_006123,0.46170005,0,1,Medium Risk
CUST_006124,0.9991148,1,1,High Risk
CUST_006125,0.98401016,1,1,High Risk
CUST_006126,0.9996722,1,1,High Risk
CUST_006127,0.020304836,0,0,Low Risk
CUST_006128,0.013598194,0,0,Low Risk
CUST_006129,0.013824055,0,0,Low Risk
CUST_006130,0.018877136,0,0,Low Risk
CUST_006131,0.037739903,0,0,Low Risk
CUST_006132,0.004282718,0,0,Low Risk
CUST_006133,0.024187895,0,0,Low Risk
CUST_006134,0.6035002,1,0,Medium Risk
CUST_006135,0.011075721,0,0,Low Risk
CUST_006136,0.048362773,0,0,Low Risk
CUST_006137,0.22196822,0,0,Low Risk
CUST_006138,0.0108018005,0,0,Low Risk
CUST_006139,0.027802505,0,0,Low Risk
CUST_006140,0.065090455,0,0,Low Risk
CUST_006141,0.07293249,0,0,Low Risk
CUST_006142,0.010869524,0,0,Low Risk
CUST_006143,0.009949393,0,0,Low Risk
CUST_006144,0.99859697,1,1,High Risk
CUST_006145,0.9988287,1,1,High Risk
CUST_006146,0.04565864,0,0,Low Risk
CUST_006147,0.9998217,1,1,High Risk
CUST_006148,0.9943627,1,1,High Risk
CUST_006149,0.031572968,0,0,Low Risk
CUST_006150,0.0041444306,0,0,Low Risk
CUST_006151,0.0118656205,0,0,Low Risk
CUST_006152,0.075428195,0,0,Low Risk
CUST_006153,0.04205822,0,0,Low Risk
CUST_006154,0.9949338,1,1,High Risk
CUST_006155,0.018916506,0,0,Low Risk
CUST_006156,0.01174459,0,0,Low Risk
CUST_006157,0.05277128,0,0,Low Risk
CUST_006158,0.0028987827,0,0,Low Risk
CUST_006159,0.015905585,0,0,Low Risk
CUST_006160,0.05720377,0,0,Low Risk
CUST_006161,0.99979335,1,1,High Risk
CUST_006162,0.026339266,0,0,Low Risk
CUST_006163,0.9995134,1,1,High Risk
CUST_006164,0.99976355,1,1,High Risk
CUST_006165,0.031637263,0,0,Low Risk
CUST_006166,0.0015028778,0,0,Low Risk
CUST_006167,0.25154424,0,0,Low Risk
CUST_006168,0.99827635,1,1,High Risk
CUST_006169,0.9983944,1,1,High Risk
CUST_006170,0.9987564,1,1,High Risk
CUST_006171,0.9996605,1,1,High Risk
CUST_006172,0.9697567,1,1,High Risk
CUST_006173,0.050604936,0,0,Low Risk
CUST_006174,0.027953576,0,0,Low Risk
CUST_006175,0.0069339573,0,0,Low Risk
CUST_006176,0.16208652,0,0,Low Risk
CUST_006177,0.016863102,0,0,Low Risk
CUST_006178,0.0025406517,0,0,Low Risk
CUST_006179,0.039259445,0,0,Low Risk
CUST_006180,0.04130669,0,0,Low Risk
CUST_006181,0.99689674,1,1,High Risk
CUST_006182,0.0027723655,0,0,Low Risk
CUST_006183,0.9869832,1,1,High Risk
CUST_006184,0.048114296,0,0,Low Risk
CUST_006185,0.14595124,0,0,Low Risk
CUST_006186,0.023915386,0,0,Low Risk
CUST_006187,0.031643063,0,0,Low Risk
CUST_006188,0.002540727,0,0,Low Risk
CUST_006189,0.99837434,1,1,High Risk
CUST_006190,0.018651322,0,0,Low Risk
CUST_006191,0.008237162,0,0,Low Risk
CUST_006192,0.02036922,0,0,Low Risk
CUST_006193,0.06137603,0,0,Low Risk
CUST_006194,0.99653983,1,1,High Risk
CUST_006195,0.013960173,0,0,Low Risk
CUST_006196,0.99927527,1,1,High Risk
CUST_006197,0.08227139,0,0,Low Risk
CUST_006198,0.9715466,1,1,High Risk
CUST_006199,0.9968353,1,1,High Risk
CUST_006200,0.0387833,0,0,Low Risk
CUST_006201,0.13214266,0,0,Low Risk
CUST_006202,0.1441353,0,0,Low Risk
CUST_006203,0.017820515,0,0,Low Risk
CUST_006204,0.016067587,0,0,Low Risk
CUST_006205,0.053010847,0,0,Low Risk
CUST_006206,0.99948776,1,1,High Risk
CUST_006207,0.009627271,0,0,Low Risk
CUST_006208,0.9998572,1,1,High Risk
CUST_006209,0.04093926,0,0,Low Risk
CUST_006210,0.0028790748,0,0,Low Risk
CUST_006211,0.040547118,0,0,Low Risk
CUST_006212,0.9985207,1,1,High Risk
CUST_006213,0.5526366,1,1,Medium Risk
CUST_006214,0.020849781,0,0,Low Risk
CUST_006215,0.6660689,1,0,High Risk
CUST_006216,0.0059422944,0,0,Low Risk
CUST_006217,0.99599314,1,1,High Risk
CUST_006218,0.029569788,0,0,Low Risk
CUST_006219,0.0036465256,0,0,Low Risk
CUST_006220,0.019693883,0,0,Low Risk
CUST_006221,0.064685866,0,0,Low Risk
CUST_006222,0.008754433,0,0,Low Risk
CUST_006223,0.03135173,0,0,Low Risk
CUST_006224,0.03609013,0,0,Low Risk
CUST_006225,0.99964,1,1,High Risk
CUST_006226,0.008850864,0,0,Low Risk
CUST_006227,0.060092025,0,0,Low Risk
CUST_006228,0.027349088,0,0,Low Risk
CUST_006229,0.99932945,1,1,High Risk
CUST_006230,0.047702026,0,0,Low Risk
CUST_006231,0.1577536,0,0,Low Risk
CUST_006232,0.020535901,0,0,Low Risk
CUST_006233,0.001625655,0,0,Low Risk
CUST_006234,0.0037580675,0,0,Low Risk
CUST_006235,0.007816273,0,0,Low Risk
CUST_006236,0.9977012,1,1,High Risk
CUST_006237,0.02285716,0,0,Low Risk
CUST_006238,0.018643059,0,0,Low Risk
CUST_006239,0.015336828,0,0,Low Risk
CUST_006240,0.042980805,0,0,Low Risk
CUST_006241,0.026869254,0,0,Low Risk
CUST_006242,0.9991375,1,1,High Risk
CUST_006243,0.006323853,0,0,Low Risk
CUST_006244,0.0771851,0,0,Low Risk
CUST_006245,0.08172798,0,0,Low Risk
CUST_006246,0.0043075345,0,0,Low Risk
CUST_006247,0.5428133,1,0,Medium Risk
CUST_006248,0.064837314,0,0,Low Risk
CUST_006249,0.0021488327,0,0,Low Risk
CUST_006250,0.011151152,0,0,Low Risk
CUST_006251,0.010601618,0,0,Low Risk
CUST_006252,0.0024093096,0,0,Low Risk
CUST_006253,0.036030408,0,0,Low Risk
CUST_006254,0.9979133,1,1,High Risk
CUST_006255,0.015153789,0,0,Low Risk
CUST_006256,0.0034955814,0,0,Low Risk
CUST_006257,0.08736831,0,0,Low Risk
CUST_006258,0.02630163,0,0,Low Risk
CUST_006259,0.056295164,0,0,Low Risk
CUST_006260,0.02609709,0,0,Low Risk
CUST_006261,0.009675653,0,0,Low Risk
CUST_006262,0.9989374,1,1,High Risk
CUST_006263,0.24779394,0,0,Low Risk
CUST_006264,0.9902969,1,1,High Risk
CUST_006265,0.10131431,0,0,Low Risk
CUST_006266,0.41950274,0,0,Medium Risk
CUST_006267,0.01101033,0,0,Low Risk
CUST_006268,0.6087904,1,1,Medium Risk
CUST_006269,0.040645495,0,0,Low Risk
CUST_006270,0.013800458,0,0,Low Risk
CUST_006271,0.94545424,1,1,High Risk
CUST_006272,0.010606307,0,0,Low Risk
CUST_006273,0.99986434,1,1,High Risk
CUST_006274,0.00980183,0,0,Low Risk
CUST_006275,0.020806098,0,0,Low Risk
CUST_006276,0.009540118,0,0,Low Risk
CUST_006277,0.0009942941,0,0,Low Risk
CUST_006278,0.023287108,0,0,Low Risk
CUST_006279,0.015279828,0,0,Low Risk
CUST_006280,0.9971552,1,1,High Risk
CUST_006281,0.040907398,0,0,Low Risk
CUST_006282,0.08042186,0,0,Low Risk
CUST_006283,0.009774936,0,0,Low Risk
CUST_006284,0.99982196,1,1,High Risk
CUST_006285,0.006768866,0,0,Low Risk
CUST_006286,0.3145394,0,0,Low Risk
CUST_006287,0.9932673,1,1,High Risk
CUST_006288,0.29463512,0,0,Low Risk
CUST_006289,0.010799431,0,0,Low Risk
CUST_006290,0.0035561402,0,0,Low Risk
CUST_006291,0.005729896,0,0,Low Risk
CUST_006292,0.86134017,1,1,High Risk
CUST_006293,0.012362581,0,0,Low Risk
CUST_006294,0.049759436,0,0,Low Risk
CUST_006295,0.99921656,1,1,High Risk
CUST_006296,0.012236225,0,0,Low Risk
CUST_006297,0.009003684,0,0,Low Risk
CUST_006298,0.044665676,0,0,Low Risk
CUST_006299,0.009253755,0,0,Low Risk
CUST_006300,0.04878767,0,0,Low Risk
CUST_006301,0.02532864,0,0,Low Risk
CUST_006302,0.026711514,0,0,Low Risk
CUST_006303,0.9898196,1,1,High Risk
CUST_006304,0.9965449,1,1,High Risk
CUST_006305,0.037719905,0,0,Low Risk
CUST_006306,0.033504255,0,0,Low Risk
CUST_006307,0.006514307,0,0,Low Risk
CUST_006308,0.9856257,1,1,High Risk
CUST_006309,0.12659475,0,0,Low Risk
CUST_006310,0.008674239,0,0,Low Risk
CUST_006311,0.9996921,1,1,High Risk
CUST_006312,0.016917482,0,0,Low Risk
CUST_006313,0.9900949,1,1,High Risk
CUST_006314,0.003322739,0,0,Low Risk
CUST_006315,0.017802555,0,0,Low Risk
CUST_006316,0.94997543,1,1,High Risk
CUST_006317,0.05293778,0,0,Low Risk
CUST_006318,0.017415944,0,0,Low Risk
CUST_006319,0.61518466,1,0,Medium Risk
CUST_006320,0.99738246,1,1,High Risk
CUST_006321,0.0075058765,0,0,Low Risk
CUST_006322,0.99978155,1,1,High Risk
CUST_006323,0.0054568904,0,0,Low Risk
CUST_006324,0.009526255,0,0,Low Risk
CUST_006325,0.0070934254,0,0,Low Risk
CUST_006326,0.9946557,1,1,High Risk
CUST_006327,0.023627099,0,0,Low Risk
CUST_006328,0.017084453,0,0,Low Risk
CUST_006329,0.039160114,0,0,Low Risk
CUST_006330,0.012150351,0,0,Low Risk
CUST_006331,0.9768147,1,1,High Risk
CUST_006332,0.99795926,1,1,High Risk
CUST_006333,0.03215753,0,0,Low Risk
CUST_006334,0.007539391,0,0,Low Risk
CUST_006335,0.03881796,0,0,Low Risk
CUST_006336,0.0034856512,0,0,Low Risk
CUST_006337,0.022990145,0,0,Low Risk
CUST_006338,0.02113031,0,0,Low Risk
CUST_006339,0.013447953,0,0,Low Risk
CUST_006340,0.080090255,0,0,Low Risk
CUST_006341,0.0026770653,0,0,Low Risk
CUST_006342,0.009912172,0,0,Low Risk
CUST_006343,0.072553,0,0,Low Risk
CUST_006344,0.9991922,1,1,High Risk
CUST_006345,0.99835724,1,1,High Risk
CUST_006346,0.9986242,1,1,High Risk
CUST_006347,0.10066763,0,0,Low Risk
CUST_006348,0.01653862,0,0,Low Risk
CUST_006349,0.05525008,0,0,Low Risk
CUST_006350,0.13612546,0,0,Low Risk
CUST_006351,0.036811627,0,0,Low Risk
CUST_006352,0.0102253435,0,0,Low Risk
CUST_006353,0.9973212,1,1,High Risk
CUST_006354,0.09822536,0,0,Low Risk
CUST_006355,0.20208691,0,0,Low Risk
CUST_006356,0.031157803,0,0,Low Risk
CUST_006357,0.98121005,1,1,High Risk
CUST_006358,0.10271039,0,0,Low Risk
CUST_006359,0.03918593,0,0,Low Risk
CUST_006360,0.99628323,1,1,High Risk
CUST_006361,0.0063151666,0,0,Low Risk
CUST_006362,0.14947876,0,1,Low Risk
CUST_006363,0.011789198,0,0,Low Risk
CUST_006364,0.03988188,0,0,Low Risk
CUST_006365,0.012011039,0,0,Low Risk
CUST_006366,0.016835677,0,0,Low Risk
CUST_006367,0.087795906,0,0,Low Risk
CUST_006368,0.9816186,1,1,High Risk
CUST_006369,0.039156776,0,0,Low Risk
CUST_006370,0.9999075,1,1,High Risk
CUST_006371,0.027062837,0,0,Low Risk
CUST_006372,0.038077544,0,0,Low Risk
CUST_006373,0.09132764,0,0,Low Risk
CUST_006374,0.09475054,0,0,Low Risk
CUST_006375,0.9406418,1,1,High Risk
CUST_006376,0.99902093,1,1,High Risk
CUST_006377,0.9995944,1,1,High Risk
CUST_006378,0.036981,0,0,Low Risk
CUST_006379,0.999421,1,1,High Risk
CUST_006380,0.03008856,0,0,Low Risk
CUST_006381,0.9998368,1,1,High Risk
CUST_006382,0.99781907,1,1,High Risk
CUST_006383,0.5401561,1,0,Medium Risk
CUST_006384,0.025088342,0,0,Low Risk
CUST_006385,0.040378064,0,0,Low Risk
CUST_006386,0.9996846,1,1,High Risk
CUST_006387,0.07467401,0,0,Low Risk
CUST_006388,0.00659554,0,0,Low Risk
CUST_006389,0.022624893,0,0,Low Risk
CUST_006390,0.002933434,0,0,Low Risk
CUST_006391,0.004721662,0,0,Low Risk
CUST_006392,0.014938039,0,0,Low Risk
CUST_006393,0.004700346,0,0,Low Risk
CUST_006394,0.5624425,1,1,Medium Risk
CUST_006395,0.9952447,1,1,High Risk
CUST_006396,0.9998785,1,1,High Risk
CUST_006397,0.030664248,0,0,Low Risk
CUST_006398,0.038856152,0,0,Low Risk
CUST_006399,0.027217777,0,0,Low Risk
CUST_006400,0.07918682,0,0,Low Risk
CUST_006401,0.03861871,0,0,Low Risk
CUST_006402,0.012015861,0,0,Low Risk
CUST_006403,0.9990049,1,1,High Risk
CUST_006404,0.016512116,0,0,Low Risk
CUST_006405,0.03495748,0,0,Low Risk
CUST_006406,0.022988575,0,0,Low Risk
CUST_006407,0.020715836,0,0,Low Risk
CUST_006408,0.078740425,0,0,Low Risk
CUST_006409,0.018586151,0,0,Low Risk
CUST_006410,0.0038832056,0,0,Low Risk
CUST_006411,0.011303667,0,0,Low Risk
CUST_006412,0.033376,0,0,Low Risk
CUST_006413,0.028238352,0,0,Low Risk
CUST_006414,0.010400787,0,0,Low Risk
CUST_006415,0.99847716,1,1,High Risk
CUST_006416,0.058741115,0,0,Low Risk
CUST_006417,0.31037906,0,0,Low Risk
CUST_006418,0.0137235075,0,0,Low Risk
CUST_006419,0.012805013,0,0,Low Risk
CUST_006420,0.12023727,0,0,Low Risk
CUST_006421,0.017789578,0,0,Low Risk
CUST_006422,0.0101164635,0,0,Low Risk
CUST_006423,0.9991116,1,1,High Risk
CUST_006424,0.035948522,0,0,Low Risk
CUST_006425,0.9989317,1,1,High Risk
CUST_006426,0.10852596,0,0,Low Risk
CUST_006427,0.011830634,0,0,Low Risk
CUST_006428,0.9996587,1,1,High Risk
CUST_006429,0.9988071,1,1,High Risk
CUST_006430,0.056933858,0,0,Low Risk
CUST_006431,0.32452777,0,0,Low Risk
CUST_006432,0.9985905,1,1,High Risk
CUST_006433,0.9997266,1,1,High Risk
CUST_006434,0.9992599,1,1,High Risk
CUST_006435,0.9995377,1,1,High Risk
CUST_006436,0.019197395,0,0,Low Risk
CUST_006437,0.9991861,1,1,High Risk
CUST_006438,0.0090362225,0,0,Low Risk
CUST_006439,0.00410071,0,0,Low Risk
CUST_006440,0.004298394,0,0,Low Risk
CUST_006441,0.031866953,0,0,Low Risk
CUST_006442,0.04601306,0,0,Low Risk
CUST_006443,0.0076273545,0,0,Low Risk
CUST_006444,0.0038671494,0,0,Low Risk
CUST_006445,0.0016644748,0,0,Low Risk
CUST_006446,0.97103316,1,1,High Risk
CUST_006447,0.9993469,1,1,High Risk
CUST_006448,0.01187491,0,0,Low Risk
CUST_006449,0.013915308,0,0,Low Risk
CUST_006450,0.14901908,0,0,Low Risk
CUST_006451,0.51862466,1,1,Medium Risk
CUST_006452,0.0032380912,0,0,Low Risk
CUST_006453,0.063773416,0,0,Low Risk
CUST_006454,0.026874747,0,0,Low Risk
CUST_006455,0.95696384,1,1,High Risk
CUST_006456,0.03543423,0,0,Low Risk
CUST_006457,0.99902225,1,1,High Risk
CUST_006458,0.027019322,0,0,Low Risk
CUST_006459,0.14771347,0,0,Low Risk
CUST_006460,0.015570661,0,0,Low Risk
CUST_006461,0.99955744,1,1,High Risk
CUST_006462,0.02649126,0,0,Low Risk
CUST_006463,0.99921167,1,1,High Risk
CUST_006464,0.040769137,0,0,Low Risk
CUST_006465,0.009407039,0,0,Low Risk
CUST_006466,0.04768861,0,0,Low Risk
CUST_006467,0.0049310946,0,0,Low Risk
CUST_006468,0.2212346,0,0,Low Risk
CUST_006469,0.017981384,0,0,Low Risk
CUST_006470,0.02217915,0,0,Low Risk
CUST_006471,0.027477367,0,0,Low Risk
CUST_006472,0.08882168,0,0,Low Risk
CUST_006473,0.9436217,1,1,High Risk
CUST_006474,0.010505148,0,0,Low Risk
CUST_006475,0.99812835,1,1,High Risk
CUST_006476,0.010973692,0,0,Low Risk
CUST_006477,0.0072403485,0,0,Low Risk
CUST_006478,0.037240796,0,0,Low Risk
CUST_006479,0.0048066084,0,0,Low Risk
CUST_006480,0.014668383,0,0,Low Risk
CUST_006481,0.99936277,1,1,High Risk
CUST_006482,0.010130215,0,0,Low Risk
CUST_006483,0.04161973,0,0,Low Risk
CUST_006484,0.017696038,0,0,Low Risk
CUST_006485,0.041115098,0,0,Low Risk
CUST_006486,0.010882271,0,0,Low Risk
CUST_006487,0.032513425,0,0,Low Risk
CUST_006488,0.50212044,1,0,Medium Risk
CUST_006489,0.05171422,0,0,Low Risk
CUST_006490,0.036432274,0,0,Low Risk
CUST_006491,0.010824411,0,0,Low Risk
CUST_006492,0.009413256,0,0,Low Risk
CUST_006493,0.025241459,0,0,Low Risk
CUST_006494,0.06287296,0,0,Low Risk
CUST_006495,0.01996074,0,0,Low Risk
CUST_006496,0.0241868,0,0,Low Risk
CUST_006497,0.040073972,0,0,Low Risk
CUST_006498,0.008812708,0,0,Low Risk
CUST_006499,0.010015329,0,0,Low Risk
CUST_006500,0.017090164,0,0,Low Risk
CUST_006501,0.007609862,0,0,Low Risk
CUST_006502,0.021545911,0,0,Low Risk
CUST_006503,0.09524389,0,0,Low Risk
CUST_006504,0.02002054,0,0,Low Risk
CUST_006505,0.02217735,0,0,Low Risk
CUST_006506,0.047601867,0,0,Low Risk
CUST_006507,0.99919575,1,1,High Risk
CUST_006508,0.026723528,0,0,Low Risk
CUST_006509,0.036271974,0,0,Low Risk
CUST_006510,0.005773304,0,0,Low Risk
CUST_006511,0.9987876,1,1,High Risk
CUST_006512,0.019014224,0,0,Low Risk
CUST_006513,0.99894136,1,1,High Risk
CUST_006514,0.050762717,0,0,Low Risk
CUST_006515,0.99699414,1,1,High Risk
CUST_006516,0.9334337,1,1,High Risk
CUST_006517,0.004497891,0,0,Low Risk
CUST_006518,0.02003362,0,0,Low Risk
CUST_006519,0.008043013,0,0,Low Risk
CUST_006520,0.99907446,1,1,High Risk
CUST_006521,0.0058775935,0,0,Low Risk
CUST_006522,0.070428744,0,0,Low Risk
CUST_006523,0.018013632,0,0,Low Risk
CUST_006524,0.03220663,0,0,Low Risk
CUST_006525,0.14259693,0,0,Low Risk
CUST_006526,0.023067575,0,0,Low Risk
CUST_006527,0.014669781,0,0,Low Risk
CUST_006528,0.04783958,0,0,Low Risk
CUST_006529,0.113327555,0,0,Low Risk
CUST_006530,0.99871266,1,1,High Risk
CUST_006531,0.057932388,0,0,Low Risk
CUST_006532,0.5247892,1,0,Medium Risk
CUST_006533,0.99808866,1,1,High Risk
CUST_006534,0.012984244,0,0,Low Risk
CUST_006535,0.9988601,1,1,High Risk
CUST_006536,0.010019925,0,0,Low Risk
CUST_006537,0.006020071,0,0,Low Risk
CUST_006538,0.9995819,1,1,High Risk
CUST_006539,0.9995672,1,1,High Risk
CUST_006540,0.004415302,0,0,Low Risk
CUST_006541,0.013235987,0,0,Low Risk
CUST_006542,0.026945833,0,0,Low Risk
CUST_006543,0.005677483,0,0,Low Risk
CUST_006544,0.019246792,0,0,Low Risk
CUST_006545,0.009366056,0,0,Low Risk
CUST_006546,0.0030753142,0,0,Low Risk
CUST_006547,0.99450773,1,1,High Risk
CUST_006548,0.010416205,0,0,Low Risk
CUST_006549,0.31188545,0,0,Low Risk
CUST_006550,0.9944311,1,1,High Risk
CUST_006551,0.9936237,1,1,High Risk
CUST_006552,0.023772087,0,0,Low Risk
CUST_006553,0.0308128,0,0,Low Risk
CUST_006554,0.011219437,0,0,Low Risk
CUST_006555,0.022422664,0,0,Low Risk
CUST_006556,0.7301262,1,1,High Risk
CUST_006557,0.008176278,0,0,Low Risk
CUST_006558,0.9987047,1,1,High Risk
CUST_006559,0.06273332,0,0,Low Risk
CUST_006560,0.024889283,0,0,Low Risk
CUST_006561,0.98916876,1,1,High Risk
CUST_006562,0.033334028,0,0,Low Risk
CUST_006563,0.062970094,0,0,Low Risk
CUST_006564,0.025249436,0,0,Low Risk
CUST_006565,0.9956638,1,1,High Risk
CUST_006566,0.016886042,0,0,Low Risk
CUST_006567,0.040298402,0,0,Low Risk
CUST_006568,0.018133268,0,0,Low Risk
CUST_006569,0.006664103,0,0,Low Risk
CUST_006570,0.053212486,0,0,Low Risk
CUST_006571,0.01601321,0,0,Low Risk
CUST_006572,0.0072365724,0,0,Low Risk
CUST_006573,0.99428976,1,1,High Risk
CUST_006574,0.003230738,0,0,Low Risk
CUST_006575,0.035919603,0,0,Low Risk
CUST_006576,0.051686496,0,0,Low Risk
CUST_006577,0.062314674,0,0,Low Risk
CUST_006578,0.998784,1,1,High Risk
CUST_006579,0.025223255,0,0,Low Risk
CUST_006580,0.0089385165,0,0,Low Risk
CUST_006581,0.99963903,1,1,High Risk
CUST_006582,0.96646434,1,1,High Risk
CUST_006583,0.03891999,0,0,Low Risk
CUST_006584,0.014247552,0,0,Low Risk
CUST_006585,0.012099143,0,0,Low Risk
CUST_006586,0.98943603,1,1,High Risk
CUST_006587,0.0054228655,0,0,Low Risk
CUST_006588,0.0014193571,0,0,Low Risk
CUST_006589,0.9926399,1,1,High Risk
CUST_006590,0.02364464,0,0,Low Risk
CUST_006591,0.07665293,0,0,Low Risk
CUST_006592,0.004154764,0,0,Low Risk
CUST_006593,0.023083173,0,0,Low Risk
CUST_006594,0.07372585,0,0,Low Risk
CUST_006595,0.9951042,1,1,High Risk
CUST_006596,0.18267374,0,0,Low Risk
CUST_006597,0.029869007,0,0,Low Risk
CUST_006598,0.022929285,0,0,Low Risk
CUST_006599,0.039433144,0,0,Low Risk
CUST_006600,0.008076587,0,0,Low Risk
CUST_006601,0.06871042,0,0,Low Risk
CUST_006602,0.002670954,0,0,Low Risk
CUST_006603,0.12696007,0,0,Low Risk
CUST_006604,0.009286732,0,0,Low Risk
CUST_006605,0.99802446,1,1,High Risk
CUST_006606,0.0029953127,0,0,Low Risk
CUST_006607,0.9949414,1,1,High Risk
CUST_006608,0.9613297,1,1,High Risk
CUST_006609,0.99854904,1,1,High Risk
CUST_006610,0.004274217,0,0,Low Risk
CUST_006611,0.999655,1,1,High Risk
CUST_006612,0.9995654,1,1,High Risk
CUST_006613,0.91626585,1,1,High Risk
CUST_006614,0.36772394,0,0,Medium Risk
CUST_006615,0.00705749,0,0,Low Risk
CUST_006616,0.0014528905,0,0,Low Risk
CUST_006617,0.99982905,1,1,High Risk
CUST_006618,0.026270593,0,0,Low Risk
CUST_006619,0.9724989,1,1,High Risk
CUST_006620,0.005646782,0,0,Low Risk
CUST_006621,0.9995757,1,1,High Risk
CUST_006622,0.054153185,0,0,Low Risk
CUST_006623,0.99973434,1,1,High Risk
CUST_006624,0.01757797,0,0,Low Risk
CUST_006625,0.010846617,0,0,Low Risk
CUST_006626,0.09737359,0,0,Low Risk
CUST_006627,0.013735458,0,0,Low Risk
CUST_006628,0.037792925,0,0,Low Risk
CUST_006629,0.085276894,0,0,Low Risk
CUST_006630,0.9997625,1,1,High Risk
CUST_006631,0.046444505,0,0,Low Risk
CUST_006632,0.03775762,0,0,Low Risk
CUST_006633,0.0054507195,0,0,Low Risk
CUST_006634,0.0043501076,0,0,Low Risk
CUST_006635,0.00234341,0,0,Low Risk
CUST_006636,0.9975249,1,1,High Risk
CUST_006637,0.017307814,0,0,Low Risk
CUST_006638,0.07156186,0,0,Low Risk
CUST_006639,0.020370338,0,0,Low Risk
CUST_006640,0.9968328,1,1,High Risk
CUST_006641,0.99446625,1,1,High Risk
CUST_006642,0.003105883,0,0,Low Risk
CUST_006643,0.012716379,0,0,Low Risk
CUST_006644,0.99971396,1,1,High Risk
CUST_006645,0.031646073,0,0,Low Risk
CUST_006646,0.030647216,0,0,Low Risk
CUST_006647,0.008759979,0,0,Low Risk
CUST_006648,0.8202374,1,1,High Risk
CUST_006649,0.9982462,1,1,High Risk
CUST_006650,0.025907371,0,0,Low Risk
CUST_006651,0.013112087,0,0,Low Risk
CUST_006652,0.99923337,1,1,High Risk
CUST_006653,0.0066053197,0,0,Low Risk
CUST_006654,0.020626739,0,0,Low Risk
CUST_006655,0.99923563,1,1,High Risk
CUST_006656,0.0087641375,0,0,Low Risk
CUST_006657,0.015003884,0,0,Low Risk
CUST_006658,0.009508096,0,0,Low Risk
CUST_006659,0.13392636,0,0,Low Risk
CUST_006660,0.9941625,1,1,High Risk
CUST_006661,0.014354399,0,0,Low Risk
CUST_006662,0.99658066,1,1,High Risk
CUST_006663,0.99701166,1,1,High Risk
CUST_006664,0.6763128,1,1,High Risk
CUST_006665,0.98891747,1,1,High Risk
CUST_006666,0.018821243,0,0,Low Risk
CUST_006667,0.067206405,0,0,Low Risk
CUST_006668,0.0149773685,0,0,Low Risk
CUST_006669,0.99944836,1,1,High Risk
CUST_006670,0.03907786,0,0,Low Risk
CUST_006671,0.34899232,0,1,Low Risk
CUST_006672,0.026746178,0,0,Low Risk
CUST_006673,0.0018989914,0,0,Low Risk
CUST_006674,0.0022240544,0,0,Low Risk
CUST_006675,0.015408499,0,0,Low Risk
CUST_006676,0.99908555,1,1,High Risk
CUST_006677,0.9995091,1,1,High Risk
CUST_006678,0.011587445,0,0,Low Risk
CUST_006679,0.015727349,0,0,Low Risk
CUST_006680,0.038940694,0,0,Low Risk
CUST_006681,0.010746613,0,0,Low Risk
CUST_006682,0.04941217,0,0,Low Risk
CUST_006683,0.032660447,0,0,Low Risk
CUST_006684,0.009762256,0,0,Low Risk
CUST_006685,0.0391869,0,0,Low Risk
CUST_006686,0.008439336,0,0,Low Risk
CUST_006687,0.044378743,0,0,Low Risk
CUST_006688,0.035841763,0,0,Low Risk
CUST_006689,0.005713219,0,0,Low Risk
CUST_006690,0.015169305,0,0,Low Risk
CUST_006691,0.04732406,0,0,Low Risk
CUST_006692,0.016074516,0,0,Low Risk
CUST_006693,0.043105587,0,0,Low Risk
CUST_006694,0.15073442,0,0,Low Risk
CUST_006695,0.07935852,0,0,Low Risk
CUST_006696,0.9976031,1,1,High Risk
CUST_006697,0.03675683,0,0,Low Risk
CUST_006698,0.99875116,1,1,High Risk
CUST_006699,0.015970254,0,0,Low Risk
CUST_006700,0.9994369,1,1,High Risk
CUST_006701,0.11026445,0,0,Low Risk
CUST_006702,0.017611608,0,0,Low Risk
CUST_006703,0.99943966,1,1,High Risk
CUST_006704,0.99908507,1,1,High Risk
CUST_006705,0.044192724,0,0,Low Risk
CUST_006706,0.13328165,0,0,Low Risk
CUST_006707,0.999686,1,1,High Risk
CUST_006708,0.06906314,0,0,Low Risk
CUST_006709,0.40516016,0,0,Medium Risk
CUST_006710,0.0152116055,0,0,Low Risk
CUST_006711,0.0415448,0,0,Low Risk
CUST_006712,0.9994954,1,1,High Risk
CUST_006713,0.091498174,0,0,Low Risk
CUST_006714,0.10097145,0,0,Low Risk
CUST_006715,0.009038144,0,0,Low Risk
CUST_006716,0.011964311,0,0,Low Risk
CUST_006717,0.024474023,0,0,Low Risk
CUST_006718,0.006289792,0,0,Low Risk
CUST_006719,0.030295739,0,0,Low Risk
CUST_006720,0.0029012577,0,0,Low Risk
CUST_006721,0.0022335334,0,0,Low Risk
CUST_006722,0.02191172,0,0,Low Risk
CUST_006723,0.9983432,1,1,High Risk
CUST_006724,0.0045678024,0,0,Low Risk
CUST_006725,0.99948174,1,1,High Risk
CUST_006726,0.8747101,1,0,High Risk
CUST_006727,0.0032263587,0,0,Low Risk
CUST_006728,0.16677642,0,0,Low Risk
CUST_006729,0.008817241,0,0,Low Risk
CUST_006730,0.9997552,1,1,High Risk
CUST_006731,0.9972543,1,1,High Risk
CUST_006732,0.10527028,0,0,Low Risk
CUST_006733,0.009429932,0,0,Low Risk
CUST_006734,0.86963683,1,1,High Risk
CUST_006735,0.99977905,1,1,High Risk
CUST_006736,0.01543878,0,0,Low Risk
CUST_006737,0.9958417,1,1,High Risk
CUST_006738,0.010449252,0,0,Low Risk
CUST_006739,0.99869907,1,1,High Risk
CUST_006740,0.016398894,0,0,Low Risk
CUST_006741,0.031977884,0,0,Low Risk
CUST_006742,0.03420756,0,0,Low Risk
CUST_006743,0.0077070384,0,0,Low Risk
CUST_006744,0.9992106,1,1,High Risk
CUST_006745,0.60853577,1,1,Medium Risk
CUST_006746,0.99906486,1,1,High Risk
CUST_006747,0.002168318,0,0,Low Risk
CUST_006748,0.4608301,0,1,Medium Risk
CUST_006749,0.016720705,0,0,Low Risk
CUST_006750,0.9565027,1,1,High Risk
CUST_006751,0.6968746,1,1,High Risk
CUST_006752,0.067863874,0,0,Low Risk
CUST_006753,0.017233027,0,0,Low Risk
CUST_006754,0.99744153,1,1,High Risk
CUST_006755,0.59718657,1,1,Medium Risk
CUST_006756,0.9994783,1,1,High Risk
CUST_006757,0.014946251,0,0,Low Risk
CUST_006758,0.038333725,0,0,Low Risk
CUST_006759,0.03267379,0,0,Low Risk
CUST_006760,0.02477616,0,0,Low Risk
CUST_006761,0.010331916,0,0,Low Risk
CUST_006762,0.0064722197,0,0,Low Risk
CUST_006763,0.99968195,1,1,High Risk
CUST_006764,0.044319015,0,0,Low Risk
CUST_006765,0.9991972,1,1,High Risk
CUST_006766,0.9733095,1,1,High Risk
CUST_006767,0.013221279,0,0,Low Risk
CUST_006768,0.055886332,0,0,Low Risk
CUST_006769,0.0063414066,0,0,Low Risk
CUST_006770,0.055897996,0,0,Low Risk
CUST_006771,0.018165728,0,0,Low Risk
CUST_006772,0.96327454,1,1,High Risk
CUST_006773,0.010106579,0,0,Low Risk
CUST_006774,0.8230599,1,0,High Risk
CUST_006775,0.9994067,1,1,High Risk
CUST_006776,0.0241591,0,0,Low Risk
CUST_006777,0.99259055,1,1,High Risk
CUST_006778,0.87197477,1,1,High Risk
CUST_006779,0.009527222,0,0,Low Risk
CUST_006780,0.021090982,0,0,Low Risk
CUST_006781,0.3941801,0,1,Medium Risk
CUST_006782,0.013070317,0,0,Low Risk
CUST_006783,0.14088665,0,0,Low Risk
CUST_006784,0.05134767,0,0,Low Risk
CUST_006785,0.05322138,0,0,Low Risk
CUST_006786,0.3921749,0,0,Medium Risk
CUST_006787,0.077528924,0,0,Low Risk
CUST_006788,0.05393895,0,0,Low Risk
CUST_006789,0.83149457,1,0,High Risk
CUST_006790,0.05533709,0,0,Low Risk
CUST_006791,0.031839933,0,0,Low Risk
CUST_006792,0.99984217,1,1,High Risk
CUST_006793,0.038072858,0,0,Low Risk
CUST_006794,0.9991943,1,1,High Risk
CUST_006795,0.015719246,0,0,Low Risk
CUST_006796,0.9972337,1,1,High Risk
CUST_006797,0.9998018,1,1,High Risk
CUST_006798,0.01195386,0,0,Low Risk
CUST_006799,0.05260006,0,0,Low Risk
CUST_006800,0.0041353367,0,0,Low Risk
CUST_006801,0.0074976794,0,0,Low Risk
CUST_006802,0.98874,1,1,High Risk
CUST_006803,0.019672483,0,0,Low Risk
CUST_006804,0.0053100563,0,0,Low Risk
CUST_006805,0.0027456877,0,0,Low Risk
CUST_006806,0.05337687,0,0,Low Risk
CUST_006807,0.02751699,0,0,Low Risk
CUST_006808,0.32389563,0,0,Low Risk
CUST_006809,0.014518984,0,0,Low Risk
CUST_006810,0.12492676,0,0,Low Risk
CUST_006811,0.99808806,1,1,High Risk
CUST_006812,0.0037468425,0,0,Low Risk
CUST_006813,0.16217032,0,0,Low Risk
CUST_006814,0.0040199594,0,0,Low Risk
CUST_006815,0.13191941,0,1,Low Risk
CUST_006816,0.042991456,0,0,Low Risk
CUST_006817,0.062464256,0,0,Low Risk
CUST_006818,0.9995795,1,1,High Risk
CUST_006819,0.9962185,1,1,High Risk
CUST_006820,0.014288105,0,0,Low Risk
CUST_006821,0.011116445,0,0,Low Risk
CUST_006822,0.1167999,0,0,Low Risk
CUST_006823,0.9609897,1,1,High Risk
CUST_006824,0.9966647,1,1,High Risk
CUST_006825,0.012959836,0,0,Low Risk
CUST_006826,0.016387707,0,0,Low Risk
CUST_006827,0.055289775,0,0,Low Risk
CUST_006828,0.0023404565,0,0,Low Risk
CUST_006829,0.99913836,1,1,High Risk
CUST_006830,0.112890355,0,0,Low Risk
CUST_006831,0.0046265353,0,0,Low Risk
CUST_006832,0.894974,1,1,High Risk
CUST_006833,0.11918983,0,0,Low Risk
CUST_006834,0.0321803,0,0,Low Risk
CUST_006835,0.21736242,0,0,Low Risk
CUST_006836,0.04055262,0,0,Low Risk
CUST_006837,0.0030473336,0,0,Low Risk
CUST_006838,0.018193223,0,0,Low Risk
CUST_006839,0.10198935,0,0,Low Risk
CUST_006840,0.15290391,0,0,Low Risk
CUST_006841,0.98165673,1,1,High Risk
CUST_006842,0.0049803057,0,0,Low Risk
CUST_006843,0.029520644,0,0,Low Risk
CUST_006844,0.008521091,0,0,Low Risk
CUST_006845,0.058972202,0,0,Low Risk
CUST_006846,0.024809953,0,0,Low Risk
CUST_006847,0.004223883,0,0,Low Risk
CUST_006848,0.011406896,0,0,Low Risk
CUST_006849,0.9987325,1,1,High Risk
CUST_006850,0.040025726,0,0,Low Risk
CUST_006851,0.9808771,1,1,High Risk
CUST_006852,0.055077683,0,0,Low Risk
CUST_006853,0.1188518,0,0,Low Risk
CUST_006854,0.99816763,1,1,High Risk
CUST_006855,0.16143854,0,0,Low Risk
CUST_006856,0.0047830148,0,0,Low Risk
CUST_006857,0.0042991,0,0,Low Risk
CUST_006858,0.99867046,1,1,High Risk
CUST_006859,0.040591348,0,0,Low Risk
CUST_006860,0.0018632838,0,0,Low Risk
CUST_006861,0.9672163,1,1,High Risk
CUST_006862,0.34140813,0,0,Low Risk
CUST_006863,0.04261149,0,0,Low Risk
CUST_006864,0.012244955,0,0,Low Risk
CUST_006865,0.9956749,1,1,High Risk
CUST_006866,0.047164235,0,0,Low Risk
CUST_006867,0.9997571,1,1,High Risk
CUST_006868,0.07751588,0,0,Low Risk
CUST_006869,0.14780171,0,0,Low Risk
CUST_006870,0.041823927,0,0,Low Risk
CUST_006871,0.9978169,1,1,High Risk
CUST_006872,0.01903992,0,0,Low Risk
CUST_006873,0.011702221,0,0,Low Risk
CUST_006874,0.024535056,0,0,Low Risk
CUST_006875,0.02178039,0,0,Low Risk
CUST_006876,0.99825734,1,1,High Risk
CUST_006877,0.028873067,0,0,Low Risk
CUST_006878,0.03340023,0,0,Low Risk
CUST_006879,0.031070853,0,0,Low Risk
CUST_006880,0.385228,0,1,Medium Risk
CUST_006881,0.03196763,0,0,Low Risk
CUST_006882,0.007994913,0,0,Low Risk
CUST_006883,0.020205336,0,0,Low Risk
CUST_006884,0.031341124,0,0,Low Risk
CUST_006885,0.095099844,0,0,Low Risk
CUST_006886,0.99815613,1,1,High Risk
CUST_006887,0.37968734,0,0,Medium Risk
CUST_006888,0.027742172,0,0,Low Risk
CUST_006889,0.30454764,0,1,Low Risk
CUST_006890,0.030205514,0,0,Low Risk
CUST_006891,0.004065911,0,0,Low Risk
CUST_006892,0.951879,1,1,High Risk
CUST_006893,0.02295628,0,0,Low Risk
CUST_006894,0.018321974,0,1,Low Risk
CUST_006895,0.84108895,1,1,High Risk
CUST_006896,0.024972778,0,0,Low Risk
CUST_006897,0.04869783,0,0,Low Risk
CUST_006898,0.056689974,0,0,Low Risk
CUST_006899,0.998336,1,1,High Risk
CUST_006900,0.008496432,0,0,Low Risk
CUST_006901,0.046702143,0,0,Low Risk
CUST_006902,0.02124986,0,0,Low Risk
CUST_006903,0.5216748,1,0,Medium Risk
CUST_006904,0.13112274,0,0,Low Risk
CUST_006905,0.0111809615,0,0,Low Risk
CUST_006906,0.063821666,0,0,Low Risk
CUST_006907,0.015048177,0,0,Low Risk
CUST_006908,0.035798814,0,0,Low Risk
CUST_006909,0.0151664615,0,0,Low Risk
CUST_006910,0.008344849,0,0,Low Risk
CUST_006911,0.035859603,0,0,Low Risk
CUST_006912,0.027300349,0,0,Low Risk
CUST_006913,0.9997774,1,1,High Risk
CUST_006914,0.05825586,0,0,Low Risk
CUST_006915,0.9972,1,1,High Risk
CUST_006916,0.9943246,1,1,High Risk
CUST_006917,0.99877244,1,1,High Risk
CUST_006918,0.47013238,0,0,Medium Risk
CUST_006919,0.035957985,0,0,Low Risk
CUST_006920,0.06843343,0,0,Low Risk
CUST_006921,0.055414516,0,0,Low Risk
CUST_006922,0.99860954,1,1,High Risk
CUST_006923,0.9997601,1,1,High Risk
CUST_006924,0.29658335,0,0,Low Risk
CUST_006925,0.014603506,0,0,Low Risk
CUST_006926,0.9996093,1,1,High Risk
CUST_006927,0.012538029,0,0,Low Risk
CUST_006928,0.013304831,0,0,Low Risk
CUST_006929,0.029740954,0,0,Low Risk
CUST_006930,0.020247854,0,0,Low Risk
CUST_006931,0.014135073,0,0,Low Risk
CUST_006932,0.024005141,0,0,Low Risk
CUST_006933,0.05153544,0,0,Low Risk
CUST_006934,0.13915248,0,0,Low Risk
CUST_006935,0.999616,1,1,High Risk
CUST_006936,0.033152003,0,0,Low Risk
CUST_006937,0.021366889,0,0,Low Risk
CUST_006938,0.99920136,1,1,High Risk
CUST_006939,0.99969566,1,1,High Risk
CUST_006940,0.12561554,0,0,Low Risk
CUST_006941,0.99688256,1,1,High Risk
CUST_006942,0.08250298,0,0,Low Risk
CUST_006943,0.026968084,0,0,Low Risk
CUST_006944,0.067669146,0,0,Low Risk
CUST_006945,0.069826216,0,0,Low Risk
CUST_006946,0.998278,1,1,High Risk
CUST_006947,0.09626175,0,0,Low Risk
CUST_006948,0.9819964,1,1,High Risk
CUST_006949,0.039189063,0,0,Low Risk
CUST_006950,0.99934775,1,1,High Risk
CUST_006951,0.51601654,1,0,Medium Risk
CUST_006952,0.097657524,0,0,Low Risk
CUST_006953,0.024841238,0,0,Low Risk
CUST_006954,0.17084754,0,0,Low Risk
CUST_006955,0.022525342,0,0,Low Risk
CUST_006956,0.04683709,0,0,Low Risk
CUST_006957,0.8113996,1,0,High Risk
CUST_006958,0.012006174,0,0,Low Risk
CUST_006959,0.9322254,1,1,High Risk
CUST_006960,0.008877961,0,0,Low Risk
CUST_006961,0.023675403,0,0,Low Risk
CUST_006962,0.13705218,0,0,Low Risk
CUST_006963,0.01646721,0,0,Low Risk
CUST_006964,0.5212014,1,0,Medium Risk
CUST_006965,0.99970526,1,1,High Risk
CUST_006966,0.0074563897,0,0,Low Risk
CUST_006967,0.043606445,0,0,Low Risk
CUST_006968,0.9989693,1,1,High Risk
CUST_006969,0.9994536,1,1,High Risk
CUST_006970,0.026964925,0,0,Low Risk
CUST_006971,0.048735574,0,0,Low Risk
CUST_006972,0.012247088,0,0,Low Risk
CUST_006973,0.0045908727,0,0,Low Risk
CUST_006974,0.9958489,1,1,High Risk
CUST_006975,0.018307732,0,0,Low Risk
CUST_006976,0.047195442,0,0,Low Risk
CUST_006977,0.0066520497,0,0,Low Risk
CUST_006978,0.075943395,0,0,Low Risk
CUST_006979,0.029139657,0,0,Low Risk
CUST_006980,0.017291667,0,0,Low Risk
CUST_006981,0.025513195,0,0,Low Risk
CUST_006982,0.114667036,0,0,Low Risk
CUST_006983,0.015070519,0,0,Low Risk
CUST_006984,0.6341096,1,0,Medium Risk
CUST_006985,0.010357052,0,0,Low Risk
CUST_006986,0.01402781,0,0,Low Risk
CUST_006987,0.027058035,0,0,Low Risk
CUST_006988,0.9980096,1,1,High Risk
CUST_006989,0.006912998,0,0,Low Risk
CUST_006990,0.99291116,1,1,High Risk
CUST_006991,0.028012563,0,0,Low Risk
CUST_006992,0.0048012603,0,0,Low Risk
CUST_006993,0.007402471,0,0,Low Risk
CUST_006994,0.17627275,0,0,Low Risk
CUST_006995,0.8666223,1,1,High Risk
CUST_006996,0.9998785,1,1,High Risk
CUST_006997,0.93002504,1,1,High Risk
CUST_006998,0.99974746,1,1,High Risk
CUST_006999,0.999551,1,1,High Risk
CUST_007000,0.0063671204,0,0,Low Risk
CUST_007001,0.99596953,1,1,High Risk
CUST_007002,0.017592493,0,0,Low Risk
CUST_007003,0.9998915,1,1,High Risk
CUST_007004,0.0476526,0,0,Low Risk
CUST_007005,0.03732993,0,0,Low Risk
CUST_007006,0.005092918,0,0,Low Risk
CUST_007007,0.46664393,0,0,Medium Risk
CUST_007008,0.0016940499,0,0,Low Risk
CUST_007009,0.02184179,0,0,Low Risk
CUST_007010,0.99970824,1,1,High Risk
CUST_007011,0.9993717,1,1,High Risk
CUST_007012,0.9985177,1,1,High Risk
CUST_007013,0.0060372925,0,0,Low Risk
CUST_007014,0.90898806,1,1,High Risk
CUST_007015,0.021809882,0,0,Low Risk
CUST_007016,0.074413426,0,0,Low Risk
CUST_007017,0.0011339211,0,0,Low Risk
CUST_007018,0.032840732,0,0,Low Risk
CUST_007019,0.9955194,1,1,High Risk
CUST_007020,0.9800618,1,1,High Risk
CUST_007021,0.022716582,0,0,Low Risk
CUST_007022,0.28456315,0,0,Low Risk
CUST_007023,0.017324017,0,0,Low Risk
CUST_007024,0.2627432,0,0,Low Risk
CUST_007025,0.99960715,1,1,High Risk
CUST_007026,0.9956589,1,1,High Risk
CUST_007027,0.89394176,1,1,High Risk
CUST_007028,0.0053476575,0,0,Low Risk
CUST_007029,0.026893603,0,0,Low Risk
CUST_007030,0.9985825,1,1,High Risk
CUST_007031,0.21999529,0,1,Low Risk
CUST_007032,0.043632284,0,0,Low Risk
CUST_007033,0.9994165,1,1,High Risk
CUST_007034,0.023310732,0,0,Low Risk
CUST_007035,0.042124346,0,0,Low Risk
CUST_007036,0.99799,1,1,High Risk
CUST_007037,0.99944955,1,1,High Risk
CUST_007038,0.99850094,1,1,High Risk
CUST_007039,0.004240536,0,0,Low Risk
CUST_007040,0.12623875,0,0,Low Risk
CUST_007041,0.9998468,1,1,High Risk
CUST_007042,0.021653756,0,0,Low Risk
CUST_007043,0.0063104765,0,0,Low Risk
CUST_007044,0.9142946,1,1,High Risk
CUST_007045,0.99703574,1,1,High Risk
CUST_007046,0.9963642,1,1,High Risk
CUST_007047,0.003301846,0,0,Low Risk
CUST_007048,0.0076488047,0,0,Low Risk
CUST_007049,0.0035366202,0,0,Low Risk
CUST_007050,0.039091382,0,0,Low Risk
CUST_007051,0.091296874,0,0,Low Risk
CUST_007052,0.9954047,1,1,High Risk
CUST_007053,0.0419344,0,0,Low Risk
CUST_007054,0.011681719,0,0,Low Risk
CUST_007055,0.9715181,1,1,High Risk
CUST_007056,0.99845374,1,1,High Risk
CUST_007057,0.018111814,0,0,Low Risk
CUST_007058,0.031666398,0,0,Low Risk
CUST_007059,0.9995278,1,1,High Risk
CUST_007060,0.06918902,0,0,Low Risk
CUST_007061,0.014981435,0,0,Low Risk
CUST_007062,0.9995079,1,1,High Risk
CUST_007063,0.99789846,1,1,High Risk
CUST_007064,0.9967938,1,1,High Risk
CUST_007065,0.067274906,0,0,Low Risk
CUST_007066,0.020010196,0,0,Low Risk
CUST_007067,0.026687147,0,0,Low Risk
CUST_007068,0.021784205,0,0,Low Risk
CUST_007069,0.015565334,0,0,Low Risk
CUST_007070,0.0025151228,0,0,Low Risk
CUST_007071,0.9984263,1,1,High Risk
CUST_007072,0.038727373,0,0,Low Risk
CUST_007073,0.008933386,0,0,Low Risk
CUST_007074,0.021402387,0,0,Low Risk
CUST_007075,0.21641202,0,0,Low Risk
CUST_007076,0.013602672,0,0,Low Risk
CUST_007077,0.04273943,0,0,Low Risk
CUST_007078,0.048656393,0,0,Low Risk
CUST_007079,0.030539403,0,0,Low Risk
CUST_007080,0.0049409103,0,0,Low Risk
CUST_007081,0.01668853,0,0,Low Risk
CUST_007082,0.060877927,0,0,Low Risk
CUST_007083,0.01637337,0,0,Low Risk
CUST_007084,0.024670511,0,0,Low Risk
CUST_007085,0.9979341,1,1,High Risk
CUST_007086,0.004293105,0,0,Low Risk
CUST_007087,0.009233104,0,0,Low Risk
CUST_007088,0.05327293,0,0,Low Risk
CUST_007089,0.0038773462,0,0,Low Risk
CUST_007090,0.015893253,0,0,Low Risk
CUST_007091,0.023497183,0,0,Low Risk
CUST_007092,0.0157695,0,0,Low Risk
CUST_007093,0.005988749,0,0,Low Risk
CUST_007094,0.9997812,1,1,High Risk
CUST_007095,0.09152416,0,0,Low Risk
CUST_007096,0.031073522,0,0,Low Risk
CUST_007097,0.02099133,0,0,Low Risk
CUST_007098,0.0052458066,0,0,Low Risk
CUST_007099,0.02992715,0,0,Low Risk
CUST_007100,0.9989905,1,1,High Risk
CUST_007101,0.9997137,1,1,High Risk
CUST_007102,0.9840276,1,1,High Risk
CUST_007103,0.007046949,0,0,Low Risk
CUST_007104,0.99975425,1,1,High Risk
CUST_007105,0.0052985335,0,0,Low Risk
CUST_007106,0.026307326,0,0,Low Risk
CUST_007107,0.0486575,0,0,Low Risk
CUST_007108,0.3315211,0,0,Low Risk
CUST_007109,0.0056487024,0,0,Low Risk
CUST_007110,0.016258415,0,0,Low Risk
CUST_007111,0.13344185,0,1,Low Risk
CUST_007112,0.009450389,0,0,Low Risk
CUST_007113,0.015861074,0,0,Low Risk
CUST_007114,0.0015465292,0,0,Low Risk
CUST_007115,0.03497764,0,0,Low Risk
CUST_007116,0.02752191,0,0,Low Risk
CUST_007117,0.002118497,0,0,Low Risk
CUST_007118,0.006089583,0,0,Low Risk
CUST_007119,0.01047038,0,0,Low Risk
CUST_007120,0.19956915,0,0,Low Risk
CUST_007121,0.026839929,0,0,Low Risk
CUST_007122,0.06167112,0,0,Low Risk
CUST_007123,0.3451448,0,0,Low Risk
CUST_007124,0.115251906,0,0,Low Risk
CUST_007125,0.027480591,0,0,Low Risk
CUST_007126,0.004688838,0,0,Low Risk
CUST_007127,0.99770796,1,1,High Risk
CUST_007128,0.002178076,0,0,Low Risk
CUST_007129,0.99879515,1,1,High Risk
CUST_007130,0.9971649,1,1,High Risk
CUST_007131,0.043205533,0,0,Low Risk
CUST_007132,0.0067516724,0,0,Low Risk
CUST_007133,0.04099307,0,0,Low Risk
CUST_007134,0.5285749,1,0,Medium Risk
CUST_007135,0.017770842,0,0,Low Risk
CUST_007136,0.82380795,1,0,High Risk
CUST_007137,0.04392608,0,0,Low Risk
CUST_007138,0.03517681,0,0,Low Risk
CUST_007139,0.019385308,0,0,Low Risk
CUST_007140,0.23125555,0,1,Low Risk
CUST_007141,0.017103625,0,0,Low Risk
CUST_007142,0.018115059,0,0,Low Risk
CUST_007143,0.99977547,1,1,High Risk
CUST_007144,0.052486397,0,0,Low Risk
CUST_007145,0.4248055,0,0,Medium Risk
CUST_007146,0.0015922686,0,0,Low Risk
CUST_007147,0.04948883,0,0,Low Risk
CUST_007148,0.01002275,0,0,Low Risk
CUST_007149,0.018203447,0,0,Low Risk
CUST_007150,0.02547936,0,0,Low Risk
CUST_007151,0.0414077,0,0,Low Risk
CUST_007152,0.9044036,1,1,High Risk
CUST_007153,0.67638445,1,1,High Risk
CUST_007154,0.9997682,1,1,High Risk
CUST_007155,0.007369198,0,0,Low Risk
CUST_007156,0.38953412,0,1,Medium Risk
CUST_007157,0.012615086,0,0,Low Risk
CUST_007158,0.0044377977,0,0,Low Risk
CUST_007159,0.05190085,0,0,Low Risk
CUST_007160,0.06196351,0,0,Low Risk
CUST_007161,0.036449756,0,0,Low Risk
CUST_007162,0.08127373,0,0,Low Risk
CUST_007163,0.999699,1,1,High Risk
CUST_007164,0.03000724,0,0,Low Risk
CUST_007165,0.0017735738,0,0,Low Risk
CUST_007166,0.011209149,0,0,Low Risk
CUST_007167,0.0921023,0,0,Low Risk
CUST_007168,0.00973787,0,0,Low Risk
CUST_007169,0.9982339,1,1,High Risk
CUST_007170,0.9998498,1,1,High Risk
CUST_007171,0.015552654,0,0,Low Risk
CUST_007172,0.9997218,1,1,High Risk
CUST_007173,0.008731679,0,0,Low Risk
CUST_007174,0.015263794,0,0,Low Risk
CUST_007175,0.04128683,0,0,Low Risk
CUST_007176,0.4630343,0,1,Medium Risk
CUST_007177,0.9995183,1,1,High Risk
CUST_007178,0.030424528,0,0,Low Risk
CUST_007179,0.005667806,0,0,Low Risk
CUST_007180,0.0063257143,0,0,Low Risk
CUST_007181,0.9989747,1,1,High Risk
CUST_007182,0.028664654,0,0,Low Risk
CUST_007183,0.012498901,0,0,Low Risk
CUST_007184,0.88223,1,0,High Risk
CUST_007185,0.032165676,0,0,Low Risk
CUST_007186,0.032338753,0,0,Low Risk
CUST_007187,0.0034183785,0,0,Low Risk
CUST_007188,0.004718669,0,0,Low Risk
CUST_007189,0.00371694,0,0,Low Risk
CUST_007190,0.99970055,1,1,High Risk
CUST_007191,0.018187657,0,0,Low Risk
CUST_007192,0.0028207789,0,0,Low Risk
CUST_007193,0.9996531,1,1,High Risk
CUST_007194,0.008688704,0,0,Low Risk
CUST_007195,0.042000595,0,0,Low Risk
CUST_007196,0.016092204,0,0,Low Risk
CUST_007197,0.017548868,0,0,Low Risk
CUST_007198,0.120598614,0,0,Low Risk
CUST_007199,0.34137535,0,0,Low Risk
CUST_007200,0.999323,1,1,High Risk
CUST_007201,0.025196526,0,0,Low Risk
CUST_007202,0.99957424,1,1,High Risk
CUST_007203,0.9981877,1,1,High Risk
CUST_007204,0.028690675,0,0,Low Risk
CUST_007205,0.99722314,1,1,High Risk
CUST_007206,0.02387588,0,0,Low Risk
CUST_007207,0.03513138,0,0,Low Risk
CUST_007208,0.019893233,0,0,Low Risk
CUST_007209,0.0045021847,0,0,Low Risk
CUST_007210,0.031599276,0,0,Low Risk
CUST_007211,0.99842787,1,1,High Risk
CUST_007212,0.017243957,0,0,Low Risk
CUST_007213,0.9981183,1,1,High Risk
CUST_007214,0.9983796,1,1,High Risk
CUST_007215,0.009582258,0,0,Low Risk
CUST_007216,0.010387358,0,0,Low Risk
CUST_007217,0.09175625,0,0,Low Risk
CUST_007218,0.09704476,0,0,Low Risk
CUST_007219,0.01052776,0,0,Low Risk
CUST_007220,0.053525615,0,0,Low Risk
CUST_007221,0.020296235,0,0,Low Risk
CUST_007222,0.9994375,1,1,High Risk
CUST_007223,0.037700906,0,0,Low Risk
CUST_007224,0.9925332,1,1,High Risk
CUST_007225,0.9945229,1,1,High Risk
CUST_007226,0.023647202,0,0,Low Risk
CUST_007227,0.0070958505,0,0,Low Risk
CUST_007228,0.05007174,0,0,Low Risk
CUST_007229,0.103653714,0,0,Low Risk
CUST_007230,0.01679918,0,0,Low Risk
CUST_007231,0.020087684,0,0,Low Risk
CUST_007232,0.022153765,0,0,Low Risk
CUST_007233,0.014118623,0,0,Low Risk
CUST_007234,0.14737009,0,0,Low Risk
CUST_007235,0.021639787,0,0,Low Risk
CUST_007236,0.0019531418,0,0,Low Risk
CUST_007237,0.13178699,0,0,Low Risk
CUST_007238,0.06987462,0,0,Low Risk
CUST_007239,0.0039173327,0,0,Low Risk
CUST_007240,0.023678081,0,0,Low Risk
CUST_007241,0.026779575,0,0,Low Risk
CUST_007242,0.9096527,1,1,High Risk
CUST_007243,0.0016481753,0,0,Low Risk
CUST_007244,0.02665829,0,0,Low Risk
CUST_007245,0.010196543,0,0,Low Risk
CUST_007246,0.0120582655,0,0,Low Risk
CUST_007247,0.02583663,0,0,Low Risk
CUST_007248,0.9992741,1,1,High Risk
CUST_007249,0.016830098,0,0,Low Risk
CUST_007250,0.9979061,1,1,High Risk
CUST_007251,0.1487883,0,0,Low Risk
CUST_007252,0.99908555,1,1,High Risk
CUST_007253,0.22446334,0,0,Low Risk
CUST_007254,0.9177153,1,1,High Risk
CUST_007255,0.0035177376,0,0,Low Risk
CUST_007256,0.9994531,1,1,High Risk
CUST_007257,0.028555771,0,0,Low Risk
CUST_007258,0.99876654,1,1,High Risk
CUST_007259,0.055807047,0,0,Low Risk
CUST_007260,0.998868,1,1,High Risk
CUST_007261,0.008188437,0,0,Low Risk
CUST_007262,0.14833423,0,0,Low Risk
CUST_007263,0.016298784,0,0,Low Risk
CUST_007264,0.38223314,0,1,Medium Risk
CUST_007265,0.04434645,0,0,Low Risk
CUST_007266,0.009126245,0,0,Low Risk
CUST_007267,0.017550923,0,0,Low Risk
CUST_007268,0.044948958,0,0,Low Risk
CUST_007269,0.07902149,0,0,Low Risk
CUST_007270,0.9996458,1,1,High Risk
CUST_007271,0.3126303,0,0,Low Risk
CUST_007272,0.0027012508,0,0,Low Risk
CUST_007273,0.03322299,0,0,Low Risk
CUST_007274,0.9988506,1,1,High Risk
CUST_007275,0.99660575,1,1,High Risk
CUST_007276,0.018936511,0,0,Low Risk
CUST_007277,0.999551,1,1,High Risk
CUST_007278,0.012127965,0,0,Low Risk
CUST_007279,0.119659215,0,0,Low Risk
CUST_007280,0.0084552355,0,0,Low Risk
CUST_007281,0.99944574,1,1,High Risk
CUST_007282,0.004544947,0,0,Low Risk
CUST_007283,0.015893126,0,0,Low Risk
CUST_007284,0.076179676,0,0,Low Risk
CUST_007285,0.0026157845,0,0,Low Risk
CUST_007286,0.9998373,1,1,High Risk
CUST_007287,0.9991308,1,1,High Risk
CUST_007288,0.029001355,0,0,Low Risk
CUST_007289,0.20180058,0,0,Low Risk
CUST_007290,0.010998752,0,0,Low Risk
CUST_007291,0.011586659,0,0,Low Risk
CUST_007292,0.010560175,0,0,Low Risk
CUST_007293,0.017236404,0,0,Low Risk
CUST_007294,0.36655554,0,0,Medium Risk
CUST_007295,0.124658756,0,0,Low Risk
CUST_007296,0.9973585,1,1,High Risk
CUST_007297,0.21471554,0,1,Low Risk
CUST_007298,0.009620137,0,0,Low Risk
CUST_007299,0.99976975,1,1,High Risk
CUST_007300,0.38296533,0,0,Medium Risk
CUST_007301,0.9995322,1,1,High Risk
CUST_007302,0.0045326552,0,0,Low Risk
CUST_007303,0.103939995,0,0,Low Risk
CUST_007304,0.015800934,0,0,Low Risk
CUST_007305,0.010585816,0,0,Low Risk
CUST_007306,0.02323234,0,0,Low Risk
CUST_007307,0.004671087,0,0,Low Risk
CUST_007308,0.09205547,0,0,Low Risk
CUST_007309,0.0045919996,0,0,Low Risk
CUST_007310,0.15182856,0,0,Low Risk
CUST_007311,0.031168502,0,0,Low Risk
CUST_007312,0.9996216,1,1,High Risk
CUST_007313,0.052472424,0,0,Low Risk
CUST_007314,0.12930809,0,0,Low Risk
CUST_007315,0.6149192,1,0,Medium Risk
CUST_007316,0.003409438,0,0,Low Risk
CUST_007317,0.035958815,0,0,Low Risk
CUST_007318,0.014419242,0,0,Low Risk
CUST_007319,0.015910035,0,0,Low Risk
CUST_007320,0.9966987,1,1,High Risk
CUST_007321,0.015299363,0,0,Low Risk
CUST_007322,0.0033776572,0,0,Low Risk
CUST_007323,0.041223504,0,0,Low Risk
CUST_007324,0.999044,1,1,High Risk
CUST_007325,0.050772347,0,0,Low Risk
CUST_007326,0.013301302,0,0,Low Risk
CUST_007327,0.94529176,1,1,High Risk
CUST_007328,0.44642442,0,1,Medium Risk
CUST_007329,0.0024799411,0,0,Low Risk
CUST_007330,0.99881846,1,1,High Risk
CUST_007331,0.026224319,0,0,Low Risk
CUST_007332,0.041920047,0,0,Low Risk
CUST_007333,0.004834601,0,0,Low Risk
CUST_007334,0.9998441,1,1,High Risk
CUST_007335,0.026153784,0,0,Low Risk
CUST_007336,0.0020485353,0,0,Low Risk
CUST_007337,0.046571884,0,0,Low Risk
CUST_007338,0.9899658,1,1,High Risk
CUST_007339,0.017217424,0,0,Low Risk
CUST_007340,0.10744852,0,0,Low Risk
CUST_007341,0.02716532,0,0,Low Risk
CUST_007342,0.9964174,1,1,High Risk
CUST_007343,0.001531216,0,0,Low Risk
CUST_007344,0.9998281,1,1,High Risk
CUST_007345,0.0038703503,0,0,Low Risk
CUST_007346,0.015001784,0,0,Low Risk
CUST_007347,0.9937587,1,1,High Risk
CUST_007348,0.024805894,0,0,Low Risk
CUST_007349,0.045532223,0,0,Low Risk
CUST_007350,0.2166021,0,1,Low Risk
CUST_007351,0.03200657,0,0,Low Risk
CUST_007352,0.032759387,0,0,Low Risk
CUST_007353,0.0051084165,0,0,Low Risk
CUST_007354,0.019481247,0,0,Low Risk
CUST_007355,0.009996271,0,0,Low Risk
CUST_007356,0.3058126,0,0,Low Risk
CUST_007357,0.9912806,1,1,High Risk
CUST_007358,0.9992933,1,1,High Risk
CUST_007359,0.9975817,1,1,High Risk
CUST_007360,0.033768192,0,0,Low Risk
CUST_007361,0.022936802,0,0,Low Risk
CUST_007362,0.99453187,1,1,High Risk
CUST_007363,0.06455117,0,0,Low Risk
CUST_007364,0.002305146,0,0,Low Risk
CUST_007365,0.00895234,0,0,Low Risk
CUST_007366,0.9952937,1,1,High Risk
CUST_007367,0.10020685,0,0,Low Risk
CUST_007368,0.015983477,0,0,Low Risk
CUST_007369,0.017962728,0,0,Low Risk
CUST_007370,0.042003356,0,0,Low Risk
CUST_007371,0.008632625,0,0,Low Risk
CUST_007372,0.02126977,0,0,Low Risk
CUST_007373,0.034569487,0,0,Low Risk
CUST_007374,0.032623496,0,0,Low Risk
CUST_007375,0.006302865,0,0,Low Risk
CUST_007376,0.023518102,0,0,Low Risk
CUST_007377,0.040158156,0,0,Low Risk
CUST_007378,0.0067397207,0,0,Low Risk
CUST_007379,0.99838483,1,1,High Risk
CUST_007380,0.010648914,0,0,Low Risk
CUST_007381,0.0070628687,0,0,Low Risk
CUST_007382,0.15053909,0,0,Low Risk
CUST_007383,0.054048866,0,0,Low Risk
CUST_007384,0.010247011,0,0,Low Risk
CUST_007385,0.9997744,1,1,High Risk
CUST_007386,0.99789315,1,1,High Risk
CUST_007387,0.11474145,0,0,Low Risk
CUST_007388,0.998733,1,1,High Risk
CUST_007389,0.054554682,0,0,Low Risk
CUST_007390,0.061976533,0,0,Low Risk
CUST_007391,0.008055237,0,0,Low Risk
CUST_007392,0.025003593,0,0,Low Risk
CUST_007393,0.0035931382,0,0,Low Risk
CUST_007394,0.040126696,0,0,Low Risk
CUST_007395,0.002880329,0,0,Low Risk
CUST_007396,0.029919738,0,0,Low Risk
CUST_007397,0.003477026,0,0,Low Risk
CUST_007398,0.99970347,1,1,High Risk
CUST_007399,0.0132176215,0,0,Low Risk
CUST_007400,0.044458367,0,0,Low Risk
CUST_007401,0.9860023,1,1,High Risk
CUST_007402,0.99952376,1,1,High Risk
CUST_007403,0.99618405,1,1,High Risk
CUST_007404,0.011391361,0,0,Low Risk
CUST_007405,0.0013843924,0,0,Low Risk
CUST_007406,0.88476694,1,1,High Risk
CUST_007407,0.24043997,0,0,Low Risk
CUST_007408,0.99848527,1,1,High Risk
CUST_007409,0.18664889,0,1,Low Risk
CUST_007410,0.031506196,0,0,Low Risk
CUST_007411,0.0049365023,0,0,Low Risk
CUST_007412,0.009407692,0,0,Low Risk
CUST_007413,0.016118491,0,0,Low Risk
CUST_007414,0.014319649,0,0,Low Risk
CUST_007415,0.019008582,0,0,Low Risk
CUST_007416,0.013481067,0,0,Low Risk
CUST_007417,0.030084714,0,0,Low Risk
CUST_007418,0.0040780082,0,0,Low Risk
CUST_007419,0.0775364,0,0,Low Risk
CUST_007420,0.008966019,0,0,Low Risk
CUST_007421,0.99882907,1,1,High Risk
CUST_007422,0.1256309,0,0,Low Risk
CUST_007423,0.13228944,0,0,Low Risk
CUST_007424,0.038981706,0,0,Low Risk
CUST_007425,0.013603139,0,0,Low Risk
CUST_007426,0.028325288,0,0,Low Risk
CUST_007427,0.023514932,0,0,Low Risk
CUST_007428,0.008696063,0,0,Low Risk
CUST_007429,0.06938178,0,0,Low Risk
CUST_007430,0.99983656,1,1,High Risk
CUST_007431,0.011553383,0,0,Low Risk
CUST_007432,0.008204512,0,0,Low Risk
CUST_007433,0.050145864,0,0,Low Risk
CUST_007434,0.9956541,1,1,High Risk
CUST_007435,0.029788353,0,0,Low Risk
CUST_007436,0.11186109,0,0,Low Risk
CUST_007437,0.023966813,0,0,Low Risk
CUST_007438,0.0031578662,0,0,Low Risk
CUST_007439,0.00885501,0,0,Low Risk
CUST_007440,0.04507644,0,0,Low Risk
CUST_007441,0.011472133,0,0,Low Risk
CUST_007442,0.2116733,0,0,Low Risk
CUST_007443,0.016786253,0,0,Low Risk
CUST_007444,0.030674454,0,0,Low Risk
CUST_007445,0.026083406,0,0,Low Risk
CUST_007446,0.05018707,0,0,Low Risk
CUST_007447,0.9993229,1,1,High Risk
CUST_007448,0.3062883,0,1,Low Risk
CUST_007449,0.99752516,1,1,High Risk
CUST_007450,0.99983597,1,1,High Risk
CUST_007451,0.012285513,0,0,Low Risk
CUST_007452,0.033690363,0,0,Low Risk
CUST_007453,0.028718615,0,0,Low Risk
CUST_007454,0.9994742,1,1,High Risk
CUST_007455,0.1892218,0,0,Low Risk
CUST_007456,0.005139784,0,0,Low Risk
CUST_007457,0.9996517,1,1,High Risk
CUST_007458,0.024440847,0,0,Low Risk
CUST_007459,0.07477984,0,0,Low Risk
CUST_007460,0.9997962,1,1,High Risk
CUST_007461,0.9992847,1,1,High Risk
CUST_007462,0.21754174,0,0,Low Risk
CUST_007463,0.030089349,0,0,Low Risk
CUST_007464,0.99739754,1,1,High Risk
CUST_007465,0.06328664,0,0,Low Risk
CUST_007466,0.9702073,1,1,High Risk
CUST_007467,0.019895561,0,0,Low Risk
CUST_007468,0.0077628833,0,0,Low Risk
CUST_007469,0.99916327,1,1,High Risk
CUST_007470,0.1465494,0,0,Low Risk
CUST_007471,0.0028378817,0,0,Low Risk
CUST_007472,0.99579537,1,1,High Risk
CUST_007473,0.9997849,1,1,High Risk
CUST_007474,0.013528082,0,0,Low Risk
CUST_007475,0.01586752,0,0,Low Risk
CUST_007476,0.04813959,0,0,Low Risk
CUST_007477,0.99817634,1,1,High Risk
CUST_007478,0.999694,1,1,High Risk
CUST_007479,0.0032927133,0,0,Low Risk
CUST_007480,0.049510527,0,0,Low Risk
CUST_007481,0.004455102,0,0,Low Risk
CUST_007482,0.9996253,1,1,High Risk
CUST_007483,0.01649806,0,0,Low Risk
CUST_007484,0.010235116,0,0,Low Risk
CUST_007485,0.99969435,1,1,High Risk
CUST_007486,0.69470793,1,1,High Risk
CUST_007487,0.2898085,0,0,Low Risk
CUST_007488,0.9341814,1,1,High Risk
CUST_007489,0.9726972,1,1,High Risk
CUST_007490,0.017221693,0,0,Low Risk
CUST_007491,0.004402796,0,0,Low Risk
CUST_007492,0.9996307,1,1,High Risk
CUST_007493,0.020752737,0,0,Low Risk
CUST_007494,0.09067168,0,0,Low Risk
CUST_007495,0.008458555,0,0,Low Risk
CUST_007496,0.99861133,1,1,High Risk
CUST_007497,0.043773565,0,0,Low Risk
CUST_007498,0.0050237975,0,0,Low Risk
CUST_007499,0.014668486,0,0,Low Risk
CUST_007500,0.0016318006,0,0,Low Risk
CUST_007501,0.9996934,1,1,High Risk
CUST_007502,0.006752923,0,0,Low Risk
CUST_007503,0.020031257,0,0,Low Risk
CUST_007504,0.010566793,0,0,Low Risk
CUST_007505,0.07712613,0,0,Low Risk
CUST_007506,0.064548604,0,0,Low Risk
CUST_007507,0.014004903,0,0,Low Risk
CUST_007508,0.5326395,1,1,Medium Risk
CUST_007509,0.030349996,0,0,Low Risk
CUST_007510,0.9956181,1,1,High Risk
CUST_007511,0.34352848,0,0,Low Risk
CUST_007512,0.018961,0,0,Low Risk
CUST_007513,0.006099718,0,0,Low Risk
CUST_007514,0.99489814,1,1,High Risk
CUST_007515,0.4744276,0,1,Medium Risk
CUST_007516,0.9987532,1,1,High Risk
CUST_007517,0.76038593,1,1,High Risk
CUST_007518,0.111059956,0,0,Low Risk
CUST_007519,0.0331408,0,0,Low Risk
CUST_007520,0.9997142,1,1,High Risk
CUST_007521,0.013453307,0,0,Low Risk
CUST_007522,0.015994476,0,0,Low Risk
CUST_007523,0.03400251,0,0,Low Risk
CUST_007524,0.99880135,1,1,High Risk
CUST_007525,0.009877266,0,0,Low Risk
CUST_007526,0.99754167,1,1,High Risk
CUST_007527,0.004625903,0,0,Low Risk
CUST_007528,0.99905413,1,1,High Risk
CUST_007529,0.9981018,1,1,High Risk
CUST_007530,0.03145972,0,0,Low Risk
CUST_007531,0.055728603,0,0,Low Risk
CUST_007532,0.0068730772,0,0,Low Risk
CUST_007533,0.035342596,0,0,Low Risk
CUST_007534,0.9986217,1,1,High Risk
CUST_007535,0.99973375,1,1,High Risk
CUST_007536,0.0040936647,0,0,Low Risk
CUST_007537,0.06338388,0,0,Low Risk
CUST_007538,0.018599907,0,0,Low Risk
CUST_007539,0.0826627,0,0,Low Risk
CUST_007540,0.9993812,1,1,High Risk
CUST_007541,0.008350126,0,0,Low Risk
CUST_007542,0.08221723,0,0,Low Risk
CUST_007543,0.1754462,0,0,Low Risk
CUST_007544,0.016214527,0,0,Low Risk
CUST_007545,0.9217959,1,1,High Risk
CUST_007546,0.9998921,1,1,High Risk
CUST_007547,0.005393091,0,0,Low Risk
CUST_007548,0.9994462,1,1,High Risk
CUST_007549,0.010969055,0,0,Low Risk
CUST_007550,0.014069162,0,0,Low Risk
CUST_007551,0.015704712,0,0,Low Risk
CUST_007552,0.02404973,0,0,Low Risk
CUST_007553,0.0061152647,0,0,Low Risk
CUST_007554,0.016170932,0,0,Low Risk
CUST_007555,0.99969554,1,1,High Risk
CUST_007556,0.004092279,0,0,Low Risk
CUST_007557,0.039433364,0,0,Low Risk
CUST_007558,0.99970466,1,1,High Risk
CUST_007559,0.018691411,0,0,Low Risk
CUST_007560,0.99924004,1,1,High Risk
CUST_007561,0.9992767,1,1,High Risk
CUST_007562,0.005489139,0,0,Low Risk
CUST_007563,0.11527967,0,0,Low Risk
CUST_007564,0.9996126,1,1,High Risk
CUST_007565,0.03480746,0,0,Low Risk
CUST_007566,0.062843665,0,0,Low Risk
CUST_007567,0.23591672,0,0,Low Risk
CUST_007568,0.009227614,0,0,Low Risk
CUST_007569,0.0378513,0,0,Low Risk
CUST_007570,0.023703393,0,0,Low Risk
CUST_007571,0.017257934,0,0,Low Risk
CUST_007572,0.9997713,1,1,High Risk
CUST_007573,0.9914682,1,1,High Risk
CUST_007574,0.9900879,1,1,High Risk
CUST_007575,0.99757904,1,1,High Risk
CUST_007576,0.999225,1,1,High Risk
CUST_007577,0.9991136,1,1,High Risk
CUST_007578,0.94728315,1,1,High Risk
CUST_007579,0.16987075,0,0,Low Risk
CUST_007580,0.028114807,0,0,Low Risk
CUST_007581,0.0075463946,0,0,Low Risk
CUST_007582,0.108643994,0,0,Low Risk
CUST_007583,0.007894172,0,0,Low Risk
CUST_007584,0.0074305176,0,0,Low Risk
CUST_007585,0.72107255,1,1,High Risk
CUST_007586,0.031173814,0,0,Low Risk
CUST_007587,0.9996675,1,1,High Risk
CUST_007588,0.088141374,0,0,Low Risk
CUST_007589,0.011585939,0,0,Low Risk
CUST_007590,0.0038120016,0,0,Low Risk
CUST_007591,0.022979587,0,0,Low Risk
CUST_007592,0.99448216,1,1,High Risk
CUST_007593,0.043544423,0,0,Low Risk
CUST_007594,0.021691179,0,0,Low Risk
CUST_007595,0.28366303,0,0,Low Risk
CUST_007596,0.9952054,1,1,High Risk
CUST_007597,0.021638518,0,0,Low Risk
CUST_007598,0.032496035,0,0,Low Risk
CUST_007599,0.01361228,0,0,Low Risk
CUST_007600,0.06133523,0,0,Low Risk
CUST_007601,0.012865546,0,0,Low Risk
CUST_007602,0.08674425,0,0,Low Risk
CUST_007603,0.015526057,0,0,Low Risk
CUST_007604,0.0027381736,0,0,Low Risk
CUST_007605,0.9912595,1,1,High Risk
CUST_007606,0.9988782,1,1,High Risk
CUST_007607,0.999759,1,1,High Risk
CUST_007608,0.16549607,0,0,Low Risk
CUST_007609,0.018890077,0,0,Low Risk
CUST_007610,0.022083376,0,0,Low Risk
CUST_007611,0.9988716,1,1,High Risk
CUST_007612,0.07665398,0,0,Low Risk
CUST_007613,0.002518453,0,0,Low Risk
CUST_007614,0.99935967,1,1,High Risk
CUST_007615,0.011254611,0,0,Low Risk
CUST_007616,0.03236849,0,0,Low Risk
CUST_007617,0.03945881,0,0,Low Risk
CUST_007618,0.98705274,1,1,High Risk
CUST_007619,0.097100556,0,0,Low Risk
CUST_007620,0.99449795,1,1,High Risk
CUST_007621,0.013400154,0,0,Low Risk
CUST_007622,0.9992582,1,1,High Risk
CUST_007623,0.9967031,1,1,High Risk
CUST_007624,0.00606795,0,0,Low Risk
CUST_007625,0.99977463,1,1,High Risk
CUST_007626,0.9967411,1,1,High Risk
CUST_007627,0.019450277,0,0,Low Risk
CUST_007628,0.0062671965,0,0,Low Risk
CUST_007629,0.9995883,1,1,High Risk
CUST_007630,0.010180405,0,0,Low Risk
CUST_007631,0.99948776,1,1,High Risk
CUST_007632,0.060445018,0,0,Low Risk
CUST_007633,0.37102494,0,0,Medium Risk
CUST_007634,0.014123928,0,0,Low Risk
CUST_007635,0.03233858,0,0,Low Risk
CUST_007636,0.025782535,0,0,Low Risk
CUST_007637,0.053758163,0,0,Low Risk
CUST_007638,0.99941134,1,1,High Risk
CUST_007639,0.0070988643,0,0,Low Risk
CUST_007640,0.9959709,1,1,High Risk
CUST_007641,0.99974173,1,1,High Risk
CUST_007642,0.0038617214,0,0,Low Risk
CUST_007643,0.016326468,0,0,Low Risk
CUST_007644,0.9979931,1,1,High Risk
CUST_007645,0.028019542,0,0,Low Risk
CUST_007646,0.045640703,0,0,Low Risk
CUST_007647,0.045963656,0,0,Low Risk
CUST_007648,0.99927706,1,1,High Risk
CUST_007649,0.0941155,0,0,Low Risk
CUST_007650,0.0042247674,0,0,Low Risk
CUST_007651,0.00696489,0,0,Low Risk
CUST_007652,0.0044886107,0,0,Low Risk
CUST_007653,0.019285437,0,0,Low Risk
CUST_007654,0.06237733,0,0,Low Risk
CUST_007655,0.024329303,0,0,Low Risk
CUST_007656,0.9729872,1,1,High Risk
CUST_007657,0.012386841,0,0,Low Risk
CUST_007658,0.0027557267,0,0,Low Risk
CUST_007659,0.9960402,1,1,High Risk
CUST_007660,0.01702707,0,0,Low Risk
CUST_007661,0.039660137,0,0,Low Risk
CUST_007662,0.99958116,1,1,High Risk
CUST_007663,0.045483824,0,0,Low Risk
CUST_007664,0.0381425,0,0,Low Risk
CUST_007665,0.14982642,0,1,Low Risk
CUST_007666,0.99941707,1,1,High Risk
CUST_007667,0.9993142,1,1,High Risk
CUST_007668,0.99959165,1,1,High Risk
CUST_007669,0.049356204,0,0,Low Risk
CUST_007670,0.0108430255,0,0,Low Risk
CUST_007671,0.011042975,0,0,Low Risk
CUST_007672,0.40531886,0,0,Medium Risk
CUST_007673,0.993554,1,1,High Risk
CUST_007674,0.0030121058,0,0,Low Risk
CUST_007675,0.016963366,0,0,Low Risk
CUST_007676,0.031950735,0,0,Low Risk
CUST_007677,0.9983064,1,1,High Risk
CUST_007678,0.075157724,0,0,Low Risk
CUST_007679,0.025503997,0,0,Low Risk
CUST_007680,0.15087534,0,0,Low Risk
CUST_007681,0.03627737,0,0,Low Risk
CUST_007682,0.023409663,0,0,Low Risk
CUST_007683,0.0059219506,0,0,Low Risk
CUST_007684,0.066342466,0,0,Low Risk
CUST_007685,0.029512735,0,0,Low Risk
CUST_007686,0.038254533,0,0,Low Risk
CUST_007687,0.029714093,0,0,Low Risk
CUST_007688,0.039911125,0,0,Low Risk
CUST_007689,0.99986315,1,1,High Risk
CUST_007690,0.013180395,0,0,Low Risk
CUST_007691,0.9878656,1,1,High Risk
CUST_007692,0.019007817,0,0,Low Risk
CUST_007693,0.07055778,0,0,Low Risk
CUST_007694,0.99943894,1,1,High Risk
CUST_007695,0.047437478,0,0,Low Risk
CUST_007696,0.0014346369,0,0,Low Risk
CUST_007697,0.017461283,0,0,Low Risk
CUST_007698,0.9983028,1,1,High Risk
CUST_007699,0.008447037,0,0,Low Risk
CUST_007700,0.36551124,0,0,Medium Risk
CUST_007701,0.99464756,1,1,High Risk
CUST_007702,0.0041974755,0,0,Low Risk
CUST_007703,0.013323543,0,0,Low Risk
CUST_007704,0.014800807,0,0,Low Risk
CUST_007705,0.016349243,0,0,Low Risk
CUST_007706,0.06401709,0,0,Low Risk
CUST_007707,0.9780317,1,1,High Risk
CUST_007708,0.99902284,1,1,High Risk
CUST_007709,0.01954807,0,0,Low Risk
CUST_007710,0.011350718,0,0,Low Risk
CUST_007711,0.9590987,1,1,High Risk
CUST_007712,0.8466359,1,1,High Risk
CUST_007713,0.0753743,0,0,Low Risk
CUST_007714,0.013507073,0,0,Low Risk
CUST_007715,0.18172844,0,0,Low Risk
CUST_007716,0.008899255,0,0,Low Risk
CUST_007717,0.9906793,1,1,High Risk
CUST_007718,0.9993468,1,1,High Risk
CUST_007719,0.83287627,1,1,High Risk
CUST_007720,0.992423,1,1,High Risk
CUST_007721,0.9980757,1,1,High Risk
CUST_007722,0.13347897,0,0,Low Risk
CUST_007723,0.06447206,0,0,Low Risk
CUST_007724,0.0073113074,0,0,Low Risk
CUST_007725,0.016023703,0,0,Low Risk
CUST_007726,0.01395363,0,0,Low Risk
CUST_007727,0.012651208,0,0,Low Risk
CUST_007728,0.098524414,0,0,Low Risk
CUST_007729,0.96111953,1,1,High Risk
CUST_007730,0.06281974,0,0,Low Risk
CUST_007731,0.016947549,0,0,Low Risk
CUST_007732,0.007896231,0,0,Low Risk
CUST_007733,0.010771146,0,0,Low Risk
CUST_007734,0.012006411,0,0,Low Risk
CUST_007735,0.012543072,0,0,Low Risk
CUST_007736,0.9946306,1,1,High Risk
CUST_007737,0.043683838,0,0,Low Risk
CUST_007738,0.009183406,0,0,Low Risk
CUST_007739,0.021004597,0,0,Low Risk
CUST_007740,0.0032567359,0,0,Low Risk
CUST_007741,0.0147466585,0,0,Low Risk
CUST_007742,0.057911936,0,0,Low Risk
CUST_007743,0.054703604,0,0,Low Risk
CUST_007744,0.99962044,1,1,High Risk
CUST_007745,0.9998878,1,1,High Risk
CUST_007746,0.018446209,0,0,Low Risk
CUST_007747,0.03909859,0,0,Low Risk
CUST_007748,0.016102716,0,0,Low Risk
CUST_007749,0.043851156,0,0,Low Risk
CUST_007750,0.82558805,1,1,High Risk
CUST_007751,0.039324287,0,0,Low Risk
CUST_007752,0.032534618,0,0,Low Risk
CUST_007753,0.36164257,0,0,Medium Risk
CUST_007754,0.9997123,1,1,High Risk
CUST_007755,0.9992914,1,1,High Risk
CUST_007756,0.016105587,0,0,Low Risk
CUST_007757,0.9990728,1,1,High Risk
CUST_007758,0.008199093,0,0,Low Risk
CUST_007759,0.010475589,0,0,Low Risk
CUST_007760,0.021253863,0,0,Low Risk
CUST_007761,0.011864559,0,0,Low Risk
CUST_007762,0.011201852,0,0,Low Risk
CUST_007763,0.993316,1,1,High Risk
CUST_007764,0.035906065,0,0,Low Risk
CUST_007765,0.02457367,0,0,Low Risk
CUST_007766,0.99944323,1,1,High Risk
CUST_007767,0.06912544,0,0,Low Risk
CUST_007768,0.9991093,1,1,High Risk
CUST_007769,0.99967515,1,1,High Risk
CUST_007770,0.037487853,0,0,Low Risk
CUST_007771,0.99933165,1,1,High Risk
CUST_007772,0.017466232,0,0,Low Risk
CUST_007773,0.0040281177,0,0,Low Risk
CUST_007774,0.019379659,0,0,Low Risk
CUST_007775,0.009864056,0,0,Low Risk
CUST_007776,0.9998505,1,1,High Risk
CUST_007777,0.025688238,0,0,Low Risk
CUST_007778,0.016537247,0,0,Low Risk
CUST_007779,0.99978215,1,1,High Risk
CUST_007780,0.012480711,0,0,Low Risk
CUST_007781,0.013925493,0,0,Low Risk
CUST_007782,0.018845368,0,0,Low Risk
CUST_007783,0.002795485,0,0,Low Risk
CUST_007784,0.026440132,0,0,Low Risk
CUST_007785,0.014776228,0,0,Low Risk
CUST_007786,0.016946746,0,0,Low Risk
CUST_007787,0.08207028,0,0,Low Risk
CUST_007788,0.99648213,1,1,High Risk
CUST_007789,0.4620157,0,1,Medium Risk
CUST_007790,0.012226172,0,0,Low Risk
CUST_007791,0.010070373,0,0,Low Risk
CUST_007792,0.04655847,0,0,Low Risk
CUST_007793,0.9997614,1,1,High Risk
CUST_007794,0.9978173,1,1,High Risk
CUST_007795,0.094293684,0,0,Low Risk
CUST_007796,0.07008194,0,0,Low Risk
CUST_007797,0.00553664,0,0,Low Risk
CUST_007798,0.01804958,0,0,Low Risk
CUST_007799,0.016066719,0,0,Low Risk
CUST_007800,0.25934985,0,1,Low Risk
CUST_007801,0.99739873,1,1,High Risk
CUST_007802,0.102452315,0,0,Low Risk
CUST_007803,0.5813112,1,1,Medium Risk
CUST_007804,0.024264637,0,0,Low Risk
CUST_007805,0.99955446,1,1,High Risk
CUST_007806,0.040566824,0,0,Low Risk
CUST_007807,0.9886895,1,1,High Risk
CUST_007808,0.99898976,1,1,High Risk
CUST_007809,0.557322,1,1,Medium Risk
CUST_007810,0.040677395,0,0,Low Risk
CUST_007811,0.011859814,0,0,Low Risk
CUST_007812,0.012609943,0,0,Low Risk
CUST_007813,0.0023310394,0,0,Low Risk
CUST_007814,0.04928361,0,0,Low Risk
CUST_007815,0.9991541,1,1,High Risk
CUST_007816,0.013441476,0,0,Low Risk
CUST_007817,0.999405,1,1,High Risk
CUST_007818,0.99753857,1,1,High Risk
CUST_007819,0.01824181,0,0,Low Risk
CUST_007820,0.08293514,0,0,Low Risk
CUST_007821,0.032310367,0,0,Low Risk
CUST_007822,0.20144132,0,0,Low Risk
CUST_007823,0.01951694,0,0,Low Risk
CUST_007824,0.9998599,1,1,High Risk
CUST_007825,0.053476173,0,0,Low Risk
CUST_007826,0.01729164,0,0,Low Risk
CUST_007827,0.99889755,1,1,High Risk
CUST_007828,0.99882203,1,1,High Risk
CUST_007829,0.9985468,1,1,High Risk
CUST_007830,0.6978501,1,0,High Risk
CUST_007831,0.9990125,1,1,High Risk
CUST_007832,0.07450498,0,0,Low Risk
CUST_007833,0.0054748724,0,0,Low Risk
CUST_007834,0.0036151423,0,0,Low Risk
CUST_007835,0.024135264,0,0,Low Risk
CUST_007836,0.060203947,0,0,Low Risk
CUST_007837,0.9869365,1,1,High Risk
CUST_007838,0.039321028,0,0,Low Risk
CUST_007839,0.99975985,1,1,High Risk
CUST_007840,0.0119572785,0,0,Low Risk
CUST_007841,0.0018412059,0,0,Low Risk
CUST_007842,0.018989222,0,0,Low Risk
CUST_007843,0.040026862,0,0,Low Risk
CUST_007844,0.17222199,0,0,Low Risk
CUST_007845,0.04378588,0,0,Low Risk
CUST_007846,0.9945188,1,1,High Risk
CUST_007847,0.009777138,0,0,Low Risk
CUST_007848,0.0219943,0,0,Low Risk
CUST_007849,0.0024095674,0,0,Low Risk
CUST_007850,0.018793156,0,0,Low Risk
CUST_007851,0.013823716,0,0,Low Risk
CUST_007852,0.9708129,1,1,High Risk
CUST_007853,0.9977272,1,1,High Risk
CUST_007854,0.006083845,0,0,Low Risk
CUST_007855,0.34705022,0,0,Low Risk
CUST_007856,0.016639935,0,0,Low Risk
CUST_007857,0.008440337,0,0,Low Risk
CUST_007858,0.012410033,0,0,Low Risk
CUST_007859,0.027104078,0,0,Low Risk
CUST_007860,0.012661635,0,0,Low Risk
CUST_007861,0.0038861337,0,0,Low Risk
CUST_007862,0.004149135,0,0,Low Risk
CUST_007863,0.9993253,1,1,High Risk
CUST_007864,0.04559888,0,0,Low Risk
CUST_007865,0.12541145,0,0,Low Risk
CUST_007866,0.9973297,1,1,High Risk
CUST_007867,0.014166604,0,0,Low Risk
CUST_007868,0.005626281,0,0,Low Risk
CUST_007869,0.0032639462,0,0,Low Risk
CUST_007870,0.9995844,1,1,High Risk
CUST_007871,0.9960443,1,1,High Risk
CUST_007872,0.13647579,0,0,Low Risk
CUST_007873,0.0061896634,0,0,Low Risk
CUST_007874,0.0028030747,0,0,Low Risk
CUST_007875,0.98873144,1,1,High Risk
CUST_007876,0.007658732,0,0,Low Risk
CUST_007877,0.03765224,0,0,Low Risk
CUST_007878,0.04784526,0,0,Low Risk
CUST_007879,0.02521577,0,0,Low Risk
CUST_007880,0.011506387,0,0,Low Risk
CUST_007881,0.9997354,1,1,High Risk
CUST_007882,0.0136885755,0,0,Low Risk
CUST_007883,0.0073041674,0,0,Low Risk
CUST_007884,0.033058472,0,0,Low Risk
CUST_007885,0.01842722,0,0,Low Risk
CUST_007886,0.027095808,0,0,Low Risk
CUST_007887,0.99974364,1,1,High Risk
CUST_007888,0.038421206,0,0,Low Risk
CUST_007889,0.99985886,1,1,High Risk
CUST_007890,0.0051691383,0,0,Low Risk
CUST_007891,0.0021131933,0,0,Low Risk
CUST_007892,0.08047555,0,0,Low Risk
CUST_007893,0.012563807,0,0,Low Risk
CUST_007894,0.9998498,1,1,High Risk
CUST_007895,0.6588996,1,1,High Risk
CUST_007896,0.9984334,1,1,High Risk
CUST_007897,0.9990484,1,1,High Risk
CUST_007898,0.007939898,0,0,Low Risk
CUST_007899,0.055369094,0,0,Low Risk
CUST_007900,0.013740143,0,0,Low Risk
CUST_007901,0.013072968,0,0,Low Risk
CUST_007902,0.0630834,0,0,Low Risk
CUST_007903,0.044505946,0,0,Low Risk
CUST_007904,0.9989261,1,1,High Risk
CUST_007905,0.5249345,1,1,Medium Risk
CUST_007906,0.9895963,1,1,High Risk
CUST_007907,0.026828598,0,0,Low Risk
CUST_007908,0.02115154,0,0,Low Risk
CUST_007909,0.0016130528,0,0,Low Risk
CUST_007910,0.010655029,0,0,Low Risk
CUST_007911,0.999522,1,1,High Risk
CUST_007912,0.04100152,0,0,Low Risk
CUST_007913,0.029638464,0,0,Low Risk
CUST_007914,0.008081095,0,0,Low Risk
CUST_007915,0.009908467,0,0,Low Risk
CUST_007916,0.075017646,0,0,Low Risk
CUST_007917,0.9971349,1,1,High Risk
CUST_007918,0.002962726,0,0,Low Risk
CUST_007919,0.20068592,0,0,Low Risk
CUST_007920,0.13396159,0,0,Low Risk
CUST_007921,0.02439662,0,0,Low Risk
CUST_007922,0.002014023,0,0,Low Risk
CUST_007923,0.2168345,0,0,Low Risk
CUST_007924,0.025987526,0,0,Low Risk
CUST_007925,0.9982626,1,1,High Risk
CUST_007926,0.030135592,0,0,Low Risk
CUST_007927,0.008385892,0,0,Low Risk
CUST_007928,0.0076298774,0,0,Low Risk
CUST_007929,0.0064949826,0,0,Low Risk
CUST_007930,0.25376162,0,0,Low Risk
CUST_007931,0.9879709,1,1,High Risk
CUST_007932,0.028695606,0,0,Low Risk
CUST_007933,0.008683527,0,0,Low Risk
CUST_007934,0.16028729,0,0,Low Risk
CUST_007935,0.007311761,0,0,Low Risk
CUST_007936,0.0018708452,0,0,Low Risk
CUST_007937,0.99978274,1,1,High Risk
CUST_007938,0.03659377,0,0,Low Risk
CUST_007939,0.0145137375,0,0,Low Risk
CUST_007940,0.010898786,0,0,Low Risk
CUST_007941,0.07096114,0,0,Low Risk
CUST_007942,0.97880024,1,1,High Risk
CUST_007943,0.013972905,0,0,Low Risk
CUST_007944,0.12494699,0,0,Low Risk
CUST_007945,0.0024270953,0,0,Low Risk
CUST_007946,0.016090255,0,0,Low Risk
CUST_007947,0.9990017,1,1,High Risk
CUST_007948,0.19726469,0,0,Low Risk
CUST_007949,0.076709785,0,0,Low Risk
CUST_007950,0.99944526,1,1,High Risk
CUST_007951,0.046449583,0,0,Low Risk
CUST_007952,0.040500656,0,0,Low Risk
CUST_007953,0.9956185,1,1,High Risk
CUST_007954,0.014610204,0,0,Low Risk
CUST_007955,0.99986506,1,1,High Risk
CUST_007956,0.03413532,0,0,Low Risk
CUST_007957,0.886225,1,0,High Risk
CUST_007958,0.048305776,0,0,Low Risk
CUST_007959,0.7153395,1,1,High Risk
CUST_007960,0.118338324,0,0,Low Risk
CUST_007961,0.015824324,0,0,Low Risk
CUST_007962,0.9978715,1,1,High Risk
CUST_007963,0.030008253,0,0,Low Risk
CUST_007964,0.99973005,1,1,High Risk
CUST_007965,0.039771378,0,0,Low Risk
CUST_007966,0.0195898,0,0,Low Risk
CUST_007967,0.073819816,0,0,Low Risk
CUST_007968,0.006926873,0,0,Low Risk
CUST_007969,0.010180679,0,0,Low Risk
CUST_007970,0.1666655,0,0,Low Risk
CUST_007971,0.0065336293,0,0,Low Risk
CUST_007972,0.0026822635,0,0,Low Risk
CUST_007973,0.014644866,0,0,Low Risk
CUST_007974,0.026909726,0,0,Low Risk
CUST_007975,0.007872408,0,0,Low Risk
CUST_007976,0.009176002,0,0,Low Risk
CUST_007977,0.03352484,0,0,Low Risk
CUST_007978,0.99664295,1,1,High Risk
CUST_007979,0.03962286,0,0,Low Risk
CUST_007980,0.012065761,0,0,Low Risk
CUST_007981,0.060835145,0,0,Low Risk
CUST_007982,0.019068684,0,0,Low Risk
CUST_007983,0.014336565,0,0,Low Risk
CUST_007984,0.99720407,1,1,High Risk
CUST_007985,0.993454,1,1,High Risk
CUST_007986,0.9980204,1,1,High Risk
CUST_007987,0.032916006,0,0,Low Risk
CUST_007988,0.46064126,0,0,Medium Risk
CUST_007989,0.009128789,0,0,Low Risk
CUST_007990,0.99986887,1,1,High Risk
CUST_007991,0.019503552,0,0,Low Risk
CUST_007992,0.99934393,1,1,High Risk
CUST_007993,0.014131685,0,0,Low Risk
CUST_007994,0.99944454,1,1,High Risk
CUST_007995,0.018084511,0,0,Low Risk
CUST_007996,0.009387871,0,0,Low Risk
CUST_007997,0.5073887,1,1,Medium Risk
CUST_007998,0.053215165,0,0,Low Risk
CUST_007999,0.36397508,0,0,Medium Risk
CUST_008000,0.015593373,0,0,Low Risk
CUST_008001,0.9999058,1,1,High Risk
CUST_008002,0.022674583,0,0,Low Risk
CUST_008003,0.08580745,0,0,Low Risk
CUST_008004,0.013120265,0,0,Low Risk
CUST_008005,0.9996228,1,1,High Risk
CUST_008006,0.9945041,1,1,High Risk
CUST_008007,0.026919847,0,0,Low Risk
CUST_008008,0.99985576,1,1,High Risk
CUST_008009,0.00397988,0,0,Low Risk
CUST_008010,0.997985,1,1,High Risk
CUST_008011,0.85544926,1,1,High Risk
CUST_008012,0.14965293,0,0,Low Risk
CUST_008013,0.015541621,0,0,Low Risk
CUST_008014,0.034196384,0,0,Low Risk
CUST_008015,0.0115259765,0,0,Low Risk
CUST_008016,0.021963496,0,0,Low Risk
CUST_008017,0.99987197,1,1,High Risk
CUST_008018,0.99784243,1,1,High Risk
CUST_008019,0.050307956,0,0,Low Risk
CUST_008020,0.03437673,0,0,Low Risk
CUST_008021,0.0059600514,0,0,Low Risk
CUST_008022,0.018259486,0,0,Low Risk
CUST_008023,0.99970216,1,1,High Risk
CUST_008024,0.017246842,0,0,Low Risk
CUST_008025,0.02360661,0,0,Low Risk
CUST_008026,0.9989791,1,1,High Risk
CUST_008027,0.999073,1,1,High Risk
CUST_008028,0.045171577,0,0,Low Risk
CUST_008029,0.009902238,0,0,Low Risk
CUST_008030,0.0039560986,0,0,Low Risk
CUST_008031,0.016347181,0,0,Low Risk
CUST_008032,0.008184201,0,0,Low Risk
CUST_008033,0.030117568,0,0,Low Risk
CUST_008034,0.9998211,1,1,High Risk
CUST_008035,0.007956314,0,0,Low Risk
CUST_008036,0.063947566,0,0,Low Risk
CUST_008037,0.8528094,1,0,High Risk
CUST_008038,0.0098240655,0,0,Low Risk
CUST_008039,0.044242807,0,0,Low Risk
CUST_008040,0.5587802,1,0,Medium Risk
CUST_008041,0.019333163,0,0,Low Risk
CUST_008042,0.010128342,0,0,Low Risk
CUST_008043,0.0072055194,0,0,Low Risk
CUST_008044,0.018614583,0,0,Low Risk
CUST_008045,0.99709237,1,1,High Risk
CUST_008046,0.03693582,0,0,Low Risk
CUST_008047,0.044518963,0,0,Low Risk
CUST_008048,0.07753802,0,0,Low Risk
CUST_008049,0.023777615,0,0,Low Risk
CUST_008050,0.017608052,0,0,Low Risk
CUST_008051,0.99974054,1,1,High Risk
CUST_008052,0.9994867,1,1,High Risk
CUST_008053,0.03200439,0,0,Low Risk
CUST_008054,0.047571063,0,0,Low Risk
CUST_008055,0.051148932,0,0,Low Risk
CUST_008056,0.031320922,0,0,Low Risk
CUST_008057,0.11606602,0,0,Low Risk
CUST_008058,0.051727705,0,0,Low Risk
CUST_008059,0.03878625,0,0,Low Risk
CUST_008060,0.054136015,0,0,Low Risk
CUST_008061,0.048165698,0,0,Low Risk
CUST_008062,0.19306372,0,0,Low Risk
CUST_008063,0.9103266,1,1,High Risk
CUST_008064,0.27581906,0,0,Low Risk
CUST_008065,0.99864846,1,1,High Risk
CUST_008066,0.99685305,1,1,High Risk
CUST_008067,0.999624,1,1,High Risk
CUST_008068,0.4972056,0,0,Medium Risk
CUST_008069,0.004562987,0,0,Low Risk
CUST_008070,0.9996414,1,1,High Risk
CUST_008071,0.07236653,0,1,Low Risk
CUST_008072,0.039021544,0,0,Low Risk
CUST_008073,0.021656418,0,0,Low Risk
CUST_008074,0.033094764,0,0,Low Risk
CUST_008075,0.009420854,0,0,Low Risk
CUST_008076,0.9999105,1,1,High Risk
CUST_008077,0.032732066,0,0,Low Risk
CUST_008078,0.012795241,0,0,Low Risk
CUST_008079,0.007584118,0,0,Low Risk
CUST_008080,0.99938655,1,1,High Risk
CUST_008081,0.99777824,1,1,High Risk
CUST_008082,0.99971527,1,1,High Risk
CUST_008083,0.0045952573,0,0,Low Risk
CUST_008084,0.034684483,0,0,Low Risk
CUST_008085,0.005851736,0,0,Low Risk
CUST_008086,0.9996265,1,1,High Risk
CUST_008087,0.045226444,0,0,Low Risk
CUST_008088,0.058410745,0,0,Low Risk
CUST_008089,0.9955384,1,1,High Risk
CUST_008090,0.09504174,0,0,Low Risk
CUST_008091,0.7078682,1,0,High Risk
CUST_008092,0.01310149,0,0,Low Risk
CUST_008093,0.34257108,0,0,Low Risk
CUST_008094,0.016744625,0,0,Low Risk
CUST_008095,0.99934775,1,1,High Risk
CUST_008096,0.019867565,0,0,Low Risk
CUST_008097,0.99933976,1,1,High Risk
CUST_008098,0.005054885,0,0,Low Risk
CUST_008099,0.15160541,0,0,Low Risk
CUST_008100,0.99577504,1,1,High Risk
CUST_008101,0.78021646,1,1,High Risk
CUST_008102,0.99547774,1,1,High Risk
CUST_008103,0.007680427,0,0,Low Risk
CUST_008104,0.060120635,0,0,Low Risk
CUST_008105,0.013180809,0,0,Low Risk
CUST_008106,0.014287782,0,0,Low Risk
CUST_008107,0.012462212,0,0,Low Risk
CUST_008108,0.1368698,0,0,Low Risk
CUST_008109,0.974373,1,1,High Risk
CUST_008110,0.99857354,1,1,High Risk
CUST_008111,0.9990293,1,1,High Risk
CUST_008112,0.99457824,1,1,High Risk
CUST_008113,0.004780487,0,0,Low Risk
CUST_008114,0.99916077,1,1,High Risk
CUST_008115,0.68303823,1,1,High Risk
CUST_008116,0.011648761,0,0,Low Risk
CUST_008117,0.9888292,1,1,High Risk
CUST_008118,0.034658916,0,0,Low Risk
CUST_008119,0.99988616,1,1,High Risk
CUST_008120,0.02442309,0,0,Low Risk
CUST_008121,0.013048341,0,0,Low Risk
CUST_008122,0.3032708,0,0,Low Risk
CUST_008123,0.055434704,0,0,Low Risk
CUST_008124,0.9995455,1,1,High Risk
CUST_008125,0.99265844,1,1,High Risk
CUST_008126,0.011148029,0,0,Low Risk
CUST_008127,0.9989328,1,1,High Risk
CUST_008128,0.19067746,0,0,Low Risk
CUST_008129,0.024058556,0,0,Low Risk
CUST_008130,0.024944799,0,0,Low Risk
CUST_008131,0.041672435,0,0,Low Risk
CUST_008132,0.9913742,1,1,High Risk
CUST_008133,0.0008973309,0,0,Low Risk
CUST_008134,0.021420963,0,0,Low Risk
CUST_008135,0.99883705,1,1,High Risk
CUST_008136,0.99969935,1,1,High Risk
CUST_008137,0.38417384,0,0,Medium Risk
CUST_008138,0.99321413,1,1,High Risk
CUST_008139,0.9968451,1,1,High Risk
CUST_008140,0.9726926,1,1,High Risk
CUST_008141,0.9985776,1,1,High Risk
CUST_008142,0.01982153,0,0,Low Risk
CUST_008143,0.03796981,0,0,Low Risk
CUST_008144,0.01943973,0,0,Low Risk
CUST_008145,0.04257362,0,0,Low Risk
CUST_008146,0.0024357522,0,0,Low Risk
CUST_008147,0.07710177,0,0,Low Risk
CUST_008148,0.0370774,0,0,Low Risk
CUST_008149,0.0039943587,0,0,Low Risk
CUST_008150,0.017704826,0,0,Low Risk
CUST_008151,0.8549343,1,1,High Risk
CUST_008152,0.99813443,1,1,High Risk
CUST_008153,0.02201408,0,0,Low Risk
CUST_008154,0.62742895,1,0,Medium Risk
CUST_008155,0.009775241,0,0,Low Risk
CUST_008156,0.020510375,0,0,Low Risk
CUST_008157,0.021343151,0,0,Low Risk
CUST_008158,0.008157699,0,0,Low Risk
CUST_008159,0.19707416,0,0,Low Risk
CUST_008160,0.23327948,0,0,Low Risk
CUST_008161,0.017781748,0,0,Low Risk
CUST_008162,0.037615307,0,0,Low Risk
CUST_008163,0.07035504,0,0,Low Risk
CUST_008164,0.014121498,0,0,Low Risk
CUST_008165,0.99980956,1,1,High Risk
CUST_008166,0.013634174,0,0,Low Risk
CUST_008167,0.0023870356,0,0,Low Risk
CUST_008168,0.0049480447,0,0,Low Risk
CUST_008169,0.11347481,0,0,Low Risk
CUST_008170,0.08466201,0,0,Low Risk
CUST_008171,0.99161196,1,1,High Risk
CUST_008172,0.026169604,0,0,Low Risk
CUST_008173,0.014730544,0,0,Low Risk
CUST_008174,0.06566337,0,0,Low Risk
CUST_008175,0.9985191,1,1,High Risk
CUST_008176,0.026578233,0,0,Low Risk
CUST_008177,0.024583057,0,0,Low Risk
CUST_008178,0.023572922,0,0,Low Risk
CUST_008179,0.5404294,1,0,Medium Risk
CUST_008180,0.010024481,0,0,Low Risk
CUST_008181,0.01107394,0,0,Low Risk
CUST_008182,0.0024449064,0,0,Low Risk
CUST_008183,0.48626983,0,0,Medium Risk
CUST_008184,0.060385328,0,0,Low Risk
CUST_008185,0.027434293,0,0,Low Risk
CUST_008186,0.020328304,0,0,Low Risk
CUST_008187,0.9993291,1,1,High Risk
CUST_008188,0.009836741,0,0,Low Risk
CUST_008189,0.9979225,1,1,High Risk
CUST_008190,0.025495743,0,0,Low Risk
CUST_008191,0.009544287,0,0,Low Risk
CUST_008192,0.0024297372,0,0,Low Risk
CUST_008193,0.039261837,0,0,Low Risk
CUST_008194,0.03437035,0,0,Low Risk
CUST_008195,0.3732155,0,0,Medium Risk
CUST_008196,0.030029185,0,0,Low Risk
CUST_008197,0.033678938,0,0,Low Risk
CUST_008198,0.02473681,0,0,Low Risk
CUST_008199,0.009058106,0,0,Low Risk
CUST_008200,0.014629749,0,0,Low Risk
CUST_008201,0.022424582,0,0,Low Risk
CUST_008202,0.051726963,0,0,Low Risk
CUST_008203,0.0045603137,0,0,Low Risk
CUST_008204,0.9943546,1,1,High Risk
CUST_008205,0.0061245225,0,0,Low Risk
CUST_008206,0.029925913,0,0,Low Risk
CUST_008207,0.9967886,1,1,High Risk
CUST_008208,0.9995813,1,1,High Risk
CUST_008209,0.00535657,0,0,Low Risk
CUST_008210,0.016185816,0,0,Low Risk
CUST_008211,0.049827352,0,0,Low Risk
CUST_008212,0.13604134,0,0,Low Risk
CUST_008213,0.01922769,0,0,Low Risk
CUST_008214,0.014649985,0,0,Low Risk
CUST_008215,0.021612141,0,0,Low Risk
CUST_008216,0.06476363,0,0,Low Risk
CUST_008217,0.024318138,0,0,Low Risk
CUST_008218,0.99925965,1,1,High Risk
CUST_008219,0.040401313,0,0,Low Risk
CUST_008220,0.09335087,0,0,Low Risk
CUST_008221,0.004844288,0,0,Low Risk
CUST_008222,0.024020882,0,0,Low Risk
CUST_008223,0.50162315,1,1,Medium Risk
CUST_008224,0.03504662,0,0,Low Risk
CUST_008225,0.051356472,0,0,Low Risk
CUST_008226,0.99970955,1,1,High Risk
CUST_008227,0.008741417,0,0,Low Risk
CUST_008228,0.018628012,0,0,Low Risk
CUST_008229,0.0131647615,0,0,Low Risk
CUST_008230,0.019176617,0,0,Low Risk
CUST_008231,0.9990295,1,1,High Risk
CUST_008232,0.9794027,1,1,High Risk
CUST_008233,0.0144431,0,0,Low Risk
CUST_008234,0.027580045,0,0,Low Risk
CUST_008235,0.9997112,1,1,High Risk
CUST_008236,0.0050556837,0,0,Low Risk
CUST_008237,0.06553502,0,0,Low Risk
CUST_008238,0.011954963,0,0,Low Risk
CUST_008239,0.0068056784,0,0,Low Risk
CUST_008240,0.01696172,0,0,Low Risk
CUST_008241,0.016724154,0,0,Low Risk
CUST_008242,0.9955966,1,1,High Risk
CUST_008243,0.9997191,1,1,High Risk
CUST_008244,0.003004383,0,0,Low Risk
CUST_008245,0.01123418,0,0,Low Risk
CUST_008246,0.026069969,0,0,Low Risk
CUST_008247,0.07110495,0,0,Low Risk
CUST_008248,0.9997135,1,1,High Risk
CUST_008249,0.029032886,0,0,Low Risk
CUST_008250,0.9977323,1,1,High Risk
CUST_008251,0.026559364,0,0,Low Risk
CUST_008252,0.06966457,0,0,Low Risk
CUST_008253,0.99686015,1,1,High Risk
CUST_008254,0.025942573,0,0,Low Risk
CUST_008255,0.99773175,1,1,High Risk
CUST_008256,0.9977023,1,1,High Risk
CUST_008257,0.3275534,0,0,Low Risk
CUST_008258,0.05928782,0,0,Low Risk
CUST_008259,0.9988833,1,1,High Risk
CUST_008260,0.99493754,1,1,High Risk
CUST_008261,0.018446239,0,0,Low Risk
CUST_008262,0.0143107,0,0,Low Risk
CUST_008263,0.9953461,1,1,High Risk
CUST_008264,0.026995007,0,0,Low Risk
CUST_008265,0.05076922,0,0,Low Risk
CUST_008266,0.9957997,1,1,High Risk
CUST_008267,0.9991959,1,1,High Risk
CUST_008268,0.032006245,0,0,Low Risk
CUST_008269,0.019339193,0,0,Low Risk
CUST_008270,0.004729635,0,0,Low Risk
CUST_008271,0.016906185,0,0,Low Risk
CUST_008272,0.9975446,1,1,High Risk
CUST_008273,0.99968493,1,1,High Risk
CUST_008274,0.05061013,0,0,Low Risk
CUST_008275,0.016463898,0,0,Low Risk
CUST_008276,0.99973315,1,1,High Risk
CUST_008277,0.004815903,0,0,Low Risk
CUST_008278,0.05693701,0,0,Low Risk
CUST_008279,0.9968405,1,1,High Risk
CUST_008280,0.00455842,0,0,Low Risk
CUST_008281,0.98225015,1,1,High Risk
CUST_008282,0.054355416,0,0,Low Risk
CUST_008283,0.9984994,1,1,High Risk
CUST_008284,0.9998029,1,1,High Risk
CUST_008285,0.982335,1,1,High Risk
CUST_008286,0.016354037,0,0,Low Risk
CUST_008287,0.049764078,0,0,Low Risk
CUST_008288,0.99749583,1,1,High Risk
CUST_008289,0.071506955,0,0,Low Risk
CUST_008290,0.9794831,1,1,High Risk
CUST_008291,0.9990565,1,1,High Risk
CUST_008292,0.016139224,0,0,Low Risk
CUST_008293,0.0030134534,0,0,Low Risk
CUST_008294,0.04605451,0,0,Low Risk
CUST_008295,0.99984586,1,1,High Risk
CUST_008296,0.045602325,0,0,Low Risk
CUST_008297,0.04584434,0,0,Low Risk
CUST_008298,0.039820246,0,0,Low Risk
CUST_008299,0.9998072,1,1,High Risk
CUST_008300,0.25008482,0,0,Low Risk
CUST_008301,0.009424855,0,0,Low Risk
CUST_008302,0.0071489797,0,0,Low Risk
CUST_008303,0.9994356,1,1,High Risk
CUST_008304,0.009121112,0,0,Low Risk
CUST_008305,0.0018628732,0,0,Low Risk
CUST_008306,0.9960448,1,1,High Risk
CUST_008307,0.99970055,1,1,High Risk
CUST_008308,0.09891808,0,0,Low Risk
CUST_008309,0.4097142,0,1,Medium Risk
CUST_008310,0.9972963,1,1,High Risk
CUST_008311,0.017906584,0,0,Low Risk
CUST_008312,0.013252277,0,0,Low Risk
CUST_008313,0.035291832,0,0,Low Risk
CUST_008314,0.0054799034,0,0,Low Risk
CUST_008315,0.038486876,0,0,Low Risk
CUST_008316,0.050805945,0,0,Low Risk
CUST_008317,0.081351094,0,0,Low Risk
CUST_008318,0.02448941,0,0,Low Risk
CUST_008319,0.010526086,0,0,Low Risk
CUST_008320,0.0073511903,0,0,Low Risk
CUST_008321,0.0022166343,0,0,Low Risk
CUST_008322,0.020455308,0,0,Low Risk
CUST_008323,0.9981629,1,1,High Risk
CUST_008324,0.010065178,0,0,Low Risk
CUST_008325,0.01150747,0,0,Low Risk
CUST_008326,0.016171275,0,0,Low Risk
CUST_008327,0.99881065,1,1,High Risk
CUST_008328,0.020201314,0,0,Low Risk
CUST_008329,0.023574788,0,0,Low Risk
CUST_008330,0.9604806,1,1,High Risk
CUST_008331,0.0069722123,0,0,Low Risk
CUST_008332,0.030362075,0,0,Low Risk
CUST_008333,0.005407523,0,0,Low Risk
CUST_008334,0.9988827,1,1,High Risk
CUST_008335,0.03494527,0,0,Low Risk
CUST_008336,0.79402137,1,1,High Risk
CUST_008337,0.022987403,0,0,Low Risk
CUST_008338,0.99915886,1,1,High Risk
CUST_008339,0.97477865,1,1,High Risk
CUST_008340,0.032279223,0,0,Low Risk
CUST_008341,0.006222519,0,0,Low Risk
CUST_008342,0.006754036,0,0,Low Risk
CUST_008343,0.0032715406,0,0,Low Risk
CUST_008344,0.23307796,0,0,Low Risk
CUST_008345,0.9185226,1,1,High Risk
CUST_008346,0.99829274,1,1,High Risk
CUST_008347,0.0064660595,0,0,Low Risk
CUST_008348,0.05388996,0,0,Low Risk
CUST_008349,0.20933747,0,0,Low Risk
CUST_008350,0.027915206,0,0,Low Risk
CUST_008351,0.7205706,1,1,High Risk
CUST_008352,0.030942807,0,0,Low Risk
CUST_008353,0.93896097,1,1,High Risk
CUST_008354,0.008161516,0,0,Low Risk
CUST_008355,0.9751574,1,1,High Risk
CUST_008356,0.020950269,0,0,Low Risk
CUST_008357,0.05642902,0,0,Low Risk
CUST_008358,0.013630057,0,0,Low Risk
CUST_008359,0.0018108133,0,0,Low Risk
CUST_008360,0.008597048,0,0,Low Risk
CUST_008361,0.004371469,0,0,Low Risk
CUST_008362,0.0028532068,0,0,Low Risk
CUST_008363,0.032968316,0,0,Low Risk
CUST_008364,0.99912065,1,1,High Risk
CUST_008365,0.003949235,0,0,Low Risk
CUST_008366,0.036553595,0,0,Low Risk
CUST_008367,0.0202885,0,0,Low Risk
CUST_008368,0.9995801,1,1,High Risk
CUST_008369,0.99964094,1,1,High Risk
CUST_008370,0.99922967,1,1,High Risk
CUST_008371,0.9995012,1,1,High Risk
CUST_008372,0.6984392,1,0,High Risk
CUST_008373,0.16742294,0,0,Low Risk
CUST_008374,0.035602473,0,0,Low Risk
CUST_008375,0.091350235,0,0,Low Risk
CUST_008376,0.009187893,0,0,Low Risk
CUST_008377,0.0038449795,0,0,Low Risk
CUST_008378,0.021187196,0,0,Low Risk
CUST_008379,0.006885711,0,0,Low Risk
CUST_008380,0.022384724,0,0,Low Risk
CUST_008381,0.021361042,0,0,Low Risk
CUST_008382,0.027581003,0,0,Low Risk
CUST_008383,0.0035746747,0,0,Low Risk
CUST_008384,0.045729816,0,0,Low Risk
CUST_008385,0.99340916,1,1,High Risk
CUST_008386,0.9369095,1,1,High Risk
CUST_008387,0.030592859,0,0,Low Risk
CUST_008388,0.042385545,0,0,Low Risk
CUST_008389,0.009460067,0,0,Low Risk
CUST_008390,0.021592876,0,0,Low Risk
CUST_008391,0.998566,1,1,High Risk
CUST_008392,0.028337114,0,0,Low Risk
CUST_008393,0.1701909,0,0,Low Risk
CUST_008394,0.13684696,0,0,Low Risk
CUST_008395,0.97480804,1,1,High Risk
CUST_008396,0.06591432,0,0,Low Risk
CUST_008397,0.011177167,0,0,Low Risk
CUST_008398,0.9867381,1,1,High Risk
CUST_008399,0.33082253,0,0,Low Risk
CUST_008400,0.030098604,0,0,Low Risk
CUST_008401,0.11035647,0,1,Low Risk
CUST_008402,0.99979526,1,1,High Risk
CUST_008403,0.9998869,1,1,High Risk
CUST_008404,0.009251919,0,0,Low Risk
CUST_008405,0.035772502,0,0,Low Risk
CUST_008406,0.014880703,0,0,Low Risk
CUST_008407,0.119484454,0,0,Low Risk
CUST_008408,0.9976635,1,1,High Risk
CUST_008409,0.018601952,0,0,Low Risk
CUST_008410,0.016425904,0,0,Low Risk
CUST_008411,0.4365994,0,1,Medium Risk
CUST_008412,0.9936237,1,1,High Risk
CUST_008413,0.9998691,1,1,High Risk
CUST_008414,0.051763207,0,0,Low Risk
CUST_008415,0.03009312,0,0,Low Risk
CUST_008416,0.65903676,1,1,High Risk
CUST_008417,0.9996984,1,1,High Risk
CUST_008418,0.023444952,0,0,Low Risk
CUST_008419,0.03403599,0,0,Low Risk
CUST_008420,0.01494783,0,0,Low Risk
CUST_008421,0.014344661,0,0,Low Risk
CUST_008422,0.9983669,1,1,High Risk
CUST_008423,0.99041253,1,1,High Risk
CUST_008424,0.00931406,0,0,Low Risk
CUST_008425,0.0057347445,0,0,Low Risk
CUST_008426,0.019945014,0,0,Low Risk
CUST_008427,0.7686178,1,1,High Risk
CUST_008428,0.081704944,0,0,Low Risk
CUST_008429,0.0030280263,0,0,Low Risk
CUST_008430,0.23167859,0,0,Low Risk
CUST_008431,0.9995173,1,1,High Risk
CUST_008432,0.99845684,1,1,High Risk
CUST_008433,0.014847884,0,0,Low Risk
CUST_008434,0.6524097,1,1,High Risk
CUST_008435,0.011771368,0,0,Low Risk
CUST_008436,0.99971443,1,1,High Risk
CUST_008437,0.0045143845,0,0,Low Risk
CUST_008438,0.016143335,0,0,Low Risk
CUST_008439,0.99768686,1,1,High Risk
CUST_008440,0.0036065665,0,0,Low Risk
CUST_008441,0.0073653613,0,0,Low Risk
CUST_008442,0.018799452,0,0,Low Risk
CUST_008443,0.026588919,0,0,Low Risk
CUST_008444,0.0016454157,0,0,Low Risk
CUST_008445,0.016621603,0,0,Low Risk
CUST_008446,0.9974861,1,1,High Risk
CUST_008447,0.003383579,0,0,Low Risk
CUST_008448,0.022970494,0,0,Low Risk
CUST_008449,0.028549435,0,0,Low Risk
CUST_008450,0.9933408,1,1,High Risk
CUST_008451,0.024156347,0,0,Low Risk
CUST_008452,0.9997303,1,1,High Risk
CUST_008453,0.028770652,0,0,Low Risk
CUST_008454,0.086692914,0,0,Low Risk
CUST_008455,0.015019284,0,0,Low Risk
CUST_008456,0.02540682,0,0,Low Risk
CUST_008457,0.051801357,0,0,Low Risk
CUST_008458,0.99856913,1,1,High Risk
CUST_008459,0.006650821,0,0,Low Risk
CUST_008460,0.25661093,0,0,Low Risk
CUST_008461,0.009992826,0,0,Low Risk
CUST_008462,0.012974666,0,0,Low Risk
CUST_008463,0.99887186,1,1,High Risk
CUST_008464,0.39262414,0,1,Medium Risk
CUST_008465,0.047437355,0,0,Low Risk
CUST_008466,0.025954114,0,0,Low Risk
CUST_008467,0.0073962053,0,0,Low Risk
CUST_008468,0.0052325013,0,0,Low Risk
CUST_008469,0.033497483,0,0,Low Risk
CUST_008470,0.008458931,0,0,Low Risk
CUST_008471,0.007536223,0,0,Low Risk
CUST_008472,0.99951327,1,1,High Risk
CUST_008473,0.020209467,0,0,Low Risk
CUST_008474,0.01073535,0,0,Low Risk
CUST_008475,0.99986327,1,1,High Risk
CUST_008476,0.02366867,0,0,Low Risk
CUST_008477,0.009762708,0,0,Low Risk
CUST_008478,0.9985273,1,1,High Risk
CUST_008479,0.25124267,0,0,Low Risk
CUST_008480,0.018332323,0,0,Low Risk
CUST_008481,0.054700054,0,0,Low Risk
CUST_008482,0.9942835,1,1,High Risk
CUST_008483,0.07719718,0,0,Low Risk
CUST_008484,0.01194255,0,0,Low Risk
CUST_008485,0.9252362,1,1,High Risk
CUST_008486,0.014524744,0,0,Low Risk
CUST_008487,0.044583723,0,0,Low Risk
CUST_008488,0.028899865,0,0,Low Risk
CUST_008489,0.0050718756,0,0,Low Risk
CUST_008490,0.008945265,0,0,Low Risk
CUST_008491,0.11306945,0,0,Low Risk
CUST_008492,0.9992643,1,1,High Risk
CUST_008493,0.98696715,1,1,High Risk
CUST_008494,0.021931538,0,0,Low Risk
CUST_008495,0.2401861,0,0,Low Risk
CUST_008496,0.6354784,1,1,Medium Risk
CUST_008497,0.022322485,0,0,Low Risk
CUST_008498,0.01731996,0,0,Low Risk
CUST_008499,0.99977416,1,1,High Risk
CUST_008500,0.9996387,1,1,High Risk
CUST_008501,0.27130803,0,0,Low Risk
CUST_008502,0.30552408,0,0,Low Risk
CUST_008503,0.015180992,0,0,Low Risk
CUST_008504,0.024117889,0,0,Low Risk
CUST_008505,0.03153766,0,0,Low Risk
CUST_008506,0.9957898,1,1,High Risk
CUST_008507,0.9991959,1,1,High Risk
CUST_008508,0.021779194,0,0,Low Risk
CUST_008509,0.009089078,0,0,Low Risk
CUST_008510,0.011828682,0,0,Low Risk
CUST_008511,0.9985946,1,1,High Risk
CUST_008512,0.002787624,0,0,Low Risk
CUST_008513,0.021062447,0,0,Low Risk
CUST_008514,0.99982303,1,1,High Risk
CUST_008515,0.99974793,1,1,High Risk
CUST_008516,0.99863154,1,1,High Risk
CUST_008517,0.06372774,0,0,Low Risk
CUST_008518,0.044722553,0,0,Low Risk
CUST_008519,0.04530503,0,0,Low Risk
CUST_008520,0.034532864,0,0,Low Risk
CUST_008521,0.38484105,0,0,Medium Risk
CUST_008522,0.027005104,0,0,Low Risk
CUST_008523,0.036848474,0,0,Low Risk
CUST_008524,0.044980798,0,0,Low Risk
CUST_008525,0.008101482,0,0,Low Risk
CUST_008526,0.5355651,1,0,Medium Risk
CUST_008527,0.6710255,1,1,High Risk
CUST_008528,0.6042024,1,0,Medium Risk
CUST_008529,0.9996244,1,1,High Risk
CUST_008530,0.07455184,0,0,Low Risk
CUST_008531,0.0519848,0,0,Low Risk
CUST_008532,0.0023499026,0,0,Low Risk
CUST_008533,0.047285415,0,0,Low Risk
CUST_008534,0.99807113,1,1,High Risk
CUST_008535,0.07833481,0,0,Low Risk
CUST_008536,0.027027365,0,0,Low Risk
CUST_008537,0.2507969,0,0,Low Risk
CUST_008538,0.0073738834,0,0,Low Risk
CUST_008539,0.10160281,0,0,Low Risk
CUST_008540,0.015622259,0,0,Low Risk
CUST_008541,0.99956554,1,1,High Risk
CUST_008542,0.0076543777,0,0,Low Risk
CUST_008543,0.04001553,0,0,Low Risk
CUST_008544,0.013510327,0,0,Low Risk
CUST_008545,0.027163995,0,0,Low Risk
CUST_008546,0.03520885,0,0,Low Risk
CUST_008547,0.040707067,0,0,Low Risk
CUST_008548,0.004979999,0,0,Low Risk
CUST_008549,0.01679092,0,0,Low Risk
CUST_008550,0.9973984,1,1,High Risk
CUST_008551,0.43410155,0,0,Medium Risk
CUST_008552,0.038009882,0,0,Low Risk
CUST_008553,0.99968874,1,1,High Risk
CUST_008554,0.9983095,1,1,High Risk
CUST_008555,0.061394468,0,0,Low Risk
CUST_008556,0.99690104,1,1,High Risk
CUST_008557,0.9989254,1,1,High Risk
CUST_008558,0.03315026,0,0,Low Risk
CUST_008559,0.017151378,0,0,Low Risk
CUST_008560,0.009733443,0,0,Low Risk
CUST_008561,0.023087092,0,0,Low Risk
CUST_008562,0.021599673,0,0,Low Risk
CUST_008563,0.99950874,1,1,High Risk
CUST_008564,0.03190901,0,0,Low Risk
CUST_008565,0.038863346,0,0,Low Risk
CUST_008566,0.19943422,0,0,Low Risk
CUST_008567,0.1000891,0,0,Low Risk
CUST_008568,0.04063027,0,0,Low Risk
CUST_008569,0.019759305,0,0,Low Risk
CUST_008570,0.038198285,0,0,Low Risk
CUST_008571,0.014353469,0,0,Low Risk
CUST_008572,0.9988789,1,1,High Risk
CUST_008573,0.02952901,0,0,Low Risk
CUST_008574,0.07131272,0,0,Low Risk
CUST_008575,0.0028139467,0,0,Low Risk
CUST_008576,0.03498599,0,0,Low Risk
CUST_008577,0.010194908,0,0,Low Risk
CUST_008578,0.9998319,1,1,High Risk
CUST_008579,0.99941635,1,1,High Risk
CUST_008580,0.016045913,0,0,Low Risk
CUST_008581,0.7975185,1,1,High Risk
CUST_008582,0.034916203,0,0,Low Risk
CUST_008583,0.01054813,0,0,Low Risk
CUST_008584,0.013035396,0,0,Low Risk
CUST_008585,0.99847597,1,1,High Risk
CUST_008586,0.31404072,0,0,Low Risk
CUST_008587,0.9998363,1,1,High Risk
CUST_008588,0.043423597,0,0,Low Risk
CUST_008589,0.9994037,1,1,High Risk
CUST_008590,0.12491924,0,0,Low Risk
CUST_008591,0.03484059,0,0,Low Risk
CUST_008592,0.95466316,1,1,High Risk
CUST_008593,0.02149877,0,0,Low Risk
CUST_008594,0.020295577,0,0,Low Risk
CUST_008595,0.02227156,0,0,Low Risk
CUST_008596,0.03464876,0,0,Low Risk
CUST_008597,0.99964213,1,1,High Risk
CUST_008598,0.0065612397,0,0,Low Risk
CUST_008599,0.019486845,0,0,Low Risk
CUST_008600,0.09941692,0,0,Low Risk
CUST_008601,0.8737771,1,1,High Risk
CUST_008602,0.05161816,0,0,Low Risk
CUST_008603,0.015934354,0,0,Low Risk
CUST_008604,0.99881905,1,1,High Risk
CUST_008605,0.042444453,0,0,Low Risk
CUST_008606,0.9861903,1,1,High Risk
CUST_008607,0.9993755,1,1,High Risk
CUST_008608,0.023206817,0,0,Low Risk
CUST_008609,0.9992933,1,1,High Risk
CUST_008610,0.9997341,1,1,High Risk
CUST_008611,0.113731645,0,0,Low Risk
CUST_008612,0.5868327,1,1,Medium Risk
CUST_008613,0.019538129,0,0,Low Risk
CUST_008614,0.99978846,1,1,High Risk
CUST_008615,0.10342505,0,0,Low Risk
CUST_008616,0.46910033,0,1,Medium Risk
CUST_008617,0.006170609,0,0,Low Risk
CUST_008618,0.8647936,1,1,High Risk
CUST_008619,0.0052343532,0,0,Low Risk
CUST_008620,0.34459266,0,0,Low Risk
CUST_008621,0.016452335,0,0,Low Risk
CUST_008622,0.010526976,0,0,Low Risk
CUST_008623,0.9946424,1,1,High Risk
CUST_008624,0.017869322,0,0,Low Risk
CUST_008625,0.99975914,1,1,High Risk
CUST_008626,0.014508672,0,0,Low Risk
CUST_008627,0.018778907,0,0,Low Risk
CUST_008628,0.030788586,0,0,Low Risk
CUST_008629,0.9996897,1,1,High Risk
CUST_008630,0.017797636,0,0,Low Risk
CUST_008631,0.99889576,1,1,High Risk
CUST_008632,0.02523466,0,0,Low Risk
CUST_008633,0.009857068,0,0,Low Risk
CUST_008634,0.019601474,0,0,Low Risk
CUST_008635,0.015026876,0,0,Low Risk
CUST_008636,0.005062289,0,0,Low Risk
CUST_008637,0.024661094,0,0,Low Risk
CUST_008638,0.009336267,0,0,Low Risk
CUST_008639,0.0386733,0,0,Low Risk
CUST_008640,0.07474836,0,1,Low Risk
CUST_008641,0.031069437,0,0,Low Risk
CUST_008642,0.99724007,1,1,High Risk
CUST_008643,0.014910376,0,0,Low Risk
CUST_008644,0.005113965,0,0,Low Risk
CUST_008645,0.0047244956,0,0,Low Risk
CUST_008646,0.005381318,0,0,Low Risk
CUST_008647,0.017212735,0,0,Low Risk
CUST_008648,0.018022187,0,0,Low Risk
CUST_008649,0.015208719,0,0,Low Risk
CUST_008650,0.02394816,0,0,Low Risk
CUST_008651,0.99857175,1,1,High Risk
CUST_008652,0.09593782,0,0,Low Risk
CUST_008653,0.015312407,0,0,Low Risk
CUST_008654,0.007042759,0,0,Low Risk
CUST_008655,0.024850024,0,0,Low Risk
CUST_008656,0.027507422,0,0,Low Risk
CUST_008657,0.9990773,1,1,High Risk
CUST_008658,0.040070012,0,0,Low Risk
CUST_008659,0.99905175,1,1,High Risk
CUST_008660,0.006653688,0,0,Low Risk
CUST_008661,0.029959798,0,0,Low Risk
CUST_008662,0.9945253,1,1,High Risk
CUST_008663,0.017195443,0,0,Low Risk
CUST_008664,0.99694616,1,1,High Risk
CUST_008665,0.065259956,0,0,Low Risk
CUST_008666,0.2929926,0,1,Low Risk
CUST_008667,0.003032759,0,0,Low Risk
CUST_008668,0.99970275,1,1,High Risk
CUST_008669,0.99918085,1,1,High Risk
CUST_008670,0.20463158,0,1,Low Risk
CUST_008671,0.036973335,0,0,Low Risk
CUST_008672,0.058099058,0,0,Low Risk
CUST_008673,0.013631237,0,0,Low Risk
CUST_008674,0.0058990302,0,0,Low Risk
CUST_008675,0.05061376,0,0,Low Risk
CUST_008676,0.01893462,0,0,Low Risk
CUST_008677,0.017685728,0,0,Low Risk
CUST_008678,0.005158962,0,0,Low Risk
CUST_008679,0.9995621,1,1,High Risk
CUST_008680,0.050134532,0,0,Low Risk
CUST_008681,0.8005068,1,0,High Risk
CUST_008682,0.99946636,1,1,High Risk
CUST_008683,0.010813566,0,0,Low Risk
CUST_008684,0.0032846888,0,0,Low Risk
CUST_008685,0.99530715,1,1,High Risk
CUST_008686,0.9985071,1,1,High Risk
CUST_008687,0.99254805,1,1,High Risk
CUST_008688,0.020922545,0,0,Low Risk
CUST_008689,0.018367535,0,0,Low Risk
CUST_008690,0.99304384,1,1,High Risk
CUST_008691,0.9996549,1,1,High Risk
CUST_008692,0.013109224,0,0,Low Risk
CUST_008693,0.99806005,1,1,High Risk
CUST_008694,0.027851399,0,0,Low Risk
CUST_008695,0.027612155,0,0,Low Risk
CUST_008696,0.41104105,0,0,Medium Risk
CUST_008697,0.057066448,0,0,Low Risk
CUST_008698,0.001769575,0,0,Low Risk
CUST_008699,0.028070068,0,0,Low Risk
CUST_008700,0.08534303,0,0,Low Risk
CUST_008701,0.026062004,0,0,Low Risk
CUST_008702,0.006808167,0,0,Low Risk
CUST_008703,0.84073365,1,1,High Risk
CUST_008704,0.9975909,1,1,High Risk
CUST_008705,0.022772964,0,0,Low Risk
CUST_008706,0.056443695,0,0,Low Risk
CUST_008707,0.009037067,0,0,Low Risk
CUST_008708,0.013046412,0,0,Low Risk
CUST_008709,0.017773587,0,0,Low Risk
CUST_008710,0.013797356,0,0,Low Risk
CUST_008711,0.9990103,1,1,High Risk
CUST_008712,0.9996383,1,1,High Risk
CUST_008713,0.22302474,0,1,Low Risk
CUST_008714,0.011088619,0,0,Low Risk
CUST_008715,0.100648984,0,0,Low Risk
CUST_008716,0.034137983,0,0,Low Risk
CUST_008717,0.006070044,0,0,Low Risk
CUST_008718,0.9997032,1,1,High Risk
CUST_008719,0.012923367,0,0,Low Risk
CUST_008720,0.9996885,1,1,High Risk
CUST_008721,0.04044342,0,0,Low Risk
CUST_008722,0.9989299,1,1,High Risk
CUST_008723,0.99725395,1,1,High Risk
CUST_008724,0.98625803,1,1,High Risk
CUST_008725,0.014324086,0,0,Low Risk
CUST_008726,0.0028465444,0,0,Low Risk
CUST_008727,0.04203803,0,0,Low Risk
CUST_008728,0.99923134,1,1,High Risk
CUST_008729,0.0055261613,0,0,Low Risk
CUST_008730,0.0078865355,0,0,Low Risk
CUST_008731,0.18333645,0,0,Low Risk
CUST_008732,0.020550985,0,0,Low Risk
CUST_008733,0.99905926,1,1,High Risk
CUST_008734,0.035357825,0,0,Low Risk
CUST_008735,0.6433155,1,1,Medium Risk
CUST_008736,0.9988293,1,1,High Risk
CUST_008737,0.9986645,1,1,High Risk
CUST_008738,0.010144306,0,0,Low Risk
CUST_008739,0.03334005,0,0,Low Risk
CUST_008740,0.031378753,0,0,Low Risk
CUST_008741,0.99697065,1,1,High Risk
CUST_008742,0.032907933,0,0,Low Risk
CUST_008743,0.02560794,0,0,Low Risk
CUST_008744,0.026272561,0,0,Low Risk
CUST_008745,0.017707389,0,0,Low Risk
CUST_008746,0.99824655,1,1,High Risk
CUST_008747,0.012081283,0,0,Low Risk
CUST_008748,0.99842995,1,1,High Risk
CUST_008749,0.9973174,1,1,High Risk
CUST_008750,0.020507185,0,0,Low Risk
CUST_008751,0.9966736,1,1,High Risk
CUST_008752,0.0018832756,0,0,Low Risk
CUST_008753,0.0024251405,0,0,Low Risk
CUST_008754,0.80322516,1,1,High Risk
CUST_008755,0.36184752,0,0,Medium Risk
CUST_008756,0.9940135,1,1,High Risk
CUST_008757,0.9993237,1,1,High Risk
CUST_008758,0.09250437,0,0,Low Risk
CUST_008759,0.03283938,0,0,Low Risk
CUST_008760,0.0034065668,0,0,Low Risk
CUST_008761,0.6904928,1,1,High Risk
CUST_008762,0.006422483,0,0,Low Risk
CUST_008763,0.9970264,1,1,High Risk
CUST_008764,0.0075646695,0,0,Low Risk
CUST_008765,0.9969614,1,1,High Risk
CUST_008766,0.18839604,0,0,Low Risk
CUST_008767,0.99950624,1,1,High Risk
CUST_008768,0.020622684,0,0,Low Risk
CUST_008769,0.054856107,0,0,Low Risk
CUST_008770,0.039224666,0,0,Low Risk
CUST_008771,0.99119335,1,1,High Risk
CUST_008772,0.11579962,0,0,Low Risk
CUST_008773,0.99975055,1,1,High Risk
CUST_008774,0.19105731,0,0,Low Risk
CUST_008775,0.09122036,0,0,Low Risk
CUST_008776,0.29067478,0,0,Low Risk
CUST_008777,0.050805207,0,0,Low Risk
CUST_008778,0.059163373,0,0,Low Risk
CUST_008779,0.009228172,0,0,Low Risk
CUST_008780,0.007631452,0,0,Low Risk
CUST_008781,0.036169097,0,0,Low Risk
CUST_008782,0.0917054,0,0,Low Risk
CUST_008783,0.010810746,0,0,Low Risk
CUST_008784,0.014501269,0,0,Low Risk
CUST_008785,0.9993155,1,1,High Risk
CUST_008786,0.041121684,0,0,Low Risk
CUST_008787,0.013035212,0,0,Low Risk
CUST_008788,0.018330218,0,0,Low Risk
CUST_008789,0.026107043,0,0,Low Risk
CUST_008790,0.9927551,1,1,High Risk
CUST_008791,0.06989097,0,0,Low Risk
CUST_008792,0.9980804,1,1,High Risk
CUST_008793,0.015561286,0,0,Low Risk
CUST_008794,0.009746311,0,0,Low Risk
CUST_008795,0.055445425,0,0,Low Risk
CUST_008796,0.020060686,0,0,Low Risk
CUST_008797,0.0017613757,0,0,Low Risk
CUST_008798,0.99927276,1,1,High Risk
CUST_008799,0.9997334,1,1,High Risk
CUST_008800,0.9998184,1,1,High Risk
CUST_008801,0.9990159,1,1,High Risk
CUST_008802,0.008764014,0,0,Low Risk
CUST_008803,0.034776825,0,0,Low Risk
CUST_008804,0.0045886226,0,0,Low Risk
CUST_008805,0.99958855,1,1,High Risk
CUST_008806,0.07268204,0,0,Low Risk
CUST_008807,0.006544697,0,0,Low Risk
CUST_008808,0.004054122,0,0,Low Risk
CUST_008809,0.009708178,0,0,Low Risk
CUST_008810,0.99863416,1,1,High Risk
CUST_008811,0.01631536,0,0,Low Risk
CUST_008812,0.061276335,0,0,Low Risk
CUST_008813,0.016166868,0,0,Low Risk
CUST_008814,0.0052560833,0,0,Low Risk
CUST_008815,0.02000842,0,0,Low Risk
CUST_008816,0.99715185,1,1,High Risk
CUST_008817,0.020854143,0,0,Low Risk
CUST_008818,0.01678534,0,0,Low Risk
CUST_008819,0.009441716,0,0,Low Risk
CUST_008820,0.01092616,0,0,Low Risk
CUST_008821,0.037629284,0,0,Low Risk
CUST_008822,0.011589892,0,0,Low Risk
CUST_008823,0.03243664,0,0,Low Risk
CUST_008824,0.014543088,0,0,Low Risk
CUST_008825,0.015209569,0,0,Low Risk
CUST_008826,0.046739604,0,0,Low Risk
CUST_008827,0.0053373063,0,0,Low Risk
CUST_008828,0.048057906,0,0,Low Risk
CUST_008829,0.03840658,0,0,Low Risk
CUST_008830,0.0027692295,0,0,Low Risk
CUST_008831,0.009770654,0,0,Low Risk
CUST_008832,0.06789219,0,0,Low Risk
CUST_008833,0.11083837,0,0,Low Risk
CUST_008834,0.99075705,1,1,High Risk
CUST_008835,0.9980507,1,1,High Risk
CUST_008836,0.023188272,0,0,Low Risk
CUST_008837,0.14144373,0,0,Low Risk
CUST_008838,0.0134682255,0,0,Low Risk
CUST_008839,0.0071504964,0,0,Low Risk
CUST_008840,0.026357593,0,0,Low Risk
CUST_008841,0.99953985,1,1,High Risk
CUST_008842,0.8728045,1,1,High Risk
CUST_008843,0.03893667,0,0,Low Risk
CUST_008844,0.016345395,0,0,Low Risk
CUST_008845,0.9953459,1,1,High Risk
CUST_008846,0.06898347,0,0,Low Risk
CUST_008847,0.013529475,0,0,Low Risk
CUST_008848,0.03103444,0,0,Low Risk
CUST_008849,0.0061800964,0,0,Low Risk
CUST_008850,0.078903586,0,0,Low Risk
CUST_008851,0.019828387,0,0,Low Risk
CUST_008852,0.03169187,0,0,Low Risk
CUST_008853,0.019772956,0,0,Low Risk
CUST_008854,0.0060462123,0,0,Low Risk
CUST_008855,0.0047632176,0,0,Low Risk
CUST_008856,0.01831862,0,0,Low Risk
CUST_008857,0.012370909,0,0,Low Risk
CUST_008858,0.06971799,0,0,Low Risk
CUST_008859,0.045664188,0,0,Low Risk
CUST_008860,0.030918881,0,0,Low Risk
CUST_008861,0.9904455,1,1,High Risk
CUST_008862,0.072464585,0,0,Low Risk
CUST_008863,0.084050484,0,0,Low Risk
CUST_008864,0.09927361,0,0,Low Risk
CUST_008865,0.013598227,0,0,Low Risk
CUST_008866,0.087176956,0,0,Low Risk
CUST_008867,0.9968591,1,1,High Risk
CUST_008868,0.99800044,1,1,High Risk
CUST_008869,0.0034125743,0,0,Low Risk
CUST_008870,0.060470115,0,0,Low Risk
CUST_008871,0.010505391,0,0,Low Risk
CUST_008872,0.99845004,1,1,High Risk
CUST_008873,0.15317681,0,0,Low Risk
CUST_008874,0.039240025,0,0,Low Risk
CUST_008875,0.021613246,0,0,Low Risk
CUST_008876,0.023599789,0,0,Low Risk
CUST_008877,0.026797038,0,0,Low Risk
CUST_008878,0.021342246,0,0,Low Risk
CUST_008879,0.025142813,0,0,Low Risk
CUST_008880,0.004287862,0,0,Low Risk
CUST_008881,0.022601686,0,0,Low Risk
CUST_008882,0.013883225,0,0,Low Risk
CUST_008883,0.9799815,1,1,High Risk
CUST_008884,0.015678294,0,0,Low Risk
CUST_008885,0.9998363,1,1,High Risk
CUST_008886,0.0031684826,0,0,Low Risk
CUST_008887,0.029804187,0,0,Low Risk
CUST_008888,0.02577882,0,0,Low Risk
CUST_008889,0.9990381,1,1,High Risk
CUST_008890,0.999302,1,1,High Risk
CUST_008891,0.10466867,0,0,Low Risk
CUST_008892,0.8856786,1,1,High Risk
CUST_008893,0.9987961,1,1,High Risk
CUST_008894,0.026848566,0,0,Low Risk
CUST_008895,0.017516907,0,0,Low Risk
CUST_008896,0.12935956,0,0,Low Risk
CUST_008897,0.015962522,0,0,Low Risk
CUST_008898,0.073340006,0,0,Low Risk
CUST_008899,0.16429564,0,0,Low Risk
CUST_008900,0.9992447,1,1,High Risk
CUST_008901,0.13033913,0,0,Low Risk
CUST_008902,0.9970336,1,1,High Risk
CUST_008903,0.56531245,1,0,Medium Risk
CUST_008904,0.03631689,0,0,Low Risk
CUST_008905,0.929851,1,1,High Risk
CUST_008906,0.0032252595,0,0,Low Risk
CUST_008907,0.009788936,0,0,Low Risk
CUST_008908,0.009642091,0,0,Low Risk
CUST_008909,0.19816217,0,0,Low Risk
CUST_008910,0.007859834,0,0,Low Risk
CUST_008911,0.028012635,0,0,Low Risk
CUST_008912,0.99697196,1,1,High Risk
CUST_008913,0.019218024,0,0,Low Risk
CUST_008914,0.031467035,0,0,Low Risk
CUST_008915,0.016381482,0,0,Low Risk
CUST_008916,0.012502668,0,0,Low Risk
CUST_008917,0.99984443,1,1,High Risk
CUST_008918,0.0774856,0,0,Low Risk
CUST_008919,0.049543716,0,0,Low Risk
CUST_008920,0.024855733,0,0,Low Risk
CUST_008921,0.032267973,0,0,Low Risk
CUST_008922,0.047250863,0,0,Low Risk
CUST_008923,0.028247101,0,0,Low Risk
CUST_008924,0.015988369,0,0,Low Risk
CUST_008925,0.0073340493,0,0,Low Risk
CUST_008926,0.9984066,1,1,High Risk
CUST_008927,0.9956583,1,1,High Risk
CUST_008928,0.003242477,0,0,Low Risk
CUST_008929,0.9889281,1,1,High Risk
CUST_008930,0.055636678,0,0,Low Risk
CUST_008931,0.01803564,0,0,Low Risk
CUST_008932,0.011052426,0,0,Low Risk
CUST_008933,0.08886638,0,0,Low Risk
CUST_008934,0.2530914,0,0,Low Risk
CUST_008935,0.027065918,0,0,Low Risk
CUST_008936,0.015878038,0,0,Low Risk
CUST_008937,0.99833715,1,1,High Risk
CUST_008938,0.01582396,0,0,Low Risk
CUST_008939,0.18501914,0,0,Low Risk
CUST_008940,0.99422693,1,1,High Risk
CUST_008941,0.02572776,0,0,Low Risk
CUST_008942,0.0027957843,0,0,Low Risk
CUST_008943,0.10911806,0,0,Low Risk
CUST_008944,0.24396643,0,0,Low Risk
CUST_008945,0.9955786,1,1,High Risk
CUST_008946,0.97125846,1,1,High Risk
CUST_008947,0.99258375,1,1,High Risk
CUST_008948,0.999806,1,1,High Risk
CUST_008949,0.02283681,0,0,Low Risk
CUST_008950,0.99835217,1,1,High Risk
CUST_008951,0.036913905,0,0,Low Risk
CUST_008952,0.9966434,1,1,High Risk
CUST_008953,0.016486706,0,0,Low Risk
CUST_008954,0.006639128,0,0,Low Risk
CUST_008955,0.9968002,1,1,High Risk
CUST_008956,0.33619526,0,0,Low Risk
CUST_008957,0.9878252,1,1,High Risk
CUST_008958,0.4320732,0,0,Medium Risk
CUST_008959,0.99909043,1,1,High Risk
CUST_008960,0.99903715,1,1,High Risk
CUST_008961,0.9998264,1,1,High Risk
CUST_008962,0.0041328375,0,0,Low Risk
CUST_008963,0.0030874573,0,0,Low Risk
CUST_008964,0.020536361,0,0,Low Risk
CUST_008965,0.9996038,1,1,High Risk
CUST_008966,0.99932873,1,1,High Risk
CUST_008967,0.0060631344,0,0,Low Risk
CUST_008968,0.9998079,1,1,High Risk
CUST_008969,0.013390833,0,0,Low Risk
CUST_008970,0.032197364,0,0,Low Risk
CUST_008971,0.0063777,0,0,Low Risk
CUST_008972,0.023962028,0,0,Low Risk
CUST_008973,0.007871101,0,0,Low Risk
CUST_008974,0.99843913,1,1,High Risk
CUST_008975,0.0038957053,0,0,Low Risk
CUST_008976,0.018827166,0,0,Low Risk
CUST_008977,0.28970134,0,1,Low Risk
CUST_008978,0.035065975,0,0,Low Risk
CUST_008979,0.008482347,0,0,Low Risk
CUST_008980,0.028914979,0,0,Low Risk
CUST_008981,0.039163273,0,0,Low Risk
CUST_008982,0.019983359,0,0,Low Risk
CUST_008983,0.044514257,0,0,Low Risk
CUST_008984,0.0107111,0,0,Low Risk
CUST_008985,0.008555588,0,0,Low Risk
CUST_008986,0.0028392987,0,0,Low Risk
CUST_008987,0.17181665,0,0,Low Risk
CUST_008988,0.12010239,0,0,Low Risk
CUST_008989,0.07197706,0,0,Low Risk
CUST_008990,0.9959346,1,1,High Risk
CUST_008991,0.0016392198,0,0,Low Risk
CUST_008992,0.36815295,0,0,Medium Risk
CUST_008993,0.019144468,0,0,Low Risk
CUST_008994,0.06335724,0,0,Low Risk
CUST_008995,0.9962063,1,1,High Risk
CUST_008996,0.0503674,0,0,Low Risk
CUST_008997,0.08249574,0,0,Low Risk
CUST_008998,0.009449001,0,0,Low Risk
CUST_008999,0.029437745,0,0,Low Risk
CUST_009000,0.99986327,1,1,High Risk
CUST_009001,0.050745457,0,0,Low Risk
CUST_009002,0.99976295,1,1,High Risk
CUST_009003,0.015119477,0,0,Low Risk
CUST_009004,0.020447474,0,0,Low Risk
CUST_009005,0.018759236,0,0,Low Risk
CUST_009006,0.02964446,0,0,Low Risk
CUST_009007,0.017639762,0,0,Low Risk
CUST_009008,0.99944717,1,1,High Risk
CUST_009009,0.011555307,0,0,Low Risk
CUST_009010,0.0016657526,0,0,Low Risk
CUST_009011,0.010637195,0,0,Low Risk
CUST_009012,0.9975141,1,1,High Risk
CUST_009013,0.004090808,0,0,Low Risk
CUST_009014,0.0108505525,0,0,Low Risk
CUST_009015,0.99571437,1,1,High Risk
CUST_009016,0.0659289,0,0,Low Risk
CUST_009017,0.015164987,0,0,Low Risk
CUST_009018,0.07302078,0,0,Low Risk
CUST_009019,0.82851684,1,0,High Risk
CUST_009020,0.010378681,0,0,Low Risk
CUST_009021,0.024560101,0,0,Low Risk
CUST_009022,0.029304206,0,0,Low Risk
CUST_009023,0.011584103,0,0,Low Risk
CUST_009024,0.0026753854,0,0,Low Risk
CUST_009025,0.020214722,0,0,Low Risk
CUST_009026,0.010235386,0,0,Low Risk
CUST_009027,0.9954833,1,1,High Risk
CUST_009028,0.6269117,1,0,Medium Risk
CUST_009029,0.024928534,0,0,Low Risk
CUST_009030,0.00891274,0,0,Low Risk
CUST_009031,0.07458033,0,0,Low Risk
CUST_009032,0.026578669,0,0,Low Risk
CUST_009033,0.0864433,0,0,Low Risk
CUST_009034,0.060107123,0,0,Low Risk
CUST_009035,0.01817315,0,0,Low Risk
CUST_009036,0.9969645,1,1,High Risk
CUST_009037,0.06408653,0,0,Low Risk
CUST_009038,0.032244988,0,0,Low Risk
CUST_009039,0.005460655,0,0,Low Risk
CUST_009040,0.0074184756,0,0,Low Risk
CUST_009041,0.98993146,1,1,High Risk
CUST_009042,0.32362315,0,0,Low Risk
CUST_009043,0.0026780358,0,0,Low Risk
CUST_009044,0.08573415,0,0,Low Risk
CUST_009045,0.9521824,1,1,High Risk
CUST_009046,0.008299268,0,0,Low Risk
CUST_009047,0.9827439,1,1,High Risk
CUST_009048,0.99840266,1,1,High Risk
CUST_009049,0.9979984,1,1,High Risk
CUST_009050,0.99980205,1,1,High Risk
CUST_009051,0.9983297,1,1,High Risk
CUST_009052,0.090993755,0,0,Low Risk
CUST_009053,0.4370455,0,0,Medium Risk
CUST_009054,0.017005114,0,0,Low Risk
CUST_009055,0.072577834,0,0,Low Risk
CUST_009056,0.9980731,1,1,High Risk
CUST_009057,0.99854726,1,1,High Risk
CUST_009058,0.022654578,0,0,Low Risk
CUST_009059,0.003986365,0,0,Low Risk
CUST_009060,0.99952316,1,1,High Risk
CUST_009061,0.038612463,0,0,Low Risk
CUST_009062,0.05151564,0,0,Low Risk
CUST_009063,0.9998721,1,1,High Risk
CUST_009064,0.0075938036,0,0,Low Risk
CUST_009065,0.005987551,0,0,Low Risk
CUST_009066,0.07565435,0,0,Low Risk
CUST_009067,0.0036218727,0,0,Low Risk
CUST_009068,0.24287215,0,0,Low Risk
CUST_009069,0.014907008,0,0,Low Risk
CUST_009070,0.98761266,1,1,High Risk
CUST_009071,0.0264316,0,0,Low Risk
CUST_009072,0.10125583,0,0,Low Risk
CUST_009073,0.9984302,1,1,High Risk
CUST_009074,0.9995665,1,1,High Risk
CUST_009075,0.06170173,0,0,Low Risk
CUST_009076,0.022162775,0,0,Low Risk
CUST_009077,0.99610317,1,1,High Risk
CUST_009078,0.032928046,0,0,Low Risk
CUST_009079,0.008348543,0,0,Low Risk
CUST_009080,0.016670026,0,0,Low Risk
CUST_009081,0.013122414,0,0,Low Risk
CUST_009082,0.029571999,0,0,Low Risk
CUST_009083,0.061391145,0,0,Low Risk
CUST_009084,0.02434342,0,0,Low Risk
CUST_009085,0.99674726,1,1,High Risk
CUST_009086,0.99336785,1,1,High Risk
CUST_009087,0.5379306,1,1,Medium Risk
CUST_009088,0.008380755,0,0,Low Risk
CUST_009089,0.99967754,1,1,High Risk
CUST_009090,0.0032427746,0,0,Low Risk
CUST_009091,0.00589287,0,0,Low Risk
CUST_009092,0.035514038,0,0,Low Risk
CUST_009093,0.023857316,0,0,Low Risk
CUST_009094,0.9946725,1,1,High Risk
CUST_009095,0.020971343,0,0,Low Risk
CUST_009096,0.011147214,0,0,Low Risk
CUST_009097,0.008267816,0,0,Low Risk
CUST_009098,0.27740973,0,0,Low Risk
CUST_009099,0.05021858,0,0,Low Risk
CUST_009100,0.011867393,0,0,Low Risk
CUST_009101,0.99961615,1,1,High Risk
CUST_009102,0.006774308,0,0,Low Risk
CUST_009103,0.043420825,0,0,Low Risk
CUST_009104,0.006849147,0,0,Low Risk
CUST_009105,0.4690652,0,1,Medium Risk
CUST_009106,0.0079970155,0,0,Low Risk
CUST_009107,0.009018459,0,0,Low Risk
CUST_009108,0.0309193,0,0,Low Risk
CUST_009109,0.076614976,0,0,Low Risk
CUST_009110,0.03254553,0,0,Low Risk
CUST_009111,0.018846273,0,0,Low Risk
CUST_009112,0.9976012,1,1,High Risk
CUST_009113,0.99973005,1,1,High Risk
CUST_009114,0.9998337,1,1,High Risk
CUST_009115,0.9996439,1,1,High Risk
CUST_009116,0.005203428,0,0,Low Risk
CUST_009117,0.7274899,1,1,High Risk
CUST_009118,0.06310232,0,0,Low Risk
CUST_009119,0.62804526,1,1,Medium Risk
CUST_009120,0.9957728,1,1,High Risk
CUST_009121,0.03473637,0,0,Low Risk
CUST_009122,0.0065328307,0,0,Low Risk
CUST_009123,0.02945898,0,0,Low Risk
CUST_009124,0.016182043,0,0,Low Risk
CUST_009125,0.12461821,0,0,Low Risk
CUST_009126,0.014282504,0,0,Low Risk
CUST_009127,0.019263308,0,0,Low Risk
CUST_009128,0.99164045,1,1,High Risk
CUST_009129,0.07377554,0,0,Low Risk
CUST_009130,0.0029684645,0,0,Low Risk
CUST_009131,0.0074008494,0,0,Low Risk
CUST_009132,0.0032637662,0,0,Low Risk
CUST_009133,0.9949351,1,1,High Risk
CUST_009134,0.009135223,0,0,Low Risk
CUST_009135,0.013611658,0,0,Low Risk
CUST_009136,0.014074871,0,0,Low Risk
CUST_009137,0.01631582,0,0,Low Risk
CUST_009138,0.021035368,0,0,Low Risk
CUST_009139,0.044400588,0,0,Low Risk
CUST_009140,0.3434001,0,0,Low Risk
CUST_009141,0.006535415,0,0,Low Risk
CUST_009142,0.99919206,1,1,High Risk
CUST_009143,0.024418114,0,0,Low Risk
CUST_009144,0.033730336,0,0,Low Risk
CUST_009145,0.010528271,0,0,Low Risk
CUST_009146,0.99987245,1,1,High Risk
CUST_009147,0.031126032,0,0,Low Risk
CUST_009148,0.9832734,1,1,High Risk
CUST_009149,0.12508912,0,0,Low Risk
CUST_009150,0.9990068,1,1,High Risk
CUST_009151,0.99892837,1,1,High Risk
CUST_009152,0.042734016,0,0,Low Risk
CUST_009153,0.997673,1,1,High Risk
CUST_009154,0.9993179,1,1,High Risk
CUST_009155,0.013262064,0,0,Low Risk
CUST_009156,0.9982919,1,1,High Risk
CUST_009157,0.020460797,0,0,Low Risk
CUST_009158,0.046417817,0,0,Low Risk
CUST_009159,0.015554035,0,0,Low Risk
CUST_009160,0.0077402024,0,0,Low Risk
CUST_009161,0.0059007723,0,0,Low Risk
CUST_009162,0.059048053,0,0,Low Risk
CUST_009163,0.99968326,1,1,High Risk
CUST_009164,0.30626163,0,0,Low Risk
CUST_009165,0.9987802,1,1,High Risk
CUST_009166,0.008030338,0,0,Low Risk
CUST_009167,0.005225212,0,0,Low Risk
CUST_009168,0.014616439,0,0,Low Risk
CUST_009169,0.067732364,0,0,Low Risk
CUST_009170,0.029531254,0,0,Low Risk
CUST_009171,0.18974344,0,0,Low Risk
CUST_009172,0.022950923,0,0,Low Risk
CUST_009173,0.004443211,0,0,Low Risk
CUST_009174,0.99933016,1,1,High Risk
CUST_009175,0.99905056,1,1,High Risk
CUST_009176,0.011818259,0,0,Low Risk
CUST_009177,0.99837554,1,1,High Risk
CUST_009178,0.005930043,0,0,Low Risk
CUST_009179,0.07447685,0,0,Low Risk
CUST_009180,0.104010426,0,0,Low Risk
CUST_009181,0.008342032,0,0,Low Risk
CUST_009182,0.033557355,0,0,Low Risk
CUST_009183,0.9934935,1,1,High Risk
CUST_009184,0.120055385,0,0,Low Risk
CUST_009185,0.039147153,0,0,Low Risk
CUST_009186,0.039471317,0,0,Low Risk
CUST_009187,0.017181242,0,0,Low Risk
CUST_009188,0.044947065,0,0,Low Risk
CUST_009189,0.059665184,0,0,Low Risk
CUST_009190,0.99975044,1,1,High Risk
CUST_009191,0.040238183,0,0,Low Risk
CUST_009192,0.2807717,0,0,Low Risk
CUST_009193,0.009570846,0,0,Low Risk
CUST_009194,0.99946815,1,1,High Risk
CUST_009195,0.9987765,1,1,High Risk
CUST_009196,0.028246373,0,0,Low Risk
CUST_009197,0.4734044,0,0,Medium Risk
CUST_009198,0.058339268,0,0,Low Risk
CUST_009199,0.007897748,0,0,Low Risk
CUST_009200,0.08668494,0,0,Low Risk
CUST_009201,0.9996495,1,1,High Risk
CUST_009202,0.051065613,0,0,Low Risk
CUST_009203,0.021454949,0,0,Low Risk
CUST_009204,0.13199511,0,0,Low Risk
CUST_009205,0.6850485,1,0,High Risk
CUST_009206,0.009371096,0,0,Low Risk
CUST_009207,0.9996383,1,1,High Risk
CUST_009208,0.119738154,0,0,Low Risk
CUST_009209,0.999887,1,1,High Risk
CUST_009210,0.009299986,0,0,Low Risk
CUST_009211,0.00877231,0,0,Low Risk
CUST_009212,0.008198856,0,0,Low Risk
CUST_009213,0.002821043,0,0,Low Risk
CUST_009214,0.006268786,0,0,Low Risk
CUST_009215,0.9996314,1,1,High Risk
CUST_009216,0.99982065,1,1,High Risk
CUST_009217,0.057106663,0,0,Low Risk
CUST_009218,0.5200582,1,1,Medium Risk
CUST_009219,0.7059927,1,1,High Risk
CUST_009220,0.028641356,0,0,Low Risk
CUST_009221,0.028053666,0,0,Low Risk
CUST_009222,0.99976534,1,1,High Risk
CUST_009223,0.043943927,0,0,Low Risk
CUST_009224,0.9929321,1,1,High Risk
CUST_009225,0.9837878,1,1,High Risk
CUST_009226,0.39532745,0,0,Medium Risk
CUST_009227,0.028248757,0,0,Low Risk
CUST_009228,0.011429923,0,0,Low Risk
CUST_009229,0.018031329,0,0,Low Risk
CUST_009230,0.03062389,0,0,Low Risk
CUST_009231,0.005290011,0,0,Low Risk
CUST_009232,0.08532788,0,0,Low Risk
CUST_009233,0.9972831,1,1,High Risk
CUST_009234,0.99965346,1,1,High Risk
CUST_009235,0.031896837,0,0,Low Risk
CUST_009236,0.44794798,0,1,Medium Risk
CUST_009237,0.018629096,0,0,Low Risk
CUST_009238,0.007471919,0,0,Low Risk
CUST_009239,0.050551247,0,0,Low Risk
CUST_009240,0.01990204,0,0,Low Risk
CUST_009241,0.9996464,1,1,High Risk
CUST_009242,0.99925953,1,1,High Risk
CUST_009243,0.031231124,0,0,Low Risk
CUST_009244,0.9989531,1,1,High Risk
CUST_009245,0.047687776,0,0,Low Risk
CUST_009246,0.99983776,1,1,High Risk
CUST_009247,0.99934334,1,1,High Risk
CUST_009248,0.040928863,0,0,Low Risk
CUST_009249,0.99842525,1,1,High Risk
CUST_009250,0.028954322,0,0,Low Risk
CUST_009251,0.038845148,0,0,Low Risk
CUST_009252,0.99881315,1,1,High Risk
CUST_009253,0.019225981,0,0,Low Risk
CUST_009254,0.00513387,0,0,Low Risk
CUST_009255,0.013594159,0,0,Low Risk
CUST_009256,0.99973184,1,1,High Risk
CUST_009257,0.9988219,1,1,High Risk
CUST_009258,0.018695505,0,0,Low Risk
CUST_009259,0.011475302,0,0,Low Risk
CUST_009260,0.06844509,0,0,Low Risk
CUST_009261,0.9997396,1,1,High Risk
CUST_009262,0.9995914,1,1,High Risk
CUST_009263,0.99965334,1,1,High Risk
CUST_009264,0.9996427,1,1,High Risk
CUST_009265,0.0068035154,0,0,Low Risk
CUST_009266,0.004620792,0,0,Low Risk
CUST_009267,0.026509048,0,0,Low Risk
CUST_009268,0.99909306,1,1,High Risk
CUST_009269,0.05349942,0,0,Low Risk
CUST_009270,0.99804604,1,1,High Risk
CUST_009271,0.46607387,0,0,Medium Risk
CUST_009272,0.050030712,0,0,Low Risk
CUST_009273,0.021507183,0,0,Low Risk
CUST_009274,0.07236037,0,0,Low Risk
CUST_009275,0.99461764,1,1,High Risk
CUST_009276,0.029254084,0,0,Low Risk
CUST_009277,0.028159745,0,0,Low Risk
CUST_009278,0.0037844093,0,0,Low Risk
CUST_009279,0.032072466,0,0,Low Risk
CUST_009280,0.020717282,0,0,Low Risk
CUST_009281,0.9928029,1,1,High Risk
CUST_009282,0.01696308,0,0,Low Risk
CUST_009283,0.014632236,0,0,Low Risk
CUST_009284,0.028544707,0,0,Low Risk
CUST_009285,0.020689812,0,0,Low Risk
CUST_009286,0.026281927,0,0,Low Risk
CUST_009287,0.053435627,0,0,Low Risk
CUST_009288,0.99369484,1,1,High Risk
CUST_009289,0.9989446,1,1,High Risk
CUST_009290,0.051857527,0,0,Low Risk
CUST_009291,0.99962497,1,1,High Risk
CUST_009292,0.009192972,0,0,Low Risk
CUST_009293,0.0031669664,0,0,Low Risk
CUST_009294,0.9978886,1,1,High Risk
CUST_009295,0.039555106,0,0,Low Risk
CUST_009296,0.03657792,0,0,Low Risk
CUST_009297,0.8378242,1,1,High Risk
CUST_009298,0.13937636,0,0,Low Risk
CUST_009299,0.9995584,1,1,High Risk
CUST_009300,0.7897073,1,0,High Risk
CUST_009301,0.012102831,0,0,Low Risk
CUST_009302,0.05764408,0,0,Low Risk
CUST_009303,0.009259913,0,0,Low Risk
CUST_009304,0.99320376,1,1,High Risk
CUST_009305,0.31278297,0,0,Low Risk
CUST_009306,0.032088656,0,0,Low Risk
CUST_009307,0.9919191,1,1,High Risk
CUST_009308,0.005388788,0,0,Low Risk
CUST_009309,0.9996698,1,1,High Risk
CUST_009310,0.052474994,0,0,Low Risk
CUST_009311,0.045419704,0,0,Low Risk
CUST_009312,0.04398387,0,0,Low Risk
CUST_009313,0.01187137,0,0,Low Risk
CUST_009314,0.9953312,1,1,High Risk
CUST_009315,0.9969247,1,1,High Risk
CUST_009316,0.021911925,0,0,Low Risk
CUST_009317,0.41337433,0,0,Medium Risk
CUST_009318,0.99760735,1,1,High Risk
CUST_009319,0.010836784,0,0,Low Risk
CUST_009320,0.9985593,1,1,High Risk
CUST_009321,0.9889042,1,1,High Risk
CUST_009322,0.9993007,1,1,High Risk
CUST_009323,0.0053055244,0,0,Low Risk
CUST_009324,0.00572768,0,0,Low Risk
CUST_009325,0.09597417,0,0,Low Risk
CUST_009326,0.99988353,1,1,High Risk
CUST_009327,0.011222136,0,0,Low Risk
CUST_009328,0.0066701095,0,0,Low Risk
CUST_009329,0.017703805,0,0,Low Risk
CUST_009330,0.01236155,0,0,Low Risk
CUST_009331,0.005785491,0,0,Low Risk
CUST_009332,0.0043562497,0,0,Low Risk
CUST_009333,0.0385792,0,0,Low Risk
CUST_009334,0.005040605,0,0,Low Risk
CUST_009335,0.99668723,1,1,High Risk
CUST_009336,0.06380077,0,0,Low Risk
CUST_009337,0.88757896,1,1,High Risk
CUST_009338,0.008476923,0,0,Low Risk
CUST_009339,0.037380014,0,0,Low Risk
CUST_009340,0.04234048,0,0,Low Risk
CUST_009341,0.0019305879,0,0,Low Risk
CUST_009342,0.98843515,1,1,High Risk
CUST_009343,0.032264546,0,0,Low Risk
CUST_009344,0.041348215,0,0,Low Risk
CUST_009345,0.5130819,1,1,Medium Risk
CUST_009346,0.9991171,1,1,High Risk
CUST_009347,0.9087521,1,1,High Risk
CUST_009348,0.030725898,0,0,Low Risk
CUST_009349,0.062986225,0,0,Low Risk
CUST_009350,0.10817092,0,0,Low Risk
CUST_009351,0.9987142,1,1,High Risk
CUST_009352,0.03141408,0,0,Low Risk
CUST_009353,0.99686146,1,1,High Risk
CUST_009354,0.010089135,0,0,Low Risk
CUST_009355,0.007063534,0,0,Low Risk
CUST_009356,0.30811992,0,0,Low Risk
CUST_009357,0.9995204,1,1,High Risk
CUST_009358,0.9985617,1,1,High Risk
CUST_009359,0.008560164,0,0,Low Risk
CUST_009360,0.9248333,1,1,High Risk
CUST_009361,0.019295234,0,0,Low Risk
CUST_009362,0.11996796,0,0,Low Risk
CUST_009363,0.0048190444,0,0,Low Risk
CUST_009364,0.9974884,1,1,High Risk
CUST_009365,0.037165288,0,0,Low Risk
CUST_009366,0.9998454,1,1,High Risk
CUST_009367,0.98987496,1,1,High Risk
CUST_009368,0.07665283,0,0,Low Risk
CUST_009369,0.009006969,0,0,Low Risk
CUST_009370,0.005079601,0,0,Low Risk
CUST_009371,0.9997707,1,1,High Risk
CUST_009372,0.00243648,0,0,Low Risk
CUST_009373,0.07440288,0,0,Low Risk
CUST_009374,0.011141344,0,0,Low Risk
CUST_009375,0.014062921,0,0,Low Risk
CUST_009376,0.039667327,0,0,Low Risk
CUST_009377,0.42193383,0,1,Medium Risk
CUST_009378,0.99969745,1,1,High Risk
CUST_009379,0.9998124,1,1,High Risk
CUST_009380,0.998755,1,1,High Risk
CUST_009381,0.082760215,0,0,Low Risk
CUST_009382,0.001840525,0,0,Low Risk
CUST_009383,0.014209703,0,0,Low Risk
CUST_009384,0.014800649,0,0,Low Risk
CUST_009385,0.024510464,0,0,Low Risk
CUST_009386,0.99910176,1,1,High Risk
CUST_009387,0.9996867,1,1,High Risk
CUST_009388,0.008934699,0,0,Low Risk
CUST_009389,0.006387186,0,0,Low Risk
CUST_009390,0.09600912,0,0,Low Risk
CUST_009391,0.44569597,0,0,Medium Risk
CUST_009392,0.049012404,0,0,Low Risk
CUST_009393,0.07969846,0,0,Low Risk
CUST_009394,0.99984145,1,1,High Risk
CUST_009395,0.017998232,0,0,Low Risk
CUST_009396,0.024081195,0,0,Low Risk
CUST_009397,0.9998354,1,1,High Risk
CUST_009398,0.9998498,1,1,High Risk
CUST_009399,0.07539953,0,0,Low Risk
CUST_009400,0.03017891,0,0,Low Risk
CUST_009401,0.9986791,1,1,High Risk
CUST_009402,0.03424311,0,0,Low Risk
CUST_009403,0.0129408315,0,0,Low Risk
CUST_009404,0.040963516,0,0,Low Risk
CUST_009405,0.010849544,0,0,Low Risk
CUST_009406,0.062832996,0,0,Low Risk
CUST_009407,0.0025358084,0,0,Low Risk
CUST_009408,0.99891293,1,1,High Risk
CUST_009409,0.5860368,1,0,Medium Risk
CUST_009410,0.81626695,1,1,High Risk
CUST_009411,0.017070405,0,0,Low Risk
CUST_009412,0.98906344,1,1,High Risk
CUST_009413,0.0034492954,0,0,Low Risk
CUST_009414,0.09579014,0,0,Low Risk
CUST_009415,0.99870276,1,1,High Risk
CUST_009416,0.02423606,0,0,Low Risk
CUST_009417,0.0050204447,0,0,Low Risk
CUST_009418,0.9996032,1,1,High Risk
CUST_009419,0.9997069,1,1,High Risk
CUST_009420,0.037846237,0,0,Low Risk
CUST_009421,0.0039352523,0,0,Low Risk
CUST_009422,0.9768018,1,1,High Risk
CUST_009423,0.02308878,0,0,Low Risk
CUST_009424,0.028811838,0,0,Low Risk
CUST_009425,0.012894137,0,0,Low Risk
CUST_009426,0.09678692,0,0,Low Risk
CUST_009427,0.35509634,0,0,Medium Risk
CUST_009428,0.023476519,0,0,Low Risk
CUST_009429,0.100192465,0,0,Low Risk
CUST_009430,0.016888253,0,0,Low Risk
CUST_009431,0.005030161,0,0,Low Risk
CUST_009432,0.050989866,0,0,Low Risk
CUST_009433,0.004699329,0,0,Low Risk
CUST_009434,0.9992416,1,1,High Risk
CUST_009435,0.005973313,0,0,Low Risk
CUST_009436,0.024100745,0,0,Low Risk
CUST_009437,0.045153268,0,0,Low Risk
CUST_009438,0.27583483,0,0,Low Risk
CUST_009439,0.06641998,0,0,Low Risk
CUST_009440,0.03022096,0,0,Low Risk
CUST_009441,0.0035606457,0,0,Low Risk
CUST_009442,0.08781471,0,0,Low Risk
CUST_009443,0.017314158,0,0,Low Risk
CUST_009444,0.013177778,0,0,Low Risk
CUST_009445,0.99906737,1,1,High Risk
CUST_009446,0.04470413,0,0,Low Risk
CUST_009447,0.004043612,0,0,Low Risk
CUST_009448,0.10939775,0,0,Low Risk
CUST_009449,0.020842083,0,0,Low Risk
CUST_009450,0.99889,1,1,High Risk
CUST_009451,0.018010419,0,0,Low Risk
CUST_009452,0.04806886,0,0,Low Risk
CUST_009453,0.009981479,0,0,Low Risk
CUST_009454,0.089007266,0,0,Low Risk
CUST_009455,0.99855465,1,1,High Risk
CUST_009456,0.052194167,0,0,Low Risk
CUST_009457,0.016686652,0,0,Low Risk
CUST_009458,0.55659467,1,1,Medium Risk
CUST_009459,0.0110176485,0,0,Low Risk
CUST_009460,0.03670746,0,0,Low Risk
CUST_009461,0.013064709,0,0,Low Risk
CUST_009462,0.9996592,1,1,High Risk
CUST_009463,0.99984896,1,1,High Risk
CUST_009464,0.03913166,0,0,Low Risk
CUST_009465,0.10727074,0,0,Low Risk
CUST_009466,0.054062653,0,0,Low Risk
CUST_009467,0.9991449,1,1,High Risk
CUST_009468,0.019843193,0,0,Low Risk
CUST_009469,0.9985915,1,1,High Risk
CUST_009470,0.059153367,0,0,Low Risk
CUST_009471,0.0058267284,0,0,Low Risk
CUST_009472,0.034691725,0,0,Low Risk
CUST_009473,0.021077948,0,0,Low Risk
CUST_009474,0.121532716,0,0,Low Risk
CUST_009475,0.006359116,0,0,Low Risk
CUST_009476,0.11784894,0,0,Low Risk
CUST_009477,0.12778829,0,0,Low Risk
CUST_009478,0.9998229,1,1,High Risk
CUST_009479,0.006436474,0,0,Low Risk
CUST_009480,0.03588914,0,0,Low Risk
CUST_009481,0.99857485,1,1,High Risk
CUST_009482,0.039895885,0,0,Low Risk
CUST_009483,0.038438894,0,0,Low Risk
CUST_009484,0.9829169,1,1,High Risk
CUST_009485,0.99988484,1,1,High Risk
CUST_009486,0.024386887,0,0,Low Risk
CUST_009487,0.9110809,1,1,High Risk
CUST_009488,0.020059098,0,0,Low Risk
CUST_009489,0.01250824,0,0,Low Risk
CUST_009490,0.028531494,0,0,Low Risk
CUST_009491,0.008433819,0,0,Low Risk
CUST_009492,0.019444115,0,0,Low Risk
CUST_009493,0.045927998,0,0,Low Risk
CUST_009494,0.9961856,1,1,High Risk
CUST_009495,0.04639741,0,0,Low Risk
CUST_009496,0.9962304,1,1,High Risk
CUST_009497,0.071241096,0,0,Low Risk
CUST_009498,0.9981071,1,1,High Risk
CUST_009499,0.99688417,1,1,High Risk
CUST_009500,0.9995382,1,1,High Risk
CUST_009501,0.023256386,0,0,Low Risk
CUST_009502,0.022672506,0,0,Low Risk
CUST_009503,0.118311994,0,0,Low Risk
CUST_009504,0.026486533,0,0,Low Risk
CUST_009505,0.99932814,1,1,High Risk
CUST_009506,0.024568608,0,0,Low Risk
CUST_009507,0.006738849,0,0,Low Risk
CUST_009508,0.029055338,0,0,Low Risk
CUST_009509,0.99897385,1,1,High Risk
CUST_009510,0.9990515,1,1,High Risk
CUST_009511,0.99982196,1,1,High Risk
CUST_009512,0.0016392721,0,0,Low Risk
CUST_009513,0.0045992327,0,0,Low Risk
CUST_009514,0.017424075,0,0,Low Risk
CUST_009515,0.016217092,0,0,Low Risk
CUST_009516,0.9991478,1,1,High Risk
CUST_009517,0.96640915,1,1,High Risk
CUST_009518,0.010763934,0,0,Low Risk
CUST_009519,0.035476256,0,0,Low Risk
CUST_009520,0.011804758,0,0,Low Risk
CUST_009521,0.049667887,0,0,Low Risk
CUST_009522,0.014276303,0,0,Low Risk
CUST_009523,0.015102799,0,0,Low Risk
CUST_009524,0.9972677,1,1,High Risk
CUST_009525,0.9994887,1,1,High Risk
CUST_009526,0.023329921,0,0,Low Risk
CUST_009527,0.014082992,0,0,Low Risk
CUST_009528,0.04384179,0,0,Low Risk
CUST_009529,0.06336816,0,0,Low Risk
CUST_009530,0.005254241,0,0,Low Risk
CUST_009531,0.9896004,1,1,High Risk
CUST_009532,0.99957496,1,1,High Risk
CUST_009533,0.08239664,0,0,Low Risk
CUST_009534,0.034882,0,0,Low Risk
CUST_009535,0.14596269,0,0,Low Risk
CUST_009536,0.77334136,1,1,High Risk
CUST_009537,0.032394417,0,0,Low Risk
CUST_009538,0.20783281,0,0,Low Risk
CUST_009539,0.9998739,1,1,High Risk
CUST_009540,0.9990522,1,1,High Risk
CUST_009541,0.01504928,0,0,Low Risk
CUST_009542,0.0071626594,0,0,Low Risk
CUST_009543,0.03766606,0,0,Low Risk
CUST_009544,0.99918276,1,1,High Risk
CUST_009545,0.06579719,0,0,Low Risk
CUST_009546,0.054334804,0,0,Low Risk
CUST_009547,0.03439285,0,0,Low Risk
CUST_009548,0.9997718,1,1,High Risk
CUST_009549,0.26144826,0,0,Low Risk
CUST_009550,0.0049335146,0,0,Low Risk
CUST_009551,0.093727104,0,0,Low Risk
CUST_009552,0.03471945,0,0,Low Risk
CUST_009553,0.003383484,0,0,Low Risk
CUST_009554,0.01092018,0,0,Low Risk
CUST_009555,0.017254287,0,0,Low Risk
CUST_009556,0.24954295,0,0,Low Risk
CUST_009557,0.09767932,0,0,Low Risk
CUST_009558,0.0032863268,0,0,Low Risk
CUST_009559,0.06864323,0,0,Low Risk
CUST_009560,0.008641204,0,0,Low Risk
CUST_009561,0.01311284,0,0,Low Risk
CUST_009562,0.9992519,1,1,High Risk
CUST_009563,0.006054741,0,0,Low Risk
CUST_009564,0.0033885222,0,0,Low Risk
CUST_009565,0.021167407,0,0,Low Risk
CUST_009566,0.032345198,0,0,Low Risk
CUST_009567,0.996157,1,1,High Risk
CUST_009568,0.99953246,1,1,High Risk
CUST_009569,0.026690904,0,0,Low Risk
CUST_009570,0.9994332,1,1,High Risk
CUST_009571,0.0020598273,0,0,Low Risk
CUST_009572,0.996858,1,1,High Risk
CUST_009573,0.0038459,0,0,Low Risk
CUST_009574,0.9506247,1,1,High Risk
CUST_009575,0.9995931,1,1,High Risk
CUST_009576,0.013591186,0,0,Low Risk
CUST_009577,0.24077946,0,0,Low Risk
CUST_009578,0.013207338,0,0,Low Risk
CUST_009579,0.0066316947,0,0,Low Risk
CUST_009580,0.0075985193,0,0,Low Risk
CUST_009581,0.06444155,0,0,Low Risk
CUST_009582,0.99927,1,1,High Risk
CUST_009583,0.8950809,1,1,High Risk
CUST_009584,0.9965886,1,1,High Risk
CUST_009585,0.05071931,0,0,Low Risk
CUST_009586,0.025710052,0,0,Low Risk
CUST_009587,0.99690753,1,1,High Risk
CUST_009588,0.003850488,0,0,Low Risk
CUST_009589,0.016817888,0,0,Low Risk
CUST_009590,0.08787103,0,0,Low Risk
CUST_009591,0.006296322,0,0,Low Risk
CUST_009592,0.9997279,1,1,High Risk
CUST_009593,0.9743473,1,1,High Risk
CUST_009594,0.0030166027,0,0,Low Risk
CUST_009595,0.99925,1,1,High Risk
CUST_009596,0.052439895,0,1,Low Risk
CUST_009597,0.03587004,0,0,Low Risk
CUST_009598,0.016430335,0,0,Low Risk
CUST_009599,0.998565,1,1,High Risk
CUST_009600,0.024403602,0,0,Low Risk
CUST_009601,0.0072489395,0,0,Low Risk
CUST_009602,0.02904279,0,0,Low Risk
CUST_009603,0.028637543,0,0,Low Risk
CUST_009604,0.016250424,0,0,Low Risk
CUST_009605,0.050159004,0,0,Low Risk
CUST_009606,0.9998029,1,1,High Risk
CUST_009607,0.016510677,0,0,Low Risk
CUST_009608,0.997519,1,1,High Risk
CUST_009609,0.0065950863,0,0,Low Risk
CUST_009610,0.99761164,1,1,High Risk
CUST_009611,0.008198229,0,0,Low Risk
CUST_009612,0.98509914,1,1,High Risk
CUST_009613,0.023820538,0,0,Low Risk
CUST_009614,0.8456677,1,1,High Risk
CUST_009615,0.99908435,1,1,High Risk
CUST_009616,0.77570915,1,1,High Risk
CUST_009617,0.99944764,1,1,High Risk
CUST_009618,0.024843195,0,0,Low Risk
CUST_009619,0.9990054,1,1,High Risk
CUST_009620,0.015356839,0,0,Low Risk
CUST_009621,0.0035590574,0,0,Low Risk
CUST_009622,0.9989108,1,1,High Risk
CUST_009623,0.056450248,0,0,Low Risk
CUST_009624,0.017528623,0,0,Low Risk
CUST_009625,0.99916255,1,1,High Risk
CUST_009626,0.99990296,1,1,High Risk
CUST_009627,0.01167933,0,0,Low Risk
CUST_009628,0.031401135,0,0,Low Risk
CUST_009629,0.010608148,0,0,Low Risk
CUST_009630,0.021337245,0,0,Low Risk
CUST_009631,0.023257665,0,0,Low Risk
CUST_009632,0.013619554,0,0,Low Risk
CUST_009633,0.99991834,1,1,High Risk
CUST_009634,0.9992673,1,1,High Risk
CUST_009635,0.0016854134,0,0,Low Risk
CUST_009636,0.9960212,1,1,High Risk
CUST_009637,0.99656725,1,1,High Risk
CUST_009638,0.017931832,0,0,Low Risk
CUST_009639,0.03633879,0,0,Low Risk
CUST_009640,0.06290262,0,0,Low Risk
CUST_009641,0.026067983,0,0,Low Risk
CUST_009642,0.013559228,0,0,Low Risk
CUST_009643,0.008451747,0,0,Low Risk
CUST_009644,0.04125536,0,0,Low Risk
CUST_009645,0.9978976,1,1,High Risk
CUST_009646,0.035000674,0,0,Low Risk
CUST_009647,0.876618,1,0,High Risk
CUST_009648,0.018791877,0,0,Low Risk
CUST_009649,0.0011120633,0,0,Low Risk
CUST_009650,0.9987739,1,1,High Risk
CUST_009651,0.016293991,0,0,Low Risk
CUST_009652,0.014222741,0,0,Low Risk
CUST_009653,0.9995789,1,1,High Risk
CUST_009654,0.17508695,0,0,Low Risk
CUST_009655,0.047530007,0,0,Low Risk
CUST_009656,0.06984083,0,0,Low Risk
CUST_009657,0.007901914,0,0,Low Risk
CUST_009658,0.9991099,1,1,High Risk
CUST_009659,0.9973036,1,1,High Risk
CUST_009660,0.99978536,1,1,High Risk
CUST_009661,0.0029622556,0,0,Low Risk
CUST_009662,0.012876608,0,0,Low Risk
CUST_009663,0.074737996,0,0,Low Risk
CUST_009664,0.99989486,1,1,High Risk
CUST_009665,0.049295884,0,0,Low Risk
CUST_009666,0.003057273,0,0,Low Risk
CUST_009667,0.011830751,0,0,Low Risk
CUST_009668,0.9663597,1,1,High Risk
CUST_009669,0.13371591,0,0,Low Risk
CUST_009670,0.0073016374,0,0,Low Risk
CUST_009671,0.004103174,0,0,Low Risk
CUST_009672,0.05011857,0,0,Low Risk
CUST_009673,0.009714805,0,0,Low Risk
CUST_009674,0.9997807,1,1,High Risk
CUST_009675,0.022210836,0,0,Low Risk
CUST_009676,0.3633289,0,1,Medium Risk
CUST_009677,0.020574886,0,0,Low Risk
CUST_009678,0.009931686,0,0,Low Risk
CUST_009679,0.0036242933,0,0,Low Risk
CUST_009680,0.010262609,0,0,Low Risk
CUST_009681,0.051250268,0,0,Low Risk
CUST_009682,0.032251023,0,0,Low Risk
CUST_009683,0.018179277,0,0,Low Risk
CUST_009684,0.02971258,0,0,Low Risk
CUST_009685,0.06217478,0,0,Low Risk
CUST_009686,0.008318252,0,0,Low Risk
CUST_009687,0.1389634,0,0,Low Risk
CUST_009688,0.029566435,0,0,Low Risk
CUST_009689,0.017739598,0,0,Low Risk
CUST_009690,0.046568006,0,0,Low Risk
CUST_009691,0.99766135,1,1,High Risk
CUST_009692,0.041752078,0,0,Low Risk
CUST_009693,0.008513528,0,0,Low Risk
CUST_009694,0.0070871683,0,0,Low Risk
CUST_009695,0.9975012,1,1,High Risk
CUST_009696,0.049367793,0,0,Low Risk
CUST_009697,0.9996823,1,1,High Risk
CUST_009698,0.005419988,0,0,Low Risk
CUST_009699,0.059039023,0,0,Low Risk
CUST_009700,0.09384086,0,0,Low Risk
CUST_009701,0.05187113,0,0,Low Risk
CUST_009702,0.012760996,0,0,Low Risk
CUST_009703,0.032686014,0,0,Low Risk
CUST_009704,0.013885497,0,0,Low Risk
CUST_009705,0.99869686,1,1,High Risk
CUST_009706,0.05849742,0,0,Low Risk
CUST_009707,0.9929467,1,1,High Risk
CUST_009708,0.0036034575,0,0,Low Risk
CUST_009709,0.99986386,1,1,High Risk
CUST_009710,0.009474913,0,0,Low Risk
CUST_009711,0.089391485,0,0,Low Risk
CUST_009712,0.9987915,1,1,High Risk
CUST_009713,0.034213312,0,0,Low Risk
CUST_009714,0.003103175,0,0,Low Risk
CUST_009715,0.0020778785,0,0,Low Risk
CUST_009716,0.04769789,0,0,Low Risk
CUST_009717,0.014823799,0,0,Low Risk
CUST_009718,0.9986493,1,1,High Risk
CUST_009719,0.09665652,0,0,Low Risk
CUST_009720,0.99301094,1,1,High Risk
CUST_009721,0.99929976,1,1,High Risk
CUST_009722,0.99928206,1,1,High Risk
CUST_009723,0.014574804,0,0,Low Risk
CUST_009724,0.002460665,0,0,Low Risk
CUST_009725,0.041695483,0,0,Low Risk
CUST_009726,0.983913,1,1,High Risk
CUST_009727,0.01319034,0,0,Low Risk
CUST_009728,0.017617324,0,0,Low Risk
CUST_009729,0.9968828,1,1,High Risk
CUST_009730,0.0062588365,0,0,Low Risk
CUST_009731,0.9927383,1,1,High Risk
CUST_009732,0.03238596,0,0,Low Risk
CUST_009733,0.117208704,0,0,Low Risk
CUST_009734,0.9973882,1,1,High Risk
CUST_009735,0.9917007,1,1,High Risk
CUST_009736,0.99945456,1,1,High Risk
CUST_009737,0.06358959,0,0,Low Risk
CUST_009738,0.011087777,0,0,Low Risk
CUST_009739,0.024720816,0,0,Low Risk
CUST_009740,0.052551713,0,0,Low Risk
CUST_009741,0.017744858,0,0,Low Risk
CUST_009742,0.0031243556,0,0,Low Risk
CUST_009743,0.9994375,1,1,High Risk
CUST_009744,0.9994966,1,1,High Risk
CUST_009745,0.020223653,0,0,Low Risk
CUST_009746,0.029193953,0,0,Low Risk
CUST_009747,0.99985325,1,1,High Risk
CUST_009748,0.12970829,0,0,Low Risk
CUST_009749,0.9994375,1,1,High Risk
CUST_009750,0.0065745404,0,0,Low Risk
CUST_009751,0.030066388,0,0,Low Risk
CUST_009752,0.0040199556,0,0,Low Risk
CUST_009753,0.007423874,0,0,Low Risk
CUST_009754,0.999433,1,1,High Risk
CUST_009755,0.04585138,0,0,Low Risk
CUST_009756,0.002212243,0,0,Low Risk
CUST_009757,0.30647743,0,0,Low Risk
CUST_009758,0.9995233,1,1,High Risk
CUST_009759,0.04902175,0,0,Low Risk
CUST_009760,0.006830638,0,0,Low Risk
CUST_009761,0.011017576,0,0,Low Risk
CUST_009762,0.22854543,0,0,Low Risk
CUST_009763,0.99961495,1,1,High Risk
CUST_009764,0.07248855,0,0,Low Risk
CUST_009765,0.9871099,1,1,High Risk
CUST_009766,0.0406292,0,0,Low Risk
CUST_009767,0.054663304,0,0,Low Risk
CUST_009768,0.74146897,1,1,High Risk
CUST_009769,0.9994261,1,1,High Risk
CUST_009770,0.07510585,0,0,Low Risk
CUST_009771,0.105531216,0,0,Low Risk
CUST_009772,0.010047886,0,0,Low Risk
CUST_009773,0.017545078,0,0,Low Risk
CUST_009774,0.02557071,0,0,Low Risk
CUST_009775,0.01139699,0,0,Low Risk
CUST_009776,0.9985856,1,1,High Risk
CUST_009777,0.19898908,0,0,Low Risk
CUST_009778,0.0117536085,0,0,Low Risk
CUST_009779,0.999813,1,1,High Risk
CUST_009780,0.018722719,0,0,Low Risk
CUST_009781,0.0012155367,0,0,Low Risk
CUST_009782,0.99974555,1,1,High Risk
CUST_009783,0.14613923,0,0,Low Risk
CUST_009784,0.5623004,1,0,Medium Risk
CUST_009785,0.99606234,1,1,High Risk
CUST_009786,0.012332784,0,0,Low Risk
CUST_009787,0.03822286,0,1,Low Risk
CUST_009788,0.0014333929,0,0,Low Risk
CUST_009789,0.018880157,0,0,Low Risk
CUST_009790,0.0013668363,0,0,Low Risk
CUST_009791,0.014170494,0,0,Low Risk
CUST_009792,0.0070698243,0,0,Low Risk
CUST_009793,0.99642193,1,1,High Risk
CUST_009794,0.9998159,1,1,High Risk
CUST_009795,0.9990576,1,1,High Risk
CUST_009796,0.0076643587,0,0,Low Risk
CUST_009797,0.9998056,1,1,High Risk
CUST_009798,0.9988103,1,1,High Risk
CUST_009799,0.020893632,0,0,Low Risk
CUST_009800,0.036200736,0,0,Low Risk
CUST_009801,0.012361224,0,0,Low Risk
CUST_009802,0.17640395,0,0,Low Risk
CUST_009803,0.9974126,1,1,High Risk
CUST_009804,0.03822728,0,0,Low Risk
CUST_009805,0.02962208,0,0,Low Risk
CUST_009806,0.022724628,0,0,Low Risk
CUST_009807,0.99984825,1,1,High Risk
CUST_009808,0.3832852,0,0,Medium Risk
CUST_009809,0.013400475,0,0,Low Risk
CUST_009810,0.012065108,0,0,Low Risk
CUST_009811,0.016884666,0,0,Low Risk
CUST_009812,0.019261943,0,0,Low Risk
CUST_009813,0.012901015,0,0,Low Risk
CUST_009814,0.24358363,0,0,Low Risk
CUST_009815,0.088550486,0,0,Low Risk
CUST_009816,0.99919206,1,1,High Risk
CUST_009817,0.006654763,0,0,Low Risk
CUST_009818,0.99821496,1,1,High Risk
CUST_009819,0.006785033,0,0,Low Risk
CUST_009820,0.014355142,0,0,Low Risk
CUST_009821,0.99965394,1,1,High Risk
CUST_009822,0.97377974,1,1,High Risk
CUST_009823,0.99834156,1,1,High Risk
CUST_009824,0.021452922,0,0,Low Risk
CUST_009825,0.07490775,0,0,Low Risk
CUST_009826,0.012051906,0,0,Low Risk
CUST_009827,0.99898285,1,1,High Risk
CUST_009828,0.0058293645,0,0,Low Risk
CUST_009829,0.040156335,0,0,Low Risk
CUST_009830,0.027940402,0,0,Low Risk
CUST_009831,0.012142108,0,0,Low Risk
CUST_009832,0.9988695,1,1,High Risk
CUST_009833,0.095938645,0,0,Low Risk
CUST_009834,0.9987619,1,1,High Risk
CUST_009835,0.063814856,0,0,Low Risk
CUST_009836,0.9974993,1,1,High Risk
CUST_009837,0.9988243,1,1,High Risk
CUST_009838,0.036306113,0,0,Low Risk
CUST_009839,0.009868923,0,0,Low Risk
CUST_009840,0.14982757,0,0,Low Risk
CUST_009841,0.1759245,0,0,Low Risk
CUST_009842,0.013770688,0,0,Low Risk
CUST_009843,0.024119325,0,0,Low Risk
CUST_009844,0.9949131,1,1,High Risk
CUST_009845,0.99741876,1,1,High Risk
CUST_009846,0.023064861,0,0,Low Risk
CUST_009847,0.02171892,0,0,Low Risk
CUST_009848,0.061917085,0,1,Low Risk
CUST_009849,0.998432,1,1,High Risk
CUST_009850,0.09456802,0,0,Low Risk
CUST_009851,0.9733121,1,1,High Risk
CUST_009852,0.9966625,1,1,High Risk
CUST_009853,0.042373557,0,0,Low Risk
CUST_009854,0.7475655,1,1,High Risk
CUST_009855,0.06772826,0,0,Low Risk
CUST_009856,0.015976803,0,0,Low Risk
CUST_009857,0.99882513,1,1,High Risk
CUST_009858,0.99982786,1,1,High Risk
CUST_009859,0.019318093,0,0,Low Risk
CUST_009860,0.99926275,1,1,High Risk
CUST_009861,0.031129805,0,0,Low Risk
CUST_009862,0.99760556,1,1,High Risk
CUST_009863,0.98467666,1,1,High Risk
CUST_009864,0.0043124678,0,0,Low Risk
CUST_009865,0.020399781,0,0,Low Risk
CUST_009866,0.010383727,0,0,Low Risk
CUST_009867,0.998059,1,1,High Risk
CUST_009868,0.9996835,1,1,High Risk
CUST_009869,0.38700706,0,1,Medium Risk
CUST_009870,0.023214186,0,0,Low Risk
CUST_009871,0.022135872,0,0,Low Risk
CUST_009872,0.99927515,1,1,High Risk
CUST_009873,0.9997155,1,1,High Risk
CUST_009874,0.007662683,0,0,Low Risk
CUST_009875,0.006611665,0,0,Low Risk
CUST_009876,0.00815778,0,0,Low Risk
CUST_009877,0.034166057,0,0,Low Risk
CUST_009878,0.08001161,0,0,Low Risk
CUST_009879,0.9976433,1,1,High Risk
CUST_009880,0.027172646,0,0,Low Risk
CUST_009881,0.0027754887,0,0,Low Risk
CUST_009882,0.9998454,1,1,High Risk
CUST_009883,0.024427153,0,0,Low Risk
CUST_009884,0.9988703,1,1,High Risk
CUST_009885,0.017306874,0,0,Low Risk
CUST_009886,0.9998511,1,1,High Risk
CUST_009887,0.5414119,1,1,Medium Risk
CUST_009888,0.004199585,0,0,Low Risk
CUST_009889,0.99835384,1,1,High Risk
CUST_009890,0.010470148,0,0,Low Risk
CUST_009891,0.0042217597,0,0,Low Risk
CUST_009892,0.022954302,0,0,Low Risk
CUST_009893,0.019181887,0,0,Low Risk
CUST_009894,0.9967719,1,1,High Risk
CUST_009895,0.99874747,1,1,High Risk
CUST_009896,0.0410131,0,0,Low Risk
CUST_009897,0.99980515,1,1,High Risk
CUST_009898,0.99845517,1,1,High Risk
CUST_009899,0.0025913687,0,0,Low Risk
CUST_009900,0.99783736,1,1,High Risk
CUST_009901,0.004864344,0,0,Low Risk
CUST_009902,0.00751008,0,0,Low Risk
CUST_009903,0.99987173,1,1,High Risk
CUST_009904,0.039178833,0,0,Low Risk
CUST_009905,0.06605665,0,0,Low Risk
CUST_009906,0.1790587,0,0,Low Risk
CUST_009907,0.7038593,1,0,High Risk
CUST_009908,0.9918258,1,1,High Risk
CUST_009909,0.09595473,0,0,Low Risk
CUST_009910,0.02684481,0,0,Low Risk
CUST_009911,0.24208574,0,0,Low Risk
CUST_009912,0.9962475,1,1,High Risk
CUST_009913,0.05299194,0,0,Low Risk
CUST_009914,0.013236548,0,0,Low Risk
CUST_009915,0.9995727,1,1,High Risk
CUST_009916,0.03676581,0,0,Low Risk
CUST_009917,0.028445534,0,0,Low Risk
CUST_009918,0.03543685,0,0,Low Risk
CUST_009919,0.95780516,1,1,High Risk
CUST_009920,0.013661069,0,0,Low Risk
CUST_009921,0.99913543,1,1,High Risk
CUST_009922,0.99968815,1,1,High Risk
CUST_009923,0.0038855576,0,0,Low Risk
CUST_009924,0.008934762,0,0,Low Risk
CUST_009925,0.036489457,0,0,Low Risk
CUST_009926,0.038463652,0,0,Low Risk
CUST_009927,0.016131684,0,0,Low Risk
CUST_009928,0.049257215,0,0,Low Risk
CUST_009929,0.006844688,0,0,Low Risk
CUST_009930,0.787887,1,1,High Risk
CUST_009931,0.002378556,0,0,Low Risk
CUST_009932,0.0068589137,0,0,Low Risk
CUST_009933,0.95933396,1,1,High Risk
CUST_009934,0.9997954,1,1,High Risk
CUST_009935,0.0022966047,0,0,Low Risk
CUST_009936,0.002448647,0,0,Low Risk
CUST_009937,0.0032283298,0,0,Low Risk
CUST_009938,0.9961576,1,1,High Risk
CUST_009939,0.99976724,1,1,High Risk
CUST_009940,0.99625623,1,1,High Risk
CUST_009941,0.048130054,0,0,Low Risk
CUST_009942,0.11643876,0,0,Low Risk
CUST_009943,0.0076135322,0,0,Low Risk
CUST_009944,0.010513449,0,0,Low Risk
CUST_009945,0.03495806,0,0,Low Risk
CUST_009946,0.11089825,0,0,Low Risk
CUST_009947,0.055116534,0,0,Low Risk
CUST_009948,0.0022151438,0,0,Low Risk
CUST_009949,0.013791525,0,0,Low Risk
CUST_009950,0.99391264,1,1,High Risk
CUST_009951,0.9996902,1,1,High Risk
CUST_009952,0.050284196,0,0,Low Risk
CUST_009953,0.0043069944,0,0,Low Risk
CUST_009954,0.012756671,0,0,Low Risk
CUST_009955,0.007492036,0,0,Low Risk
CUST_009956,0.08806072,0,0,Low Risk
CUST_009957,0.0057423348,0,0,Low Risk
CUST_009958,0.9992223,1,1,High Risk
CUST_009959,0.99894184,1,1,High Risk
CUST_009960,0.13825795,0,0,Low Risk
CUST_009961,0.08044511,0,0,Low Risk
CUST_009962,0.04967917,0,0,Low Risk
CUST_009963,0.29435432,0,0,Low Risk
CUST_009964,0.0049144425,0,0,Low Risk
CUST_009965,0.023794211,0,0,Low Risk
CUST_009966,0.9999182,1,1,High Risk
CUST_009967,0.0052578836,0,0,Low Risk
CUST_009968,0.0316797,0,0,Low Risk
CUST_009969,0.036943704,0,0,Low Risk
CUST_009970,0.99895203,1,1,High Risk
CUST_009971,0.17890598,0,0,Low Risk
CUST_009972,0.99722785,1,1,High Risk
CUST_009973,0.017700855,0,0,Low Risk
CUST_009974,0.99797755,1,1,High Risk
CUST_009975,0.013827617,0,0,Low Risk
CUST_009976,0.9993218,1,1,High Risk
CUST_009977,0.93336576,1,1,High Risk
CUST_009978,0.050118048,0,0,Low Risk
CUST_009979,0.01801125,0,0,Low Risk
CUST_009980,0.09173226,0,0,Low Risk
CUST_009981,0.08312285,0,0,Low Risk
CUST_009982,0.028840736,0,0,Low Risk
CUST_009983,0.006693723,0,0,Low Risk
CUST_009984,0.02483939,0,0,Low Risk
CUST_009985,0.029730879,0,0,Low Risk
CUST_009986,0.4680902,0,0,Medium Risk
CUST_009987,0.010827668,0,0,Low Risk
CUST_009988,0.022328585,0,0,Low Risk
CUST_009989,0.99700147,1,1,High Risk
CUST_009990,0.7531824,1,1,High Risk
CUST_009991,0.01948747,0,0,Low Risk
CUST_009992,0.015856624,0,0,Low Risk
CUST_009993,0.07208231,0,0,Low Risk
CUST_009994,0.2894799,0,1,Low Risk
CUST_009995,0.006976555,0,0,Low Risk
CUST_009996,0.014518807,0,0,Low Risk
CUST_009997,0.99628985,1,1,High Risk
CUST_009998,0.014753816,0,0,Low Risk
CUST_009999,0.03351676,0,0,Low Risk
CUST_010000,0.009824135,0,0,Low Risk
CUST_010001,0.36495635,0,0,Medium Risk
CUST_010002,0.005857969,0,0,Low Risk
CUST_010003,0.99495417,1,1,High Risk
CUST_010004,0.9993882,1,1,High Risk
CUST_010005,0.009258522,0,0,Low Risk
CUST_010006,0.0061897715,0,0,Low Risk
CUST_010007,0.026968298,0,0,Low Risk
CUST_010008,0.99987125,1,1,High Risk
CUST_010009,0.019707153,0,0,Low Risk
CUST_010010,0.8764982,1,0,High Risk
CUST_010011,0.038147382,0,0,Low Risk
CUST_010012,0.016793417,0,0,Low Risk
CUST_010013,0.011809003,0,0,Low Risk
CUST_010014,0.018701883,0,0,Low Risk
CUST_010015,0.008444225,0,0,Low Risk
CUST_010016,0.026595503,0,0,Low Risk
CUST_010017,0.9998186,1,1,High Risk
CUST_010018,0.0053892327,0,0,Low Risk
CUST_010019,0.94041634,1,1,High Risk
CUST_010020,0.00523907,0,0,Low Risk
CUST_010021,0.9988017,1,1,High Risk
CUST_010022,0.029562619,0,0,Low Risk
CUST_010023,0.008483594,0,0,Low Risk
CUST_010024,0.007973872,0,0,Low Risk
CUST_010025,0.00878468,0,0,Low Risk
CUST_010026,0.27698928,0,1,Low Risk
CUST_010027,0.030009517,0,0,Low Risk
CUST_010028,0.012074853,0,0,Low Risk
CUST_010029,0.038732547,0,0,Low Risk
CUST_010030,0.005742368,0,0,Low Risk
CUST_010031,0.27274755,0,0,Low Risk
CUST_010032,0.0025897142,0,0,Low Risk
CUST_010033,0.99371004,1,1,High Risk
CUST_010034,0.004538591,0,0,Low Risk
CUST_010035,0.035707448,0,0,Low Risk
CUST_010036,0.0040529133,0,0,Low Risk
CUST_010037,0.01654976,0,0,Low Risk
CUST_010038,0.12006504,0,0,Low Risk
CUST_010039,0.012300456,0,0,Low Risk
CUST_010040,0.1032454,0,0,Low Risk
CUST_010041,0.004012189,0,0,Low Risk
CUST_010042,0.07502406,0,0,Low Risk
CUST_010043,0.9996019,1,1,High Risk
CUST_010044,0.99814594,1,1,High Risk
CUST_010045,0.09439463,0,0,Low Risk
CUST_010046,0.9989202,1,1,High Risk
CUST_010047,0.99209,1,1,High Risk
CUST_010048,0.9988225,1,1,High Risk
CUST_010049,0.029715084,0,0,Low Risk
CUST_010050,0.028506167,0,0,Low Risk
CUST_010051,0.004289607,0,0,Low Risk
CUST_010052,0.07926413,0,0,Low Risk
CUST_010053,0.006857738,0,0,Low Risk
CUST_010054,0.026857538,0,0,Low Risk
CUST_010055,0.015580487,0,0,Low Risk
CUST_010056,0.010271108,0,0,Low Risk
CUST_010057,0.040764306,0,0,Low Risk
CUST_010058,0.59090376,1,0,Medium Risk
CUST_010059,0.99880123,1,1,High Risk
CUST_010060,0.1024614,0,0,Low Risk
CUST_010061,0.033281963,0,0,Low Risk
CUST_010062,0.019833239,0,0,Low Risk
CUST_010063,0.9952495,1,1,High Risk
CUST_010064,0.073182285,0,1,Low Risk
CUST_010065,0.998776,1,1,High Risk
CUST_010066,0.015465208,0,0,Low Risk
CUST_010067,0.19227037,0,0,Low Risk
CUST_010068,0.017320756,0,0,Low Risk
CUST_010069,0.011102232,0,0,Low Risk
CUST_010070,0.99989784,1,1,High Risk
CUST_010071,0.019281533,0,0,Low Risk
CUST_010072,0.038810287,0,0,Low Risk
CUST_010073,0.011721638,0,0,Low Risk
CUST_010074,0.97899204,1,1,High Risk
CUST_010075,0.011430844,0,0,Low Risk
CUST_010076,0.98169965,1,1,High Risk
CUST_010077,0.023706688,0,0,Low Risk
CUST_010078,0.0078990515,0,0,Low Risk
CUST_010079,0.9853188,1,1,High Risk
CUST_010080,0.020143367,0,0,Low Risk
CUST_010081,0.0020097797,0,0,Low Risk
CUST_010082,0.021839391,0,0,Low Risk
CUST_010083,0.021643586,0,0,Low Risk
CUST_010084,0.0511677,0,0,Low Risk
CUST_010085,0.9985543,1,1,High Risk
CUST_010086,0.0049710986,0,0,Low Risk
CUST_010087,0.016155055,0,0,Low Risk
CUST_010088,0.044896618,0,0,Low Risk
CUST_010089,0.018019466,0,0,Low Risk
CUST_010090,0.03463802,0,0,Low Risk
CUST_010091,0.99953496,1,1,High Risk
CUST_010092,0.019676322,0,0,Low Risk
CUST_010093,0.05357271,0,0,Low Risk
CUST_010094,0.003080025,0,0,Low Risk
CUST_010095,0.008173065,0,0,Low Risk
CUST_010096,0.0076428107,0,0,Low Risk
CUST_010097,0.9999285,1,1,High Risk
CUST_010098,0.0124384025,0,0,Low Risk
CUST_010099,0.075711094,0,0,Low Risk
CUST_010100,0.8739833,1,1,High Risk
CUST_010101,0.99985886,1,1,High Risk
CUST_010102,0.90124303,1,1,High Risk
CUST_010103,0.99972576,1,1,High Risk
CUST_010104,0.019619538,0,0,Low Risk
CUST_010105,0.020607477,0,0,Low Risk
CUST_010106,0.0156976,0,0,Low Risk
CUST_010107,0.014616797,0,0,Low Risk
CUST_010108,0.07765665,0,0,Low Risk
CUST_010109,0.06848678,0,0,Low Risk
CUST_010110,0.037270375,0,0,Low Risk
CUST_010111,0.014236111,0,0,Low Risk
CUST_010112,0.046357825,0,0,Low Risk
CUST_010113,0.0070233587,0,0,Low Risk
CUST_010114,0.99891937,1,1,High Risk
CUST_010115,0.9997696,1,1,High Risk
CUST_010116,0.019549029,0,0,Low Risk
CUST_010117,0.037364926,0,0,Low Risk
CUST_010118,0.035178714,0,0,Low Risk
CUST_010119,0.028843233,0,0,Low Risk
CUST_010120,0.9959413,1,1,High Risk
CUST_010121,0.9814078,1,1,High Risk
CUST_010122,0.021305643,0,0,Low Risk
CUST_010123,0.026329737,0,0,Low Risk
CUST_010124,0.00829248,0,0,Low Risk
CUST_010125,0.37879092,0,0,Medium Risk
CUST_010126,0.010827959,0,0,Low Risk
CUST_010127,0.059580553,0,0,Low Risk
CUST_010128,0.018156808,0,0,Low Risk
CUST_010129,0.9793409,1,1,High Risk
CUST_010130,0.2938595,0,1,Low Risk
CUST_010131,0.99918336,1,1,High Risk
CUST_010132,0.018215152,0,0,Low Risk
CUST_010133,0.044988226,0,0,Low Risk
CUST_010134,0.0027231872,0,0,Low Risk
CUST_010135,0.99900985,1,1,High Risk
CUST_010136,0.0046036537,0,0,Low Risk
CUST_010137,0.003560179,0,0,Low Risk
CUST_010138,0.002238132,0,0,Low Risk
CUST_010139,0.038814485,0,0,Low Risk
CUST_010140,0.006158205,0,0,Low Risk
CUST_010141,0.002272002,0,0,Low Risk
CUST_010142,0.19318998,0,0,Low Risk
CUST_010143,0.9974567,1,1,High Risk
CUST_010144,0.0064833625,0,0,Low Risk
CUST_010145,0.99937505,1,1,High Risk
CUST_010146,0.076965764,0,0,Low Risk
CUST_010147,0.9998685,1,1,High Risk
CUST_010148,0.048910037,0,0,Low Risk
CUST_010149,0.99965143,1,1,High Risk
CUST_010150,0.007876655,0,0,Low Risk
CUST_010151,0.043471,0,0,Low Risk
CUST_010152,0.0044635274,0,0,Low Risk
CUST_010153,0.005247153,0,0,Low Risk
CUST_010154,0.9376346,1,1,High Risk
CUST_010155,0.009828009,0,0,Low Risk
CUST_010156,0.013276592,0,0,Low Risk
CUST_010157,0.9990895,1,1,High Risk
CUST_010158,0.12524791,0,1,Low Risk
CUST_010159,0.070697516,0,0,Low Risk
CUST_010160,0.037658658,0,0,Low Risk
CUST_010161,0.02091499,0,0,Low Risk
CUST_010162,0.0047519105,0,0,Low Risk
CUST_010163,0.016328666,0,0,Low Risk
CUST_010164,0.3175415,0,0,Low Risk
CUST_010165,0.030936785,0,0,Low Risk
CUST_010166,0.041721605,0,0,Low Risk
CUST_010167,0.99922395,1,1,High Risk
CUST_010168,0.9982468,1,1,High Risk
CUST_010169,0.9997032,1,1,High Risk
CUST_010170,0.008155222,0,0,Low Risk
CUST_010171,0.0051066796,0,0,Low Risk
CUST_010172,0.038388174,0,0,Low Risk
CUST_010173,0.0119160665,0,0,Low Risk
CUST_010174,0.00468078,0,0,Low Risk
CUST_010175,0.013750984,0,0,Low Risk
CUST_010176,0.9998772,1,1,High Risk
CUST_010177,0.010865542,0,0,Low Risk
CUST_010178,0.033411108,0,0,Low Risk
CUST_010179,0.9998565,1,1,High Risk
CUST_010180,0.01834564,0,0,Low Risk
CUST_010181,0.010743708,0,0,Low Risk
CUST_010182,0.99928457,1,1,High Risk
CUST_010183,0.028855069,0,0,Low Risk
CUST_010184,0.012131062,0,0,Low Risk
CUST_010185,0.0032061706,0,0,Low Risk
CUST_010186,0.073715836,0,0,Low Risk
CUST_010187,0.24671863,0,0,Low Risk
CUST_010188,0.013019056,0,0,Low Risk
CUST_010189,0.0070124227,0,0,Low Risk
CUST_010190,0.99961406,1,1,High Risk
CUST_010191,0.024741523,0,0,Low Risk
CUST_010192,0.004077565,0,0,Low Risk
CUST_010193,0.007905331,0,0,Low Risk
CUST_010194,0.04691805,0,0,Low Risk
CUST_010195,0.015193729,0,0,Low Risk
CUST_010196,0.07331694,0,0,Low Risk
CUST_010197,0.010463195,0,0,Low Risk
CUST_010198,0.9990501,1,1,High Risk
CUST_010199,0.02275292,0,0,Low Risk
CUST_010200,0.006393656,0,0,Low Risk
CUST_010201,0.048958857,0,1,Low Risk
CUST_010202,0.008630789,0,0,Low Risk
CUST_010203,0.006269359,0,0,Low Risk
CUST_010204,0.017022794,0,0,Low Risk
CUST_010205,0.9995289,1,1,High Risk
CUST_010206,0.11612763,0,0,Low Risk
CUST_010207,0.017231017,0,0,Low Risk
CUST_010208,0.04088805,0,0,Low Risk
CUST_010209,0.9990534,1,1,High Risk
CUST_010210,0.062205784,0,0,Low Risk
CUST_010211,0.024906253,0,0,Low Risk
CUST_010212,0.04173311,0,0,Low Risk
CUST_010213,0.034181554,0,0,Low Risk
CUST_010214,0.0064742956,0,0,Low Risk
CUST_010215,0.99755174,1,1,High Risk
CUST_010216,0.9997613,1,1,High Risk
CUST_010217,0.4464866,0,1,Medium Risk
CUST_010218,0.023819873,0,0,Low Risk
CUST_010219,0.99860805,1,1,High Risk
CUST_010220,0.014954052,0,0,Low Risk
CUST_010221,0.032255847,0,0,Low Risk
CUST_010222,0.1848673,0,0,Low Risk
CUST_010223,0.9973883,1,1,High Risk
CUST_010224,0.012051826,0,0,Low Risk
CUST_010225,0.9977175,1,1,High Risk
CUST_010226,0.9854312,1,1,High Risk
CUST_010227,0.14565171,0,0,Low Risk
CUST_010228,0.0104323095,0,0,Low Risk
CUST_010229,0.024520021,0,0,Low Risk
CUST_010230,0.022874659,0,0,Low Risk
CUST_010231,0.030014878,0,0,Low Risk
CUST_010232,0.009884954,0,0,Low Risk
CUST_010233,0.99981207,1,1,High Risk
CUST_010234,0.014725024,0,0,Low Risk
CUST_010235,0.9996013,1,1,High Risk
CUST_010236,0.023520505,0,0,Low Risk
CUST_010237,0.05981892,0,0,Low Risk
CUST_010238,0.99541414,1,1,High Risk
CUST_010239,0.020621017,0,0,Low Risk
CUST_010240,0.009949477,0,0,Low Risk
CUST_010241,0.021871267,0,0,Low Risk
CUST_010242,0.005030113,0,0,Low Risk
CUST_010243,0.022868777,0,0,Low Risk
CUST_010244,0.0050527994,0,0,Low Risk
CUST_010245,0.020069908,0,0,Low Risk
CUST_010246,0.9996979,1,1,High Risk
CUST_010247,0.05184794,0,0,Low Risk
CUST_010248,0.65476763,1,1,High Risk
CUST_010249,0.9979037,1,1,High Risk
CUST_010250,0.010111934,0,0,Low Risk
CUST_010251,0.4570005,0,1,Medium Risk
CUST_010252,0.006977774,0,0,Low Risk
CUST_010253,0.013167704,0,0,Low Risk
CUST_010254,0.038709838,0,0,Low Risk
CUST_010255,0.90698814,1,1,High Risk
CUST_010256,0.9995765,1,1,High Risk
CUST_010257,0.017587485,0,0,Low Risk
CUST_010258,0.040090185,0,0,Low Risk
CUST_010259,0.0027182887,0,0,Low Risk
CUST_010260,0.012993751,0,0,Low Risk
CUST_010261,0.015539206,0,0,Low Risk
CUST_010262,0.02815413,0,0,Low Risk
CUST_010263,0.9473795,1,1,High Risk
CUST_010264,0.9994703,1,1,High Risk
CUST_010265,0.015717955,0,0,Low Risk
CUST_010266,0.018205917,0,0,Low Risk
CUST_010267,0.9992899,1,1,High Risk
CUST_010268,0.0070583085,0,0,Low Risk
CUST_010269,0.14826825,0,0,Low Risk
CUST_010270,0.9973278,1,1,High Risk
CUST_010271,0.055845488,0,0,Low Risk
CUST_010272,0.9730391,1,1,High Risk
CUST_010273,0.012896637,0,0,Low Risk
CUST_010274,0.99986506,1,1,High Risk
CUST_010275,0.0018395635,0,0,Low Risk
CUST_010276,0.8153585,1,1,High Risk
CUST_010277,0.06045438,0,0,Low Risk
CUST_010278,0.013499134,0,0,Low Risk
CUST_010279,0.07867174,0,0,Low Risk
CUST_010280,0.027421173,0,0,Low Risk
CUST_010281,0.013569858,0,0,Low Risk
CUST_010282,0.032314736,0,0,Low Risk
CUST_010283,0.016117431,0,0,Low Risk
CUST_010284,0.006332299,0,0,Low Risk
CUST_010285,0.028637212,0,0,Low Risk
CUST_010286,0.058294315,0,0,Low Risk
CUST_010287,0.051840108,0,0,Low Risk
CUST_010288,0.013169235,0,0,Low Risk
CUST_010289,0.005615133,0,0,Low Risk
CUST_010290,0.063125774,0,0,Low Risk
CUST_010291,0.012795439,0,0,Low Risk
CUST_010292,0.060510833,0,0,Low Risk
CUST_010293,0.004514721,0,0,Low Risk
CUST_010294,0.035988044,0,0,Low Risk
CUST_010295,0.06341989,0,0,Low Risk
CUST_010296,0.034177035,0,0,Low Risk
CUST_010297,0.9996996,1,1,High Risk
CUST_010298,0.017124727,0,0,Low Risk
CUST_010299,0.9905385,1,1,High Risk
CUST_010300,0.05960678,0,0,Low Risk
CUST_010301,0.9954601,1,1,High Risk
CUST_010302,0.9993362,1,1,High Risk
CUST_010303,0.55565345,1,1,Medium Risk
CUST_010304,0.021656342,0,0,Low Risk
CUST_010305,0.010022381,0,0,Low Risk
CUST_010306,0.03781439,0,0,Low Risk
CUST_010307,0.009836551,0,0,Low Risk
CUST_010308,0.028500747,0,0,Low Risk
CUST_010309,0.10686571,0,0,Low Risk
CUST_010310,0.19345091,0,0,Low Risk
CUST_010311,0.006676912,0,0,Low Risk
CUST_010312,0.56627214,1,1,Medium Risk
CUST_010313,0.0023945211,0,0,Low Risk
CUST_010314,0.999845,1,1,High Risk
CUST_010315,0.9997446,1,1,High Risk
CUST_010316,0.9996376,1,1,High Risk
CUST_010317,0.36300227,0,1,Medium Risk
CUST_010318,0.029398888,0,0,Low Risk
CUST_010319,0.0022855275,0,0,Low Risk
CUST_010320,0.011990668,0,0,Low Risk
CUST_010321,0.0659099,0,0,Low Risk
CUST_010322,0.3842348,0,0,Medium Risk
CUST_010323,0.9987281,1,1,High Risk
CUST_010324,0.91304356,1,0,High Risk
CUST_010325,0.0014760653,0,0,Low Risk
CUST_010326,0.017217739,0,0,Low Risk
CUST_010327,0.0030716034,0,0,Low Risk
CUST_010328,0.9984268,1,1,High Risk
CUST_010329,0.3734656,0,1,Medium Risk
CUST_010330,0.99759054,1,1,High Risk
CUST_010331,0.9992937,1,1,High Risk
CUST_010332,0.0066386345,0,0,Low Risk
CUST_010333,0.9977349,1,1,High Risk
CUST_010334,0.038322713,0,0,Low Risk
CUST_010335,0.99967873,1,1,High Risk
CUST_010336,0.023465514,0,0,Low Risk
CUST_010337,0.03256557,0,0,Low Risk
CUST_010338,0.011787336,0,0,Low Risk
CUST_010339,0.50423276,1,0,Medium Risk
CUST_010340,0.045622334,0,0,Low Risk
CUST_010341,0.99890864,1,1,High Risk
CUST_010342,0.010306841,0,0,Low Risk
CUST_010343,0.14509459,0,1,Low Risk
CUST_010344,0.9515062,1,1,High Risk
CUST_010345,0.9990588,1,1,High Risk
CUST_010346,0.3321369,0,0,Low Risk
CUST_010347,0.08438546,0,0,Low Risk
CUST_010348,0.010316729,0,0,Low Risk
CUST_010349,0.98063046,1,1,High Risk
CUST_010350,0.33669072,0,0,Low Risk
CUST_010351,0.0420545,0,0,Low Risk
CUST_010352,0.02988319,0,0,Low Risk
CUST_010353,0.061903823,0,0,Low Risk
CUST_010354,0.0138470745,0,0,Low Risk
CUST_010355,0.0022327728,0,0,Low Risk
CUST_010356,0.026698936,0,0,Low Risk
CUST_010357,0.041336905,0,0,Low Risk
CUST_010358,0.008420189,0,0,Low Risk
CUST_010359,0.9998697,1,1,High Risk
CUST_010360,0.025953988,0,0,Low Risk
CUST_010361,0.07897237,0,0,Low Risk
CUST_010362,0.99710387,1,1,High Risk
CUST_010363,0.18535571,0,0,Low Risk
CUST_010364,0.99704164,1,1,High Risk
CUST_010365,0.15398034,0,0,Low Risk
CUST_010366,0.9988714,1,1,High Risk
CUST_010367,0.013384164,0,0,Low Risk
CUST_010368,0.99792,1,1,High Risk
CUST_010369,0.029184332,0,0,Low Risk
CUST_010370,0.9983992,1,1,High Risk
CUST_010371,0.02426039,0,0,Low Risk
CUST_010372,0.01895675,0,0,Low Risk
CUST_010373,0.09844943,0,0,Low Risk
CUST_010374,0.15689805,0,0,Low Risk
CUST_010375,0.046056572,0,0,Low Risk
CUST_010376,0.13388623,0,1,Low Risk
CUST_010377,0.14837742,0,0,Low Risk
CUST_010378,0.9991917,1,1,High Risk
CUST_010379,0.9967513,1,1,High Risk
CUST_010380,0.99827445,1,1,High Risk
CUST_010381,0.9998534,1,1,High Risk
CUST_010382,0.9996389,1,1,High Risk
CUST_010383,0.009123529,0,0,Low Risk
CUST_010384,0.94877654,1,1,High Risk
CUST_010385,0.9995695,1,1,High Risk
CUST_010386,0.99851483,1,1,High Risk
CUST_010387,0.12181915,0,0,Low Risk
CUST_010388,0.0559121,0,0,Low Risk
CUST_010389,0.0030997973,0,0,Low Risk
CUST_010390,0.4104369,0,1,Medium Risk
CUST_010391,0.9993697,1,1,High Risk
CUST_010392,0.01380817,0,0,Low Risk
CUST_010393,0.241626,0,0,Low Risk
CUST_010394,0.021251895,0,0,Low Risk
CUST_010395,0.028036594,0,0,Low Risk
CUST_010396,0.033023957,0,0,Low Risk
CUST_010397,0.032722104,0,0,Low Risk
CUST_010398,0.008126573,0,0,Low Risk
CUST_010399,0.018882992,0,0,Low Risk
CUST_010400,0.006560165,0,0,Low Risk
CUST_010401,0.010565527,0,0,Low Risk
CUST_010402,0.9997811,1,1,High Risk
CUST_010403,0.9990964,1,1,High Risk
CUST_010404,0.12075965,0,0,Low Risk
CUST_010405,0.01657139,0,0,Low Risk
CUST_010406,0.027969083,0,0,Low Risk
CUST_010407,0.074140586,0,0,Low Risk
CUST_010408,0.041102313,0,0,Low Risk
CUST_010409,0.528463,1,0,Medium Risk
CUST_010410,0.99715024,1,1,High Risk
CUST_010411,0.99917406,1,1,High Risk
CUST_010412,0.02389499,0,0,Low Risk
CUST_010413,0.008126004,0,0,Low Risk
CUST_010414,0.99915135,1,1,High Risk
CUST_010415,0.14786868,0,0,Low Risk
CUST_010416,0.032497056,0,0,Low Risk
CUST_010417,0.026522743,0,0,Low Risk
CUST_010418,0.99757665,1,1,High Risk
CUST_010419,0.053252514,0,0,Low Risk
CUST_010420,0.0035548173,0,0,Low Risk
CUST_010421,0.10885972,0,0,Low Risk
CUST_010422,0.99983335,1,1,High Risk
CUST_010423,0.4467674,0,0,Medium Risk
CUST_010424,0.0057402966,0,0,Low Risk
CUST_010425,0.9997495,1,1,High Risk
CUST_010426,0.021387918,0,0,Low Risk
CUST_010427,0.026636437,0,0,Low Risk
CUST_010428,0.028236343,0,0,Low Risk
CUST_010429,0.17685325,0,0,Low Risk
CUST_010430,0.042828996,0,0,Low Risk
CUST_010431,0.003007128,0,0,Low Risk
CUST_010432,0.9997712,1,1,High Risk
CUST_010433,0.06816504,0,0,Low Risk
CUST_010434,0.04481215,0,0,Low Risk
CUST_010435,0.0031615489,0,0,Low Risk
CUST_010436,0.9994741,1,1,High Risk
CUST_010437,0.0055806506,0,0,Low Risk
CUST_010438,0.061417483,0,0,Low Risk
CUST_010439,0.6101078,1,0,Medium Risk
CUST_010440,0.9996259,1,1,High Risk
CUST_010441,0.01816003,0,0,Low Risk
CUST_010442,0.9011551,1,1,High Risk
CUST_010443,0.5697798,1,0,Medium Risk
CUST_010444,0.061843757,0,0,Low Risk
CUST_010445,0.004592357,0,0,Low Risk
CUST_010446,0.0025155798,0,0,Low Risk
CUST_010447,0.028947812,0,0,Low Risk
CUST_010448,0.0168117,0,0,Low Risk
CUST_010449,0.37618074,0,1,Medium Risk
CUST_010450,0.04126542,0,0,Low Risk
CUST_010451,0.0274508,0,0,Low Risk
CUST_010452,0.9996132,1,1,High Risk
CUST_010453,0.0067923605,0,0,Low Risk
CUST_010454,0.017173458,0,0,Low Risk
CUST_010455,0.016221268,0,0,Low Risk
CUST_010456,0.013601335,0,0,Low Risk
CUST_010457,0.013090926,0,0,Low Risk
CUST_010458,0.007125348,0,0,Low Risk
CUST_010459,0.99825794,1,1,High Risk
CUST_010460,0.036356464,0,0,Low Risk
CUST_010461,0.97756827,1,1,High Risk
CUST_010462,0.15870492,0,0,Low Risk
CUST_010463,0.99956363,1,1,High Risk
CUST_010464,0.017722348,0,0,Low Risk
CUST_010465,0.0024178582,0,0,Low Risk
CUST_010466,0.09108249,0,0,Low Risk
CUST_010467,0.99975413,1,1,High Risk
CUST_010468,0.07158429,0,0,Low Risk
CUST_010469,0.008198589,0,0,Low Risk
CUST_010470,0.97168845,1,1,High Risk
CUST_010471,0.0074676597,0,0,Low Risk
CUST_010472,0.99939084,1,1,High Risk
CUST_010473,0.014847341,0,0,Low Risk
CUST_010474,0.012171053,0,0,Low Risk
CUST_010475,0.015138518,0,0,Low Risk
CUST_010476,0.005216982,0,0,Low Risk
CUST_010477,0.99747354,1,1,High Risk
CUST_010478,0.016809525,0,0,Low Risk
CUST_010479,0.023681752,0,0,Low Risk
CUST_010480,0.0067324145,0,0,Low Risk
CUST_010481,0.67899567,1,0,High Risk
CUST_010482,0.010895897,0,0,Low Risk
CUST_010483,0.006490889,0,0,Low Risk
CUST_010484,0.9936326,1,1,High Risk
CUST_010485,0.15408443,0,0,Low Risk
CUST_010486,0.00854326,0,0,Low Risk
CUST_010487,0.08348433,0,0,Low Risk
CUST_010488,0.98906636,1,1,High Risk
CUST_010489,0.046649076,0,0,Low Risk
CUST_010490,0.029373502,0,0,Low Risk
CUST_010491,0.017880883,0,0,Low Risk
CUST_010492,0.017957967,0,0,Low Risk
CUST_010493,0.054588273,0,0,Low Risk
CUST_010494,0.016984163,0,0,Low Risk
CUST_010495,0.02306463,0,0,Low Risk
CUST_010496,0.99971193,1,1,High Risk
CUST_010497,0.012236059,0,0,Low Risk
CUST_010498,0.15658,0,0,Low Risk
CUST_010499,0.036442786,0,0,Low Risk
CUST_010500,0.00951124,0,0,Low Risk
CUST_010501,0.059693255,0,0,Low Risk
CUST_010502,0.9988734,1,1,High Risk
CUST_010503,0.9983576,1,1,High Risk
CUST_010504,0.13541381,0,0,Low Risk
CUST_010505,0.9991429,1,1,High Risk
CUST_010506,0.99844736,1,1,High Risk
CUST_010507,0.9997211,1,1,High Risk
CUST_010508,0.019194635,0,0,Low Risk
CUST_010509,0.006116447,0,0,Low Risk
CUST_010510,0.03368372,0,0,Low Risk
CUST_010511,0.99814785,1,1,High Risk
CUST_010512,0.02610408,0,0,Low Risk
CUST_010513,0.9998735,1,1,High Risk
CUST_010514,0.9899961,1,1,High Risk
CUST_010515,0.9998498,1,1,High Risk
CUST_010516,0.06525237,0,0,Low Risk
CUST_010517,0.013644302,0,0,Low Risk
CUST_010518,0.010204656,0,0,Low Risk
CUST_010519,0.99760735,1,1,High Risk
CUST_010520,0.11422233,0,0,Low Risk
CUST_010521,0.03895386,0,0,Low Risk
CUST_010522,0.028559394,0,0,Low Risk
CUST_010523,0.065214075,0,0,Low Risk
CUST_010524,0.99881554,1,1,High Risk
CUST_010525,0.028369857,0,0,Low Risk
CUST_010526,0.4222371,0,0,Medium Risk
CUST_010527,0.00571779,0,0,Low Risk
CUST_010528,0.12404283,0,0,Low Risk
CUST_010529,0.9990207,1,1,High Risk
CUST_010530,0.37398437,0,1,Medium Risk
CUST_010531,0.019526476,0,0,Low Risk
CUST_010532,0.19904235,0,1,Low Risk
CUST_010533,0.01574664,0,0,Low Risk
CUST_010534,0.0050120577,0,0,Low Risk
CUST_010535,0.010263515,0,0,Low Risk
CUST_010536,0.03136557,0,0,Low Risk
CUST_010537,0.008461575,0,0,Low Risk
CUST_010538,0.99922144,1,1,High Risk
CUST_010539,0.999012,1,1,High Risk
CUST_010540,0.0015315185,0,0,Low Risk
CUST_010541,0.061668143,0,0,Low Risk
CUST_010542,0.05322603,0,0,Low Risk
CUST_010543,0.14010799,0,0,Low Risk
CUST_010544,0.053868704,0,0,Low Risk
CUST_010545,0.9998784,1,1,High Risk
CUST_010546,0.09974089,0,0,Low Risk
CUST_010547,0.003848961,0,0,Low Risk
CUST_010548,0.99964464,1,1,High Risk
CUST_010549,0.006296379,0,0,Low Risk
CUST_010550,0.017625522,0,0,Low Risk
CUST_010551,0.0021839214,0,0,Low Risk
CUST_010552,0.9955349,1,1,High Risk
CUST_010553,0.034494046,0,0,Low Risk
CUST_010554,0.9992824,1,1,High Risk
CUST_010555,0.999446,1,1,High Risk
CUST_010556,0.011389552,0,0,Low Risk
CUST_010557,0.013483743,0,0,Low Risk
CUST_010558,0.056888722,0,0,Low Risk
CUST_010559,0.99254745,1,1,High Risk
CUST_010560,0.00897116,0,0,Low Risk
CUST_010561,0.26274398,0,0,Low Risk
CUST_010562,0.0203756,0,0,Low Risk
CUST_010563,0.025913628,0,0,Low Risk
CUST_010564,0.12264345,0,0,Low Risk
CUST_010565,0.7303675,1,1,High Risk
CUST_010566,0.008778042,0,0,Low Risk
CUST_010567,0.9985393,1,1,High Risk
CUST_010568,0.16421297,0,0,Low Risk
CUST_010569,0.026924893,0,0,Low Risk
CUST_010570,0.10654042,0,0,Low Risk
CUST_010571,0.06974134,0,0,Low Risk
CUST_010572,0.014882199,0,0,Low Risk
CUST_010573,0.99852365,1,1,High Risk
CUST_010574,0.0090446,0,0,Low Risk
CUST_010575,0.056279015,0,0,Low Risk
CUST_010576,0.0766335,0,0,Low Risk
CUST_010577,0.046081785,0,0,Low Risk
CUST_010578,0.9987141,1,1,High Risk
CUST_010579,0.03333073,0,0,Low Risk
CUST_010580,0.031423207,0,1,Low Risk
CUST_010581,0.02369878,0,0,Low Risk
CUST_010582,0.006096077,0,0,Low Risk
CUST_010583,0.008213717,0,0,Low Risk
CUST_010584,0.0027045156,0,0,Low Risk
CUST_010585,0.013750162,0,0,Low Risk
CUST_010586,0.015969355,0,0,Low Risk
CUST_010587,0.99635917,1,1,High Risk
CUST_010588,0.032237526,0,0,Low Risk
CUST_010589,0.022158341,0,0,Low Risk
CUST_010590,0.021520784,0,0,Low Risk
CUST_010591,0.0817723,0,0,Low Risk
CUST_010592,0.009335503,0,0,Low Risk
CUST_010593,0.010893955,0,0,Low Risk
CUST_010594,0.049097486,0,0,Low Risk
CUST_010595,0.9995116,1,1,High Risk
CUST_010596,0.012083076,0,0,Low Risk
CUST_010597,0.00511543,0,0,Low Risk
CUST_010598,0.021660177,0,0,Low Risk
CUST_010599,0.023309287,0,0,Low Risk
CUST_010600,0.03924026,0,0,Low Risk
CUST_010601,0.004449159,0,0,Low Risk
CUST_010602,0.005770734,0,0,Low Risk
CUST_010603,0.07942838,0,0,Low Risk
CUST_010604,0.04368391,0,0,Low Risk
CUST_010605,0.04411912,0,0,Low Risk
CUST_010606,0.029053783,0,0,Low Risk
CUST_010607,0.009469052,0,0,Low Risk
CUST_010608,0.9977483,1,1,High Risk
CUST_010609,0.03947309,0,0,Low Risk
CUST_010610,0.0053827064,0,0,Low Risk
CUST_010611,0.9035393,1,1,High Risk
CUST_010612,0.056689326,0,0,Low Risk
CUST_010613,0.0077429498,0,0,Low Risk
CUST_010614,0.0092972675,0,0,Low Risk
CUST_010615,0.9995912,1,1,High Risk
CUST_010616,0.17038354,0,0,Low Risk
CUST_010617,0.96589035,1,1,High Risk
CUST_010618,0.013681431,0,0,Low Risk
CUST_010619,0.9992561,1,1,High Risk
CUST_010620,0.012055211,0,0,Low Risk
CUST_010621,0.99933124,1,1,High Risk
CUST_010622,0.99920374,1,1,High Risk
CUST_010623,0.9089565,1,1,High Risk
CUST_010624,0.99367946,1,1,High Risk
CUST_010625,0.9853335,1,1,High Risk
CUST_010626,0.089472935,0,0,Low Risk
CUST_010627,0.025045015,0,0,Low Risk
CUST_010628,0.029039448,0,0,Low Risk
CUST_010629,0.012626406,0,0,Low Risk
CUST_010630,0.009984946,0,0,Low Risk
CUST_010631,0.9987721,1,1,High Risk
CUST_010632,0.06288908,0,0,Low Risk
CUST_010633,0.010138764,0,0,Low Risk
CUST_010634,0.017194806,0,0,Low Risk
CUST_010635,0.30390054,0,0,Low Risk
CUST_010636,0.9995285,1,1,High Risk
CUST_010637,0.029974367,0,0,Low Risk
CUST_010638,0.026265634,0,0,Low Risk
CUST_010639,0.019033665,0,0,Low Risk
CUST_010640,0.0033784697,0,0,Low Risk
CUST_010641,0.027426647,0,0,Low Risk
CUST_010642,0.013158426,0,0,Low Risk
CUST_010643,0.20184118,0,0,Low Risk
CUST_010644,0.036779027,0,0,Low Risk
CUST_010645,0.077448025,0,0,Low Risk
CUST_010646,0.031990632,0,0,Low Risk
CUST_010647,0.999668,1,1,High Risk
CUST_010648,0.13002764,0,0,Low Risk
CUST_010649,0.018350337,0,0,Low Risk
CUST_010650,0.097862996,0,0,Low Risk
CUST_010651,0.0285227,0,0,Low Risk
CUST_010652,0.064985596,0,0,Low Risk
CUST_010653,0.040049594,0,0,Low Risk
CUST_010654,0.025191398,0,0,Low Risk
CUST_010655,0.99897647,1,1,High Risk
CUST_010656,0.018341048,0,0,Low Risk
CUST_010657,0.02537047,0,0,Low Risk
CUST_010658,0.032578826,0,0,Low Risk
CUST_010659,0.33146447,0,0,Low Risk
CUST_010660,0.0033718755,0,0,Low Risk
CUST_010661,0.022016894,0,0,Low Risk
CUST_010662,0.033035323,0,0,Low Risk
CUST_010663,0.008123598,0,0,Low Risk
CUST_010664,0.9989281,1,1,High Risk
CUST_010665,0.008657681,0,0,Low Risk
CUST_010666,0.09863413,0,0,Low Risk
CUST_010667,0.96350634,1,1,High Risk
CUST_010668,0.034916364,0,0,Low Risk
CUST_010669,0.9981646,1,1,High Risk
CUST_010670,0.024405995,0,0,Low Risk
CUST_010671,0.99963844,1,1,High Risk
CUST_010672,0.9975489,1,1,High Risk
CUST_010673,0.99829954,1,1,High Risk
CUST_010674,0.9940446,1,1,High Risk
CUST_010675,0.028868847,0,0,Low Risk
CUST_010676,0.011709046,0,0,Low Risk
CUST_010677,0.8854284,1,1,High Risk
CUST_010678,0.010976486,0,0,Low Risk
CUST_010679,0.040986985,0,0,Low Risk
CUST_010680,0.02093665,0,0,Low Risk
CUST_010681,0.8655377,1,1,High Risk
CUST_010682,0.0029808343,0,0,Low Risk
CUST_010683,0.9991928,1,1,High Risk
CUST_010684,0.99971455,1,1,High Risk
CUST_010685,0.008750689,0,0,Low Risk
CUST_010686,0.007624388,0,0,Low Risk
CUST_010687,0.04092599,0,0,Low Risk
CUST_010688,0.094207466,0,0,Low Risk
CUST_010689,0.030748457,0,0,Low Risk
CUST_010690,0.99860626,1,1,High Risk
CUST_010691,0.029818272,0,0,Low Risk
CUST_010692,0.10141152,0,0,Low Risk
CUST_010693,0.0030831075,0,0,Low Risk
CUST_010694,0.04518924,0,0,Low Risk
CUST_010695,0.27846217,0,1,Low Risk
CUST_010696,0.065746084,0,0,Low Risk
CUST_010697,0.99893767,1,1,High Risk
CUST_010698,0.9990269,1,1,High Risk
CUST_010699,0.040103868,0,0,Low Risk
CUST_010700,0.013827339,0,0,Low Risk
CUST_010701,0.008075009,0,0,Low Risk
CUST_010702,0.020289116,0,0,Low Risk
CUST_010703,0.8080405,1,1,High Risk
CUST_010704,0.01776311,0,0,Low Risk
CUST_010705,0.008500288,0,0,Low Risk
CUST_010706,0.99973494,1,1,High Risk
CUST_010707,0.009733498,0,0,Low Risk
CUST_010708,0.010118412,0,0,Low Risk
CUST_010709,0.007540372,0,0,Low Risk
CUST_010710,0.9975581,1,1,High Risk
CUST_010711,0.6201427,1,1,Medium Risk
CUST_010712,0.99737453,1,1,High Risk
CUST_010713,0.0896288,0,0,Low Risk
CUST_010714,0.19212128,0,0,Low Risk
CUST_010715,0.01413492,0,0,Low Risk
CUST_010716,0.9992219,1,1,High Risk
CUST_010717,0.019534681,0,0,Low Risk
CUST_010718,0.007348369,0,0,Low Risk
CUST_010719,0.036688976,0,0,Low Risk
CUST_010720,0.015420613,0,0,Low Risk
CUST_010721,0.99975413,1,1,High Risk
CUST_010722,0.015696539,0,0,Low Risk
CUST_010723,0.047976285,0,0,Low Risk
CUST_010724,0.9890399,1,1,High Risk
CUST_010725,0.10083949,0,0,Low Risk
CUST_010726,0.023137067,0,0,Low Risk
CUST_010727,0.012124008,0,0,Low Risk
CUST_010728,0.015708154,0,0,Low Risk
CUST_010729,0.043142874,0,0,Low Risk
CUST_010730,0.99937207,1,1,High Risk
CUST_010731,0.1546422,0,0,Low Risk
CUST_010732,0.011966318,0,0,Low Risk
CUST_010733,0.99987113,1,1,High Risk
CUST_010734,0.010250702,0,0,Low Risk
CUST_010735,0.028162409,0,0,Low Risk
CUST_010736,0.0064587668,0,0,Low Risk
CUST_010737,0.008209083,0,0,Low Risk
CUST_010738,0.103896454,0,0,Low Risk
CUST_010739,0.008605746,0,0,Low Risk
CUST_010740,0.99805284,1,1,High Risk
CUST_010741,0.040473215,0,0,Low Risk
CUST_010742,0.012464917,0,0,Low Risk
CUST_010743,0.10375127,0,0,Low Risk
CUST_010744,0.026325986,0,0,Low Risk
CUST_010745,0.018078787,0,0,Low Risk
CUST_010746,0.13562235,0,0,Low Risk
CUST_010747,0.027298493,0,0,Low Risk
CUST_010748,0.012308442,0,0,Low Risk
CUST_010749,0.9974699,1,1,High Risk
CUST_010750,0.037361026,0,0,Low Risk
CUST_010751,0.13832316,0,0,Low Risk
CUST_010752,0.08802491,0,0,Low Risk
CUST_010753,0.018103916,0,0,Low Risk
CUST_010754,0.005191013,0,0,Low Risk
CUST_010755,0.0071692346,0,0,Low Risk
CUST_010756,0.00983401,0,0,Low Risk
CUST_010757,0.004970028,0,0,Low Risk
CUST_010758,0.057602696,0,0,Low Risk
CUST_010759,0.9998473,1,1,High Risk
CUST_010760,0.0019571045,0,0,Low Risk
CUST_010761,0.09265669,0,0,Low Risk
CUST_010762,0.021700252,0,0,Low Risk
CUST_010763,0.99926347,1,1,High Risk
CUST_010764,0.02627102,0,0,Low Risk
CUST_010765,0.013768222,0,0,Low Risk
CUST_010766,0.70309085,1,1,High Risk
CUST_010767,0.031017544,0,0,Low Risk
CUST_010768,0.0172618,0,0,Low Risk
CUST_010769,0.043646127,0,0,Low Risk
CUST_010770,0.019841399,0,0,Low Risk
CUST_010771,0.12541328,0,0,Low Risk
CUST_010772,0.1329783,0,0,Low Risk
CUST_010773,0.9985415,1,1,High Risk
CUST_010774,0.029878944,0,0,Low Risk
CUST_010775,0.22011583,0,0,Low Risk
CUST_010776,0.99819857,1,1,High Risk
CUST_010777,0.016805861,0,0,Low Risk
CUST_010778,0.04351729,0,0,Low Risk
CUST_010779,0.9997423,1,1,High Risk
CUST_010780,0.63476276,1,0,Medium Risk
CUST_010781,0.008553052,0,0,Low Risk
CUST_010782,0.26859832,0,1,Low Risk
CUST_010783,0.0455914,0,0,Low Risk
CUST_010784,0.045618556,0,0,Low Risk
CUST_010785,0.9992914,1,1,High Risk
CUST_010786,0.06275231,0,0,Low Risk
CUST_010787,0.0034117638,0,0,Low Risk
CUST_010788,0.99491465,1,1,High Risk
CUST_010789,0.1009958,0,0,Low Risk
CUST_010790,0.032393377,0,0,Low Risk
CUST_010791,0.003916877,0,0,Low Risk
CUST_010792,0.9973132,1,1,High Risk
CUST_010793,0.9990049,1,1,High Risk
CUST_010794,0.009817393,0,0,Low Risk
CUST_010795,0.008906247,0,0,Low Risk
CUST_010796,0.04757145,0,0,Low Risk
CUST_010797,0.0061359345,0,0,Low Risk
CUST_010798,0.9991019,1,1,High Risk
CUST_010799,0.98537827,1,1,High Risk
CUST_010800,0.010172639,0,0,Low Risk
CUST_010801,0.0434006,0,0,Low Risk
CUST_010802,0.9982497,1,1,High Risk
CUST_010803,0.10211039,0,0,Low Risk
CUST_010804,0.19875947,0,0,Low Risk
CUST_010805,0.014246185,0,0,Low Risk
CUST_010806,0.99981695,1,1,High Risk
CUST_010807,0.008743152,0,0,Low Risk
CUST_010808,0.038583834,0,0,Low Risk
CUST_010809,0.1119607,0,1,Low Risk
CUST_010810,0.014459997,0,0,Low Risk
CUST_010811,0.0061697843,0,0,Low Risk
CUST_010812,0.07929473,0,0,Low Risk
CUST_010813,0.063087225,0,0,Low Risk
CUST_010814,0.00700989,0,0,Low Risk
CUST_010815,0.04418181,0,0,Low Risk
CUST_010816,0.011029106,0,0,Low Risk
CUST_010817,0.99704427,1,1,High Risk
CUST_010818,0.013726973,0,0,Low Risk
CUST_010819,0.99825937,1,1,High Risk
CUST_010820,0.006757809,0,0,Low Risk
CUST_010821,0.9989766,1,1,High Risk
CUST_010822,0.06628944,0,0,Low Risk
CUST_010823,0.9994771,1,1,High Risk
CUST_010824,0.99964046,1,1,High Risk
CUST_010825,0.014917325,0,0,Low Risk
CUST_010826,0.009077121,0,0,Low Risk
CUST_010827,0.009557391,0,0,Low Risk
CUST_010828,0.040528268,0,0,Low Risk
CUST_010829,0.9986431,1,1,High Risk
CUST_010830,0.002131441,0,0,Low Risk
CUST_010831,0.011309146,0,0,Low Risk
CUST_010832,0.9994573,1,1,High Risk
CUST_010833,0.006867273,0,0,Low Risk
CUST_010834,0.004915513,0,0,Low Risk
CUST_010835,0.96531373,1,1,High Risk
CUST_010836,0.8216093,1,1,High Risk
CUST_010837,0.024411907,0,0,Low Risk
CUST_010838,0.14752387,0,1,Low Risk
CUST_010839,0.03384897,0,0,Low Risk
CUST_010840,0.024717636,0,0,Low Risk
CUST_010841,0.044122837,0,0,Low Risk
CUST_010842,0.04506179,0,0,Low Risk
CUST_010843,0.04648647,0,0,Low Risk
CUST_010844,0.004332843,0,0,Low Risk
CUST_010845,0.019762645,0,0,Low Risk
CUST_010846,0.9983146,1,1,High Risk
CUST_010847,0.027574752,0,0,Low Risk
CUST_010848,0.08903871,0,0,Low Risk
CUST_010849,0.012393883,0,0,Low Risk
CUST_010850,0.02797759,0,0,Low Risk
CUST_010851,0.99938774,1,1,High Risk
CUST_010852,0.11290777,0,0,Low Risk
CUST_010853,0.7279399,1,0,High Risk
CUST_010854,0.0073307,0,0,Low Risk
CUST_010855,0.15328875,0,0,Low Risk
CUST_010856,0.032171223,0,0,Low Risk
CUST_010857,0.084236465,0,0,Low Risk
CUST_010858,0.88253015,1,1,High Risk
CUST_010859,0.9989993,1,1,High Risk
CUST_010860,0.17121519,0,0,Low Risk
CUST_010861,0.9998153,1,1,High Risk
CUST_010862,0.0153895505,0,0,Low Risk
CUST_010863,0.9990527,1,1,High Risk
CUST_010864,0.033332143,0,0,Low Risk
CUST_010865,0.9981096,1,1,High Risk
CUST_010866,0.0033374003,0,0,Low Risk
CUST_010867,0.98925894,1,1,High Risk
CUST_010868,0.9994854,1,1,High Risk
CUST_010869,0.010535437,0,0,Low Risk
CUST_010870,0.0076597757,0,0,Low Risk
CUST_010871,0.99958605,1,1,High Risk
CUST_010872,0.004839773,0,0,Low Risk
CUST_010873,0.018497739,0,0,Low Risk
CUST_010874,0.32676518,0,0,Low Risk
CUST_010875,0.689147,1,1,High Risk
CUST_010876,0.99358034,1,1,High Risk
CUST_010877,0.99952817,1,1,High Risk
CUST_010878,0.002196904,0,0,Low Risk
CUST_010879,0.9995745,1,1,High Risk
CUST_010880,0.0043226415,0,0,Low Risk
CUST_010881,0.003262563,0,0,Low Risk
CUST_010882,0.9978635,1,1,High Risk
CUST_010883,0.9994943,1,1,High Risk
CUST_010884,0.99937975,1,1,High Risk
CUST_010885,0.066896185,0,0,Low Risk
CUST_010886,0.0023961472,0,0,Low Risk
CUST_010887,0.006763111,0,0,Low Risk
CUST_010888,0.07787307,0,0,Low Risk
CUST_010889,0.00554054,0,0,Low Risk
CUST_010890,0.026448643,0,0,Low Risk
CUST_010891,0.00378733,0,0,Low Risk
CUST_010892,0.020106709,0,0,Low Risk
CUST_010893,0.0098037,0,0,Low Risk
CUST_010894,0.019788543,0,0,Low Risk
CUST_010895,0.0052360394,0,0,Low Risk
CUST_010896,0.018827986,0,0,Low Risk
CUST_010897,0.9983303,1,1,High Risk
CUST_010898,0.022206187,0,0,Low Risk
CUST_010899,0.0030350839,0,0,Low Risk
CUST_010900,0.009220707,0,0,Low Risk
CUST_010901,0.998589,1,1,High Risk
CUST_010902,0.027512575,0,0,Low Risk
CUST_010903,0.015826255,0,0,Low Risk
CUST_010904,0.0034527704,0,0,Low Risk
CUST_010905,0.023070073,0,0,Low Risk
CUST_010906,0.03102084,0,0,Low Risk
CUST_010907,0.019534389,0,0,Low Risk
CUST_010908,0.047169868,0,0,Low Risk
CUST_010909,0.03282343,0,0,Low Risk
CUST_010910,0.009076254,0,0,Low Risk
CUST_010911,0.03838982,0,0,Low Risk
CUST_010912,0.01680319,0,0,Low Risk
CUST_010913,0.99936754,1,1,High Risk
CUST_010914,0.015188208,0,0,Low Risk
CUST_010915,0.016467666,0,0,Low Risk
CUST_010916,0.006415604,0,0,Low Risk
CUST_010917,0.9985292,1,1,High Risk
CUST_010918,0.020884907,0,0,Low Risk
CUST_010919,0.0030542226,0,0,Low Risk
CUST_010920,0.048863355,0,0,Low Risk
CUST_010921,0.6696394,1,1,High Risk
CUST_010922,0.99934596,1,1,High Risk
CUST_010923,0.017721685,0,0,Low Risk
CUST_010924,0.014515954,0,0,Low Risk
CUST_010925,0.99951434,1,1,High Risk
CUST_010926,0.0036766971,0,0,Low Risk
CUST_010927,0.018522017,0,0,Low Risk
CUST_010928,0.0024909936,0,0,Low Risk
CUST_010929,0.029302299,0,0,Low Risk
CUST_010930,0.99919254,1,1,High Risk
CUST_010931,0.013712429,0,0,Low Risk
CUST_010932,0.008077106,0,0,Low Risk
CUST_010933,0.031696863,0,0,Low Risk
CUST_010934,0.9995505,1,1,High Risk
CUST_010935,0.009410109,0,0,Low Risk
CUST_010936,0.9983223,1,1,High Risk
CUST_010937,0.027746636,0,0,Low Risk
CUST_010938,0.08626626,0,0,Low Risk
CUST_010939,0.038463134,0,0,Low Risk
CUST_010940,0.022060588,0,0,Low Risk
CUST_010941,0.025571499,0,0,Low Risk
CUST_010942,0.259836,0,0,Low Risk
CUST_010943,0.009648964,0,0,Low Risk
CUST_010944,0.0062908707,0,0,Low Risk
CUST_010945,0.018535718,0,0,Low Risk
CUST_010946,0.9994795,1,1,High Risk
CUST_010947,0.99181247,1,1,High Risk
CUST_010948,0.01211206,0,0,Low Risk
CUST_010949,0.3387104,0,0,Low Risk
CUST_010950,0.0127839465,0,0,Low Risk
CUST_010951,0.018090922,0,0,Low Risk
CUST_010952,0.017089562,0,0,Low Risk
CUST_010953,0.005678439,0,0,Low Risk
CUST_010954,0.018787788,0,0,Low Risk
CUST_010955,0.99897623,1,1,High Risk
CUST_010956,0.008678681,0,0,Low Risk
CUST_010957,0.14829738,0,0,Low Risk
CUST_010958,0.02052117,0,0,Low Risk
CUST_010959,0.005634201,0,0,Low Risk
CUST_010960,0.02599222,0,0,Low Risk
CUST_010961,0.0034121124,0,0,Low Risk
CUST_010962,0.17496935,0,0,Low Risk
CUST_010963,0.99903333,1,1,High Risk
CUST_010964,0.77281094,1,1,High Risk
CUST_010965,0.004346759,0,0,Low Risk
CUST_010966,0.0123860175,0,0,Low Risk
CUST_010967,0.031911314,0,0,Low Risk
CUST_010968,0.99924004,1,1,High Risk
CUST_010969,0.9997228,1,1,High Risk
CUST_010970,0.004996682,0,0,Low Risk
CUST_010971,0.17696662,0,0,Low Risk
CUST_010972,0.05967878,0,0,Low Risk
CUST_010973,0.03615045,0,0,Low Risk
CUST_010974,0.040799785,0,0,Low Risk
CUST_010975,0.9983777,1,1,High Risk
CUST_010976,0.32790017,0,0,Low Risk
CUST_010977,0.016258689,0,0,Low Risk
CUST_010978,0.017000588,0,0,Low Risk
CUST_010979,0.99964905,1,1,High Risk
CUST_010980,0.005204722,0,0,Low Risk
CUST_010981,0.0018103919,0,0,Low Risk
CUST_010982,0.9919321,1,1,High Risk
CUST_010983,0.028393596,0,0,Low Risk
CUST_010984,0.9988825,1,1,High Risk
CUST_010985,0.9983322,1,1,High Risk
CUST_010986,0.99894994,1,1,High Risk
CUST_010987,0.03221282,0,0,Low Risk
CUST_010988,0.20182602,0,0,Low Risk
CUST_010989,0.0026879802,0,0,Low Risk
CUST_010990,0.026423777,0,0,Low Risk
CUST_010991,0.005112213,0,0,Low Risk
CUST_010992,0.9943158,1,1,High Risk
CUST_010993,0.007333959,0,0,Low Risk
CUST_010994,0.0043272697,0,0,Low Risk
CUST_010995,0.010419666,0,0,Low Risk
CUST_010996,0.023987431,0,0,Low Risk
CUST_010997,0.15683573,0,0,Low Risk
CUST_010998,0.01765416,0,0,Low Risk
CUST_010999,0.0017182457,0,0,Low Risk
CUST_011000,0.9987643,1,1,High Risk
CUST_011001,0.99972266,1,1,High Risk
CUST_011002,0.004297404,0,0,Low Risk
CUST_011003,0.023021396,0,0,Low Risk
CUST_011004,0.010513127,0,0,Low Risk
CUST_011005,0.9843993,1,1,High Risk
CUST_011006,0.043502964,0,0,Low Risk
CUST_011007,0.98682004,1,1,High Risk
CUST_011008,0.004498596,0,0,Low Risk
CUST_011009,0.010490323,0,0,Low Risk
CUST_011010,0.016478667,0,0,Low Risk
CUST_011011,0.022587264,0,0,Low Risk
CUST_011012,0.9968749,1,1,High Risk
CUST_011013,0.99979156,1,1,High Risk
CUST_011014,0.50388765,1,0,Medium Risk
CUST_011015,0.13571136,0,0,Low Risk
CUST_011016,0.03698244,0,0,Low Risk
CUST_011017,0.06692323,0,0,Low Risk
CUST_011018,0.9996877,1,1,High Risk
CUST_011019,0.18546169,0,0,Low Risk
CUST_011020,0.30999267,0,0,Low Risk
CUST_011021,0.0086695375,0,0,Low Risk
CUST_011022,0.09363602,0,0,Low Risk
CUST_011023,0.0019830132,0,0,Low Risk
CUST_011024,0.02140173,0,0,Low Risk
CUST_011025,0.0066210045,0,0,Low Risk
CUST_011026,0.0072762324,0,0,Low Risk
CUST_011027,0.00906922,0,0,Low Risk
CUST_011028,0.07162732,0,0,Low Risk
CUST_011029,0.0039394614,0,0,Low Risk
CUST_011030,0.9972727,1,1,High Risk
CUST_011031,0.015187023,0,0,Low Risk
CUST_011032,0.045059647,0,0,Low Risk
CUST_011033,0.040783722,0,0,Low Risk
CUST_011034,0.008446729,0,0,Low Risk
CUST_011035,0.9954898,1,1,High Risk
CUST_011036,0.9998134,1,1,High Risk
CUST_011037,0.010348911,0,0,Low Risk
CUST_011038,0.04141971,0,0,Low Risk
CUST_011039,0.12163368,0,0,Low Risk
CUST_011040,0.027754419,0,0,Low Risk
CUST_011041,0.9975304,1,1,High Risk
CUST_011042,0.04720474,0,0,Low Risk
CUST_011043,0.02759787,0,0,Low Risk
CUST_011044,0.01581445,0,0,Low Risk
CUST_011045,0.019360583,0,0,Low Risk
CUST_011046,0.9995208,1,1,High Risk
CUST_011047,0.044733696,0,0,Low Risk
CUST_011048,0.99984026,1,1,High Risk
CUST_011049,0.020217521,0,0,Low Risk
CUST_011050,0.07928233,0,0,Low Risk
CUST_011051,0.017331325,0,0,Low Risk
CUST_011052,0.0015676983,0,0,Low Risk
CUST_011053,0.9973961,1,1,High Risk
CUST_011054,0.2099283,0,0,Low Risk
CUST_011055,0.002611845,0,0,Low Risk
CUST_011056,0.9997631,1,1,High Risk
CUST_011057,0.7136263,1,1,High Risk
CUST_011058,0.8077732,1,1,High Risk
CUST_011059,0.030395223,0,0,Low Risk
CUST_011060,0.041378524,0,0,Low Risk
CUST_011061,0.006265792,0,0,Low Risk
CUST_011062,0.012401753,0,0,Low Risk
CUST_011063,0.9797045,1,1,High Risk
CUST_011064,0.0044095125,0,0,Low Risk
CUST_011065,0.0037072562,0,0,Low Risk
CUST_011066,0.008829226,0,0,Low Risk
CUST_011067,0.0186438,0,0,Low Risk
CUST_011068,0.015560285,0,0,Low Risk
CUST_011069,0.015866665,0,0,Low Risk
CUST_011070,0.042278152,0,0,Low Risk
CUST_011071,0.29586598,0,0,Low Risk
CUST_011072,0.68158805,1,1,High Risk
CUST_011073,0.009208348,0,0,Low Risk
CUST_011074,0.022253444,0,0,Low Risk
CUST_011075,0.9994485,1,1,High Risk
CUST_011076,0.022479592,0,0,Low Risk
CUST_011077,0.007890379,0,0,Low Risk
CUST_011078,0.99871576,1,1,High Risk
CUST_011079,0.99339527,1,1,High Risk
CUST_011080,0.031184142,0,0,Low Risk
CUST_011081,0.026060877,0,0,Low Risk
CUST_011082,0.9977149,1,1,High Risk
CUST_011083,0.06400897,0,0,Low Risk
CUST_011084,0.10350391,0,0,Low Risk
CUST_011085,0.017320212,0,0,Low Risk
CUST_011086,0.004687612,0,0,Low Risk
CUST_011087,0.027733242,0,0,Low Risk
CUST_011088,0.024864685,0,0,Low Risk
CUST_011089,0.018193686,0,0,Low Risk
CUST_011090,0.059636828,0,0,Low Risk
CUST_011091,0.058183808,0,0,Low Risk
CUST_011092,0.88112426,1,1,High Risk
CUST_011093,0.017866945,0,0,Low Risk
CUST_011094,0.01745995,0,0,Low Risk
CUST_011095,0.08190137,0,0,Low Risk
CUST_011096,0.00698262,0,0,Low Risk
CUST_011097,0.017089618,0,0,Low Risk
CUST_011098,0.99451303,1,1,High Risk
CUST_011099,0.3409506,0,1,Low Risk
CUST_011100,0.34507802,0,0,Low Risk
CUST_011101,0.08345897,0,0,Low Risk
CUST_011102,0.027387224,0,0,Low Risk
CUST_011103,0.01594508,0,0,Low Risk
CUST_011104,0.99790096,1,1,High Risk
CUST_011105,0.0050583184,0,0,Low Risk
CUST_011106,0.009194281,0,0,Low Risk
CUST_011107,0.9997936,1,1,High Risk
CUST_011108,0.010428937,0,0,Low Risk
CUST_011109,0.99955493,1,1,High Risk
CUST_011110,0.99637944,1,1,High Risk
CUST_011111,0.015502869,0,0,Low Risk
CUST_011112,0.018561421,0,0,Low Risk
CUST_011113,0.99846244,1,1,High Risk
CUST_011114,0.0107302815,0,0,Low Risk
CUST_011115,0.8155153,1,0,High Risk
CUST_011116,0.9698036,1,1,High Risk
CUST_011117,0.022861307,0,0,Low Risk
CUST_011118,0.19860126,0,0,Low Risk
CUST_011119,0.99956363,1,1,High Risk
CUST_011120,0.22029038,0,0,Low Risk
CUST_011121,0.016724491,0,0,Low Risk
CUST_011122,0.0017972899,0,0,Low Risk
CUST_011123,0.12797853,0,0,Low Risk
CUST_011124,0.024638956,0,0,Low Risk
CUST_011125,0.99863017,1,1,High Risk
CUST_011126,0.797083,1,1,High Risk
CUST_011127,0.054756783,0,0,Low Risk
CUST_011128,0.9990545,1,1,High Risk
CUST_011129,0.0087116975,0,0,Low Risk
CUST_011130,0.02351889,0,0,Low Risk
CUST_011131,0.03090941,0,0,Low Risk
CUST_011132,0.04583082,0,0,Low Risk
CUST_011133,0.031822886,0,0,Low Risk
CUST_011134,0.03128874,0,0,Low Risk
CUST_011135,0.002890308,0,0,Low Risk
CUST_011136,0.019339256,0,0,Low Risk
CUST_011137,0.0035551551,0,0,Low Risk
CUST_011138,0.068118036,0,0,Low Risk
CUST_011139,0.1706671,0,0,Low Risk
CUST_011140,0.049769536,0,0,Low Risk
CUST_011141,0.99986994,1,1,High Risk
CUST_011142,0.00335316,0,0,Low Risk
CUST_011143,0.08193315,0,0,Low Risk
CUST_011144,0.0026923518,0,0,Low Risk
CUST_011145,0.9996427,1,1,High Risk
CUST_011146,0.007269103,0,0,Low Risk
CUST_011147,0.0045535755,0,0,Low Risk
CUST_011148,0.9955778,1,1,High Risk
CUST_011149,0.9988825,1,1,High Risk
CUST_011150,0.042556074,0,0,Low Risk
CUST_011151,0.016463209,0,0,Low Risk
CUST_011152,0.08188639,0,0,Low Risk
CUST_011153,0.026351186,0,0,Low Risk
CUST_011154,0.9939559,1,1,High Risk
CUST_011155,0.020493995,0,0,Low Risk
CUST_011156,0.21327996,0,0,Low Risk
CUST_011157,0.017995253,0,0,Low Risk
CUST_011158,0.68154114,1,0,High Risk
CUST_011159,0.9874521,1,1,High Risk
CUST_011160,0.002735572,0,0,Low Risk
CUST_011161,0.022045208,0,0,Low Risk
CUST_011162,0.007708515,0,0,Low Risk
CUST_011163,0.1631779,0,0,Low Risk
CUST_011164,0.01344529,0,0,Low Risk
CUST_011165,0.16346265,0,0,Low Risk
CUST_011166,0.010827137,0,0,Low Risk
CUST_011167,0.02392172,0,0,Low Risk
CUST_011168,0.021752827,0,0,Low Risk
CUST_011169,0.03268306,0,0,Low Risk
CUST_011170,0.39958814,0,0,Medium Risk
CUST_011171,0.9993563,1,1,High Risk
CUST_011172,0.088098355,0,0,Low Risk
CUST_011173,0.9998128,1,1,High Risk
CUST_011174,0.9992204,1,1,High Risk
CUST_011175,0.022460435,0,0,Low Risk
CUST_011176,0.06701953,0,0,Low Risk
CUST_011177,0.14749485,0,0,Low Risk
CUST_011178,0.02266704,0,0,Low Risk
CUST_011179,0.0089388415,0,0,Low Risk
CUST_011180,0.9994504,1,1,High Risk
CUST_011181,0.02867881,0,0,Low Risk
CUST_011182,0.26613852,0,0,Low Risk
CUST_011183,0.9489643,1,1,High Risk
CUST_011184,0.010524393,0,0,Low Risk
CUST_011185,0.02199804,0,0,Low Risk
CUST_011186,0.0015332549,0,0,Low Risk
CUST_011187,0.0032934784,0,0,Low Risk
CUST_011188,0.97801363,1,1,High Risk
CUST_011189,0.9687047,1,1,High Risk
CUST_011190,0.11445327,0,1,Low Risk
CUST_011191,0.99920756,1,1,High Risk
CUST_011192,0.012306749,0,0,Low Risk
CUST_011193,0.0692406,0,0,Low Risk
CUST_011194,0.0071154363,0,0,Low Risk
CUST_011195,0.025588792,0,0,Low Risk
CUST_011196,0.0051250784,0,0,Low Risk
CUST_011197,0.008757309,0,0,Low Risk
CUST_011198,0.9990386,1,1,High Risk
CUST_011199,0.043898743,0,0,Low Risk
CUST_011200,0.055030774,0,0,Low Risk
CUST_011201,0.034296505,0,0,Low Risk
CUST_011202,0.99898833,1,1,High Risk
CUST_011203,0.0018355533,0,0,Low Risk
CUST_011204,0.033452503,0,0,Low Risk
CUST_011205,0.47882882,0,1,Medium Risk
CUST_011206,0.034140624,0,0,Low Risk
CUST_011207,0.015856653,0,0,Low Risk
CUST_011208,0.040018506,0,0,Low Risk
CUST_011209,0.99930453,1,1,High Risk
CUST_011210,0.007028338,0,0,Low Risk
CUST_011211,0.41301572,0,0,Medium Risk
CUST_011212,0.9993216,1,1,High Risk
CUST_011213,0.032781854,0,0,Low Risk
CUST_011214,0.9986872,1,1,High Risk
CUST_011215,0.9315554,1,0,High Risk
CUST_011216,0.027380494,0,0,Low Risk
CUST_011217,0.7978525,1,1,High Risk
CUST_011218,0.27169606,0,0,Low Risk
CUST_011219,0.021801323,0,0,Low Risk
CUST_011220,0.009773123,0,0,Low Risk
CUST_011221,0.020603357,0,0,Low Risk
CUST_011222,0.0053863125,0,0,Low Risk
CUST_011223,0.12310747,0,0,Low Risk
CUST_011224,0.04662051,0,0,Low Risk
CUST_011225,0.025829798,0,0,Low Risk
CUST_011226,0.20258582,0,0,Low Risk
CUST_011227,0.12432828,0,0,Low Risk
CUST_011228,0.016233845,0,0,Low Risk
CUST_011229,0.9990827,1,1,High Risk
CUST_011230,0.051605776,0,0,Low Risk
CUST_011231,0.03949289,0,0,Low Risk
CUST_011232,0.15719923,0,0,Low Risk
CUST_011233,0.005576703,0,0,Low Risk
CUST_011234,0.9989215,1,1,High Risk
CUST_011235,0.10727719,0,0,Low Risk
CUST_011236,0.9992742,1,1,High Risk
CUST_011237,0.99989164,1,1,High Risk
CUST_011238,0.97862935,1,1,High Risk
CUST_011239,0.014272156,0,0,Low Risk
CUST_011240,0.009977667,0,0,Low Risk
CUST_011241,0.08690146,0,0,Low Risk
CUST_011242,0.015169995,0,0,Low Risk
CUST_011243,0.010421598,0,0,Low Risk
CUST_011244,0.018508898,0,0,Low Risk
CUST_011245,0.99762696,1,1,High Risk
CUST_011246,0.0030553814,0,0,Low Risk
CUST_011247,0.02887493,0,0,Low Risk
CUST_011248,0.99959964,1,1,High Risk
CUST_011249,0.9887993,1,1,High Risk
CUST_011250,0.9977502,1,1,High Risk
CUST_011251,0.023802932,0,0,Low Risk
CUST_011252,0.9825241,1,1,High Risk
CUST_011253,0.044678163,0,0,Low Risk
CUST_011254,0.05242332,0,0,Low Risk
CUST_011255,0.8619844,1,1,High Risk
CUST_011256,0.04266051,0,0,Low Risk
CUST_011257,0.86793613,1,1,High Risk
CUST_011258,0.9997373,1,1,High Risk
CUST_011259,0.9990741,1,1,High Risk
CUST_011260,0.02151606,0,0,Low Risk
CUST_011261,0.998555,1,1,High Risk
CUST_011262,0.030957442,0,0,Low Risk
CUST_011263,0.038933203,0,0,Low Risk
CUST_011264,0.0088624675,0,0,Low Risk
CUST_011265,0.0025825028,0,0,Low Risk
CUST_011266,0.020306597,0,0,Low Risk
CUST_011267,0.017381763,0,0,Low Risk
CUST_011268,0.06547717,0,0,Low Risk
CUST_011269,0.022286113,0,0,Low Risk
CUST_011270,0.005148325,0,0,Low Risk
CUST_011271,0.038554065,0,0,Low Risk
CUST_011272,0.030990385,0,0,Low Risk
CUST_011273,0.9982287,1,1,High Risk
CUST_011274,0.021021035,0,0,Low Risk
CUST_011275,0.0063348413,0,0,Low Risk
CUST_011276,0.9990484,1,1,High Risk
CUST_011277,0.100787275,0,0,Low Risk
CUST_011278,0.0072827972,0,0,Low Risk
CUST_011279,0.0057512196,0,0,Low Risk
CUST_011280,0.11502399,0,0,Low Risk
CUST_011281,0.09182411,0,0,Low Risk
CUST_011282,0.52262473,1,0,Medium Risk
CUST_011283,0.9888648,1,1,High Risk
CUST_011284,0.054712288,0,0,Low Risk
CUST_011285,0.007043646,0,0,Low Risk
CUST_011286,0.9962754,1,1,High Risk
CUST_011287,0.012088717,0,0,Low Risk
CUST_011288,0.006677405,0,0,Low Risk
CUST_011289,0.018329548,0,0,Low Risk
CUST_011290,0.035897847,0,0,Low Risk
CUST_011291,0.9996197,1,1,High Risk
CUST_011292,0.0029850407,0,0,Low Risk
CUST_011293,0.9998597,1,1,High Risk
CUST_011294,0.016625002,0,0,Low Risk
CUST_011295,0.033285417,0,0,Low Risk
CUST_011296,0.95844615,1,0,High Risk
CUST_011297,0.9994215,1,1,High Risk
CUST_011298,0.9990558,1,1,High Risk
CUST_011299,0.025598146,0,0,Low Risk
CUST_011300,0.07621363,0,0,Low Risk
CUST_011301,0.003730531,0,0,Low Risk
CUST_011302,0.03852825,0,0,Low Risk
CUST_011303,0.0390862,0,0,Low Risk
CUST_011304,0.9986902,1,1,High Risk
CUST_011305,0.012580133,0,0,Low Risk
CUST_011306,0.9990139,1,1,High Risk
CUST_011307,0.053484235,0,0,Low Risk
CUST_011308,0.02188025,0,0,Low Risk
CUST_011309,0.035127632,0,0,Low Risk
CUST_011310,0.021689102,0,0,Low Risk
CUST_011311,0.0012566951,0,0,Low Risk
CUST_011312,0.012747955,0,0,Low Risk
CUST_011313,0.13973556,0,0,Low Risk
CUST_011314,0.99300534,1,1,High Risk
CUST_011315,0.019530194,0,0,Low Risk
CUST_011316,0.9988354,1,1,High Risk
CUST_011317,0.0115900505,0,0,Low Risk
CUST_011318,0.016684359,0,0,Low Risk
CUST_011319,0.96800506,1,1,High Risk
CUST_011320,0.99974984,1,1,High Risk
CUST_011321,0.043489512,0,0,Low Risk
CUST_011322,0.025550716,0,0,Low Risk
CUST_011323,0.021557756,0,0,Low Risk
CUST_011324,0.10514788,0,0,Low Risk
CUST_011325,0.026889157,0,0,Low Risk
CUST_011326,0.027273327,0,0,Low Risk
CUST_011327,0.033247218,0,0,Low Risk
CUST_011328,0.9998204,1,1,High Risk
CUST_011329,0.04598342,0,0,Low Risk
CUST_011330,0.017543228,0,0,Low Risk
CUST_011331,0.0155466385,0,0,Low Risk
CUST_011332,0.99306387,1,1,High Risk
CUST_011333,0.9983211,1,1,High Risk
CUST_011334,0.005587752,0,0,Low Risk
CUST_011335,0.052617274,0,0,Low Risk
CUST_011336,0.99983335,1,1,High Risk
CUST_011337,0.20386429,0,0,Low Risk
CUST_011338,0.002711431,0,0,Low Risk
CUST_011339,0.022748515,0,0,Low Risk
CUST_011340,0.014035357,0,0,Low Risk
CUST_011341,0.024734827,0,0,Low Risk
CUST_011342,0.9986059,1,1,High Risk
CUST_011343,0.25833154,0,0,Low Risk
CUST_011344,0.01480078,0,0,Low Risk
CUST_011345,0.9674031,1,1,High Risk
CUST_011346,0.120471224,0,0,Low Risk
CUST_011347,0.9995435,1,1,High Risk
CUST_011348,0.013776667,0,0,Low Risk
CUST_011349,0.014557082,0,0,Low Risk
CUST_011350,0.009083796,0,0,Low Risk
CUST_011351,0.006630684,0,0,Low Risk
CUST_011352,0.01978217,0,0,Low Risk
CUST_011353,0.018702865,0,0,Low Risk
CUST_011354,0.059847947,0,0,Low Risk
CUST_011355,0.0042807097,0,0,Low Risk
CUST_011356,0.19042943,0,0,Low Risk
CUST_011357,0.06483027,0,0,Low Risk
CUST_011358,0.071432516,0,0,Low Risk
CUST_011359,0.05587168,0,0,Low Risk
CUST_011360,0.0043606553,0,0,Low Risk
CUST_011361,0.9937763,1,1,High Risk
CUST_011362,0.03605733,0,0,Low Risk
CUST_011363,0.025524573,0,0,Low Risk
CUST_011364,0.042308852,0,0,Low Risk
CUST_011365,0.010880264,0,0,Low Risk
CUST_011366,0.009680287,0,0,Low Risk
CUST_011367,0.42892492,0,0,Medium Risk
CUST_011368,0.99946684,1,1,High Risk
CUST_011369,0.17210473,0,0,Low Risk
CUST_011370,0.09915484,0,0,Low Risk
CUST_011371,0.055791043,0,0,Low Risk
CUST_011372,0.008203084,0,0,Low Risk
CUST_011373,0.014974935,0,0,Low Risk
CUST_011374,0.99906045,1,1,High Risk
CUST_011375,0.0060017128,0,0,Low Risk
CUST_011376,0.99819845,1,1,High Risk
CUST_011377,0.013313015,0,0,Low Risk
CUST_011378,0.9988906,1,1,High Risk
CUST_011379,0.009916146,0,0,Low Risk
CUST_011380,0.99897146,1,1,High Risk
CUST_011381,0.038876057,0,0,Low Risk
CUST_011382,0.07582411,0,0,Low Risk
CUST_011383,0.9989126,1,1,High Risk
CUST_011384,0.05888619,0,0,Low Risk
CUST_011385,0.0045692404,0,0,Low Risk
CUST_011386,0.0019161936,0,0,Low Risk
CUST_011387,0.0588331,0,0,Low Risk
CUST_011388,0.20891543,0,0,Low Risk
CUST_011389,0.30914202,0,0,Low Risk
CUST_011390,0.028036945,0,0,Low Risk
CUST_011391,0.009725398,0,0,Low Risk
CUST_011392,0.10220644,0,0,Low Risk
CUST_011393,0.010056716,0,0,Low Risk
CUST_011394,0.9955154,1,1,High Risk
CUST_011395,0.35887775,0,0,Medium Risk
CUST_011396,0.03386346,0,0,Low Risk
CUST_011397,0.9929785,1,1,High Risk
CUST_011398,0.02299009,0,0,Low Risk
CUST_011399,0.0021376335,0,0,Low Risk
CUST_011400,0.9973127,1,1,High Risk
CUST_011401,0.99915576,1,1,High Risk
CUST_011402,0.015619708,0,0,Low Risk
CUST_011403,0.9998198,1,1,High Risk
CUST_011404,0.0141822165,0,0,Low Risk
CUST_011405,0.9996362,1,1,High Risk
CUST_011406,0.99907994,1,1,High Risk
CUST_011407,0.9997185,1,1,High Risk
CUST_011408,0.005222018,0,0,Low Risk
CUST_011409,0.99971646,1,1,High Risk
CUST_011410,0.15770029,0,0,Low Risk
CUST_011411,0.99935144,1,1,High Risk
CUST_011412,0.02465841,0,0,Low Risk
CUST_011413,0.053959418,0,0,Low Risk
CUST_011414,0.011095947,0,0,Low Risk
CUST_011415,0.049259216,0,0,Low Risk
CUST_011416,0.07100803,0,0,Low Risk
CUST_011417,0.0057255076,0,0,Low Risk
CUST_011418,0.02522757,0,0,Low Risk
CUST_011419,0.99937445,1,1,High Risk
CUST_011420,0.9947548,1,1,High Risk
CUST_011421,0.02821447,0,0,Low Risk
CUST_011422,0.054152038,0,0,Low Risk
CUST_011423,0.0102093825,0,0,Low Risk
CUST_011424,0.25031853,0,1,Low Risk
CUST_011425,0.03036957,0,0,Low Risk
CUST_011426,0.0031386514,0,0,Low Risk
CUST_011427,0.99837494,1,1,High Risk
CUST_011428,0.0033408406,0,0,Low Risk
CUST_011429,0.9993206,1,1,High Risk
CUST_011430,0.99972373,1,1,High Risk
CUST_011431,0.99834406,1,1,High Risk
CUST_011432,0.9033341,1,1,High Risk
CUST_011433,0.9980545,1,1,High Risk
CUST_011434,0.9984603,1,1,High Risk
CUST_011435,0.0049723936,0,0,Low Risk
CUST_011436,0.016993234,0,0,Low Risk
CUST_011437,0.99832743,1,1,High Risk
CUST_011438,0.026210578,0,0,Low Risk
CUST_011439,0.99966645,1,1,High Risk
CUST_011440,0.013199708,0,0,Low Risk
CUST_011441,0.99963284,1,1,High Risk
CUST_011442,0.015360479,0,0,Low Risk
CUST_011443,0.027310751,0,0,Low Risk
CUST_011444,0.0029318347,0,0,Low Risk
CUST_011445,0.9887976,1,1,High Risk
CUST_011446,0.029862817,0,0,Low Risk
CUST_011447,0.024444504,0,0,Low Risk
CUST_011448,0.046857532,0,0,Low Risk
CUST_011449,0.03363681,0,0,Low Risk
CUST_011450,0.999716,1,1,High Risk
CUST_011451,0.014128815,0,0,Low Risk
CUST_011452,0.005696652,0,0,Low Risk
CUST_011453,0.9986154,1,1,High Risk
CUST_011454,0.14396638,0,0,Low Risk
CUST_011455,0.0058394456,0,0,Low Risk
CUST_011456,0.06266743,0,0,Low Risk
CUST_011457,0.011467553,0,0,Low Risk
CUST_011458,0.2601142,0,0,Low Risk
CUST_011459,0.999493,1,1,High Risk
CUST_011460,0.9989716,1,1,High Risk
CUST_011461,0.9992636,1,1,High Risk
CUST_011462,0.0057838755,0,0,Low Risk
CUST_011463,0.99941945,1,1,High Risk
CUST_011464,0.019740483,0,0,Low Risk
CUST_011465,0.29611284,0,0,Low Risk
CUST_011466,0.0057110195,0,0,Low Risk
CUST_011467,0.004409341,0,0,Low Risk
CUST_011468,0.021280617,0,0,Low Risk
CUST_011469,0.2910835,0,0,Low Risk
CUST_011470,0.0032967562,0,0,Low Risk
CUST_011471,0.9992418,1,1,High Risk
CUST_011472,0.2664006,0,1,Low Risk
CUST_011473,0.019348374,0,0,Low Risk
CUST_011474,0.99969363,1,1,High Risk
CUST_011475,0.9994591,1,1,High Risk
CUST_011476,0.99985206,1,1,High Risk
CUST_011477,0.9108423,1,1,High Risk
CUST_011478,0.017756132,0,0,Low Risk
CUST_011479,0.041929882,0,0,Low Risk
CUST_011480,0.02520486,0,0,Low Risk
CUST_011481,0.0025687425,0,0,Low Risk
CUST_011482,0.55050623,1,1,Medium Risk
CUST_011483,0.9996649,1,1,High Risk
CUST_011484,0.0108118635,0,0,Low Risk
CUST_011485,0.007648932,0,0,Low Risk
CUST_011486,0.05463882,0,0,Low Risk
CUST_011487,0.74222004,1,1,High Risk
CUST_011488,0.0034156425,0,0,Low Risk
CUST_011489,0.9996997,1,1,High Risk
CUST_011490,0.16738275,0,0,Low Risk
CUST_011491,0.035792824,0,0,Low Risk
CUST_011492,0.9739603,1,1,High Risk
CUST_011493,0.12769309,0,0,Low Risk
CUST_011494,0.9996209,1,1,High Risk
CUST_011495,0.005354764,0,0,Low Risk
CUST_011496,0.009957912,0,0,Low Risk
CUST_011497,0.99989545,1,1,High Risk
CUST_011498,0.9996823,1,1,High Risk
CUST_011499,0.3541673,0,1,Medium Risk
CUST_011500,0.997439,1,1,High Risk
CUST_011501,0.0058717616,0,0,Low Risk
CUST_011502,0.031181976,0,0,Low Risk
CUST_011503,0.014170446,0,0,Low Risk
CUST_011504,0.017231582,0,0,Low Risk
CUST_011505,0.005848405,0,0,Low Risk
CUST_011506,0.9963812,1,1,High Risk
CUST_011507,0.04118927,0,0,Low Risk
CUST_011508,0.011035708,0,0,Low Risk
CUST_011509,0.006899341,0,0,Low Risk
CUST_011510,0.8353256,1,1,High Risk
CUST_011511,0.0037822076,0,0,Low Risk
CUST_011512,0.08653696,0,0,Low Risk
CUST_011513,0.99963486,1,1,High Risk
CUST_011514,0.06545261,0,0,Low Risk
CUST_011515,0.020870516,0,0,Low Risk
CUST_011516,0.01529341,0,0,Low Risk
CUST_011517,0.9837713,1,1,High Risk
CUST_011518,0.99982256,1,1,High Risk
CUST_011519,0.01806423,0,0,Low Risk
CUST_011520,0.0066523366,0,0,Low Risk
CUST_011521,0.013724236,0,0,Low Risk
CUST_011522,0.0011083627,0,0,Low Risk
CUST_011523,0.99847466,1,1,High Risk
CUST_011524,0.05897867,0,0,Low Risk
CUST_011525,0.057605095,0,0,Low Risk
CUST_011526,0.99744654,1,1,High Risk
CUST_011527,0.99777764,1,1,High Risk
CUST_011528,0.025395777,0,0,Low Risk
CUST_011529,0.9735006,1,1,High Risk
CUST_011530,0.40884623,0,0,Medium Risk
CUST_011531,0.0077084065,0,0,Low Risk
CUST_011532,0.99885964,1,1,High Risk
CUST_011533,0.0016010376,0,0,Low Risk
CUST_011534,0.0072942656,0,0,Low Risk
CUST_011535,0.8060133,1,1,High Risk
CUST_011536,0.99982136,1,1,High Risk
CUST_011537,0.0063684722,0,0,Low Risk
CUST_011538,0.38655102,0,0,Medium Risk
CUST_011539,0.063185446,0,0,Low Risk
CUST_011540,0.03576576,0,0,Low Risk
CUST_011541,0.019959074,0,0,Low Risk
CUST_011542,0.038562283,0,0,Low Risk
CUST_011543,0.002319207,0,0,Low Risk
CUST_011544,0.008582191,0,0,Low Risk
CUST_011545,0.02306281,0,0,Low Risk
CUST_011546,0.9998049,1,1,High Risk
CUST_011547,0.31566483,0,1,Low Risk
CUST_011548,0.0077442103,0,0,Low Risk
CUST_011549,0.99928826,1,1,High Risk
CUST_011550,0.0052140774,0,0,Low Risk
CUST_011551,0.07590313,0,0,Low Risk
CUST_011552,0.9993488,1,1,High Risk
CUST_011553,0.030078815,0,0,Low Risk
CUST_011554,0.9987883,1,1,High Risk
CUST_011555,0.99890506,1,1,High Risk
CUST_011556,0.034816574,0,0,Low Risk
CUST_011557,0.20650235,0,0,Low Risk
CUST_011558,0.081875235,0,0,Low Risk
CUST_011559,0.012967024,0,0,Low Risk
CUST_011560,0.026076443,0,0,Low Risk
CUST_011561,0.99852943,1,1,High Risk
CUST_011562,0.06950698,0,0,Low Risk
CUST_011563,0.008439296,0,0,Low Risk
CUST_011564,0.0052858475,0,0,Low Risk
CUST_011565,0.0801907,0,0,Low Risk
CUST_011566,0.9967734,1,1,High Risk
CUST_011567,0.009128212,0,0,Low Risk
CUST_011568,0.009843762,0,0,Low Risk
CUST_011569,0.9271056,1,1,High Risk
CUST_011570,0.04020111,0,0,Low Risk
CUST_011571,0.9962754,1,1,High Risk
CUST_011572,0.0018824269,0,0,Low Risk
CUST_011573,0.99983656,1,1,High Risk
CUST_011574,0.9167383,1,1,High Risk
CUST_011575,0.037407212,0,0,Low Risk
CUST_011576,0.0036035038,0,0,Low Risk
CUST_011577,0.040704135,0,0,Low Risk
CUST_011578,0.04570869,0,0,Low Risk
CUST_011579,0.7911645,1,1,High Risk
CUST_011580,0.066177845,0,0,Low Risk
CUST_011581,0.018556084,0,0,Low Risk
CUST_011582,0.99961156,1,1,High Risk
CUST_011583,0.03416045,0,0,Low Risk
CUST_011584,0.026491199,0,0,Low Risk
CUST_011585,0.99989927,1,1,High Risk
CUST_011586,0.998694,1,1,High Risk
CUST_011587,0.9976864,1,1,High Risk
CUST_011588,0.026914414,0,0,Low Risk
CUST_011589,0.99954224,1,1,High Risk
CUST_011590,0.0053484207,0,0,Low Risk
CUST_011591,0.06211674,0,0,Low Risk
CUST_011592,0.015575712,0,0,Low Risk
CUST_011593,0.0040660864,0,0,Low Risk
CUST_011594,0.03543745,0,0,Low Risk
CUST_011595,0.035497013,0,0,Low Risk
CUST_011596,0.015078555,0,0,Low Risk
CUST_011597,0.99896085,1,1,High Risk
CUST_011598,0.037528023,0,0,Low Risk
CUST_011599,0.012233228,0,0,Low Risk
CUST_011600,0.027367081,0,0,Low Risk
CUST_011601,0.99850273,1,1,High Risk
CUST_011602,0.086270936,0,0,Low Risk
CUST_011603,0.0067953267,0,0,Low Risk
CUST_011604,0.0033675183,0,0,Low Risk
CUST_011605,0.03957,0,0,Low Risk
CUST_011606,0.8842303,1,1,High Risk
CUST_011607,0.026029691,0,0,Low Risk
CUST_011608,0.99729365,1,1,High Risk
CUST_011609,0.993718,1,1,High Risk
CUST_011610,0.08449209,0,0,Low Risk
CUST_011611,0.9992311,1,1,High Risk
CUST_011612,0.99855644,1,1,High Risk
CUST_011613,0.9893383,1,1,High Risk
CUST_011614,0.9987037,1,1,High Risk
CUST_011615,0.085643575,0,0,Low Risk
CUST_011616,0.015483528,0,0,Low Risk
CUST_011617,0.9983365,1,1,High Risk
CUST_011618,0.02641721,0,0,Low Risk
CUST_011619,0.012066682,0,0,Low Risk
CUST_011620,0.147599,0,0,Low Risk
CUST_011621,0.025011191,0,0,Low Risk
CUST_011622,0.002859941,0,0,Low Risk
CUST_011623,0.12066753,0,0,Low Risk
CUST_011624,0.008437816,0,0,Low Risk
CUST_011625,0.73272485,1,0,High Risk
CUST_011626,0.99391854,1,1,High Risk
CUST_011627,0.9421844,1,1,High Risk
CUST_011628,0.0073274975,0,0,Low Risk
CUST_011629,0.08118529,0,0,Low Risk
CUST_011630,0.190812,0,0,Low Risk
CUST_011631,0.048189357,0,0,Low Risk
CUST_011632,0.99986064,1,1,High Risk
CUST_011633,0.044976026,0,0,Low Risk
CUST_011634,0.00791672,0,0,Low Risk
CUST_011635,0.0035356896,0,0,Low Risk
CUST_011636,0.45063323,0,0,Medium Risk
CUST_011637,0.037143245,0,0,Low Risk
CUST_011638,0.0051974608,0,0,Low Risk
CUST_011639,0.9982753,1,1,High Risk
CUST_011640,0.30309197,0,0,Low Risk
CUST_011641,0.021492988,0,0,Low Risk
CUST_011642,0.999159,1,1,High Risk
CUST_011643,0.004355981,0,0,Low Risk
CUST_011644,0.01323714,0,0,Low Risk
CUST_011645,0.066622436,0,0,Low Risk
CUST_011646,0.9983432,1,1,High Risk
CUST_011647,0.018036185,0,0,Low Risk
CUST_011648,0.0064121303,0,0,Low Risk
CUST_011649,0.9991026,1,1,High Risk
CUST_011650,0.0048987255,0,0,Low Risk
CUST_011651,0.99899775,1,1,High Risk
CUST_011652,0.04560794,0,0,Low Risk
CUST_011653,0.005858561,0,0,Low Risk
CUST_011654,0.0803149,0,0,Low Risk
CUST_011655,0.030954061,0,0,Low Risk
CUST_011656,0.99904996,1,1,High Risk
CUST_011657,0.8021516,1,1,High Risk
CUST_011658,0.99905676,1,1,High Risk
CUST_011659,0.99879956,1,1,High Risk
CUST_011660,0.052481104,0,0,Low Risk
CUST_011661,0.18713637,0,0,Low Risk
CUST_011662,0.029994678,0,0,Low Risk
CUST_011663,0.023649989,0,0,Low Risk
CUST_011664,0.09344317,0,0,Low Risk
CUST_011665,0.9995604,1,1,High Risk
CUST_011666,0.66383076,1,0,High Risk
CUST_011667,0.02607232,0,0,Low Risk
CUST_011668,0.029844472,0,0,Low Risk
CUST_011669,0.0034713042,0,0,Low Risk
CUST_011670,0.018914405,0,0,Low Risk
CUST_011671,0.001827962,0,0,Low Risk
CUST_011672,0.983733,1,1,High Risk
CUST_011673,0.12862653,0,0,Low Risk
CUST_011674,0.0014826646,0,0,Low Risk
CUST_011675,0.022952676,0,0,Low Risk
CUST_011676,0.019631285,0,0,Low Risk
CUST_011677,0.0012507509,0,0,Low Risk
CUST_011678,0.9959943,1,1,High Risk
CUST_011679,0.053300627,0,0,Low Risk
CUST_011680,0.99926096,1,1,High Risk
CUST_011681,0.010560329,0,0,Low Risk
CUST_011682,0.0035722177,0,0,Low Risk
CUST_011683,0.044379916,0,0,Low Risk
CUST_011684,0.6818677,1,1,High Risk
CUST_011685,0.023665154,0,0,Low Risk
CUST_011686,0.0406681,0,0,Low Risk
CUST_011687,0.013578024,0,0,Low Risk
CUST_011688,0.07825532,0,0,Low Risk
CUST_011689,0.023747887,0,0,Low Risk
CUST_011690,0.9989907,1,1,High Risk
CUST_011691,0.057458922,0,0,Low Risk
CUST_011692,0.037209265,0,0,Low Risk
CUST_011693,0.21622464,0,0,Low Risk
CUST_011694,0.036414567,0,0,Low Risk
CUST_011695,0.019550776,0,0,Low Risk
CUST_011696,0.9997009,1,1,High Risk
CUST_011697,0.09279458,0,0,Low Risk
CUST_011698,0.067188166,0,0,Low Risk
CUST_011699,0.9174755,1,1,High Risk
CUST_011700,0.0064978297,0,0,Low Risk
CUST_011701,0.9228141,1,1,High Risk
CUST_011702,0.30230528,0,1,Low Risk
CUST_011703,0.118218035,0,0,Low Risk
CUST_011704,0.039689723,0,0,Low Risk
CUST_011705,0.0026036075,0,0,Low Risk
CUST_011706,0.09551131,0,0,Low Risk
CUST_011707,0.8364492,1,1,High Risk
CUST_011708,0.02106051,0,0,Low Risk
CUST_011709,0.10821447,0,0,Low Risk
CUST_011710,0.77266777,1,1,High Risk
CUST_011711,0.0024933894,0,0,Low Risk
CUST_011712,0.5540815,1,1,Medium Risk
CUST_011713,0.01827262,0,0,Low Risk
CUST_011714,0.9987244,1,1,High Risk
CUST_011715,0.07346468,0,0,Low Risk
CUST_011716,0.026747767,0,0,Low Risk
CUST_011717,0.010397206,0,0,Low Risk
CUST_011718,0.01782843,0,0,Low Risk
CUST_011719,0.069361925,0,0,Low Risk
CUST_011720,0.010673895,0,0,Low Risk
CUST_011721,0.012427642,0,0,Low Risk
CUST_011722,0.9987239,1,1,High Risk
CUST_011723,0.003982913,0,0,Low Risk
CUST_011724,0.536576,1,0,Medium Risk
CUST_011725,0.0154324835,0,0,Low Risk
CUST_011726,0.018549789,0,0,Low Risk
CUST_011727,0.9925454,1,1,High Risk
CUST_011728,0.003095889,0,0,Low Risk
CUST_011729,0.02878954,0,0,Low Risk
CUST_011730,0.032928243,0,0,Low Risk
CUST_011731,0.9983183,1,1,High Risk
CUST_011732,0.015715882,0,0,Low Risk
CUST_011733,0.0023306257,0,0,Low Risk
CUST_011734,0.003313967,0,0,Low Risk
CUST_011735,0.039739423,0,0,Low Risk
CUST_011736,0.0053274124,0,0,Low Risk
CUST_011737,0.9955278,1,1,High Risk
CUST_011738,0.10661127,0,0,Low Risk
CUST_011739,0.036432475,0,0,Low Risk
CUST_011740,0.009922815,0,0,Low Risk
CUST_011741,0.04948334,0,0,Low Risk
CUST_011742,0.017049575,0,0,Low Risk
CUST_011743,0.03548048,0,0,Low Risk
CUST_011744,0.9996277,1,1,High Risk
CUST_011745,0.002981125,0,0,Low Risk
CUST_011746,0.0405868,0,0,Low Risk
CUST_011747,0.06204032,0,0,Low Risk
CUST_011748,0.014889554,0,0,Low Risk
CUST_011749,0.0043543847,0,0,Low Risk
CUST_011750,0.95517015,1,1,High Risk
CUST_011751,0.9993536,1,1,High Risk
CUST_011752,0.015751503,0,0,Low Risk
CUST_011753,0.011078035,0,0,Low Risk
CUST_011754,0.58214736,1,1,Medium Risk
CUST_011755,0.042266116,0,0,Low Risk
CUST_011756,0.020229157,0,0,Low Risk
CUST_011757,0.9334153,1,0,High Risk
CUST_011758,0.10581349,0,0,Low Risk
CUST_011759,0.012187202,0,0,Low Risk
CUST_011760,0.0013161653,0,0,Low Risk
CUST_011761,0.0012832113,0,0,Low Risk
CUST_011762,0.0458488,0,0,Low Risk
CUST_011763,0.003518722,0,0,Low Risk
CUST_011764,0.030587109,0,0,Low Risk
CUST_011765,0.034665488,0,0,Low Risk
CUST_011766,0.008655132,0,0,Low Risk
CUST_011767,0.007116464,0,0,Low Risk
CUST_011768,0.01096936,0,0,Low Risk
CUST_011769,0.010908165,0,0,Low Risk
CUST_011770,0.0064402074,0,0,Low Risk
CUST_011771,0.9942069,1,1,High Risk
CUST_011772,0.11363192,0,0,Low Risk
CUST_011773,0.9996582,1,1,High Risk
CUST_011774,0.049065657,0,0,Low Risk
CUST_011775,0.99944705,1,1,High Risk
CUST_011776,0.014957648,0,0,Low Risk
CUST_011777,0.3031965,0,1,Low Risk
CUST_011778,0.019273238,0,0,Low Risk
CUST_011779,0.99878496,1,1,High Risk
CUST_011780,0.0034417934,0,0,Low Risk
CUST_011781,0.9996977,1,1,High Risk
CUST_011782,0.008826535,0,0,Low Risk
CUST_011783,0.99981934,1,1,High Risk
CUST_011784,0.055562273,0,0,Low Risk
CUST_011785,0.014870926,0,0,Low Risk
CUST_011786,0.99061173,1,1,High Risk
CUST_011787,0.03487276,0,0,Low Risk
CUST_011788,0.0059471945,0,0,Low Risk
CUST_011789,0.97204036,1,1,High Risk
CUST_011790,0.93082345,1,1,High Risk
CUST_011791,0.99777824,1,1,High Risk
CUST_011792,0.36899987,0,1,Medium Risk
CUST_011793,0.035762455,0,0,Low Risk
CUST_011794,0.03379469,0,0,Low Risk
CUST_011795,0.12552083,0,1,Low Risk
CUST_011796,0.17772594,0,0,Low Risk
CUST_011797,0.01229745,0,0,Low Risk
CUST_011798,0.99947435,1,1,High Risk
CUST_011799,0.009964609,0,0,Low Risk
CUST_011800,0.027319374,0,0,Low Risk
CUST_011801,0.99645644,1,1,High Risk
CUST_011802,0.05988884,0,0,Low Risk
CUST_011803,0.68090534,1,1,High Risk
CUST_011804,0.47019342,0,1,Medium Risk
CUST_011805,0.99929106,1,1,High Risk
CUST_011806,0.018456304,0,0,Low Risk
CUST_011807,0.009691798,0,0,Low Risk
CUST_011808,0.02041675,0,0,Low Risk
CUST_011809,0.017576586,0,0,Low Risk
CUST_011810,0.27696508,0,0,Low Risk
CUST_011811,0.40562445,0,1,Medium Risk
CUST_011812,0.99797016,1,1,High Risk
CUST_011813,0.40795836,0,0,Medium Risk
CUST_011814,0.0125649255,0,0,Low Risk
CUST_011815,0.99861217,1,1,High Risk
CUST_011816,0.9997009,1,1,High Risk
CUST_011817,0.010372091,0,0,Low Risk
CUST_011818,0.009012483,0,0,Low Risk
CUST_011819,0.9986557,1,1,High Risk
CUST_011820,0.96428853,1,1,High Risk
CUST_011821,0.0063027786,0,0,Low Risk
CUST_011822,0.0635252,0,0,Low Risk
CUST_011823,0.020373078,0,0,Low Risk
CUST_011824,0.008510405,0,0,Low Risk
CUST_011825,0.9971365,1,1,High Risk
CUST_011826,0.0011160042,0,0,Low Risk
CUST_011827,0.3083072,0,0,Low Risk
CUST_011828,0.00581157,0,0,Low Risk
CUST_011829,0.0093588205,0,0,Low Risk
CUST_011830,0.9997627,1,1,High Risk
CUST_011831,0.104241885,0,0,Low Risk
CUST_011832,0.004734443,0,0,Low Risk
CUST_011833,0.999845,1,1,High Risk
CUST_011834,0.032328352,0,0,Low Risk
CUST_011835,0.0048032384,0,0,Low Risk
CUST_011836,0.018424261,0,0,Low Risk
CUST_011837,0.01434756,0,0,Low Risk
CUST_011838,0.019655477,0,0,Low Risk
CUST_011839,0.010014899,0,0,Low Risk
CUST_011840,0.015266045,0,0,Low Risk
CUST_011841,0.99973637,1,1,High Risk
CUST_011842,0.023710959,0,0,Low Risk
CUST_011843,0.04481405,0,0,Low Risk
CUST_011844,0.103933044,0,0,Low Risk
CUST_011845,0.11657794,0,0,Low Risk
CUST_011846,0.9949138,1,1,High Risk
CUST_011847,0.0263983,0,0,Low Risk
CUST_011848,0.012291156,0,0,Low Risk
CUST_011849,0.9755881,1,1,High Risk
CUST_011850,0.0023625474,0,0,Low Risk
CUST_011851,0.0068110465,0,0,Low Risk
CUST_011852,0.99758613,1,1,High Risk
CUST_011853,0.10313361,0,0,Low Risk
CUST_011854,0.009804816,0,0,Low Risk
CUST_011855,0.9987103,1,1,High Risk
CUST_011856,0.99928313,1,1,High Risk
CUST_011857,0.004663354,0,0,Low Risk
CUST_011858,0.9199329,1,1,High Risk
CUST_011859,0.005239224,0,0,Low Risk
CUST_011860,0.19732058,0,0,Low Risk
CUST_011861,0.9981329,1,1,High Risk
CUST_011862,0.016601972,0,0,Low Risk
CUST_011863,0.99305576,1,1,High Risk
CUST_011864,0.034703944,0,0,Low Risk
CUST_011865,0.006162768,0,0,Low Risk
CUST_011866,0.0036283745,0,0,Low Risk
CUST_011867,0.9938227,1,1,High Risk
CUST_011868,0.012939291,0,0,Low Risk
CUST_011869,0.030347021,0,0,Low Risk
CUST_011870,0.06820334,0,0,Low Risk
CUST_011871,0.99652904,1,1,High Risk
CUST_011872,0.054191284,0,0,Low Risk
CUST_011873,0.99765766,1,1,High Risk
CUST_011874,0.99986243,1,1,High Risk
CUST_011875,0.008365639,0,0,Low Risk
CUST_011876,0.004246615,0,0,Low Risk
CUST_011877,0.2494043,0,0,Low Risk
CUST_011878,0.09142864,0,0,Low Risk
CUST_011879,0.998971,1,1,High Risk
CUST_011880,0.04632432,0,0,Low Risk
CUST_011881,0.99961877,1,1,High Risk
CUST_011882,0.008494563,0,0,Low Risk
CUST_011883,0.00198917,0,0,Low Risk
CUST_011884,0.01257861,0,0,Low Risk
CUST_011885,0.022413824,0,0,Low Risk
CUST_011886,0.9994804,1,1,High Risk
CUST_011887,0.017409435,0,0,Low Risk
CUST_011888,0.9994135,1,1,High Risk
CUST_011889,0.004477623,0,0,Low Risk
CUST_011890,0.014307217,0,0,Low Risk
CUST_011891,0.06767685,0,0,Low Risk
CUST_011892,0.00513276,0,0,Low Risk
CUST_011893,0.07972855,0,0,Low Risk
CUST_011894,0.0010959713,0,0,Low Risk
CUST_011895,0.9966556,1,1,High Risk
CUST_011896,0.0042401836,0,0,Low Risk
CUST_011897,0.9970072,1,1,High Risk
CUST_011898,0.017633665,0,0,Low Risk
CUST_011899,0.004828645,0,0,Low Risk
CUST_011900,0.017971031,0,0,Low Risk
CUST_011901,0.31489176,0,0,Low Risk
CUST_011902,0.044728942,0,0,Low Risk
CUST_011903,0.0030288717,0,0,Low Risk
CUST_011904,0.02663159,0,0,Low Risk
CUST_011905,0.9934267,1,1,High Risk
CUST_011906,0.0067015137,0,0,Low Risk
CUST_011907,0.999577,1,1,High Risk
CUST_011908,0.99873286,1,1,High Risk
CUST_011909,0.15661314,0,0,Low Risk
CUST_011910,0.069653995,0,0,Low Risk
CUST_011911,0.0064148894,0,0,Low Risk
CUST_011912,0.99951124,1,1,High Risk
CUST_011913,0.09417567,0,0,Low Risk
CUST_011914,0.9997446,1,1,High Risk
CUST_011915,0.29582113,0,0,Low Risk
CUST_011916,0.04988528,0,0,Low Risk
CUST_011917,0.4344004,0,1,Medium Risk
CUST_011918,0.6349843,1,1,Medium Risk
CUST_011919,0.056665882,0,0,Low Risk
CUST_011920,0.67765117,1,1,High Risk
CUST_011921,0.13416049,0,0,Low Risk
CUST_011922,0.99906665,1,1,High Risk
CUST_011923,0.9642937,1,1,High Risk
CUST_011924,0.9994624,1,1,High Risk
CUST_011925,0.037258897,0,0,Low Risk
CUST_011926,0.9967469,1,1,High Risk
CUST_011927,0.0039578765,0,0,Low Risk
CUST_011928,0.010543214,0,0,Low Risk
CUST_011929,0.04116914,0,0,Low Risk
CUST_011930,0.055066068,0,0,Low Risk
CUST_011931,0.8560354,1,1,High Risk
CUST_011932,0.99904734,1,1,High Risk
CUST_011933,0.01906321,0,0,Low Risk
CUST_011934,0.0027633444,0,0,Low Risk
CUST_011935,0.001878051,0,0,Low Risk
CUST_011936,0.997491,1,1,High Risk
CUST_011937,0.99962676,1,1,High Risk
CUST_011938,0.036911193,0,0,Low Risk
CUST_011939,0.21555254,0,0,Low Risk
CUST_011940,0.6840927,1,1,High Risk
CUST_011941,0.0028648868,0,0,Low Risk
CUST_011942,0.016501348,0,0,Low Risk
CUST_011943,0.05337139,0,0,Low Risk
CUST_011944,0.040972527,0,0,Low Risk
CUST_011945,0.23658206,0,0,Low Risk
CUST_011946,0.024624784,0,0,Low Risk
CUST_011947,0.049732376,0,0,Low Risk
CUST_011948,0.018935112,0,0,Low Risk
CUST_011949,0.07475543,0,0,Low Risk
CUST_011950,0.09839524,0,0,Low Risk
CUST_011951,0.056370385,0,0,Low Risk
CUST_011952,0.051827632,0,0,Low Risk
CUST_011953,0.10612794,0,0,Low Risk
CUST_011954,0.047212753,0,0,Low Risk
CUST_011955,0.99936455,1,1,High Risk
CUST_011956,0.023592675,0,0,Low Risk
CUST_011957,0.07652435,0,0,Low Risk
CUST_011958,0.99935716,1,1,High Risk
CUST_011959,0.056812774,0,0,Low Risk
CUST_011960,0.13268346,0,0,Low Risk
CUST_011961,0.010855149,0,0,Low Risk
CUST_011962,0.21170166,0,0,Low Risk
CUST_011963,0.9989612,1,1,High Risk
CUST_011964,0.9980805,1,1,High Risk
CUST_011965,0.9989166,1,1,High Risk
CUST_011966,0.036772683,0,0,Low Risk
CUST_011967,0.036549237,0,0,Low Risk
CUST_011968,0.09607734,0,0,Low Risk
CUST_011969,0.028660273,0,0,Low Risk
CUST_011970,0.0021304535,0,0,Low Risk
CUST_011971,0.99484116,1,1,High Risk
CUST_011972,0.013403616,0,0,Low Risk
CUST_011973,0.9994336,1,1,High Risk
CUST_011974,0.012105745,0,0,Low Risk
CUST_011975,0.34848383,0,1,Low Risk
CUST_011976,0.061538417,0,0,Low Risk
CUST_011977,0.99949455,1,1,High Risk
CUST_011978,0.999678,1,1,High Risk
CUST_011979,0.028241675,0,0,Low Risk
CUST_011980,0.007570582,0,0,Low Risk
CUST_011981,0.97699326,1,1,High Risk
CUST_011982,0.0034676737,0,0,Low Risk
CUST_011983,0.99888355,1,1,High Risk
CUST_011984,0.008505451,0,0,Low Risk
CUST_011985,0.016648997,0,0,Low Risk
CUST_011986,0.013749923,0,0,Low Risk
CUST_011987,0.008146156,0,0,Low Risk
CUST_011988,0.38737962,0,0,Medium Risk
CUST_011989,0.10290226,0,0,Low Risk
CUST_011990,0.028063387,0,0,Low Risk
CUST_011991,0.9979234,1,1,High Risk
CUST_011992,0.13865025,0,0,Low Risk
CUST_011993,0.045476288,0,0,Low Risk
CUST_011994,0.23740016,0,0,Low Risk
CUST_011995,0.015274851,0,0,Low Risk
CUST_011996,0.0940918,0,0,Low Risk
CUST_011997,0.0024867153,0,0,Low Risk
CUST_011998,0.06261293,0,0,Low Risk
CUST_011999,0.996914,1,1,High Risk
CUST_012000,0.9983444,1,1,High Risk
CUST_012001,0.99785894,1,1,High Risk
CUST_012002,0.052996486,0,0,Low Risk
CUST_012003,0.049275286,0,0,Low Risk
CUST_012004,0.99561715,1,1,High Risk
CUST_012005,0.075417854,0,0,Low Risk
CUST_012006,0.0048301416,0,0,Low Risk
CUST_012007,0.25708443,0,0,Low Risk
CUST_012008,0.011004029,0,0,Low Risk
CUST_012009,0.0284549,0,0,Low Risk
CUST_012010,0.40265268,0,0,Medium Risk
CUST_012011,0.9986964,1,1,High Risk
CUST_012012,0.9817664,1,1,High Risk
CUST_012013,0.037856173,0,0,Low Risk
CUST_012014,0.009639947,0,0,Low Risk
CUST_012015,0.9997893,1,1,High Risk
CUST_012016,0.026438948,0,0,Low Risk
CUST_012017,0.037356704,0,0,Low Risk
CUST_012018,0.0026060357,0,0,Low Risk
CUST_012019,0.9989525,1,1,High Risk
CUST_012020,0.9960128,1,1,High Risk
CUST_012021,0.028752103,0,0,Low Risk
CUST_012022,0.99986744,1,1,High Risk
CUST_012023,0.1303965,0,0,Low Risk
CUST_012024,0.9989544,1,1,High Risk
CUST_012025,0.26927876,0,0,Low Risk
CUST_012026,0.99521303,1,1,High Risk
CUST_012027,0.036493853,0,0,Low Risk
CUST_012028,0.009659682,0,0,Low Risk
CUST_012029,0.0030140723,0,0,Low Risk
CUST_012030,0.99973255,1,1,High Risk
CUST_012031,0.007588775,0,0,Low Risk
CUST_012032,0.037555642,0,0,Low Risk
CUST_012033,0.06349359,0,0,Low Risk
CUST_012034,0.025872534,0,0,Low Risk
CUST_012035,0.9998758,1,1,High Risk
CUST_012036,0.99891543,1,1,High Risk
CUST_012037,0.12978646,0,0,Low Risk
CUST_012038,0.010544358,0,0,Low Risk
CUST_012039,0.031136516,0,0,Low Risk
CUST_012040,0.9971317,1,1,High Risk
CUST_012041,0.0017084992,0,0,Low Risk
CUST_012042,0.09374369,0,0,Low Risk
CUST_012043,0.02175738,0,0,Low Risk
CUST_012044,0.06581546,0,0,Low Risk
CUST_012045,0.0030311907,0,0,Low Risk
CUST_012046,0.99876726,1,1,High Risk
CUST_012047,0.010950731,0,0,Low Risk
CUST_012048,0.9997876,1,1,High Risk
CUST_012049,0.023434306,0,0,Low Risk
CUST_012050,0.0329722,0,0,Low Risk
CUST_012051,0.99749446,1,1,High Risk
CUST_012052,0.998868,1,1,High Risk
CUST_012053,0.9936786,1,1,High Risk
CUST_012054,0.9994085,1,1,High Risk
CUST_012055,0.08625557,0,0,Low Risk
CUST_012056,0.94605285,1,1,High Risk
CUST_012057,0.027306743,0,0,Low Risk
CUST_012058,0.002183001,0,0,Low Risk
CUST_012059,0.2964961,0,1,Low Risk
CUST_012060,0.9881009,1,1,High Risk
CUST_012061,0.12490125,0,0,Low Risk
CUST_012062,0.027684405,0,0,Low Risk
CUST_012063,0.99983644,1,1,High Risk
CUST_012064,0.017834267,0,0,Low Risk
CUST_012065,0.04658678,0,0,Low Risk
CUST_012066,0.0207505,0,0,Low Risk
CUST_012067,0.3591119,0,1,Medium Risk
CUST_012068,0.10210552,0,0,Low Risk
CUST_012069,0.02865934,0,0,Low Risk
CUST_012070,0.09772312,0,0,Low Risk
CUST_012071,0.033723544,0,0,Low Risk
CUST_012072,0.03310483,0,0,Low Risk
CUST_012073,0.05175675,0,0,Low Risk
CUST_012074,0.04834082,0,0,Low Risk
CUST_012075,0.037052155,0,0,Low Risk
CUST_012076,0.023010101,0,0,Low Risk
CUST_012077,0.9997385,1,1,High Risk
CUST_012078,0.9981597,1,1,High Risk
CUST_012079,0.043599498,0,0,Low Risk
CUST_012080,0.033397183,0,0,Low Risk
CUST_012081,0.0033819056,0,0,Low Risk
CUST_012082,0.49930444,0,0,Medium Risk
CUST_012083,0.06280208,0,0,Low Risk
CUST_012084,0.047140796,0,0,Low Risk
CUST_012085,0.03210044,0,0,Low Risk
CUST_012086,0.015785584,0,0,Low Risk
CUST_012087,0.010486523,0,0,Low Risk
CUST_012088,0.011660889,0,0,Low Risk
CUST_012089,0.060421754,0,0,Low Risk
CUST_012090,0.032515086,0,0,Low Risk
CUST_012091,0.005619994,0,0,Low Risk
CUST_012092,0.003827428,0,0,Low Risk
CUST_012093,0.6776624,1,0,High Risk
CUST_012094,0.99972874,1,1,High Risk
CUST_012095,0.0019982262,0,0,Low Risk
CUST_012096,0.027115643,0,0,Low Risk
CUST_012097,0.0443739,0,0,Low Risk
CUST_012098,0.9787133,1,1,High Risk
CUST_012099,0.061106324,0,0,Low Risk
CUST_012100,0.09657533,0,0,Low Risk
CUST_012101,0.9979048,1,1,High Risk
CUST_012102,0.36241278,0,0,Medium Risk
CUST_012103,0.051785704,0,0,Low Risk
CUST_012104,0.9997689,1,1,High Risk
CUST_012105,0.12214405,0,0,Low Risk
CUST_012106,0.99987173,1,1,High Risk
CUST_012107,0.004355245,0,0,Low Risk
CUST_012108,0.01093036,0,0,Low Risk
CUST_012109,0.029239759,0,0,Low Risk
CUST_012110,0.0052478127,0,0,Low Risk
CUST_012111,0.030437797,0,0,Low Risk
CUST_012112,0.0053686025,0,0,Low Risk
CUST_012113,0.05567385,0,0,Low Risk
CUST_012114,0.01577161,0,0,Low Risk
CUST_012115,0.03451048,0,0,Low Risk
CUST_012116,0.9992211,1,1,High Risk
CUST_012117,0.0041275634,0,0,Low Risk
CUST_012118,0.9950458,1,1,High Risk
CUST_012119,0.995518,1,1,High Risk
CUST_012120,0.99866223,1,1,High Risk
CUST_012121,0.032306746,0,0,Low Risk
CUST_012122,0.04976119,0,0,Low Risk
CUST_012123,0.521565,1,0,Medium Risk
CUST_012124,0.9994259,1,1,High Risk
CUST_012125,0.3150238,0,0,Low Risk
CUST_012126,0.999754,1,1,High Risk
CUST_012127,0.83494496,1,1,High Risk
CUST_012128,0.022537334,0,0,Low Risk
CUST_012129,0.9974898,1,1,High Risk
CUST_012130,0.9993826,1,1,High Risk
CUST_012131,0.09970836,0,0,Low Risk
CUST_012132,0.022909066,0,0,Low Risk
CUST_012133,0.99727124,1,1,High Risk
CUST_012134,0.021866918,0,0,Low Risk
CUST_012135,0.026181124,0,0,Low Risk
CUST_012136,0.97042745,1,1,High Risk
CUST_012137,0.015902817,0,0,Low Risk
CUST_012138,0.003710971,0,0,Low Risk
CUST_012139,0.17196731,0,0,Low Risk
CUST_012140,0.0096035,0,0,Low Risk
CUST_012141,0.18055521,0,0,Low Risk
CUST_012142,0.025659272,0,0,Low Risk
CUST_012143,0.0020398786,0,0,Low Risk
CUST_012144,0.021200528,0,0,Low Risk
CUST_012145,0.010788613,0,0,Low Risk
CUST_012146,0.0010064916,0,0,Low Risk
CUST_012147,0.03520656,0,0,Low Risk
CUST_012148,0.0064985226,0,0,Low Risk
CUST_012149,0.0047560823,0,0,Low Risk
CUST_012150,0.9998666,1,1,High Risk
CUST_012151,0.010940568,0,0,Low Risk
CUST_012152,0.030633317,0,0,Low Risk
CUST_012153,0.00338693,0,0,Low Risk
CUST_012154,0.02716412,0,0,Low Risk
CUST_012155,0.0054417523,0,0,Low Risk
CUST_012156,0.012217906,0,0,Low Risk
CUST_012157,0.02754247,0,0,Low Risk
CUST_012158,0.06054471,0,0,Low Risk
CUST_012159,0.007286335,0,0,Low Risk
CUST_012160,0.02016422,0,0,Low Risk
CUST_012161,0.09167976,0,0,Low Risk
CUST_012162,0.00543583,0,0,Low Risk
CUST_012163,0.079064555,0,0,Low Risk
CUST_012164,0.003872778,0,0,Low Risk
CUST_012165,0.079872645,0,0,Low Risk
CUST_012166,0.018715145,0,0,Low Risk
CUST_012167,0.009650914,0,0,Low Risk
CUST_012168,0.998767,1,1,High Risk
CUST_012169,0.008683412,0,0,Low Risk
CUST_012170,0.9997341,1,1,High Risk
CUST_012171,0.9994848,1,1,High Risk
CUST_012172,0.99895287,1,1,High Risk
CUST_012173,0.76414764,1,1,High Risk
CUST_012174,0.038921304,0,0,Low Risk
CUST_012175,0.31295672,0,0,Low Risk
CUST_012176,0.0063916603,0,0,Low Risk
CUST_012177,0.046853006,0,0,Low Risk
CUST_012178,0.17365134,0,0,Low Risk
CUST_012179,0.010269518,0,0,Low Risk
CUST_012180,0.9996855,1,1,High Risk
CUST_012181,0.047189075,0,0,Low Risk
CUST_012182,0.043095745,0,0,Low Risk
CUST_012183,0.998014,1,1,High Risk
CUST_012184,0.026349556,0,0,Low Risk
CUST_012185,0.04592564,0,0,Low Risk
CUST_012186,0.9859657,1,1,High Risk
CUST_012187,0.046120096,0,0,Low Risk
CUST_012188,0.027586779,0,0,Low Risk
CUST_012189,0.99856454,1,1,High Risk
CUST_012190,0.50177234,1,1,Medium Risk
CUST_012191,0.99908006,1,1,High Risk
CUST_012192,0.05740767,0,0,Low Risk
CUST_012193,0.99971133,1,1,High Risk
CUST_012194,0.048134368,0,0,Low Risk
CUST_012195,0.021332774,0,0,Low Risk
CUST_012196,0.9977724,1,1,High Risk
CUST_012197,0.99800986,1,1,High Risk
CUST_012198,0.18714298,0,0,Low Risk
CUST_012199,0.004935308,0,0,Low Risk
CUST_012200,0.0020300478,0,0,Low Risk
CUST_012201,0.99973947,1,1,High Risk
CUST_012202,0.0029714943,0,0,Low Risk
CUST_012203,0.10666864,0,0,Low Risk
CUST_012204,0.031220322,0,0,Low Risk
CUST_012205,0.063638434,0,0,Low Risk
CUST_012206,0.0024511071,0,0,Low Risk
CUST_012207,0.030830035,0,0,Low Risk
CUST_012208,0.9994393,1,1,High Risk
CUST_012209,0.99969554,1,1,High Risk
CUST_012210,0.040135607,0,0,Low Risk
CUST_012211,0.011238534,0,0,Low Risk
CUST_012212,0.0935101,0,0,Low Risk
CUST_012213,0.6844038,1,1,High Risk
CUST_012214,0.005795373,0,0,Low Risk
CUST_012215,0.01928663,0,0,Low Risk
CUST_012216,0.019541427,0,0,Low Risk
CUST_012217,0.01592312,0,0,Low Risk
CUST_012218,0.0016529951,0,0,Low Risk
CUST_012219,0.9976109,1,1,High Risk
CUST_012220,0.99567336,1,1,High Risk
CUST_012221,0.00996356,0,0,Low Risk
CUST_012222,0.05107236,0,0,Low Risk
CUST_012223,0.08379089,0,0,Low Risk
CUST_012224,0.1308453,0,0,Low Risk
CUST_012225,0.024268286,0,0,Low Risk
CUST_012226,0.99944943,1,1,High Risk
CUST_012227,0.2648816,0,0,Low Risk
CUST_012228,0.04264838,0,0,Low Risk
CUST_012229,0.017072469,0,0,Low Risk
CUST_012230,0.9996767,1,1,High Risk
CUST_012231,0.41249642,0,0,Medium Risk
CUST_012232,0.0031898606,0,0,Low Risk
CUST_012233,0.01883461,0,0,Low Risk
CUST_012234,0.0449402,0,0,Low Risk
CUST_012235,0.4578091,0,0,Medium Risk
CUST_012236,0.999793,1,1,High Risk
CUST_012237,0.011527324,0,0,Low Risk
CUST_012238,0.010503062,0,0,Low Risk
CUST_012239,0.14556299,0,0,Low Risk
CUST_012240,0.99773717,1,1,High Risk
CUST_012241,0.9991738,1,1,High Risk
CUST_012242,0.070463136,0,0,Low Risk
CUST_012243,0.033932935,0,0,Low Risk
CUST_012244,0.0228573,0,0,Low Risk
CUST_012245,0.99861467,1,1,High Risk
CUST_012246,0.0059216106,0,0,Low Risk
CUST_012247,0.02879964,0,0,Low Risk
CUST_012248,0.9977131,1,1,High Risk
CUST_012249,0.9893925,1,1,High Risk
CUST_012250,0.0647672,0,0,Low Risk
CUST_012251,0.046552364,0,0,Low Risk
CUST_012252,0.039713457,0,0,Low Risk
CUST_012253,0.009884232,0,0,Low Risk
CUST_012254,0.1284624,0,0,Low Risk
CUST_012255,0.049325727,0,0,Low Risk
CUST_012256,0.009088009,0,0,Low Risk
CUST_012257,0.024751782,0,0,Low Risk
CUST_012258,0.999816,1,1,High Risk
CUST_012259,0.08656842,0,0,Low Risk
CUST_012260,0.9663395,1,1,High Risk
CUST_012261,0.009391685,0,0,Low Risk
CUST_012262,0.99921596,1,1,High Risk
CUST_012263,0.020422349,0,0,Low Risk
CUST_012264,0.47674268,0,1,Medium Risk
CUST_012265,0.99975413,1,1,High Risk
CUST_012266,0.005069713,0,0,Low Risk
CUST_012267,0.028693793,0,0,Low Risk
CUST_012268,0.07072826,0,0,Low Risk
CUST_012269,0.05195765,0,0,Low Risk
CUST_012270,0.9660877,1,1,High Risk
CUST_012271,0.9898499,1,1,High Risk
CUST_012272,0.017866703,0,0,Low Risk
CUST_012273,0.87407494,1,1,High Risk
CUST_012274,0.9996592,1,1,High Risk
CUST_012275,0.045054004,0,0,Low Risk
CUST_012276,0.021918595,0,0,Low Risk
CUST_012277,0.9963748,1,1,High Risk
CUST_012278,0.068509884,0,0,Low Risk
CUST_012279,0.9997625,1,1,High Risk
CUST_012280,0.9979063,1,1,High Risk
CUST_012281,0.8947041,1,1,High Risk
CUST_012282,0.0072990838,0,0,Low Risk
CUST_012283,0.99915886,1,1,High Risk
CUST_012284,0.7958555,1,0,High Risk
CUST_012285,0.62088877,1,0,Medium Risk
CUST_012286,0.05285553,0,0,Low Risk
CUST_012287,0.998412,1,1,High Risk
CUST_012288,0.998626,1,1,High Risk
CUST_012289,0.005769238,0,0,Low Risk
CUST_012290,0.025183864,0,0,Low Risk
CUST_012291,0.99939346,1,1,High Risk
CUST_012292,0.54387414,1,1,Medium Risk
CUST_012293,0.99925035,1,1,High Risk
CUST_012294,0.040546644,0,0,Low Risk
CUST_012295,0.054769985,0,0,Low Risk
CUST_012296,0.043692894,0,0,Low Risk
CUST_012297,0.38765723,0,1,Medium Risk
CUST_012298,0.99933594,1,1,High Risk
CUST_012299,0.06901187,0,0,Low Risk
CUST_012300,0.98905396,1,1,High Risk
CUST_012301,0.09346141,0,0,Low Risk
CUST_012302,0.008847778,0,0,Low Risk
CUST_012303,0.07371582,0,0,Low Risk
CUST_012304,0.06077367,0,0,Low Risk
CUST_012305,0.032444533,0,0,Low Risk
CUST_012306,0.005157428,0,0,Low Risk
CUST_012307,0.05531053,0,0,Low Risk
CUST_012308,0.0862732,0,0,Low Risk
CUST_012309,0.006923917,0,0,Low Risk
CUST_012310,0.99709713,1,1,High Risk
CUST_012311,0.020251956,0,0,Low Risk
CUST_012312,0.99627435,1,1,High Risk
CUST_012313,0.0045464938,0,0,Low Risk
CUST_012314,0.5522097,1,0,Medium Risk
CUST_012315,0.9977469,1,1,High Risk
CUST_012316,0.7876559,1,1,High Risk
CUST_012317,0.9985877,1,1,High Risk
CUST_012318,0.99335676,1,1,High Risk
CUST_012319,0.996415,1,1,High Risk
CUST_012320,0.011762844,0,0,Low Risk
CUST_012321,0.3017072,0,0,Low Risk
CUST_012322,0.018243369,0,0,Low Risk
CUST_012323,0.018026615,0,0,Low Risk
CUST_012324,0.99786973,1,1,High Risk
CUST_012325,0.040062107,0,0,Low Risk
CUST_012326,0.9995813,1,1,High Risk
CUST_012327,0.994238,1,1,High Risk
CUST_012328,0.20382541,0,0,Low Risk
CUST_012329,0.02548856,0,0,Low Risk
CUST_012330,0.017874017,0,0,Low Risk
CUST_012331,0.11924241,0,0,Low Risk
CUST_012332,0.0093631325,0,0,Low Risk
CUST_012333,0.0583703,0,0,Low Risk
CUST_012334,0.016911147,0,0,Low Risk
CUST_012335,0.0017632757,0,0,Low Risk
CUST_012336,0.003526852,0,0,Low Risk
CUST_012337,0.9990613,1,1,High Risk
CUST_012338,0.12782109,0,0,Low Risk
CUST_012339,0.014913745,0,0,Low Risk
CUST_012340,0.04472835,0,0,Low Risk
CUST_012341,0.023719708,0,0,Low Risk
CUST_012342,0.21969378,0,0,Low Risk
CUST_012343,0.9987691,1,1,High Risk
CUST_012344,0.031759765,0,0,Low Risk
CUST_012345,0.9961926,1,1,High Risk
CUST_012346,0.029675625,0,0,Low Risk
CUST_012347,0.10491584,0,0,Low Risk
CUST_012348,0.020530228,0,0,Low Risk
CUST_012349,0.99951327,1,1,High Risk
CUST_012350,0.03837462,0,0,Low Risk
CUST_012351,0.015654506,0,0,Low Risk
CUST_012352,0.020049887,0,0,Low Risk
CUST_012353,0.018024689,0,0,Low Risk
CUST_012354,0.8348849,1,1,High Risk
CUST_012355,0.73686224,1,0,High Risk
CUST_012356,0.04156267,0,0,Low Risk
CUST_012357,0.99808466,1,1,High Risk
CUST_012358,0.06843724,0,0,Low Risk
CUST_012359,0.016760122,0,0,Low Risk
CUST_012360,0.009708866,0,0,Low Risk
CUST_012361,0.0034542868,0,0,Low Risk
CUST_012362,0.029566033,0,0,Low Risk
CUST_012363,0.012560417,0,0,Low Risk
CUST_012364,0.022526218,0,0,Low Risk
CUST_012365,0.016681481,0,0,Low Risk
CUST_012366,0.28075424,0,0,Low Risk
CUST_012367,0.02732813,0,0,Low Risk
CUST_012368,0.018046083,0,0,Low Risk
CUST_012369,0.006801138,0,0,Low Risk
CUST_012370,0.008857242,0,0,Low Risk
CUST_012371,0.021652251,0,0,Low Risk
CUST_012372,0.039412398,0,1,Low Risk
CUST_012373,0.02585136,0,0,Low Risk
CUST_012374,0.014343062,0,0,Low Risk
CUST_012375,0.99989486,1,1,High Risk
CUST_012376,0.010001557,0,0,Low Risk
CUST_012377,0.010109843,0,0,Low Risk
CUST_012378,0.016599428,0,0,Low Risk
CUST_012379,0.033394966,0,0,Low Risk
CUST_012380,0.011003644,0,0,Low Risk
CUST_012381,0.09668255,0,0,Low Risk
CUST_012382,0.99896896,1,1,High Risk
CUST_012383,0.017147271,0,0,Low Risk
CUST_012384,0.017625753,0,0,Low Risk
CUST_012385,0.9996437,1,1,High Risk
CUST_012386,0.0028757353,0,0,Low Risk
CUST_012387,0.046430133,0,0,Low Risk
CUST_012388,0.075463526,0,0,Low Risk
CUST_012389,0.030595241,0,0,Low Risk
CUST_012390,0.01914767,0,0,Low Risk
CUST_012391,0.9714239,1,1,High Risk
CUST_012392,0.006450049,0,0,Low Risk
CUST_012393,0.007868238,0,0,Low Risk
CUST_012394,0.017243657,0,0,Low Risk
CUST_012395,0.026766675,0,1,Low Risk
CUST_012396,0.006805224,0,0,Low Risk
CUST_012397,0.008153202,0,0,Low Risk
CUST_012398,0.07096738,0,0,Low Risk
CUST_012399,0.024986975,0,0,Low Risk
CUST_012400,0.014226812,0,0,Low Risk
CUST_012401,0.012318202,0,0,Low Risk
CUST_012402,0.99975437,1,1,High Risk
CUST_012403,0.9997445,1,1,High Risk
CUST_012404,0.75318104,1,1,High Risk
CUST_012405,0.0028986945,0,0,Low Risk
CUST_012406,0.009364093,0,0,Low Risk
CUST_012407,0.030123163,0,0,Low Risk
CUST_012408,0.1753552,0,0,Low Risk
CUST_012409,0.9085907,1,1,High Risk
CUST_012410,0.0013992498,0,0,Low Risk
CUST_012411,0.09300932,0,0,Low Risk
CUST_012412,0.9955664,1,1,High Risk
CUST_012413,0.24707572,0,0,Low Risk
CUST_012414,0.0076041743,0,0,Low Risk
CUST_012415,0.035765998,0,0,Low Risk
CUST_012416,0.024050968,0,0,Low Risk
CUST_012417,0.011446109,0,0,Low Risk
CUST_012418,0.3429981,0,0,Low Risk
CUST_012419,0.004837465,0,0,Low Risk
CUST_012420,0.18747051,0,0,Low Risk
CUST_012421,0.9220062,1,1,High Risk
CUST_012422,0.013526803,0,0,Low Risk
CUST_012423,0.018118815,0,0,Low Risk
CUST_012424,0.011303059,0,0,Low Risk
CUST_012425,0.032986883,0,0,Low Risk
CUST_012426,0.033781584,0,0,Low Risk
CUST_012427,0.99989736,1,1,High Risk
CUST_012428,0.029996071,0,0,Low Risk
CUST_012429,0.051463403,0,0,Low Risk
CUST_012430,0.50799,1,0,Medium Risk
CUST_012431,0.010062177,0,0,Low Risk
CUST_012432,0.017127087,0,0,Low Risk
CUST_012433,0.05100477,0,0,Low Risk
CUST_012434,0.015634319,0,0,Low Risk
CUST_012435,0.99310327,1,1,High Risk
CUST_012436,0.008650489,0,0,Low Risk
CUST_012437,0.0047214357,0,0,Low Risk
CUST_012438,0.0012162895,0,0,Low Risk
CUST_012439,0.50462955,1,1,Medium Risk
CUST_012440,0.9958746,1,1,High Risk
CUST_012441,0.8232305,1,1,High Risk
CUST_012442,0.17026491,0,0,Low Risk
CUST_012443,0.037983283,0,0,Low Risk
CUST_012444,0.11956579,0,0,Low Risk
CUST_012445,0.041418698,0,0,Low Risk
CUST_012446,0.999231,1,1,High Risk
CUST_012447,0.62038136,1,1,Medium Risk
CUST_012448,0.999853,1,1,High Risk
CUST_012449,0.0067247567,0,0,Low Risk
CUST_012450,0.13597468,0,0,Low Risk
CUST_012451,0.0061987243,0,0,Low Risk
CUST_012452,0.06673688,0,0,Low Risk
CUST_012453,0.9940969,1,1,High Risk
CUST_012454,0.044871543,0,0,Low Risk
CUST_012455,0.0328199,0,0,Low Risk
CUST_012456,0.009514569,0,0,Low Risk
CUST_012457,0.9995863,1,1,High Risk
CUST_012458,0.010674343,0,0,Low Risk
CUST_012459,0.018603541,0,0,Low Risk
CUST_012460,0.0029290023,0,0,Low Risk
CUST_012461,0.0363794,0,0,Low Risk
CUST_012462,0.3181269,0,0,Low Risk
CUST_012463,0.02122858,0,0,Low Risk
CUST_012464,0.063872464,0,0,Low Risk
CUST_012465,0.027622726,0,0,Low Risk
CUST_012466,0.040594142,0,0,Low Risk
CUST_012467,0.04055982,0,0,Low Risk
CUST_012468,0.016870337,0,0,Low Risk
CUST_012469,0.019294867,0,0,Low Risk
CUST_012470,0.13279852,0,1,Low Risk
CUST_012471,0.06753255,0,0,Low Risk
CUST_012472,0.0041392324,0,0,Low Risk
CUST_012473,0.99869746,1,1,High Risk
CUST_012474,0.3283329,0,0,Low Risk
CUST_012475,0.1353879,0,0,Low Risk
CUST_012476,0.014422176,0,0,Low Risk
CUST_012477,0.009367609,0,0,Low Risk
CUST_012478,0.023716975,0,0,Low Risk
CUST_012479,0.021573493,0,0,Low Risk
CUST_012480,0.056251265,0,0,Low Risk
CUST_012481,0.00541848,0,0,Low Risk
CUST_012482,0.99949276,1,1,High Risk
CUST_012483,0.0055193286,0,0,Low Risk
CUST_012484,0.9955739,1,1,High Risk
CUST_012485,0.99658585,1,1,High Risk
CUST_012486,0.9982973,1,1,High Risk
CUST_012487,0.010227458,0,0,Low Risk
CUST_012488,0.9996481,1,1,High Risk
CUST_012489,0.08329298,0,0,Low Risk
CUST_012490,0.019011004,0,0,Low Risk
CUST_012491,0.023747887,0,0,Low Risk
CUST_012492,0.9960299,1,1,High Risk
CUST_012493,0.99951744,1,1,High Risk
CUST_012494,0.007833985,0,0,Low Risk
CUST_012495,0.34082836,0,0,Low Risk
CUST_012496,0.9999323,1,1,High Risk
CUST_012497,0.9995472,1,1,High Risk
CUST_012498,0.99232143,1,1,High Risk
CUST_012499,0.11542168,0,0,Low Risk
CUST_012500,0.01552358,0,0,Low Risk
CUST_012501,0.9988424,1,1,High Risk
CUST_012502,0.015023538,0,0,Low Risk
CUST_012503,0.044924237,0,0,Low Risk
CUST_012504,0.016214268,0,0,Low Risk
CUST_012505,0.9046508,1,1,High Risk
CUST_012506,0.98504585,1,1,High Risk
CUST_012507,0.9591022,1,1,High Risk
CUST_012508,0.02665338,0,0,Low Risk
CUST_012509,0.009966227,0,0,Low Risk
CUST_012510,0.13655671,0,0,Low Risk
CUST_012511,0.8209858,1,1,High Risk
CUST_012512,0.015653823,0,0,Low Risk
CUST_012513,0.097681075,0,0,Low Risk
CUST_012514,0.010442519,0,0,Low Risk
CUST_012515,0.0048620296,0,0,Low Risk
CUST_012516,0.99955994,1,1,High Risk
CUST_012517,0.041135777,0,0,Low Risk
CUST_012518,0.050437074,0,0,Low Risk
CUST_012519,0.36482793,0,1,Medium Risk
CUST_012520,0.026132206,0,0,Low Risk
CUST_012521,0.057389986,0,0,Low Risk
CUST_012522,0.053052578,0,0,Low Risk
CUST_012523,0.004524979,0,0,Low Risk
CUST_012524,0.00674224,0,0,Low Risk
CUST_012525,0.99945897,1,1,High Risk
CUST_012526,0.06630011,0,0,Low Risk
CUST_012527,0.9964581,1,1,High Risk
CUST_012528,0.9998387,1,1,High Risk
CUST_012529,0.017091662,0,0,Low Risk
CUST_012530,0.015178047,0,0,Low Risk
CUST_012531,0.047679912,0,0,Low Risk
CUST_012532,0.02002828,0,0,Low Risk
CUST_012533,0.007805117,0,0,Low Risk
CUST_012534,0.9986558,1,1,High Risk
CUST_012535,0.03382915,0,0,Low Risk
CUST_012536,0.94764674,1,1,High Risk
CUST_012537,0.04576342,0,0,Low Risk
CUST_012538,0.0066142995,0,0,Low Risk
CUST_012539,0.0023206684,0,0,Low Risk
CUST_012540,0.025220372,0,0,Low Risk
CUST_012541,0.027582692,0,0,Low Risk
CUST_012542,0.07892036,0,0,Low Risk
CUST_012543,0.042239536,0,0,Low Risk
CUST_012544,0.013176649,0,0,Low Risk
CUST_012545,0.025229957,0,0,Low Risk
CUST_012546,0.9997228,1,1,High Risk
CUST_012547,0.5904256,1,0,Medium Risk
CUST_012548,0.04748624,0,0,Low Risk
CUST_012549,0.024732506,0,0,Low Risk
CUST_012550,0.022741346,0,0,Low Risk
CUST_012551,0.94388646,1,1,High Risk
CUST_012552,0.99768984,1,1,High Risk
CUST_012553,0.9985446,1,1,High Risk
CUST_012554,0.99961877,1,1,High Risk
CUST_012555,0.0023492218,0,0,Low Risk
CUST_012556,0.014989122,0,0,Low Risk
CUST_012557,0.019818418,0,0,Low Risk
CUST_012558,0.03153892,0,0,Low Risk
CUST_012559,0.9996977,1,1,High Risk
CUST_012560,0.99934953,1,1,High Risk
CUST_012561,0.008768609,0,0,Low Risk
CUST_012562,0.002732445,0,0,Low Risk
CUST_012563,0.022171065,0,0,Low Risk
CUST_012564,0.009631697,0,0,Low Risk
CUST_012565,0.009203816,0,0,Low Risk
CUST_012566,0.057312146,0,0,Low Risk
CUST_012567,0.99866414,1,1,High Risk
CUST_012568,0.085217014,0,0,Low Risk
CUST_012569,0.014020834,0,0,Low Risk
CUST_012570,0.34858283,0,0,Low Risk
CUST_012571,0.00502441,0,0,Low Risk
CUST_012572,0.042854268,0,0,Low Risk
CUST_012573,0.99952567,1,1,High Risk
CUST_012574,0.029191708,0,0,Low Risk
CUST_012575,0.030562624,0,0,Low Risk
CUST_012576,0.0048211096,0,0,Low Risk
CUST_012577,0.010477665,0,0,Low Risk
CUST_012578,0.031055428,0,0,Low Risk
CUST_012579,0.065974645,0,0,Low Risk
CUST_012580,0.94556594,1,1,High Risk
CUST_012581,0.10757209,0,0,Low Risk
CUST_012582,0.9987607,1,1,High Risk
CUST_012583,0.97207534,1,1,High Risk
CUST_012584,0.9906408,1,1,High Risk
CUST_012585,0.06453874,0,0,Low Risk
CUST_012586,0.013764875,0,0,Low Risk
CUST_012587,0.008035548,0,0,Low Risk
CUST_012588,0.041860174,0,0,Low Risk
CUST_012589,0.990351,1,1,High Risk
CUST_012590,0.010965713,0,0,Low Risk
CUST_012591,0.16119361,0,1,Low Risk
CUST_012592,0.0016753067,0,0,Low Risk
CUST_012593,0.17795348,0,0,Low Risk
CUST_012594,0.031128287,0,0,Low Risk
CUST_012595,0.007876118,0,0,Low Risk
CUST_012596,0.0029806558,0,0,Low Risk
CUST_012597,0.01822665,0,0,Low Risk
CUST_012598,0.9998085,1,1,High Risk
CUST_012599,0.998002,1,1,High Risk
CUST_012600,0.03391402,0,0,Low Risk
CUST_012601,0.99971956,1,1,High Risk
CUST_012602,0.99976367,1,1,High Risk
CUST_012603,0.0569045,0,0,Low Risk
CUST_012604,0.046078734,0,0,Low Risk
CUST_012605,0.9992803,1,1,High Risk
CUST_012606,0.30818695,0,1,Low Risk
CUST_012607,0.9989103,1,1,High Risk
CUST_012608,0.0105997585,0,0,Low Risk
CUST_012609,0.009850577,0,0,Low Risk
CUST_012610,0.9997855,1,1,High Risk
CUST_012611,0.04555013,0,0,Low Risk
CUST_012612,0.0968423,0,0,Low Risk
CUST_012613,0.999171,1,1,High Risk
CUST_012614,0.042922795,0,0,Low Risk
CUST_012615,0.008892939,0,0,Low Risk
CUST_012616,0.0055453763,0,0,Low Risk
CUST_012617,0.9702486,1,1,High Risk
CUST_012618,0.049068686,0,0,Low Risk
CUST_012619,0.03309282,0,0,Low Risk
CUST_012620,0.9956077,1,1,High Risk
CUST_012621,0.015715985,0,0,Low Risk
CUST_012622,0.59240663,1,1,Medium Risk
CUST_012623,0.002049647,0,0,Low Risk
CUST_012624,0.07012628,0,0,Low Risk
CUST_012625,0.99977094,1,1,High Risk
CUST_012626,0.01570399,0,0,Low Risk
CUST_012627,0.9998715,1,1,High Risk
CUST_012628,0.027909726,0,0,Low Risk
CUST_012629,0.55144924,1,0,Medium Risk
CUST_012630,0.027604999,0,0,Low Risk
CUST_012631,0.9988022,1,1,High Risk
CUST_012632,0.9969619,1,1,High Risk
CUST_012633,0.9998585,1,1,High Risk
CUST_012634,0.044695202,0,0,Low Risk
CUST_012635,0.026209643,0,1,Low Risk
CUST_012636,0.04545238,0,0,Low Risk
CUST_012637,0.031907097,0,0,Low Risk
CUST_012638,0.017916396,0,0,Low Risk
CUST_012639,0.01280065,0,0,Low Risk
CUST_012640,0.04318679,0,0,Low Risk
CUST_012641,0.6799273,1,1,High Risk
CUST_012642,0.041445274,0,0,Low Risk
CUST_012643,0.8872043,1,1,High Risk
CUST_012644,0.011097925,0,0,Low Risk
CUST_012645,0.99942446,1,1,High Risk
CUST_012646,0.99710613,1,1,High Risk
CUST_012647,0.9984309,1,1,High Risk
CUST_012648,0.019532671,0,0,Low Risk
CUST_012649,0.99813986,1,1,High Risk
CUST_012650,0.038597863,0,0,Low Risk
CUST_012651,0.03671607,0,0,Low Risk
CUST_012652,0.3194023,0,0,Low Risk
CUST_012653,0.0474601,0,0,Low Risk
CUST_012654,0.05580065,0,0,Low Risk
CUST_012655,0.002064624,0,0,Low Risk
CUST_012656,0.030010989,0,0,Low Risk
CUST_012657,0.007960794,0,0,Low Risk
CUST_012658,0.9970432,1,1,High Risk
CUST_012659,0.15336107,0,0,Low Risk
CUST_012660,0.050395317,0,0,Low Risk
CUST_012661,0.008185939,0,0,Low Risk
CUST_012662,0.030429691,0,0,Low Risk
CUST_012663,0.99984026,1,1,High Risk
CUST_012664,0.016078446,0,0,Low Risk
CUST_012665,0.020858621,0,0,Low Risk
CUST_012666,0.028104281,0,0,Low Risk
CUST_012667,0.9997625,1,1,High Risk
CUST_012668,0.06202601,0,0,Low Risk
CUST_012669,0.00972877,0,0,Low Risk
CUST_012670,0.020212341,0,0,Low Risk
CUST_012671,0.0114889415,0,0,Low Risk
CUST_012672,0.3221651,0,0,Low Risk
CUST_012673,0.9927362,1,1,High Risk
CUST_012674,0.02240859,0,0,Low Risk
CUST_012675,0.015108306,0,0,Low Risk
CUST_012676,0.0315364,0,0,Low Risk
CUST_012677,0.01229218,0,0,Low Risk
CUST_012678,0.01897943,0,0,Low Risk
CUST_012679,0.019820808,0,0,Low Risk
CUST_012680,0.0035100137,0,0,Low Risk
CUST_012681,0.0047696983,0,0,Low Risk
CUST_012682,0.052011687,0,1,Low Risk
CUST_012683,0.123446375,0,0,Low Risk
CUST_012684,0.0050417194,0,0,Low Risk
CUST_012685,0.14684644,0,0,Low Risk
CUST_012686,0.1009345,0,0,Low Risk
CUST_012687,0.026147781,0,0,Low Risk
CUST_012688,0.9970053,1,1,High Risk
CUST_012689,0.024987863,0,0,Low Risk
CUST_012690,0.9988815,1,1,High Risk
CUST_012691,0.0054861177,0,0,Low Risk
CUST_012692,0.0077513256,0,0,Low Risk
CUST_012693,0.050986484,0,0,Low Risk
CUST_012694,0.016561035,0,0,Low Risk
CUST_012695,0.33743683,0,1,Low Risk
CUST_012696,0.031730916,0,0,Low Risk
CUST_012697,0.95987403,1,1,High Risk
CUST_012698,0.99646324,1,1,High Risk
CUST_012699,0.99953306,1,1,High Risk
CUST_012700,0.015208526,0,0,Low Risk
CUST_012701,0.05919698,0,0,Low Risk
CUST_012702,0.27933007,0,1,Low Risk
CUST_012703,0.050146952,0,0,Low Risk
CUST_012704,0.9996178,1,1,High Risk
CUST_012705,0.026103588,0,0,Low Risk
CUST_012706,0.0017996997,0,0,Low Risk
CUST_012707,0.006288192,0,0,Low Risk
CUST_012708,0.027349768,0,0,Low Risk
CUST_012709,0.9998241,1,1,High Risk
CUST_012710,0.0025437968,0,0,Low Risk
CUST_012711,0.99936956,1,1,High Risk
CUST_012712,0.9983736,1,1,High Risk
CUST_012713,0.99775165,1,1,High Risk
CUST_012714,0.14623684,0,1,Low Risk
CUST_012715,0.01134309,0,0,Low Risk
CUST_012716,0.023071444,0,0,Low Risk
CUST_012717,0.69800484,1,0,High Risk
CUST_012718,0.022553585,0,0,Low Risk
CUST_012719,0.03404628,0,0,Low Risk
CUST_012720,0.027202902,0,0,Low Risk
CUST_012721,0.00739755,0,0,Low Risk
CUST_012722,0.99224466,1,1,High Risk
CUST_012723,0.038492065,0,0,Low Risk
CUST_012724,0.01860942,0,0,Low Risk
CUST_012725,0.9925674,1,1,High Risk
CUST_012726,0.03896106,0,0,Low Risk
CUST_012727,0.13392411,0,0,Low Risk
CUST_012728,0.026052698,0,0,Low Risk
CUST_012729,0.9921705,1,1,High Risk
CUST_012730,0.99877137,1,1,High Risk
CUST_012731,0.012365759,0,0,Low Risk
CUST_012732,0.008217886,0,0,Low Risk
CUST_012733,0.005872906,0,0,Low Risk
CUST_012734,0.011852294,0,0,Low Risk
CUST_012735,0.0071279113,0,0,Low Risk
CUST_012736,0.9801001,1,1,High Risk
CUST_012737,0.07405401,0,0,Low Risk
CUST_012738,0.028657315,0,0,Low Risk
CUST_012739,0.027432607,0,0,Low Risk
CUST_012740,0.9990538,1,1,High Risk
CUST_012741,0.99987924,1,1,High Risk
CUST_012742,0.019025372,0,0,Low Risk
CUST_012743,0.99826765,1,1,High Risk
CUST_012744,0.04186792,0,0,Low Risk
CUST_012745,0.9975896,1,1,High Risk
CUST_012746,0.9906303,1,1,High Risk
CUST_012747,0.0161354,0,0,Low Risk
CUST_012748,0.043493256,0,0,Low Risk
CUST_012749,0.008947261,0,0,Low Risk
CUST_012750,0.109730855,0,0,Low Risk
CUST_012751,0.9994591,1,1,High Risk
CUST_012752,0.028407788,0,0,Low Risk
CUST_012753,0.016680503,0,0,Low Risk
CUST_012754,0.009617343,0,0,Low Risk
CUST_012755,0.043118,0,0,Low Risk
CUST_012756,0.0013711427,0,0,Low Risk
CUST_012757,0.9992539,1,1,High Risk
CUST_012758,0.9995353,1,1,High Risk
CUST_012759,0.010737478,0,0,Low Risk
CUST_012760,0.95398396,1,1,High Risk
CUST_012761,0.013514262,0,0,Low Risk
CUST_012762,0.99969816,1,1,High Risk
CUST_012763,0.9995448,1,1,High Risk
CUST_012764,0.007451465,0,0,Low Risk
CUST_012765,0.95582545,1,0,High Risk
CUST_012766,0.017013883,0,0,Low Risk
CUST_012767,0.014121073,0,0,Low Risk
CUST_012768,0.01403438,0,0,Low Risk
CUST_012769,0.014946075,0,0,Low Risk
CUST_012770,0.019472534,0,0,Low Risk
CUST_012771,0.02134951,0,0,Low Risk
CUST_012772,0.7653951,1,1,High Risk
CUST_012773,0.001550286,0,0,Low Risk
CUST_012774,0.0072073275,0,0,Low Risk
CUST_012775,0.008278109,0,0,Low Risk
CUST_012776,0.0015916184,0,0,Low Risk
CUST_012777,0.08385953,0,0,Low Risk
CUST_012778,0.03373699,0,0,Low Risk
CUST_012779,0.0021747923,0,0,Low Risk
CUST_012780,0.04483742,0,0,Low Risk
CUST_012781,0.0312864,0,0,Low Risk
CUST_012782,0.07081482,0,0,Low Risk
CUST_012783,0.01665743,0,0,Low Risk
CUST_012784,0.0036342111,0,0,Low Risk
CUST_012785,0.52136713,1,0,Medium Risk
CUST_012786,0.018010203,0,0,Low Risk
CUST_012787,0.11820055,0,0,Low Risk
CUST_012788,0.0034874703,0,0,Low Risk
CUST_012789,0.0011454145,0,0,Low Risk
CUST_012790,0.98782814,1,1,High Risk
CUST_012791,0.010662878,0,0,Low Risk
CUST_012792,0.99074286,1,1,High Risk
CUST_012793,0.022262825,0,0,Low Risk
CUST_012794,0.023600591,0,0,Low Risk
CUST_012795,0.06400687,0,0,Low Risk
CUST_012796,0.09797062,0,0,Low Risk
CUST_012797,0.014038339,0,0,Low Risk
CUST_012798,0.03276243,0,0,Low Risk
CUST_012799,0.022497134,0,0,Low Risk
CUST_012800,0.022866964,0,0,Low Risk
CUST_012801,0.07805977,0,0,Low Risk
CUST_012802,0.085214466,0,0,Low Risk
CUST_012803,0.011492711,0,0,Low Risk
CUST_012804,0.044377603,0,0,Low Risk
CUST_012805,0.22825399,0,0,Low Risk
CUST_012806,0.077653475,0,0,Low Risk
CUST_012807,0.026912337,0,0,Low Risk
CUST_012808,0.98931795,1,1,High Risk
CUST_012809,0.9998578,1,1,High Risk
CUST_012810,0.036351886,0,0,Low Risk
CUST_012811,0.016549412,0,0,Low Risk
CUST_012812,0.026671724,0,0,Low Risk
CUST_012813,0.009571846,0,0,Low Risk
CUST_012814,0.09787592,0,0,Low Risk
CUST_012815,0.9991454,1,1,High Risk
CUST_012816,0.99951875,1,1,High Risk
CUST_012817,0.4521258,0,0,Medium Risk
CUST_012818,0.006259931,0,0,Low Risk
CUST_012819,0.014858805,0,0,Low Risk
CUST_012820,0.99945086,1,1,High Risk
CUST_012821,0.99697864,1,1,High Risk
CUST_012822,0.02334554,0,0,Low Risk
CUST_012823,0.9997491,1,1,High Risk
CUST_012824,0.9789434,1,1,High Risk
CUST_012825,0.021241592,0,0,Low Risk
CUST_012826,0.99813867,1,1,High Risk
CUST_012827,0.003969241,0,0,Low Risk
CUST_012828,0.022357594,0,0,Low Risk
CUST_012829,0.07848856,0,0,Low Risk
CUST_012830,0.01955153,0,0,Low Risk
CUST_012831,0.026811235,0,0,Low Risk
CUST_012832,0.012156053,0,0,Low Risk
CUST_012833,0.003567799,0,0,Low Risk
CUST_012834,0.044640355,0,0,Low Risk
CUST_012835,0.014237108,0,0,Low Risk
CUST_012836,0.23745579,0,0,Low Risk
CUST_012837,0.06276239,0,0,Low Risk
CUST_012838,0.010604004,0,0,Low Risk
CUST_012839,0.032641064,0,0,Low Risk
CUST_012840,0.9979097,1,1,High Risk
CUST_012841,0.013080354,0,0,Low Risk
CUST_012842,0.005516034,0,0,Low Risk
CUST_012843,0.019694284,0,0,Low Risk
CUST_012844,0.026589135,0,0,Low Risk
CUST_012845,0.0025536607,0,0,Low Risk
CUST_012846,0.063206516,0,0,Low Risk
CUST_012847,0.04212453,0,0,Low Risk
CUST_012848,0.008274787,0,0,Low Risk
CUST_012849,0.020270456,0,0,Low Risk
CUST_012850,0.3235645,0,0,Low Risk
CUST_012851,0.020007161,0,0,Low Risk
CUST_012852,0.027706046,0,0,Low Risk
CUST_012853,0.0035333955,0,0,Low Risk
CUST_012854,0.012816979,0,0,Low Risk
CUST_012855,0.0025328575,0,0,Low Risk
CUST_012856,0.0038561602,0,0,Low Risk
CUST_012857,0.060768377,0,1,Low Risk
CUST_012858,0.9845823,1,1,High Risk
CUST_012859,0.016074568,0,0,Low Risk
CUST_012860,0.015583436,0,0,Low Risk
CUST_012861,0.44101334,0,0,Medium Risk
CUST_012862,0.026853956,0,0,Low Risk
CUST_012863,0.10445067,0,0,Low Risk
CUST_012864,0.070782885,0,0,Low Risk
CUST_012865,0.03314868,0,0,Low Risk
CUST_012866,0.99949884,1,1,High Risk
CUST_012867,0.0042053936,0,0,Low Risk
CUST_012868,0.09109613,0,0,Low Risk
CUST_012869,0.022992542,0,0,Low Risk
CUST_012870,0.9992099,1,1,High Risk
CUST_012871,0.0031426793,0,0,Low Risk
CUST_012872,0.18655628,0,1,Low Risk
CUST_012873,0.0028735348,0,0,Low Risk
CUST_012874,0.9649594,1,1,High Risk
CUST_012875,0.0058288258,0,0,Low Risk
CUST_012876,0.049521085,0,0,Low Risk
CUST_012877,0.045817155,0,0,Low Risk
CUST_012878,0.99964595,1,1,High Risk
CUST_012879,0.013214606,0,0,Low Risk
CUST_012880,0.9997166,1,1,High Risk
CUST_012881,0.16349263,0,0,Low Risk
CUST_012882,0.79839396,1,0,High Risk
CUST_012883,0.013534326,0,0,Low Risk
CUST_012884,0.011872158,0,0,Low Risk
CUST_012885,0.0031899076,0,0,Low Risk
CUST_012886,0.015398417,0,0,Low Risk
CUST_012887,0.07322749,0,0,Low Risk
CUST_012888,0.06307117,0,1,Low Risk
CUST_012889,0.094313204,0,0,Low Risk
CUST_012890,0.04632407,0,0,Low Risk
CUST_012891,0.15988885,0,0,Low Risk
CUST_012892,0.0031403392,0,0,Low Risk
CUST_012893,0.96896344,1,1,High Risk
CUST_012894,0.014000184,0,0,Low Risk
CUST_012895,0.02130527,0,0,Low Risk
CUST_012896,0.9915167,1,1,High Risk
CUST_012897,0.0033820118,0,0,Low Risk
CUST_012898,0.0055397917,0,0,Low Risk
CUST_012899,0.03411495,0,0,Low Risk
CUST_012900,0.9989385,1,1,High Risk
CUST_012901,0.9985207,1,1,High Risk
CUST_012902,0.041163314,0,0,Low Risk
CUST_012903,0.081857085,0,0,Low Risk
CUST_012904,0.96475595,1,1,High Risk
CUST_012905,0.048042387,0,0,Low Risk
CUST_012906,0.9996234,1,1,High Risk
CUST_012907,0.016944135,0,0,Low Risk
CUST_012908,0.09846192,0,0,Low Risk
CUST_012909,0.9912209,1,1,High Risk
CUST_012910,0.10116445,0,0,Low Risk
CUST_012911,0.09649983,0,0,Low Risk
CUST_012912,0.24728802,0,1,Low Risk
CUST_012913,0.020208329,0,0,Low Risk
CUST_012914,0.122759536,0,0,Low Risk
CUST_012915,0.020624196,0,0,Low Risk
CUST_012916,0.010816112,0,0,Low Risk
CUST_012917,0.9990125,1,1,High Risk
CUST_012918,0.9977319,1,1,High Risk
CUST_012919,0.024499789,0,0,Low Risk
CUST_012920,0.009186977,0,0,Low Risk
CUST_012921,0.010137041,0,0,Low Risk
CUST_012922,0.02758445,0,0,Low Risk
CUST_012923,0.04307456,0,0,Low Risk
CUST_012924,0.9993625,1,1,High Risk
CUST_012925,0.9974717,1,1,High Risk
CUST_012926,0.009810308,0,0,Low Risk
CUST_012927,0.013572629,0,0,Low Risk
CUST_012928,0.9987827,1,1,High Risk
CUST_012929,0.017095089,0,0,Low Risk
CUST_012930,0.015960507,0,0,Low Risk
CUST_012931,0.99800414,1,1,High Risk
CUST_012932,0.007399438,0,0,Low Risk
CUST_012933,0.020090315,0,0,Low Risk
CUST_012934,0.3538865,0,0,Medium Risk
CUST_012935,0.06838942,0,0,Low Risk
CUST_012936,0.0290411,0,0,Low Risk
CUST_012937,0.006250932,0,0,Low Risk
CUST_012938,0.007811183,0,0,Low Risk
CUST_012939,0.01804418,0,0,Low Risk
CUST_012940,0.0068363273,0,0,Low Risk
CUST_012941,0.99987483,1,1,High Risk
CUST_012942,0.040997658,0,0,Low Risk
CUST_012943,0.040476,0,0,Low Risk
CUST_012944,0.99758804,1,1,High Risk
CUST_012945,0.016464962,0,0,Low Risk
CUST_012946,0.0058970363,0,0,Low Risk
CUST_012947,0.010407223,0,0,Low Risk
CUST_012948,0.06724931,0,0,Low Risk
CUST_012949,0.009562366,0,0,Low Risk
CUST_012950,0.020680955,0,0,Low Risk
CUST_012951,0.05219612,0,0,Low Risk
CUST_012952,0.0033391612,0,0,Low Risk
CUST_012953,0.025343204,0,0,Low Risk
CUST_012954,0.030267399,0,0,Low Risk
CUST_012955,0.99833006,1,1,High Risk
CUST_012956,0.26820043,0,0,Low Risk
CUST_012957,0.0982629,0,0,Low Risk
CUST_012958,0.008910057,0,0,Low Risk
CUST_012959,0.09005935,0,0,Low Risk
CUST_012960,0.029191747,0,0,Low Risk
CUST_012961,0.02130185,0,0,Low Risk
CUST_012962,0.011302121,0,0,Low Risk
CUST_012963,0.010902647,0,0,Low Risk
CUST_012964,0.005169619,0,0,Low Risk
CUST_012965,0.022887789,0,0,Low Risk
CUST_012966,0.003746134,0,0,Low Risk
CUST_012967,0.0018396518,0,0,Low Risk
CUST_012968,0.013072606,0,0,Low Risk
CUST_012969,0.004152192,0,0,Low Risk
CUST_012970,0.007186895,0,0,Low Risk
CUST_012971,0.036813907,0,0,Low Risk
CUST_012972,0.032498546,0,0,Low Risk
CUST_012973,0.9974802,1,1,High Risk
CUST_012974,0.09472766,0,0,Low Risk
CUST_012975,0.035000328,0,0,Low Risk
CUST_012976,0.033320937,0,0,Low Risk
CUST_012977,0.006442826,0,0,Low Risk
CUST_012978,0.041618597,0,0,Low Risk
CUST_012979,0.07986141,0,0,Low Risk
CUST_012980,0.0055852514,0,0,Low Risk
CUST_012981,0.9983734,1,1,High Risk
CUST_012982,0.03756565,0,0,Low Risk
CUST_012983,0.29889527,0,0,Low Risk
CUST_012984,0.024250388,0,0,Low Risk
CUST_012985,0.9901417,1,1,High Risk
CUST_012986,0.9976615,1,1,High Risk
CUST_012987,0.19624482,0,0,Low Risk
CUST_012988,0.029122297,0,0,Low Risk
CUST_012989,0.9916698,1,1,High Risk
CUST_012990,0.0626439,0,0,Low Risk
CUST_012991,0.020683233,0,0,Low Risk
CUST_012992,0.9992962,1,1,High Risk
CUST_012993,0.043581594,0,0,Low Risk
CUST_012994,0.99718827,1,1,High Risk
CUST_012995,0.027844971,0,0,Low Risk
CUST_012996,0.025013274,0,0,Low Risk
CUST_012997,0.1345022,0,0,Low Risk
CUST_012998,0.025262343,0,0,Low Risk
CUST_012999,0.007364902,0,0,Low Risk
CUST_013000,0.15728208,0,0,Low Risk
CUST_013001,0.9985637,1,1,High Risk
CUST_013002,0.8531612,1,1,High Risk
CUST_013003,0.99936444,1,1,High Risk
CUST_013004,0.0051409206,0,0,Low Risk
CUST_013005,0.100689024,0,0,Low Risk
CUST_013006,0.8961175,1,1,High Risk
CUST_013007,0.23792274,0,0,Low Risk
CUST_013008,0.9975799,1,1,High Risk
CUST_013009,0.03253723,0,0,Low Risk
CUST_013010,0.9984769,1,1,High Risk
CUST_013011,0.0054489644,0,0,Low Risk
CUST_013012,0.8641215,1,1,High Risk
CUST_013013,0.02977604,0,0,Low Risk
CUST_013014,0.99084973,1,1,High Risk
CUST_013015,0.012187639,0,0,Low Risk
CUST_013016,0.025500786,0,0,Low Risk
CUST_013017,0.028538097,0,0,Low Risk
CUST_013018,0.026496181,0,0,Low Risk
CUST_013019,0.07012537,0,0,Low Risk
CUST_013020,0.009077009,0,0,Low Risk
CUST_013021,0.9996099,1,1,High Risk
CUST_013022,0.9709763,1,1,High Risk
CUST_013023,0.99909794,1,1,High Risk
CUST_013024,0.08758018,0,0,Low Risk
CUST_013025,0.017428441,0,0,Low Risk
CUST_013026,0.002205902,0,0,Low Risk
CUST_013027,0.009160079,0,0,Low Risk
CUST_013028,0.015504027,0,0,Low Risk
CUST_013029,0.0031820948,0,0,Low Risk
CUST_013030,0.01042449,0,0,Low Risk
CUST_013031,0.014719912,0,0,Low Risk
CUST_013032,0.0058898483,0,0,Low Risk
CUST_013033,0.009498885,0,0,Low Risk
CUST_013034,0.0036284868,0,0,Low Risk
CUST_013035,0.0072864112,0,0,Low Risk
CUST_013036,0.99977595,1,1,High Risk
CUST_013037,0.99808747,1,1,High Risk
CUST_013038,0.99860674,1,1,High Risk
CUST_013039,0.04858139,0,0,Low Risk
CUST_013040,0.0024786287,0,0,Low Risk
CUST_013041,0.06211943,0,0,Low Risk
CUST_013042,0.7731562,1,1,High Risk
CUST_013043,0.99665666,1,1,High Risk
CUST_013044,0.037470687,0,0,Low Risk
CUST_013045,0.10781388,0,0,Low Risk
CUST_013046,0.007858089,0,0,Low Risk
CUST_013047,0.041984815,0,0,Low Risk
CUST_013048,0.1961051,0,0,Low Risk
CUST_013049,0.021137234,0,0,Low Risk
CUST_013050,0.018150216,0,0,Low Risk
CUST_013051,0.017047571,0,0,Low Risk
CUST_013052,0.56026274,1,1,Medium Risk
CUST_013053,0.99975663,1,1,High Risk
CUST_013054,0.015825275,0,0,Low Risk
CUST_013055,0.023010075,0,0,Low Risk
CUST_013056,0.07423953,0,0,Low Risk
CUST_013057,0.026343616,0,0,Low Risk
CUST_013058,0.9987821,1,1,High Risk
CUST_013059,0.0678143,0,0,Low Risk
CUST_013060,0.88954425,1,1,High Risk
CUST_013061,0.99887615,1,1,High Risk
CUST_013062,0.100156896,0,0,Low Risk
CUST_013063,0.4205377,0,0,Medium Risk
CUST_013064,0.0018475228,0,0,Low Risk
CUST_013065,0.04535122,0,0,Low Risk
CUST_013066,0.99988556,1,1,High Risk
CUST_013067,0.023974339,0,0,Low Risk
CUST_013068,0.26221308,0,0,Low Risk
CUST_013069,0.017305698,0,0,Low Risk
CUST_013070,0.9960069,1,1,High Risk
CUST_013071,0.022594519,0,0,Low Risk
CUST_013072,0.0062037464,0,0,Low Risk
CUST_013073,0.6090645,1,1,Medium Risk
CUST_013074,0.9679165,1,1,High Risk
CUST_013075,0.99960226,1,1,High Risk
CUST_013076,0.0069693704,0,0,Low Risk
CUST_013077,0.99912983,1,1,High Risk
CUST_013078,0.99979395,1,1,High Risk
CUST_013079,0.9906942,1,1,High Risk
CUST_013080,0.015545325,0,0,Low Risk
CUST_013081,0.0021473456,0,0,Low Risk
CUST_013082,0.99987066,1,1,High Risk
CUST_013083,0.04781785,0,0,Low Risk
CUST_013084,0.99959093,1,1,High Risk
CUST_013085,0.99659014,1,1,High Risk
CUST_013086,0.9996569,1,1,High Risk
CUST_013087,0.96565783,1,1,High Risk
CUST_013088,0.012449226,0,0,Low Risk
CUST_013089,0.999808,1,1,High Risk
CUST_013090,0.0031505558,0,0,Low Risk
CUST_013091,0.018119015,0,0,Low Risk
CUST_013092,0.035974886,0,0,Low Risk
CUST_013093,0.07454339,0,0,Low Risk
CUST_013094,0.9917464,1,1,High Risk
CUST_013095,0.031531565,0,0,Low Risk
CUST_013096,0.0043693627,0,0,Low Risk
CUST_013097,0.008420539,0,0,Low Risk
CUST_013098,0.07391427,0,0,Low Risk
CUST_013099,0.064096615,0,0,Low Risk
CUST_013100,0.007071317,0,0,Low Risk
CUST_013101,0.47561854,0,1,Medium Risk
CUST_013102,0.020583138,0,0,Low Risk
CUST_013103,0.0038012876,0,0,Low Risk
CUST_013104,0.01681196,0,0,Low Risk
CUST_013105,0.07827651,0,0,Low Risk
CUST_013106,0.018403547,0,0,Low Risk
CUST_013107,0.021509696,0,0,Low Risk
CUST_013108,0.12463468,0,0,Low Risk
CUST_013109,0.015880348,0,0,Low Risk
CUST_013110,0.021061799,0,0,Low Risk
CUST_013111,0.11287524,0,0,Low Risk
CUST_013112,0.007551296,0,0,Low Risk
CUST_013113,0.0033176218,0,0,Low Risk
CUST_013114,0.9996394,1,1,High Risk
CUST_013115,0.02137992,0,0,Low Risk
CUST_013116,0.015488516,0,0,Low Risk
CUST_013117,0.028141439,0,0,Low Risk
CUST_013118,0.39322105,0,0,Medium Risk
CUST_013119,0.0030153638,0,0,Low Risk
CUST_013120,0.012941453,0,0,Low Risk
CUST_013121,0.0048877406,0,0,Low Risk
CUST_013122,0.030326817,0,0,Low Risk
CUST_013123,0.028851014,0,0,Low Risk
CUST_013124,0.04786292,0,0,Low Risk
CUST_013125,0.025208721,0,0,Low Risk
CUST_013126,0.009361633,0,0,Low Risk
CUST_013127,0.026500799,0,0,Low Risk
CUST_013128,0.20617808,0,0,Low Risk
CUST_013129,0.015459546,0,0,Low Risk
CUST_013130,0.049937807,0,0,Low Risk
CUST_013131,0.007334705,0,0,Low Risk
CUST_013132,0.9870705,1,1,High Risk
CUST_013133,0.019142516,0,0,Low Risk
CUST_013134,0.032836,0,0,Low Risk
CUST_013135,0.09445133,0,0,Low Risk
CUST_013136,0.9922179,1,1,High Risk
CUST_013137,0.008192186,0,0,Low Risk
CUST_013138,0.10162801,0,0,Low Risk
CUST_013139,0.01842408,0,0,Low Risk
CUST_013140,0.7176952,1,1,High Risk
CUST_013141,0.99951494,1,1,High Risk
CUST_013142,0.03435941,0,0,Low Risk
CUST_013143,0.17355047,0,0,Low Risk
CUST_013144,0.9986941,1,1,High Risk
CUST_013145,0.010223992,0,0,Low Risk
CUST_013146,0.09376705,0,0,Low Risk
CUST_013147,0.004082814,0,0,Low Risk
CUST_013148,0.07789989,0,0,Low Risk
CUST_013149,0.0062448597,0,0,Low Risk
CUST_013150,0.015843777,0,0,Low Risk
CUST_013151,0.032073442,0,0,Low Risk
CUST_013152,0.026631694,0,0,Low Risk
CUST_013153,0.022764921,0,0,Low Risk
CUST_013154,0.005644849,0,0,Low Risk
CUST_013155,0.997612,1,1,High Risk
CUST_013156,0.014994072,0,0,Low Risk
CUST_013157,0.99925333,1,1,High Risk
CUST_013158,0.9962813,1,1,High Risk
CUST_013159,0.0048744343,0,0,Low Risk
CUST_013160,0.082997106,0,0,Low Risk
CUST_013161,0.10734706,0,0,Low Risk
CUST_013162,0.02527958,0,0,Low Risk
CUST_013163,0.028455347,0,0,Low Risk
CUST_013164,0.023932645,0,0,Low Risk
CUST_013165,0.030489717,0,0,Low Risk
CUST_013166,0.9992279,1,1,High Risk
CUST_013167,0.006907648,0,0,Low Risk
CUST_013168,0.051325873,0,0,Low Risk
CUST_013169,0.9994862,1,1,High Risk
CUST_013170,0.9991829,1,1,High Risk
CUST_013171,0.03204077,0,0,Low Risk
CUST_013172,0.02537787,0,0,Low Risk
CUST_013173,0.03904358,0,0,Low Risk
CUST_013174,0.014413198,0,0,Low Risk
CUST_013175,0.0072592893,0,0,Low Risk
CUST_013176,0.31633782,0,1,Low Risk
CUST_013177,0.020084243,0,0,Low Risk
CUST_013178,0.0022945113,0,0,Low Risk
CUST_013179,0.01658715,0,0,Low Risk
CUST_013180,0.020558922,0,0,Low Risk
CUST_013181,0.9994999,1,1,High Risk
CUST_013182,0.041918505,0,0,Low Risk
CUST_013183,0.006749604,0,0,Low Risk
CUST_013184,0.9996138,1,1,High Risk
CUST_013185,0.0056462465,0,0,Low Risk
CUST_013186,0.030186398,0,0,Low Risk
CUST_013187,0.32050732,0,1,Low Risk
CUST_013188,0.043631945,0,0,Low Risk
CUST_013189,0.33585164,0,0,Low Risk
CUST_013190,0.02528619,0,0,Low Risk
CUST_013191,0.009558862,0,0,Low Risk
CUST_013192,0.99663794,1,1,High Risk
CUST_013193,0.03248882,0,0,Low Risk
CUST_013194,0.9988926,1,1,High Risk
CUST_013195,0.0077539706,0,0,Low Risk
CUST_013196,0.68628633,1,1,High Risk
CUST_013197,0.067312,0,0,Low Risk
CUST_013198,0.024274334,0,0,Low Risk
CUST_013199,0.0010402179,0,0,Low Risk
CUST_013200,0.07165656,0,0,Low Risk
CUST_013201,0.027480152,0,0,Low Risk
CUST_013202,0.020442996,0,0,Low Risk
CUST_013203,0.99708694,1,1,High Risk
CUST_013204,0.22385117,0,0,Low Risk
CUST_013205,0.2343144,0,0,Low Risk
CUST_013206,0.012212319,0,0,Low Risk
CUST_013207,0.01872731,0,0,Low Risk
CUST_013208,0.012542588,0,0,Low Risk
CUST_013209,0.022256209,0,0,Low Risk
CUST_013210,0.05006095,0,0,Low Risk
CUST_013211,0.005932303,0,0,Low Risk
CUST_013212,0.011119937,0,0,Low Risk
CUST_013213,0.028403426,0,0,Low Risk
CUST_013214,0.005651705,0,0,Low Risk
CUST_013215,0.0038794372,0,0,Low Risk
CUST_013216,0.049281385,0,0,Low Risk
CUST_013217,0.04993559,0,1,Low Risk
CUST_013218,0.099598475,0,0,Low Risk
CUST_013219,0.9996469,1,1,High Risk
CUST_013220,0.017159073,0,0,Low Risk
CUST_013221,0.14906153,0,0,Low Risk
CUST_013222,0.99669516,1,1,High Risk
CUST_013223,0.26057225,0,0,Low Risk
CUST_013224,0.95148474,1,1,High Risk
CUST_013225,0.0061631068,0,0,Low Risk
CUST_013226,0.026259458,0,0,Low Risk
CUST_013227,0.018373908,0,0,Low Risk
CUST_013228,0.006740043,0,0,Low Risk
CUST_013229,0.9976381,1,1,High Risk
CUST_013230,0.39546475,0,0,Medium Risk
CUST_013231,0.020198729,0,0,Low Risk
CUST_013232,0.021915676,0,0,Low Risk
CUST_013233,0.0030702048,0,0,Low Risk
CUST_013234,0.009401894,0,0,Low Risk
CUST_013235,0.28755814,0,0,Low Risk
CUST_013236,0.019311279,0,0,Low Risk
CUST_013237,0.9996176,1,1,High Risk
CUST_013238,0.09008044,0,0,Low Risk
CUST_013239,0.9974946,1,1,High Risk
CUST_013240,0.012263198,0,0,Low Risk
CUST_013241,0.006745344,0,0,Low Risk
CUST_013242,0.019788016,0,0,Low Risk
CUST_013243,0.03263776,0,0,Low Risk
CUST_013244,0.06960959,0,0,Low Risk
CUST_013245,0.99934965,1,1,High Risk
CUST_013246,0.03877339,0,0,Low Risk
CUST_013247,0.021354787,0,0,Low Risk
CUST_013248,0.03404324,0,0,Low Risk
CUST_013249,0.05270612,0,0,Low Risk
CUST_013250,0.07204314,0,0,Low Risk
CUST_013251,0.9998691,1,1,High Risk
CUST_013252,0.9990715,1,1,High Risk
CUST_013253,0.020204483,0,0,Low Risk
CUST_013254,0.99962413,1,1,High Risk
CUST_013255,0.012316143,0,0,Low Risk
CUST_013256,0.005132521,0,0,Low Risk
CUST_013257,0.019511651,0,0,Low Risk
CUST_013258,0.027989943,0,0,Low Risk
CUST_013259,0.99813724,1,1,High Risk
CUST_013260,0.008853869,0,0,Low Risk
CUST_013261,0.0038399803,0,0,Low Risk
CUST_013262,0.05779677,0,0,Low Risk
CUST_013263,0.029097315,0,0,Low Risk
CUST_013264,0.99897826,1,1,High Risk
CUST_013265,0.99947864,1,1,High Risk
CUST_013266,0.9993772,1,1,High Risk
CUST_013267,0.004188898,0,0,Low Risk
CUST_013268,0.9830729,1,1,High Risk
CUST_013269,0.04405594,0,0,Low Risk
CUST_013270,0.006180972,0,0,Low Risk
CUST_013271,0.9985569,1,1,High Risk
CUST_013272,0.007488016,0,0,Low Risk
CUST_013273,0.014023735,0,0,Low Risk
CUST_013274,0.038498376,0,0,Low Risk
CUST_013275,0.008210214,0,0,Low Risk
CUST_013276,0.16293804,0,0,Low Risk
CUST_013277,0.7366502,1,1,High Risk
CUST_013278,0.0038927197,0,0,Low Risk
CUST_013279,0.07492573,0,0,Low Risk
CUST_013280,0.012682695,0,0,Low Risk
CUST_013281,0.0024252974,0,0,Low Risk
CUST_013282,0.99596196,1,1,High Risk
CUST_013283,0.003612126,0,0,Low Risk
CUST_013284,0.05507788,0,0,Low Risk
CUST_013285,0.08368446,0,0,Low Risk
CUST_013286,0.0405697,0,0,Low Risk
CUST_013287,0.9460922,1,1,High Risk
CUST_013288,0.9734753,1,1,High Risk
CUST_013289,0.04365403,0,0,Low Risk
CUST_013290,0.033878714,0,0,Low Risk
CUST_013291,0.99960107,1,1,High Risk
CUST_013292,0.0021393409,0,0,Low Risk
CUST_013293,0.3929485,0,1,Medium Risk
CUST_013294,0.0033601534,0,0,Low Risk
CUST_013295,0.95847285,1,1,High Risk
CUST_013296,0.44382498,0,0,Medium Risk
CUST_013297,0.9991788,1,1,High Risk
CUST_013298,0.0035837747,0,0,Low Risk
CUST_013299,0.037488285,0,0,Low Risk
CUST_013300,0.0642458,0,0,Low Risk
CUST_013301,0.014606704,0,0,Low Risk
CUST_013302,0.0179861,0,0,Low Risk
CUST_013303,0.054306477,0,0,Low Risk
CUST_013304,0.99976236,1,1,High Risk
CUST_013305,0.012995304,0,0,Low Risk
CUST_013306,0.003264607,0,0,Low Risk
CUST_013307,0.05859205,0,0,Low Risk
CUST_013308,0.082302645,0,0,Low Risk
CUST_013309,0.043556232,0,0,Low Risk
CUST_013310,0.008331286,0,0,Low Risk
CUST_013311,0.9910909,1,1,High Risk
CUST_013312,0.0031336662,0,0,Low Risk
CUST_013313,0.9985399,1,1,High Risk
CUST_013314,0.045132324,0,0,Low Risk
CUST_013315,0.013847412,0,0,Low Risk
CUST_013316,0.011853361,0,0,Low Risk
CUST_013317,0.9994778,1,1,High Risk
CUST_013318,0.03306834,0,0,Low Risk
CUST_013319,0.999008,1,1,High Risk
CUST_013320,0.08367905,0,0,Low Risk
CUST_013321,0.023455339,0,0,Low Risk
CUST_013322,0.9694602,1,1,High Risk
CUST_013323,0.029652458,0,0,Low Risk
CUST_013324,0.044352856,0,0,Low Risk
CUST_013325,0.006327171,0,0,Low Risk
CUST_013326,0.0058227303,0,0,Low Risk
CUST_013327,0.99981886,1,1,High Risk
CUST_013328,0.0071048597,0,0,Low Risk
CUST_013329,0.06501663,0,0,Low Risk
CUST_013330,0.9973447,1,1,High Risk
CUST_013331,0.019993499,0,0,Low Risk
CUST_013332,0.01741832,0,0,Low Risk
CUST_013333,0.99909604,1,1,High Risk
CUST_013334,0.002260841,0,0,Low Risk
CUST_013335,0.07611001,0,0,Low Risk
CUST_013336,0.23190744,0,0,Low Risk
CUST_013337,0.0021356156,0,0,Low Risk
CUST_013338,0.018503938,0,0,Low Risk
CUST_013339,0.012485384,0,0,Low Risk
CUST_013340,0.9993832,1,1,High Risk
CUST_013341,0.022419091,0,0,Low Risk
CUST_013342,0.93971735,1,1,High Risk
CUST_013343,0.20574294,0,0,Low Risk
CUST_013344,0.062485594,0,0,Low Risk
CUST_013345,0.009395759,0,0,Low Risk
CUST_013346,0.01318864,0,0,Low Risk
CUST_013347,0.015351885,0,0,Low Risk
CUST_013348,0.048034567,0,0,Low Risk
CUST_013349,0.022473121,0,0,Low Risk
CUST_013350,0.085812375,0,0,Low Risk
CUST_013351,0.06343978,0,0,Low Risk
CUST_013352,0.02312855,0,0,Low Risk
CUST_013353,0.9997018,1,1,High Risk
CUST_013354,0.0048145894,0,0,Low Risk
CUST_013355,0.022834187,0,0,Low Risk
CUST_013356,0.99638957,1,1,High Risk
CUST_013357,0.20764223,0,0,Low Risk
CUST_013358,0.027965996,0,0,Low Risk
CUST_013359,0.02566688,0,0,Low Risk
CUST_013360,0.07565002,0,0,Low Risk
CUST_013361,0.0017488428,0,0,Low Risk
CUST_013362,0.07597772,0,0,Low Risk
CUST_013363,0.0032085092,0,0,Low Risk
CUST_013364,0.007919398,0,0,Low Risk
CUST_013365,0.12666237,0,0,Low Risk
CUST_013366,0.018667802,0,0,Low Risk
CUST_013367,0.07454479,0,0,Low Risk
CUST_013368,0.99566805,1,1,High Risk
CUST_013369,0.02119198,0,0,Low Risk
CUST_013370,0.9966157,1,1,High Risk
CUST_013371,0.031307485,0,0,Low Risk
CUST_013372,0.021600217,0,0,Low Risk
CUST_013373,0.027222993,0,0,Low Risk
CUST_013374,0.99931455,1,1,High Risk
CUST_013375,0.0057544187,0,0,Low Risk
CUST_013376,0.016181845,0,0,Low Risk
CUST_013377,0.9975108,1,1,High Risk
CUST_013378,0.065848395,0,0,Low Risk
CUST_013379,0.07027242,0,0,Low Risk
CUST_013380,0.9979418,1,1,High Risk
CUST_013381,0.0391204,0,0,Low Risk
CUST_013382,0.031535827,0,0,Low Risk
CUST_013383,0.024032941,0,0,Low Risk
CUST_013384,0.99644023,1,1,High Risk
CUST_013385,0.03685361,0,0,Low Risk
CUST_013386,0.006447416,0,0,Low Risk
CUST_013387,0.007343518,0,0,Low Risk
CUST_013388,0.87472296,1,1,High Risk
CUST_013389,0.0104526,0,0,Low Risk
CUST_013390,0.009960333,0,0,Low Risk
CUST_013391,0.01946024,0,0,Low Risk
CUST_013392,0.0036484404,0,0,Low Risk
CUST_013393,0.2630811,0,0,Low Risk
CUST_013394,0.9992231,1,1,High Risk
CUST_013395,0.0048672766,0,0,Low Risk
CUST_013396,0.024073172,0,0,Low Risk
CUST_013397,0.99975806,1,1,High Risk
CUST_013398,0.8506711,1,1,High Risk
CUST_013399,0.05680972,0,0,Low Risk
CUST_013400,0.61793876,1,1,Medium Risk
CUST_013401,0.01731204,0,0,Low Risk
CUST_013402,0.061875653,0,0,Low Risk
CUST_013403,0.00836743,0,0,Low Risk
CUST_013404,0.99939597,1,1,High Risk
CUST_013405,0.9992785,1,1,High Risk
CUST_013406,0.9908392,1,1,High Risk
CUST_013407,0.008094741,0,0,Low Risk
CUST_013408,0.00069551077,0,0,Low Risk
CUST_013409,0.0038333647,0,0,Low Risk
CUST_013410,0.0065746526,0,0,Low Risk
CUST_013411,0.018174669,0,0,Low Risk
CUST_013412,0.028982751,0,0,Low Risk
CUST_013413,0.9994103,1,1,High Risk
CUST_013414,0.9640469,1,1,High Risk
CUST_013415,0.010930186,0,0,Low Risk
CUST_013416,0.007962564,0,0,Low Risk
CUST_013417,0.055308457,0,0,Low Risk
CUST_013418,0.062809795,0,0,Low Risk
CUST_013419,0.99834895,1,1,High Risk
CUST_013420,0.18541695,0,0,Low Risk
CUST_013421,0.096614026,0,0,Low Risk
CUST_013422,0.00945271,0,0,Low Risk
CUST_013423,0.04323522,0,0,Low Risk
CUST_013424,0.018534612,0,0,Low Risk
CUST_013425,0.0077390345,0,0,Low Risk
CUST_013426,0.9996132,1,1,High Risk
CUST_013427,0.023167161,0,0,Low Risk
CUST_013428,0.99972695,1,1,High Risk
CUST_013429,0.9990396,1,1,High Risk
CUST_013430,0.019486109,0,0,Low Risk
CUST_013431,0.028612472,0,0,Low Risk
CUST_013432,0.0018922338,0,0,Low Risk
CUST_013433,0.99938583,1,1,High Risk
CUST_013434,0.008469387,0,0,Low Risk
CUST_013435,0.99353516,1,1,High Risk
CUST_013436,0.9944998,1,1,High Risk
CUST_013437,0.003268313,0,0,Low Risk
CUST_013438,0.022841273,0,0,Low Risk
CUST_013439,0.01910276,0,0,Low Risk
CUST_013440,0.22717747,0,0,Low Risk
CUST_013441,0.15753768,0,0,Low Risk
CUST_013442,0.96430093,1,1,High Risk
CUST_013443,0.020348914,0,0,Low Risk
CUST_013444,0.012202126,0,0,Low Risk
CUST_013445,0.08142977,0,0,Low Risk
CUST_013446,0.99970454,1,1,High Risk
CUST_013447,0.9997048,1,1,High Risk
CUST_013448,0.71639633,1,1,High Risk
CUST_013449,0.04389787,0,0,Low Risk
CUST_013450,0.11991909,0,0,Low Risk
CUST_013451,0.013709657,0,0,Low Risk
CUST_013452,0.9988341,1,1,High Risk
CUST_013453,0.0086851325,0,0,Low Risk
CUST_013454,0.015506785,0,0,Low Risk
CUST_013455,0.30622554,0,0,Low Risk
CUST_013456,0.071999736,0,0,Low Risk
CUST_013457,0.017499143,0,0,Low Risk
CUST_013458,0.3890366,0,0,Medium Risk
CUST_013459,0.030429684,0,0,Low Risk
CUST_013460,0.60934794,1,0,Medium Risk
CUST_013461,0.9990345,1,1,High Risk
CUST_013462,0.00978602,0,0,Low Risk
CUST_013463,0.1371875,0,0,Low Risk
CUST_013464,0.036307044,0,0,Low Risk
CUST_013465,0.051396526,0,0,Low Risk
CUST_013466,0.99691916,1,1,High Risk
CUST_013467,0.14525944,0,0,Low Risk
CUST_013468,0.0038319884,0,0,Low Risk
CUST_013469,0.9935607,1,1,High Risk
CUST_013470,0.68140376,1,0,High Risk
CUST_013471,0.023950288,0,0,Low Risk
CUST_013472,0.017476398,0,0,Low Risk
CUST_013473,0.99977857,1,1,High Risk
CUST_013474,0.02725332,0,0,Low Risk
CUST_013475,0.04908562,0,0,Low Risk
CUST_013476,0.048910357,0,0,Low Risk
CUST_013477,0.060644772,0,0,Low Risk
CUST_013478,0.0067398543,0,0,Low Risk
CUST_013479,0.0039202403,0,0,Low Risk
CUST_013480,0.99246615,1,1,High Risk
CUST_013481,0.015218499,0,0,Low Risk
CUST_013482,0.9998784,1,1,High Risk
CUST_013483,0.021963704,0,0,Low Risk
CUST_013484,0.9818302,1,1,High Risk
CUST_013485,0.047373176,0,0,Low Risk
CUST_013486,0.010268815,0,0,Low Risk
CUST_013487,0.9940942,1,1,High Risk
CUST_013488,0.07983363,0,0,Low Risk
CUST_013489,0.049653742,0,0,Low Risk
CUST_013490,0.039482314,0,0,Low Risk
CUST_013491,0.005198874,0,0,Low Risk
CUST_013492,0.018724553,0,0,Low Risk
CUST_013493,0.9994073,1,1,High Risk
CUST_013494,0.03224986,0,0,Low Risk
CUST_013495,0.009217453,0,0,Low Risk
CUST_013496,0.012151096,0,0,Low Risk
CUST_013497,0.99925333,1,1,High Risk
CUST_013498,0.4153466,0,0,Medium Risk
CUST_013499,0.033949267,0,0,Low Risk
CUST_013500,0.026726346,0,0,Low Risk
CUST_013501,0.9998852,1,1,High Risk
CUST_013502,0.99903154,1,1,High Risk
CUST_013503,0.013970199,0,0,Low Risk
CUST_013504,0.0023141154,0,0,Low Risk
CUST_013505,0.034723125,0,0,Low Risk
CUST_013506,0.04711219,0,0,Low Risk
CUST_013507,0.9995435,1,1,High Risk
CUST_013508,0.013816386,0,0,Low Risk
CUST_013509,0.019428812,0,0,Low Risk
CUST_013510,0.99983335,1,1,High Risk
CUST_013511,0.06282428,0,0,Low Risk
CUST_013512,0.23556471,0,0,Low Risk
CUST_013513,0.02035547,0,0,Low Risk
CUST_013514,0.9988024,1,1,High Risk
CUST_013515,0.034937765,0,0,Low Risk
CUST_013516,0.36321822,0,0,Medium Risk
CUST_013517,0.25100154,0,0,Low Risk
CUST_013518,0.9987213,1,1,High Risk
CUST_013519,0.033297587,0,0,Low Risk
CUST_013520,0.025869403,0,0,Low Risk
CUST_013521,0.9997608,1,1,High Risk
CUST_013522,0.7361821,1,1,High Risk
CUST_013523,0.015659811,0,0,Low Risk
CUST_013524,0.08637469,0,0,Low Risk
CUST_013525,0.9868946,1,1,High Risk
CUST_013526,0.9900997,1,1,High Risk
CUST_013527,0.007924855,0,0,Low Risk
CUST_013528,0.023980003,0,0,Low Risk
CUST_013529,0.99880755,1,1,High Risk
CUST_013530,0.0495746,0,0,Low Risk
CUST_013531,0.014405159,0,0,Low Risk
CUST_013532,0.0290976,0,0,Low Risk
CUST_013533,0.011960664,0,0,Low Risk
CUST_013534,0.012684283,0,0,Low Risk
CUST_013535,0.0020419592,0,0,Low Risk
CUST_013536,0.9990766,1,1,High Risk
CUST_013537,0.12909834,0,0,Low Risk
CUST_013538,0.056683026,0,0,Low Risk
CUST_013539,0.057104792,0,0,Low Risk
CUST_013540,0.0059469435,0,0,Low Risk
CUST_013541,0.16385856,0,0,Low Risk
CUST_013542,0.99407756,1,1,High Risk
CUST_013543,0.2979047,0,0,Low Risk
CUST_013544,0.012654562,0,0,Low Risk
CUST_013545,0.9993679,1,1,High Risk
CUST_013546,0.042316638,0,0,Low Risk
CUST_013547,0.14140768,0,0,Low Risk
CUST_013548,0.99963295,1,1,High Risk
CUST_013549,0.9977209,1,1,High Risk
CUST_013550,0.9561089,1,1,High Risk
CUST_013551,0.9998683,1,1,High Risk
CUST_013552,0.021803286,0,0,Low Risk
CUST_013553,0.115397565,0,0,Low Risk
CUST_013554,0.07314086,0,0,Low Risk
CUST_013555,0.021353507,0,0,Low Risk
CUST_013556,0.9981357,1,1,High Risk
CUST_013557,0.028919073,0,0,Low Risk
CUST_013558,0.0028924868,0,0,Low Risk
CUST_013559,0.07328034,0,0,Low Risk
CUST_013560,0.0125588095,0,0,Low Risk
CUST_013561,0.013433032,0,0,Low Risk
CUST_013562,0.051095266,0,0,Low Risk
CUST_013563,0.060466826,0,0,Low Risk
CUST_013564,0.9988819,1,1,High Risk
CUST_013565,0.020191323,0,0,Low Risk
CUST_013566,0.025008582,0,0,Low Risk
CUST_013567,0.014743069,0,0,Low Risk
CUST_013568,0.029827474,0,0,Low Risk
CUST_013569,0.0066501717,0,0,Low Risk
CUST_013570,0.007582683,0,0,Low Risk
CUST_013571,0.07144085,0,0,Low Risk
CUST_013572,0.09141131,0,0,Low Risk
CUST_013573,0.9947621,1,1,High Risk
CUST_013574,0.011262058,0,0,Low Risk
CUST_013575,0.9997178,1,1,High Risk
CUST_013576,0.022485003,0,0,Low Risk
CUST_013577,0.0062793544,0,0,Low Risk
CUST_013578,0.9973091,1,1,High Risk
CUST_013579,0.019017631,0,0,Low Risk
CUST_013580,0.9988794,1,1,High Risk
CUST_013581,0.018510843,0,0,Low Risk
CUST_013582,0.018483387,0,0,Low Risk
CUST_013583,0.06750941,0,0,Low Risk
CUST_013584,0.03169839,0,0,Low Risk
CUST_013585,0.07463107,0,0,Low Risk
CUST_013586,0.22089003,0,0,Low Risk
CUST_013587,0.99628925,1,1,High Risk
CUST_013588,0.04065603,0,0,Low Risk
CUST_013589,0.016808737,0,0,Low Risk
CUST_013590,0.017722134,0,0,Low Risk
CUST_013591,0.027770095,0,0,Low Risk
CUST_013592,0.16329445,0,0,Low Risk
CUST_013593,0.08072292,0,0,Low Risk
CUST_013594,0.93860966,1,1,High Risk
CUST_013595,0.59696525,1,0,Medium Risk
CUST_013596,0.999498,1,1,High Risk
CUST_013597,0.025889236,0,0,Low Risk
CUST_013598,0.9930735,1,1,High Risk
CUST_013599,0.00904887,0,0,Low Risk
CUST_013600,0.003121906,0,0,Low Risk
CUST_013601,0.007925893,0,0,Low Risk
CUST_013602,0.030573817,0,0,Low Risk
CUST_013603,0.017253835,0,0,Low Risk
CUST_013604,0.040123448,0,0,Low Risk
CUST_013605,0.9942128,1,1,High Risk
CUST_013606,0.054232717,0,0,Low Risk
CUST_013607,0.013498429,0,0,Low Risk
CUST_013608,0.019105723,0,0,Low Risk
CUST_013609,0.017937627,0,0,Low Risk
CUST_013610,0.9978356,1,1,High Risk
CUST_013611,0.008079491,0,0,Low Risk
CUST_013612,0.010352995,0,0,Low Risk
CUST_013613,0.9990758,1,1,High Risk
CUST_013614,0.004282062,0,0,Low Risk
CUST_013615,0.99946374,1,1,High Risk
CUST_013616,0.015372564,0,0,Low Risk
CUST_013617,0.03547866,0,0,Low Risk
CUST_013618,0.005029082,0,0,Low Risk
CUST_013619,0.99619436,1,1,High Risk
CUST_013620,0.011104694,0,0,Low Risk
CUST_013621,0.027908277,0,0,Low Risk
CUST_013622,0.9752983,1,1,High Risk
CUST_013623,0.052744888,0,0,Low Risk
CUST_013624,0.9983889,1,1,High Risk
CUST_013625,0.0032063674,0,0,Low Risk
CUST_013626,0.016853895,0,0,Low Risk
CUST_013627,0.011232178,0,0,Low Risk
CUST_013628,0.2320551,0,0,Low Risk
CUST_013629,0.41871205,0,0,Medium Risk
CUST_013630,0.0035263898,0,0,Low Risk
CUST_013631,0.9989328,1,1,High Risk
CUST_013632,0.009001348,0,0,Low Risk
CUST_013633,0.008523818,0,0,Low Risk
CUST_013634,0.029042156,0,0,Low Risk
CUST_013635,0.024586761,0,0,Low Risk
CUST_013636,0.23406284,0,1,Low Risk
CUST_013637,0.0119493045,0,0,Low Risk
CUST_013638,0.99893326,1,1,High Risk
CUST_013639,0.010497964,0,0,Low Risk
CUST_013640,0.9993337,1,1,High Risk
CUST_013641,0.015126998,0,0,Low Risk
CUST_013642,0.9898818,1,1,High Risk
CUST_013643,0.0069188043,0,0,Low Risk
CUST_013644,0.044168733,0,0,Low Risk
CUST_013645,0.03384653,0,0,Low Risk
CUST_013646,0.017718056,0,0,Low Risk
CUST_013647,0.9999014,1,1,High Risk
CUST_013648,0.9989095,1,1,High Risk
CUST_013649,0.029507592,0,0,Low Risk
CUST_013650,0.020841703,0,0,Low Risk
CUST_013651,0.03268768,0,0,Low Risk
CUST_013652,0.27581745,0,1,Low Risk
CUST_013653,0.0054000164,0,0,Low Risk
CUST_013654,0.017987106,0,0,Low Risk
CUST_013655,0.15337598,0,0,Low Risk
CUST_013656,0.99841535,1,1,High Risk
CUST_013657,0.057299204,0,0,Low Risk
CUST_013658,0.997721,1,1,High Risk
CUST_013659,0.004755256,0,0,Low Risk
CUST_013660,0.022307111,0,0,Low Risk
CUST_013661,0.051125407,0,0,Low Risk
CUST_013662,0.022203771,0,0,Low Risk
CUST_013663,0.003351919,0,0,Low Risk
CUST_013664,0.010598193,0,0,Low Risk
CUST_013665,0.00994464,0,0,Low Risk
CUST_013666,0.0707766,0,0,Low Risk
CUST_013667,0.028870331,0,0,Low Risk
CUST_013668,0.06673259,0,0,Low Risk
CUST_013669,0.98507243,1,1,High Risk
CUST_013670,0.015085107,0,0,Low Risk
CUST_013671,0.019760363,0,0,Low Risk
CUST_013672,0.0054964405,0,0,Low Risk
CUST_013673,0.9993839,1,1,High Risk
CUST_013674,0.27769163,0,0,Low Risk
CUST_013675,0.015732951,0,0,Low Risk
CUST_013676,0.006532481,0,0,Low Risk
CUST_013677,0.03543351,0,0,Low Risk
CUST_013678,0.01573618,0,0,Low Risk
CUST_013679,0.05856318,0,0,Low Risk
CUST_013680,0.9960472,1,1,High Risk
CUST_013681,0.9930769,1,1,High Risk
CUST_013682,0.15639776,0,0,Low Risk
CUST_013683,0.0071734106,0,0,Low Risk
CUST_013684,0.05157506,0,0,Low Risk
CUST_013685,0.0024286024,0,0,Low Risk
CUST_013686,0.06392546,0,0,Low Risk
CUST_013687,0.5242555,1,1,Medium Risk
CUST_013688,0.998874,1,1,High Risk
CUST_013689,0.019210493,0,0,Low Risk
CUST_013690,0.064068764,0,0,Low Risk
CUST_013691,0.003042029,0,0,Low Risk
CUST_013692,0.016749658,0,0,Low Risk
CUST_013693,0.5368111,1,1,Medium Risk
CUST_013694,0.022644999,0,0,Low Risk
CUST_013695,0.99817955,1,1,High Risk
CUST_013696,0.05602332,0,0,Low Risk
CUST_013697,0.99901795,1,1,High Risk
CUST_013698,0.39796096,0,1,Medium Risk
CUST_013699,0.99971133,1,1,High Risk
CUST_013700,0.10088502,0,0,Low Risk
CUST_013701,0.04485194,0,0,Low Risk
CUST_013702,0.06421307,0,0,Low Risk
CUST_013703,0.40345553,0,0,Medium Risk
CUST_013704,0.029745234,0,0,Low Risk
CUST_013705,0.21496636,0,0,Low Risk
CUST_013706,0.018864047,0,0,Low Risk
CUST_013707,0.0036932267,0,0,Low Risk
CUST_013708,0.2962135,0,1,Low Risk
CUST_013709,0.013537955,0,0,Low Risk
CUST_013710,0.0050476645,0,0,Low Risk
CUST_013711,0.012239379,0,0,Low Risk
CUST_013712,0.11677339,0,0,Low Risk
CUST_013713,0.018220887,0,0,Low Risk
CUST_013714,0.023077017,0,0,Low Risk
CUST_013715,0.15523772,0,0,Low Risk
CUST_013716,0.0052105365,0,0,Low Risk
CUST_013717,0.022723315,0,0,Low Risk
CUST_013718,0.050603922,0,0,Low Risk
CUST_013719,0.0068396693,0,0,Low Risk
CUST_013720,0.9989974,1,1,High Risk
CUST_013721,0.03047387,0,1,Low Risk
CUST_013722,0.07305029,0,0,Low Risk
CUST_013723,0.041114654,0,0,Low Risk
CUST_013724,0.6215073,1,1,Medium Risk
CUST_013725,0.03363898,0,0,Low Risk
CUST_013726,0.24558505,0,0,Low Risk
CUST_013727,0.058980495,0,0,Low Risk
CUST_013728,0.019518308,0,0,Low Risk
CUST_013729,0.021122953,0,0,Low Risk
CUST_013730,0.22750075,0,0,Low Risk
CUST_013731,0.99863106,1,1,High Risk
CUST_013732,0.27153894,0,0,Low Risk
CUST_013733,0.03317195,0,0,Low Risk
CUST_013734,0.994559,1,1,High Risk
CUST_013735,0.9965455,1,1,High Risk
CUST_013736,0.65296483,1,1,High Risk
CUST_013737,0.999057,1,1,High Risk
CUST_013738,0.99963903,1,1,High Risk
CUST_013739,0.015935177,0,0,Low Risk
CUST_013740,0.99712676,1,1,High Risk
CUST_013741,0.003310825,0,0,Low Risk
CUST_013742,0.9291002,1,1,High Risk
CUST_013743,0.03653312,0,0,Low Risk
CUST_013744,0.0076047825,0,0,Low Risk
CUST_013745,0.036984578,0,0,Low Risk
CUST_013746,0.11511616,0,0,Low Risk
CUST_013747,0.014884639,0,0,Low Risk
CUST_013748,0.030962894,0,0,Low Risk
CUST_013749,0.015858201,0,0,Low Risk
CUST_013750,0.0155825205,0,0,Low Risk
CUST_013751,0.99897563,1,1,High Risk
CUST_013752,0.057447243,0,0,Low Risk
CUST_013753,0.009725748,0,0,Low Risk
CUST_013754,0.014304595,0,0,Low Risk
CUST_013755,0.08096408,0,0,Low Risk
CUST_013756,0.101414785,0,0,Low Risk
CUST_013757,0.043759678,0,0,Low Risk
CUST_013758,0.053599723,0,0,Low Risk
CUST_013759,0.24966538,0,0,Low Risk
CUST_013760,0.9972541,1,1,High Risk
CUST_013761,0.031588405,0,0,Low Risk
CUST_013762,0.027872745,0,0,Low Risk
CUST_013763,0.06453621,0,0,Low Risk
CUST_013764,0.047642104,0,0,Low Risk
CUST_013765,0.9989398,1,1,High Risk
CUST_013766,0.006883983,0,0,Low Risk
CUST_013767,0.11670133,0,0,Low Risk
CUST_013768,0.14636275,0,0,Low Risk
CUST_013769,0.99898976,1,1,High Risk
CUST_013770,0.04348176,0,0,Low Risk
CUST_013771,0.99971217,1,1,High Risk
CUST_013772,0.9980362,1,1,High Risk
CUST_013773,0.99937385,1,1,High Risk
CUST_013774,0.9989537,1,1,High Risk
CUST_013775,0.03682796,0,0,Low Risk
CUST_013776,0.022180893,0,0,Low Risk
CUST_013777,0.0100712,0,0,Low Risk
CUST_013778,0.050314724,0,0,Low Risk
CUST_013779,0.062766194,0,0,Low Risk
CUST_013780,0.1191039,0,0,Low Risk
CUST_013781,0.018369772,0,0,Low Risk
CUST_013782,0.99986756,1,1,High Risk
CUST_013783,0.019706652,0,0,Low Risk
CUST_013784,0.9880493,1,1,High Risk
CUST_013785,0.006390119,0,0,Low Risk
CUST_013786,0.0050745863,0,0,Low Risk
CUST_013787,0.33775616,0,0,Low Risk
CUST_013788,0.07153911,0,0,Low Risk
CUST_013789,0.9972,1,1,High Risk
CUST_013790,0.013701245,0,0,Low Risk
CUST_013791,0.021866407,0,0,Low Risk
CUST_013792,0.16707425,0,0,Low Risk
CUST_013793,0.04659787,0,0,Low Risk
CUST_013794,0.055832352,0,0,Low Risk
CUST_013795,0.013402341,0,0,Low Risk
CUST_013796,0.15086454,0,0,Low Risk
CUST_013797,0.01898133,0,0,Low Risk
CUST_013798,0.040542964,0,0,Low Risk
CUST_013799,0.999009,1,1,High Risk
CUST_013800,0.9995326,1,1,High Risk
CUST_013801,0.018569354,0,0,Low Risk
CUST_013802,0.22689663,0,0,Low Risk
CUST_013803,0.044017788,0,0,Low Risk
CUST_013804,0.035896573,0,0,Low Risk
CUST_013805,0.0093884785,0,0,Low Risk
CUST_013806,0.012492735,0,0,Low Risk
CUST_013807,0.026503444,0,0,Low Risk
CUST_013808,0.050359484,0,0,Low Risk
CUST_013809,0.0038582839,0,0,Low Risk
CUST_013810,0.0051617674,0,0,Low Risk
CUST_013811,0.04212631,0,0,Low Risk
CUST_013812,0.29598445,0,0,Low Risk
CUST_013813,0.021843787,0,0,Low Risk
CUST_013814,0.017533395,0,0,Low Risk
CUST_013815,0.99897647,1,1,High Risk
CUST_013816,0.014588747,0,0,Low Risk
CUST_013817,0.010862499,0,0,Low Risk
CUST_013818,0.017442109,0,0,Low Risk
CUST_013819,0.8264088,1,1,High Risk
CUST_013820,0.015083888,0,0,Low Risk
CUST_013821,0.013210309,0,0,Low Risk
CUST_013822,0.116326585,0,0,Low Risk
CUST_013823,0.99265903,1,1,High Risk
CUST_013824,0.2091346,0,0,Low Risk
CUST_013825,0.0402916,0,0,Low Risk
CUST_013826,0.99940336,1,1,High Risk
CUST_013827,0.010783235,0,0,Low Risk
CUST_013828,0.013251292,0,0,Low Risk
CUST_013829,0.09123772,0,0,Low Risk
CUST_013830,0.027147235,0,0,Low Risk
CUST_013831,0.018238155,0,0,Low Risk
CUST_013832,0.9996842,1,1,High Risk
CUST_013833,0.52721924,1,1,Medium Risk
CUST_013834,0.018860376,0,0,Low Risk
CUST_013835,0.99506515,1,1,High Risk
CUST_013836,0.9930233,1,1,High Risk
CUST_013837,0.9976878,1,1,High Risk
CUST_013838,0.019109428,0,0,Low Risk
CUST_013839,0.0071788193,0,0,Low Risk
CUST_013840,0.111868486,0,0,Low Risk
CUST_013841,0.008270734,0,0,Low Risk
CUST_013842,0.007372017,0,0,Low Risk
CUST_013843,0.0032526196,0,0,Low Risk
CUST_013844,0.038843676,0,0,Low Risk
CUST_013845,0.3938147,0,0,Medium Risk
CUST_013846,0.027902074,0,0,Low Risk
CUST_013847,0.0143647175,0,0,Low Risk
CUST_013848,0.034643095,0,0,Low Risk
CUST_013849,0.9923847,1,1,High Risk
CUST_013850,0.010296937,0,0,Low Risk
CUST_013851,0.0056616124,0,0,Low Risk
CUST_013852,0.26849422,0,0,Low Risk
CUST_013853,0.008463968,0,0,Low Risk
CUST_013854,0.06647205,0,0,Low Risk
CUST_013855,0.62327313,1,1,Medium Risk
CUST_013856,0.9979736,1,1,High Risk
CUST_013857,0.27802598,0,0,Low Risk
CUST_013858,0.99944943,1,1,High Risk
CUST_013859,0.024443151,0,0,Low Risk
CUST_013860,0.031030288,0,0,Low Risk
CUST_013861,0.03857079,0,0,Low Risk
CUST_013862,0.04703883,0,0,Low Risk
CUST_013863,0.033152387,0,0,Low Risk
CUST_013864,0.07186065,0,0,Low Risk
CUST_013865,0.044492155,0,0,Low Risk
CUST_013866,0.043274518,0,0,Low Risk
CUST_013867,0.0113615,0,0,Low Risk
CUST_013868,0.031293757,0,0,Low Risk
CUST_013869,0.99946576,1,1,High Risk
CUST_013870,0.99697006,1,1,High Risk
CUST_013871,0.99970573,1,1,High Risk
CUST_013872,0.76179004,1,1,High Risk
CUST_013873,0.9988943,1,1,High Risk
CUST_013874,0.027406005,0,0,Low Risk
CUST_013875,0.0074835448,0,0,Low Risk
CUST_013876,0.009049781,0,0,Low Risk
CUST_013877,0.99911267,1,1,High Risk
CUST_013878,0.87552315,1,1,High Risk
CUST_013879,0.537065,1,1,Medium Risk
CUST_013880,0.60388684,1,0,Medium Risk
CUST_013881,0.9987331,1,1,High Risk
CUST_013882,0.9998566,1,1,High Risk
CUST_013883,0.89184874,1,1,High Risk
CUST_013884,0.027047755,0,0,Low Risk
CUST_013885,0.9996062,1,1,High Risk
CUST_013886,0.99877125,1,1,High Risk
CUST_013887,0.9980477,1,1,High Risk
CUST_013888,0.99827456,1,1,High Risk
CUST_013889,0.006736079,0,0,Low Risk
CUST_013890,0.9771558,1,1,High Risk
CUST_013891,0.99956447,1,1,High Risk
CUST_013892,0.99844897,1,1,High Risk
CUST_013893,0.058619387,0,0,Low Risk
CUST_013894,0.011099244,0,0,Low Risk
CUST_013895,0.037442107,0,0,Low Risk
CUST_013896,0.011298061,0,0,Low Risk
CUST_013897,0.025623055,0,0,Low Risk
CUST_013898,0.81689274,1,1,High Risk
CUST_013899,0.04613284,0,0,Low Risk
CUST_013900,0.046719704,0,0,Low Risk
CUST_013901,0.007439333,0,0,Low Risk
CUST_013902,0.0018210436,0,0,Low Risk
CUST_013903,0.046852827,0,0,Low Risk
CUST_013904,0.4167702,0,0,Medium Risk
CUST_013905,0.022402836,0,0,Low Risk
CUST_013906,0.95693827,1,1,High Risk
CUST_013907,0.014659419,0,0,Low Risk
CUST_013908,0.67288464,1,1,High Risk
CUST_013909,0.113660194,0,0,Low Risk
CUST_013910,0.0057373066,0,0,Low Risk
CUST_013911,0.999196,1,1,High Risk
CUST_013912,0.9996289,1,1,High Risk
CUST_013913,0.0033724061,0,0,Low Risk
CUST_013914,0.24836929,0,0,Low Risk
CUST_013915,0.078165084,0,0,Low Risk
CUST_013916,0.029571662,0,0,Low Risk
CUST_013917,0.99663746,1,1,High Risk
CUST_013918,0.9865698,1,1,High Risk
CUST_013919,0.99922335,1,1,High Risk
CUST_013920,0.0067338436,0,0,Low Risk
CUST_013921,0.009532255,0,0,Low Risk
CUST_013922,0.013339519,0,0,Low Risk
CUST_013923,0.0062494124,0,0,Low Risk
CUST_013924,0.043933813,0,0,Low Risk
CUST_013925,0.006854786,0,0,Low Risk
CUST_013926,0.0062588365,0,0,Low Risk
CUST_013927,0.022110114,0,0,Low Risk
CUST_013928,0.99762076,1,1,High Risk
CUST_013929,0.010598739,0,0,Low Risk
CUST_013930,0.024702463,0,0,Low Risk
CUST_013931,0.17865534,0,0,Low Risk
CUST_013932,0.0022190372,0,0,Low Risk
CUST_013933,0.47297755,0,1,Medium Risk
CUST_013934,0.03229812,0,0,Low Risk
CUST_013935,0.43527222,0,0,Medium Risk
CUST_013936,0.013814704,0,0,Low Risk
CUST_013937,0.08817772,0,0,Low Risk
CUST_013938,0.9509556,1,1,High Risk
CUST_013939,0.027870074,0,0,Low Risk
CUST_013940,0.014915609,0,0,Low Risk
CUST_013941,0.009269612,0,0,Low Risk
CUST_013942,0.17192882,0,0,Low Risk
CUST_013943,0.13171907,0,0,Low Risk
CUST_013944,0.031298555,0,0,Low Risk
CUST_013945,0.2238023,0,0,Low Risk
CUST_013946,0.013703919,0,0,Low Risk
CUST_013947,0.023857523,0,0,Low Risk
CUST_013948,0.032240257,0,0,Low Risk
CUST_013949,0.032243464,0,0,Low Risk
CUST_013950,0.41030276,0,0,Medium Risk
CUST_013951,0.06686427,0,0,Low Risk
CUST_013952,0.18713461,0,0,Low Risk
CUST_013953,0.01166378,0,0,Low Risk
CUST_013954,0.5459715,1,0,Medium Risk
CUST_013955,0.055626553,0,0,Low Risk
CUST_013956,0.9993462,1,1,High Risk
CUST_013957,0.0074830134,0,0,Low Risk
CUST_013958,0.28139624,0,0,Low Risk
CUST_013959,0.03330976,0,0,Low Risk
CUST_013960,0.06110697,0,0,Low Risk
CUST_013961,0.028166339,0,0,Low Risk
CUST_013962,0.023365542,0,0,Low Risk
CUST_013963,0.02986881,0,0,Low Risk
CUST_013964,0.0052359775,0,0,Low Risk
CUST_013965,0.006415218,0,0,Low Risk
CUST_013966,0.4087623,0,0,Medium Risk
CUST_013967,0.031083308,0,0,Low Risk
CUST_013968,0.99724185,1,1,High Risk
CUST_013969,0.008504111,0,0,Low Risk
CUST_013970,0.9980268,1,1,High Risk
CUST_013971,0.99985886,1,1,High Risk
CUST_013972,0.99969876,1,1,High Risk
CUST_013973,0.03732431,0,0,Low Risk
CUST_013974,0.9835555,1,1,High Risk
CUST_013975,0.003869924,0,0,Low Risk
CUST_013976,0.9967687,1,1,High Risk
CUST_013977,0.999097,1,1,High Risk
CUST_013978,0.081936106,0,0,Low Risk
CUST_013979,0.0050286856,0,0,Low Risk
CUST_013980,0.0014473936,0,0,Low Risk
CUST_013981,0.9997888,1,1,High Risk
CUST_013982,0.99829966,1,1,High Risk
CUST_013983,0.007923924,0,0,Low Risk
CUST_013984,0.44107482,0,0,Medium Risk
CUST_013985,0.013197083,0,0,Low Risk
CUST_013986,0.9957777,1,1,High Risk
CUST_013987,0.008478121,0,0,Low Risk
CUST_013988,0.95127267,1,1,High Risk
CUST_013989,0.109037496,0,0,Low Risk
CUST_013990,0.027615614,0,0,Low Risk
CUST_013991,0.035386585,0,0,Low Risk
CUST_013992,0.022449344,0,0,Low Risk
CUST_013993,0.0017655189,0,0,Low Risk
CUST_013994,0.0044204514,0,0,Low Risk
CUST_013995,0.010229736,0,0,Low Risk
CUST_013996,0.08901647,0,0,Low Risk
CUST_013997,0.009721996,0,0,Low Risk
CUST_013998,0.01395184,0,0,Low Risk
CUST_013999,0.046741646,0,0,Low Risk
CUST_014000,0.9990382,1,1,High Risk
CUST_014001,0.0067436066,0,0,Low Risk
CUST_014002,0.04736759,0,0,Low Risk
CUST_014003,0.016678642,0,0,Low Risk
CUST_014004,0.027385104,0,0,Low Risk
CUST_014005,0.11434646,0,0,Low Risk
CUST_014006,0.011393633,0,0,Low Risk
CUST_014007,0.9995183,1,1,High Risk
CUST_014008,0.0043613072,0,0,Low Risk
CUST_014009,0.34545448,0,0,Low Risk
CUST_014010,0.07911194,0,0,Low Risk
CUST_014011,0.06707465,0,0,Low Risk
CUST_014012,0.005987052,0,0,Low Risk
CUST_014013,0.017613042,0,0,Low Risk
CUST_014014,0.037526388,0,0,Low Risk
CUST_014015,0.01951726,0,0,Low Risk
CUST_014016,0.053780995,0,0,Low Risk
CUST_014017,0.013870729,0,0,Low Risk
CUST_014018,0.21269104,0,0,Low Risk
CUST_014019,0.027542766,0,0,Low Risk
CUST_014020,0.023862077,0,0,Low Risk
CUST_014021,0.9980926,1,1,High Risk
CUST_014022,0.9998356,1,1,High Risk
CUST_014023,0.03086666,0,0,Low Risk
CUST_014024,0.99910754,1,1,High Risk
CUST_014025,0.023019476,0,0,Low Risk
CUST_014026,0.3134504,0,0,Low Risk
CUST_014027,0.0050096475,0,0,Low Risk
CUST_014028,0.0062467977,0,0,Low Risk
CUST_014029,0.9983632,1,1,High Risk
CUST_014030,0.036182463,0,0,Low Risk
CUST_014031,0.05787317,0,0,Low Risk
CUST_014032,0.97973424,1,1,High Risk
CUST_014033,0.012161672,0,0,Low Risk
CUST_014034,0.11663437,0,0,Low Risk
CUST_014035,0.99670523,1,1,High Risk
CUST_014036,0.10723877,0,0,Low Risk
CUST_014037,0.007549781,0,0,Low Risk
CUST_014038,0.020225704,0,0,Low Risk
CUST_014039,0.04781264,0,0,Low Risk
CUST_014040,0.023977352,0,0,Low Risk
CUST_014041,0.9994273,1,1,High Risk
CUST_014042,0.026251107,0,0,Low Risk
CUST_014043,0.0037482525,0,0,Low Risk
CUST_014044,0.003197408,0,0,Low Risk
CUST_014045,0.0424941,0,0,Low Risk
CUST_014046,0.99832755,1,1,High Risk
CUST_014047,0.98990685,1,1,High Risk
CUST_014048,0.092692405,0,0,Low Risk
CUST_014049,0.0035710623,0,0,Low Risk
CUST_014050,0.9997893,1,1,High Risk
CUST_014051,0.001758222,0,0,Low Risk
CUST_014052,0.9998851,1,1,High Risk
CUST_014053,0.0048699174,0,0,Low Risk
CUST_014054,0.002783809,0,0,Low Risk
CUST_014055,0.006361777,0,0,Low Risk
CUST_014056,0.049067196,0,0,Low Risk
CUST_014057,0.999806,1,1,High Risk
CUST_014058,0.008634446,0,0,Low Risk
CUST_014059,0.05420762,0,0,Low Risk
CUST_014060,0.9917964,1,1,High Risk
CUST_014061,0.66903096,1,1,High Risk
CUST_014062,0.046254136,0,0,Low Risk
CUST_014063,0.9997209,1,1,High Risk
CUST_014064,0.98774105,1,1,High Risk
CUST_014065,0.004323366,0,0,Low Risk
CUST_014066,0.29326773,0,0,Low Risk
CUST_014067,0.0058789533,0,0,Low Risk
CUST_014068,0.97894657,1,1,High Risk
CUST_014069,0.005723893,0,0,Low Risk
CUST_014070,0.007473104,0,0,Low Risk
CUST_014071,0.04091376,0,0,Low Risk
CUST_014072,0.036998596,0,0,Low Risk
CUST_014073,0.031110927,0,0,Low Risk
CUST_014074,0.046738658,0,0,Low Risk
CUST_014075,0.04304226,0,0,Low Risk
CUST_014076,0.99058026,1,1,High Risk
CUST_014077,0.045004033,0,0,Low Risk
CUST_014078,0.12537695,0,0,Low Risk
CUST_014079,0.049685128,0,0,Low Risk
CUST_014080,0.29834834,0,0,Low Risk
CUST_014081,0.99893445,1,1,High Risk
CUST_014082,0.4360355,0,1,Medium Risk
CUST_014083,0.3898816,0,1,Medium Risk
CUST_014084,0.022266712,0,0,Low Risk
CUST_014085,0.005937435,0,0,Low Risk
CUST_014086,0.1608521,0,0,Low Risk
CUST_014087,0.99625885,1,1,High Risk
CUST_014088,0.9990876,1,1,High Risk
CUST_014089,0.028020915,0,0,Low Risk
CUST_014090,0.77012086,1,0,High Risk
CUST_014091,0.08097455,0,0,Low Risk
CUST_014092,0.0033098338,0,0,Low Risk
CUST_014093,0.32659474,0,0,Low Risk
CUST_014094,0.9993247,1,1,High Risk
CUST_014095,0.010214529,0,0,Low Risk
CUST_014096,0.003410407,0,0,Low Risk
CUST_014097,0.028854907,0,0,Low Risk
CUST_014098,0.037890695,0,0,Low Risk
CUST_014099,0.9983032,1,1,High Risk
CUST_014100,0.044231154,0,0,Low Risk
CUST_014101,0.006564706,0,0,Low Risk
CUST_014102,0.003259288,0,0,Low Risk
CUST_014103,0.008594228,0,0,Low Risk
CUST_014104,0.9915616,1,1,High Risk
CUST_014105,0.011334388,0,0,Low Risk
CUST_014106,0.003258445,0,0,Low Risk
CUST_014107,0.9994085,1,1,High Risk
CUST_014108,0.036677223,0,0,Low Risk
CUST_014109,0.38346285,0,0,Medium Risk
CUST_014110,0.014982976,0,0,Low Risk
CUST_014111,0.0034390958,0,0,Low Risk
CUST_014112,0.00826888,0,0,Low Risk
CUST_014113,0.052287832,0,0,Low Risk
CUST_014114,0.04185672,0,0,Low Risk
CUST_014115,0.04326622,0,0,Low Risk
CUST_014116,0.0016347405,0,0,Low Risk
CUST_014117,0.033239055,0,0,Low Risk
CUST_014118,0.8200597,1,1,High Risk
CUST_014119,0.055838965,0,0,Low Risk
CUST_014120,0.023782404,0,0,Low Risk
CUST_014121,0.011678752,0,0,Low Risk
CUST_014122,0.23271216,0,0,Low Risk
CUST_014123,0.0033954873,0,0,Low Risk
CUST_014124,0.019697787,0,0,Low Risk
CUST_014125,0.5625808,1,0,Medium Risk
CUST_014126,0.014910398,0,0,Low Risk
CUST_014127,0.0038530095,0,0,Low Risk
CUST_014128,0.008020241,0,0,Low Risk
CUST_014129,0.021751266,0,0,Low Risk
CUST_014130,0.013215594,0,0,Low Risk
CUST_014131,0.9988248,1,1,High Risk
CUST_014132,0.008417323,0,0,Low Risk
CUST_014133,0.026129222,0,0,Low Risk
CUST_014134,0.05256343,0,0,Low Risk
CUST_014135,0.042699687,0,0,Low Risk
CUST_014136,0.012663215,0,0,Low Risk
CUST_014137,0.124350145,0,0,Low Risk
CUST_014138,0.054198097,0,0,Low Risk
CUST_014139,0.021408677,0,0,Low Risk
CUST_014140,0.14347112,0,0,Low Risk
CUST_014141,0.02346504,0,0,Low Risk
CUST_014142,0.019906254,0,0,Low Risk
CUST_014143,0.014286238,0,0,Low Risk
CUST_014144,0.00757954,0,0,Low Risk
CUST_014145,0.999158,1,1,High Risk
CUST_014146,0.010799171,0,0,Low Risk
CUST_014147,0.052869316,0,0,Low Risk
CUST_014148,0.0040645245,0,0,Low Risk
CUST_014149,0.6223231,1,0,Medium Risk
CUST_014150,0.01729891,0,0,Low Risk
CUST_014151,0.9938836,1,1,High Risk
CUST_014152,0.999747,1,1,High Risk
CUST_014153,0.011963099,0,0,Low Risk
CUST_014154,0.9997936,1,1,High Risk
CUST_014155,0.22044864,0,0,Low Risk
CUST_014156,0.998406,1,1,High Risk
CUST_014157,0.025730025,0,0,Low Risk
CUST_014158,0.032371692,0,0,Low Risk
CUST_014159,0.04671342,0,0,Low Risk
CUST_014160,0.0070649628,0,0,Low Risk
CUST_014161,0.028460065,0,0,Low Risk
CUST_014162,0.033636864,0,0,Low Risk
CUST_014163,0.0141355395,0,0,Low Risk
CUST_014164,0.052952457,0,0,Low Risk
CUST_014165,0.9317606,1,1,High Risk
CUST_014166,0.029792013,0,0,Low Risk
CUST_014167,0.026361048,0,0,Low Risk
CUST_014168,0.012340057,0,0,Low Risk
CUST_014169,0.9994742,1,1,High Risk
CUST_014170,0.99417394,1,1,High Risk
CUST_014171,0.43881938,0,0,Medium Risk
CUST_014172,0.9871732,1,1,High Risk
CUST_014173,0.015067313,0,0,Low Risk
CUST_014174,0.9716439,1,1,High Risk
CUST_014175,0.99921787,1,1,High Risk
CUST_014176,0.016006857,0,0,Low Risk
CUST_014177,0.018891385,0,0,Low Risk
CUST_014178,0.93299246,1,1,High Risk
CUST_014179,0.9995229,1,1,High Risk
CUST_014180,0.9989692,1,1,High Risk
CUST_014181,0.0075658867,0,0,Low Risk
CUST_014182,0.04733577,0,0,Low Risk
CUST_014183,0.42914236,0,0,Medium Risk
CUST_014184,0.033025958,0,0,Low Risk
CUST_014185,0.9966708,1,1,High Risk
CUST_014186,0.016525626,0,0,Low Risk
CUST_014187,0.09823392,0,0,Low Risk
CUST_014188,0.13902517,0,0,Low Risk
CUST_014189,0.041738596,0,0,Low Risk
CUST_014190,0.9943019,1,1,High Risk
CUST_014191,0.0301264,0,0,Low Risk
CUST_014192,0.026291076,0,1,Low Risk
CUST_014193,0.057967715,0,0,Low Risk
CUST_014194,0.01873287,0,0,Low Risk
CUST_014195,0.22321731,0,0,Low Risk
CUST_014196,0.9995647,1,1,High Risk
CUST_014197,0.007514207,0,0,Low Risk
CUST_014198,0.009876371,0,0,Low Risk
CUST_014199,0.022895712,0,0,Low Risk
CUST_014200,0.9995254,1,1,High Risk
CUST_014201,0.07380568,0,0,Low Risk
CUST_014202,0.009518889,0,0,Low Risk
CUST_014203,0.99898046,1,1,High Risk
CUST_014204,0.01654087,0,0,Low Risk
CUST_014205,0.090107985,0,0,Low Risk
CUST_014206,0.0101969,0,0,Low Risk
CUST_014207,0.018362027,0,0,Low Risk
CUST_014208,0.100463256,0,0,Low Risk
CUST_014209,0.01957267,0,0,Low Risk
CUST_014210,0.09787479,0,0,Low Risk
CUST_014211,0.97908175,1,1,High Risk
CUST_014212,0.006618878,0,0,Low Risk
CUST_014213,0.9979888,1,1,High Risk
CUST_014214,0.05347302,0,0,Low Risk
CUST_014215,0.0059948354,0,0,Low Risk
CUST_014216,0.99478096,1,1,High Risk
CUST_014217,0.009087575,0,0,Low Risk
CUST_014218,0.0030050115,0,0,Low Risk
CUST_014219,0.022190088,0,0,Low Risk
CUST_014220,0.03675557,0,0,Low Risk
CUST_014221,0.10190525,0,0,Low Risk
CUST_014222,0.018474236,0,0,Low Risk
CUST_014223,0.025607603,0,0,Low Risk
CUST_014224,0.008132429,0,0,Low Risk
CUST_014225,0.026909612,0,0,Low Risk
CUST_014226,0.008120436,0,0,Low Risk
CUST_014227,0.99584085,1,1,High Risk
CUST_014228,0.026675185,0,0,Low Risk
CUST_014229,0.999673,1,1,High Risk
CUST_014230,0.0061551854,0,0,Low Risk
CUST_014231,0.01840824,0,0,Low Risk
CUST_014232,0.017256131,0,0,Low Risk
CUST_014233,0.023353266,0,0,Low Risk
CUST_014234,0.012234883,0,0,Low Risk
CUST_014235,0.52875084,1,0,Medium Risk
CUST_014236,0.13623093,0,0,Low Risk
CUST_014237,0.034800906,0,0,Low Risk
CUST_014238,0.97935313,1,1,High Risk
CUST_014239,0.025205132,0,0,Low Risk
CUST_014240,0.055373374,0,0,Low Risk
CUST_014241,0.61481434,1,0,Medium Risk
CUST_014242,0.99394774,1,1,High Risk
CUST_014243,0.9997962,1,1,High Risk
CUST_014244,0.0061176303,0,0,Low Risk
CUST_014245,0.22944358,0,0,Low Risk
CUST_014246,0.004358689,0,0,Low Risk
CUST_014247,0.22676219,0,1,Low Risk
CUST_014248,0.023926284,0,0,Low Risk
CUST_014249,0.09515536,0,0,Low Risk
CUST_014250,0.99342257,1,1,High Risk
CUST_014251,0.019392807,0,0,Low Risk
CUST_014252,0.99900573,1,1,High Risk
CUST_014253,0.9992368,1,1,High Risk
CUST_014254,0.006921282,0,0,Low Risk
CUST_014255,0.24251398,0,0,Low Risk
CUST_014256,0.10900227,0,0,Low Risk
CUST_014257,0.08650662,0,0,Low Risk
CUST_014258,0.016189788,0,0,Low Risk
CUST_014259,0.0028494734,0,0,Low Risk
CUST_014260,0.04757281,0,0,Low Risk
CUST_014261,0.03621385,0,0,Low Risk
CUST_014262,0.00974898,0,0,Low Risk
CUST_014263,0.99971026,1,1,High Risk
CUST_014264,0.06799518,0,0,Low Risk
CUST_014265,0.99968374,1,1,High Risk
CUST_014266,0.05791204,0,0,Low Risk
CUST_014267,0.02238585,0,0,Low Risk
CUST_014268,0.048419643,0,0,Low Risk
CUST_014269,0.024690766,0,0,Low Risk
CUST_014270,0.9980585,1,1,High Risk
CUST_014271,0.048320543,0,0,Low Risk
CUST_014272,0.004206634,0,0,Low Risk
CUST_014273,0.031043252,0,0,Low Risk
CUST_014274,0.026764002,0,0,Low Risk
CUST_014275,0.011509305,0,0,Low Risk
CUST_014276,0.010716948,0,0,Low Risk
CUST_014277,0.023640841,0,0,Low Risk
CUST_014278,0.99978465,1,1,High Risk
CUST_014279,0.026057435,0,0,Low Risk
CUST_014280,0.04703615,0,0,Low Risk
CUST_014281,0.9998938,1,1,High Risk
CUST_014282,0.030542096,0,0,Low Risk
CUST_014283,0.9996784,1,1,High Risk
CUST_014284,0.021187497,0,0,Low Risk
CUST_014285,0.048901428,0,0,Low Risk
CUST_014286,0.011040018,0,0,Low Risk
CUST_014287,0.99884546,1,1,High Risk
CUST_014288,0.0647819,0,0,Low Risk
CUST_014289,0.03436554,0,0,Low Risk
CUST_014290,0.018776039,0,0,Low Risk
CUST_014291,0.99516886,1,1,High Risk
CUST_014292,0.0051910398,0,0,Low Risk
CUST_014293,0.013337818,0,0,Low Risk
CUST_014294,0.022685407,0,0,Low Risk
CUST_014295,0.008070885,0,0,Low Risk
CUST_014296,0.26605332,0,0,Low Risk
CUST_014297,0.9984738,1,1,High Risk
CUST_014298,0.012038984,0,0,Low Risk
CUST_014299,0.035272144,0,0,Low Risk
CUST_014300,0.02686597,0,0,Low Risk
CUST_014301,0.07533288,0,0,Low Risk
CUST_014302,0.029734103,0,0,Low Risk
CUST_014303,0.011387828,0,0,Low Risk
CUST_014304,0.034679893,0,0,Low Risk
CUST_014305,0.015571676,0,0,Low Risk
CUST_014306,0.9979633,1,1,High Risk
CUST_014307,0.023615645,0,0,Low Risk
CUST_014308,0.031520218,0,0,Low Risk
CUST_014309,0.016129587,0,0,Low Risk
CUST_014310,0.9996793,1,1,High Risk
CUST_014311,0.0156136835,0,0,Low Risk
CUST_014312,0.99991286,1,1,High Risk
CUST_014313,0.9993674,1,1,High Risk
CUST_014314,0.9949759,1,1,High Risk
CUST_014315,0.02260092,0,0,Low Risk
CUST_014316,0.99888486,1,1,High Risk
CUST_014317,0.016972456,0,0,Low Risk
CUST_014318,0.025919823,0,0,Low Risk
CUST_014319,0.025735913,0,0,Low Risk
CUST_014320,0.033106998,0,0,Low Risk
CUST_014321,0.036193356,0,0,Low Risk
CUST_014322,0.9997707,1,1,High Risk
CUST_014323,0.01074859,0,0,Low Risk
CUST_014324,0.1701619,0,0,Low Risk
CUST_014325,0.99900347,1,1,High Risk
CUST_014326,0.018312735,0,0,Low Risk
CUST_014327,0.0030846335,0,0,Low Risk
CUST_014328,0.008930655,0,0,Low Risk
CUST_014329,0.028770346,0,0,Low Risk
CUST_014330,0.0065801926,0,0,Low Risk
CUST_014331,0.998027,1,1,High Risk
CUST_014332,0.031267032,0,0,Low Risk
CUST_014333,0.0040224916,0,0,Low Risk
CUST_014334,0.048765503,0,0,Low Risk
CUST_014335,0.20618364,0,0,Low Risk
CUST_014336,0.9998505,1,1,High Risk
CUST_014337,0.06373714,0,0,Low Risk
CUST_014338,0.9998498,1,1,High Risk
CUST_014339,0.99855345,1,1,High Risk
CUST_014340,0.99914813,1,1,High Risk
CUST_014341,0.010937565,0,0,Low Risk
CUST_014342,0.008051569,0,0,Low Risk
CUST_014343,0.014144958,0,0,Low Risk
CUST_014344,0.08785551,0,0,Low Risk
CUST_014345,0.033296864,0,0,Low Risk
CUST_014346,0.9973571,1,1,High Risk
CUST_014347,0.017894603,0,0,Low Risk
CUST_014348,0.99953973,1,1,High Risk
CUST_014349,0.121475525,0,0,Low Risk
CUST_014350,0.014220313,0,0,Low Risk
CUST_014351,0.020242307,0,0,Low Risk
CUST_014352,0.039392147,0,0,Low Risk
CUST_014353,0.9998505,1,1,High Risk
CUST_014354,0.030267958,0,0,Low Risk
CUST_014355,0.994925,1,1,High Risk
CUST_014356,0.06118997,0,0,Low Risk
CUST_014357,0.9995726,1,1,High Risk
CUST_014358,0.07080185,0,0,Low Risk
CUST_014359,0.04981716,0,0,Low Risk
CUST_014360,0.9990759,1,1,High Risk
CUST_014361,0.039966714,0,0,Low Risk
CUST_014362,0.02288886,0,0,Low Risk
CUST_014363,0.032712232,0,0,Low Risk
CUST_014364,0.019399967,0,0,Low Risk
CUST_014365,0.012083525,0,0,Low Risk
CUST_014366,0.24757461,0,0,Low Risk
CUST_014367,0.14665884,0,1,Low Risk
CUST_014368,0.09416387,0,0,Low Risk
CUST_014369,0.047431313,0,0,Low Risk
CUST_014370,0.999012,1,1,High Risk
CUST_014371,0.056076642,0,0,Low Risk
CUST_014372,0.035890035,0,0,Low Risk
CUST_014373,0.046787474,0,0,Low Risk
CUST_014374,0.9191847,1,1,High Risk
CUST_014375,0.99979764,1,1,High Risk
CUST_014376,0.45460352,0,0,Medium Risk
CUST_014377,0.9996182,1,1,High Risk
CUST_014378,0.07127935,0,0,Low Risk
CUST_014379,0.034665864,0,0,Low Risk
CUST_014380,0.21367638,0,0,Low Risk
CUST_014381,0.99620396,1,1,High Risk
CUST_014382,0.021247044,0,0,Low Risk
CUST_014383,0.010303656,0,0,Low Risk
CUST_014384,0.018772384,0,0,Low Risk
CUST_014385,0.058346104,0,0,Low Risk
CUST_014386,0.99968445,1,1,High Risk
CUST_014387,0.07462007,0,0,Low Risk
CUST_014388,0.9817441,1,1,High Risk
CUST_014389,0.013898718,0,0,Low Risk
CUST_014390,0.043624975,0,0,Low Risk
CUST_014391,0.0041542295,0,0,Low Risk
CUST_014392,0.033526022,0,0,Low Risk
CUST_014393,0.043885034,0,0,Low Risk
CUST_014394,0.03088191,0,0,Low Risk
CUST_014395,0.007143273,0,0,Low Risk
CUST_014396,0.0419864,0,0,Low Risk
CUST_014397,0.008550388,0,0,Low Risk
CUST_014398,0.9990976,1,1,High Risk
CUST_014399,0.016357442,0,0,Low Risk
CUST_014400,0.98774636,1,1,High Risk
CUST_014401,0.999522,1,1,High Risk
CUST_014402,0.9974674,1,1,High Risk
CUST_014403,0.9342742,1,1,High Risk
CUST_014404,0.99931705,1,1,High Risk
CUST_014405,0.06541897,0,0,Low Risk
CUST_014406,0.0146690225,0,0,Low Risk
CUST_014407,0.0073232986,0,0,Low Risk
CUST_014408,0.082581595,0,0,Low Risk
CUST_014409,0.0515473,0,0,Low Risk
CUST_014410,0.99836224,1,1,High Risk
CUST_014411,0.99796766,1,1,High Risk
CUST_014412,0.99738556,1,1,High Risk
CUST_014413,0.06978903,0,0,Low Risk
CUST_014414,0.9994048,1,1,High Risk
CUST_014415,0.06930171,0,0,Low Risk
CUST_014416,0.014362523,0,0,Low Risk
CUST_014417,0.98036283,1,1,High Risk
CUST_014418,0.1859981,0,0,Low Risk
CUST_014419,0.9996842,1,1,High Risk
CUST_014420,0.9995091,1,1,High Risk
CUST_014421,0.9993087,1,1,High Risk
CUST_014422,0.9876627,1,1,High Risk
CUST_014423,0.0070812847,0,0,Low Risk
CUST_014424,0.11087606,0,0,Low Risk
CUST_014425,0.076473966,0,0,Low Risk
CUST_014426,0.027562786,0,0,Low Risk
CUST_014427,0.9991757,1,1,High Risk
CUST_014428,0.06660876,0,0,Low Risk
CUST_014429,0.99914527,1,1,High Risk
CUST_014430,0.4542088,0,1,Medium Risk
CUST_014431,0.007936226,0,0,Low Risk
CUST_014432,0.005167535,0,0,Low Risk
CUST_014433,0.02279059,0,0,Low Risk
CUST_014434,0.18202592,0,0,Low Risk
CUST_014435,0.006578733,0,0,Low Risk
CUST_014436,0.0904572,0,0,Low Risk
CUST_014437,0.12200594,0,0,Low Risk
CUST_014438,0.9968629,1,1,High Risk
CUST_014439,0.9970324,1,1,High Risk
CUST_014440,0.018007627,0,0,Low Risk
CUST_014441,0.024207441,0,0,Low Risk
CUST_014442,0.015454641,0,0,Low Risk
CUST_014443,0.011624926,0,0,Low Risk
CUST_014444,0.016155306,0,0,Low Risk
CUST_014445,0.99945027,1,1,High Risk
CUST_014446,0.02019255,0,0,Low Risk
CUST_014447,0.486415,0,1,Medium Risk
CUST_014448,0.998475,1,1,High Risk
CUST_014449,0.42716455,0,0,Medium Risk
CUST_014450,0.006543752,0,0,Low Risk
CUST_014451,0.34123343,0,0,Low Risk
CUST_014452,0.9996624,1,1,High Risk
CUST_014453,0.43646255,0,0,Medium Risk
CUST_014454,0.9997776,1,1,High Risk
CUST_014455,0.04179958,0,0,Low Risk
CUST_014456,0.9961766,1,1,High Risk
CUST_014457,0.03510745,0,0,Low Risk
CUST_014458,0.9917579,1,1,High Risk
CUST_014459,0.99491596,1,1,High Risk
CUST_014460,0.4530687,0,0,Medium Risk
CUST_014461,0.0070360764,0,0,Low Risk
CUST_014462,0.010853387,0,0,Low Risk
CUST_014463,0.6155619,1,0,Medium Risk
CUST_014464,0.15114823,0,0,Low Risk
CUST_014465,0.009919476,0,0,Low Risk
CUST_014466,0.9998055,1,1,High Risk
CUST_014467,0.021077426,0,0,Low Risk
CUST_014468,0.9998022,1,1,High Risk
CUST_014469,0.99837875,1,1,High Risk
CUST_014470,0.012763615,0,0,Low Risk
CUST_014471,0.10419219,0,0,Low Risk
CUST_014472,0.0073157144,0,0,Low Risk
CUST_014473,0.01260142,0,0,Low Risk
CUST_014474,0.045332797,0,0,Low Risk
CUST_014475,0.052099913,0,0,Low Risk
CUST_014476,0.6054917,1,1,Medium Risk
CUST_014477,0.7293601,1,1,High Risk
CUST_014478,0.03318026,0,0,Low Risk
CUST_014479,0.15363187,0,0,Low Risk
CUST_014480,0.99870014,1,1,High Risk
CUST_014481,0.03486929,0,0,Low Risk
CUST_014482,0.012248468,0,0,Low Risk
CUST_014483,0.04699739,0,0,Low Risk
CUST_014484,0.014205835,0,0,Low Risk
CUST_014485,0.021513587,0,0,Low Risk
CUST_014486,0.9980868,1,1,High Risk
CUST_014487,0.05140294,0,0,Low Risk
CUST_014488,0.021331724,0,0,Low Risk
CUST_014489,0.012511578,0,0,Low Risk
CUST_014490,0.012242503,0,0,Low Risk
CUST_014491,0.11626001,0,0,Low Risk
CUST_014492,0.0076240096,0,0,Low Risk
CUST_014493,0.011907547,0,0,Low Risk
CUST_014494,0.015816268,0,0,Low Risk
CUST_014495,0.021893201,0,0,Low Risk
CUST_014496,0.053786885,0,0,Low Risk
CUST_014497,0.26774505,0,0,Low Risk
CUST_014498,0.9987048,1,1,High Risk
CUST_014499,0.01364705,0,0,Low Risk
CUST_014500,0.023522483,0,0,Low Risk
CUST_014501,0.999814,1,1,High Risk
CUST_014502,0.1653213,0,0,Low Risk
CUST_014503,0.99929786,1,1,High Risk
CUST_014504,0.0032245282,0,0,Low Risk
CUST_014505,0.9884548,1,1,High Risk
CUST_014506,0.13345361,0,0,Low Risk
CUST_014507,0.009019197,0,0,Low Risk
CUST_014508,0.021521444,0,0,Low Risk
CUST_014509,0.024417507,0,0,Low Risk
CUST_014510,0.0763435,0,0,Low Risk
CUST_014511,0.022537166,0,0,Low Risk
CUST_014512,0.023603212,0,0,Low Risk
CUST_014513,0.0035947862,0,0,Low Risk
CUST_014514,0.9914756,1,1,High Risk
CUST_014515,0.006825765,0,0,Low Risk
CUST_014516,0.033705898,0,0,Low Risk
CUST_014517,0.04022254,0,0,Low Risk
CUST_014518,0.13971516,0,0,Low Risk
CUST_014519,0.015887788,0,0,Low Risk
CUST_014520,0.10130201,0,1,Low Risk
CUST_014521,0.6820415,1,1,High Risk
CUST_014522,0.06255442,0,0,Low Risk
CUST_014523,0.118323244,0,0,Low Risk
CUST_014524,0.021795984,0,0,Low Risk
CUST_014525,0.9990283,1,1,High Risk
CUST_014526,0.6481217,1,1,Medium Risk
CUST_014527,0.9989415,1,1,High Risk
CUST_014528,0.99854136,1,1,High Risk
CUST_014529,0.026973724,0,0,Low Risk
CUST_014530,0.0061345035,0,0,Low Risk
CUST_014531,0.2614954,0,0,Low Risk
CUST_014532,0.99537706,1,1,High Risk
CUST_014533,0.03661377,0,0,Low Risk
CUST_014534,0.9743648,1,1,High Risk
CUST_014535,0.018400205,0,0,Low Risk
CUST_014536,0.016795613,0,0,Low Risk
CUST_014537,0.09526814,0,0,Low Risk
CUST_014538,0.43504712,0,1,Medium Risk
CUST_014539,0.021418488,0,0,Low Risk
CUST_014540,0.018094543,0,0,Low Risk
CUST_014541,0.9968545,1,1,High Risk
CUST_014542,0.0017936766,0,0,Low Risk
CUST_014543,0.9956181,1,1,High Risk
CUST_014544,0.031520005,0,0,Low Risk
CUST_014545,0.0070223375,0,0,Low Risk
CUST_014546,0.9980428,1,1,High Risk
CUST_014547,0.41287747,0,0,Medium Risk
CUST_014548,0.031370096,0,0,Low Risk
CUST_014549,0.012762671,0,0,Low Risk
CUST_014550,0.6164505,1,1,Medium Risk
CUST_014551,0.0034237402,0,0,Low Risk
CUST_014552,0.025095342,0,0,Low Risk
CUST_014553,0.9997446,1,1,High Risk
CUST_014554,0.059652776,0,0,Low Risk
CUST_014555,0.022825267,0,0,Low Risk
CUST_014556,0.9995276,1,1,High Risk
CUST_014557,0.9995597,1,1,High Risk
CUST_014558,0.029368099,0,0,Low Risk
CUST_014559,0.010052468,0,0,Low Risk
CUST_014560,0.07576916,0,0,Low Risk
CUST_014561,0.99822,1,1,High Risk
CUST_014562,0.005748363,0,0,Low Risk
CUST_014563,0.042967755,0,0,Low Risk
CUST_014564,0.16087428,0,0,Low Risk
CUST_014565,0.011044903,0,0,Low Risk
CUST_014566,0.11541955,0,0,Low Risk
CUST_014567,0.02212923,0,0,Low Risk
CUST_014568,0.009425354,0,0,Low Risk
CUST_014569,0.99952936,1,1,High Risk
CUST_014570,0.0018135875,0,0,Low Risk
CUST_014571,0.08612305,0,0,Low Risk
CUST_014572,0.99971086,1,1,High Risk
CUST_014573,0.04845207,0,0,Low Risk
CUST_014574,0.99934775,1,1,High Risk
CUST_014575,0.0020031244,0,0,Low Risk
CUST_014576,0.71447074,1,1,High Risk
CUST_014577,0.09861205,0,0,Low Risk
CUST_014578,0.99976486,1,1,High Risk
CUST_014579,0.014825504,0,0,Low Risk
CUST_014580,0.017150108,0,0,Low Risk
CUST_014581,0.0065596304,0,0,Low Risk
CUST_014582,0.9973054,1,1,High Risk
CUST_014583,0.02716799,0,0,Low Risk
CUST_014584,0.040523242,0,0,Low Risk
CUST_014585,0.018673984,0,0,Low Risk
CUST_014586,0.7210401,1,1,High Risk
CUST_014587,0.99884915,1,1,High Risk
CUST_014588,0.08611073,0,0,Low Risk
CUST_014589,0.02347413,0,0,Low Risk
CUST_014590,0.031655904,0,0,Low Risk
CUST_014591,0.3116364,0,0,Low Risk
CUST_014592,0.0065413187,0,0,Low Risk
CUST_014593,0.9939318,1,1,High Risk
CUST_014594,0.009559774,0,0,Low Risk
CUST_014595,0.0026046205,0,0,Low Risk
CUST_014596,0.9961946,1,1,High Risk
CUST_014597,0.017567877,0,0,Low Risk
CUST_014598,0.99941826,1,1,High Risk
CUST_014599,0.051499333,0,0,Low Risk
CUST_014600,0.02328136,0,0,Low Risk
CUST_014601,0.99921167,1,1,High Risk
CUST_014602,0.9992449,1,1,High Risk
CUST_014603,0.5388666,1,0,Medium Risk
CUST_014604,0.017333241,0,0,Low Risk
CUST_014605,0.998514,1,1,High Risk
CUST_014606,0.019280273,0,0,Low Risk
CUST_014607,0.0399699,0,0,Low Risk
CUST_014608,0.0027139825,0,0,Low Risk
CUST_014609,0.9943059,1,1,High Risk
CUST_014610,0.03758355,0,0,Low Risk
CUST_014611,0.9991447,1,1,High Risk
CUST_014612,0.9986299,1,1,High Risk
CUST_014613,0.03173249,0,0,Low Risk
CUST_014614,0.01752001,0,0,Low Risk
CUST_014615,0.00792153,0,0,Low Risk
CUST_014616,0.056196604,0,0,Low Risk
CUST_014617,0.008060326,0,0,Low Risk
CUST_014618,0.93105376,1,1,High Risk
CUST_014619,0.002993845,0,0,Low Risk
CUST_014620,0.9969304,1,1,High Risk
CUST_014621,0.005549517,0,0,Low Risk
CUST_014622,0.0044115605,0,0,Low Risk
CUST_014623,0.997735,1,1,High Risk
CUST_014624,0.029419977,0,0,Low Risk
CUST_014625,0.029514004,0,0,Low Risk
CUST_014626,0.99968827,1,1,High Risk
CUST_014627,0.07443906,0,0,Low Risk
CUST_014628,0.9995702,1,1,High Risk
CUST_014629,0.026836876,0,0,Low Risk
CUST_014630,0.040805448,0,0,Low Risk
CUST_014631,0.008573585,0,0,Low Risk
CUST_014632,0.06728583,0,0,Low Risk
CUST_014633,0.005360669,0,0,Low Risk
CUST_014634,0.019770054,0,0,Low Risk
CUST_014635,0.015172474,0,0,Low Risk
CUST_014636,0.99776757,1,1,High Risk
CUST_014637,0.036632992,0,0,Low Risk
CUST_014638,0.9987937,1,1,High Risk
CUST_014639,0.008274341,0,0,Low Risk
CUST_014640,0.022664582,0,0,Low Risk
CUST_014641,0.023282945,0,0,Low Risk
CUST_014642,0.9793961,1,1,High Risk
CUST_014643,0.0038490158,0,0,Low Risk
CUST_014644,0.03142735,0,0,Low Risk
CUST_014645,0.005790109,0,0,Low Risk
CUST_014646,0.025857892,0,0,Low Risk
CUST_014647,0.99961334,1,1,High Risk
CUST_014648,0.01618171,0,0,Low Risk
CUST_014649,0.007247402,0,0,Low Risk
CUST_014650,0.9986778,1,1,High Risk
CUST_014651,0.0037927942,0,0,Low Risk
CUST_014652,0.99934214,1,1,High Risk
CUST_014653,0.018819151,0,0,Low Risk
CUST_014654,0.9897814,1,1,High Risk
CUST_014655,0.1085727,0,0,Low Risk
CUST_014656,0.9996306,1,1,High Risk
CUST_014657,0.015735796,0,0,Low Risk
CUST_014658,0.039980896,0,0,Low Risk
CUST_014659,0.7862763,1,1,High Risk
CUST_014660,0.009569075,0,0,Low Risk
CUST_014661,0.11134727,0,0,Low Risk
CUST_014662,0.014066339,0,0,Low Risk
CUST_014663,0.078357965,0,0,Low Risk
CUST_014664,0.011874306,0,0,Low Risk
CUST_014665,0.037697747,0,0,Low Risk
CUST_014666,0.03432311,0,0,Low Risk
CUST_014667,0.99961036,1,1,High Risk
CUST_014668,0.06305117,0,0,Low Risk
CUST_014669,0.0020876096,0,0,Low Risk
CUST_014670,0.99818844,1,1,High Risk
CUST_014671,0.9955741,1,1,High Risk
CUST_014672,0.9980235,1,1,High Risk
CUST_014673,0.99939525,1,1,High Risk
CUST_014674,0.0062734894,0,0,Low Risk
CUST_014675,0.99457246,1,1,High Risk
CUST_014676,0.004670668,0,0,Low Risk
CUST_014677,0.0066813943,0,0,Low Risk
CUST_014678,0.04772027,0,0,Low Risk
CUST_014679,0.9981864,1,1,High Risk
CUST_014680,0.10366818,0,0,Low Risk
CUST_014681,0.99772817,1,1,High Risk
CUST_014682,0.007683077,0,0,Low Risk
CUST_014683,0.99493307,1,1,High Risk
CUST_014684,0.033547606,0,0,Low Risk
CUST_014685,0.012733207,0,0,Low Risk
CUST_014686,0.005224317,0,0,Low Risk
CUST_014687,0.57940173,1,1,Medium Risk
CUST_014688,0.9957616,1,1,High Risk
CUST_014689,0.04379457,0,0,Low Risk
CUST_014690,0.9997831,1,1,High Risk
CUST_014691,0.99885,1,1,High Risk
CUST_014692,0.13359523,0,0,Low Risk
CUST_014693,0.023092894,0,0,Low Risk
CUST_014694,0.0066814106,0,0,Low Risk
CUST_014695,0.07717291,0,0,Low Risk
CUST_014696,0.029800564,0,0,Low Risk
CUST_014697,0.010155757,0,0,Low Risk
CUST_014698,0.99750644,1,1,High Risk
CUST_014699,0.0027618639,0,0,Low Risk
CUST_014700,0.33765942,0,0,Low Risk
CUST_014701,0.04094324,0,0,Low Risk
CUST_014702,0.018626722,0,0,Low Risk
CUST_014703,0.99909794,1,1,High Risk
CUST_014704,0.17705365,0,0,Low Risk
CUST_014705,0.004437166,0,0,Low Risk
CUST_014706,0.012530911,0,0,Low Risk
CUST_014707,0.96492565,1,1,High Risk
CUST_014708,0.019381294,0,0,Low Risk
CUST_014709,0.05020686,0,0,Low Risk
CUST_014710,0.01942363,0,0,Low Risk
CUST_014711,0.020980744,0,0,Low Risk
CUST_014712,0.9964812,1,1,High Risk
CUST_014713,0.99970704,1,1,High Risk
CUST_014714,0.016024139,0,0,Low Risk
CUST_014715,0.0084503,0,0,Low Risk
CUST_014716,0.023850398,0,0,Low Risk
CUST_014717,0.014037409,0,0,Low Risk
CUST_014718,0.006053249,0,0,Low Risk
CUST_014719,0.025257858,0,0,Low Risk
CUST_014720,0.020645265,0,0,Low Risk
CUST_014721,0.0031879658,0,0,Low Risk
CUST_014722,0.01297126,0,0,Low Risk
CUST_014723,0.017083628,0,0,Low Risk
CUST_014724,0.10124598,0,0,Low Risk
CUST_014725,0.042228684,0,0,Low Risk
CUST_014726,0.9972192,1,1,High Risk
CUST_014727,0.008106024,0,0,Low Risk
CUST_014728,0.9926171,1,1,High Risk
CUST_014729,0.071371354,0,0,Low Risk
CUST_014730,0.08302455,0,0,Low Risk
CUST_014731,0.06926967,0,0,Low Risk
CUST_014732,0.004702531,0,0,Low Risk
CUST_014733,0.0030496437,0,0,Low Risk
CUST_014734,0.009290922,0,0,Low Risk
CUST_014735,0.9932448,1,1,High Risk
CUST_014736,0.0028268476,0,0,Low Risk
CUST_014737,0.99500847,1,1,High Risk
CUST_014738,0.020814681,0,0,Low Risk
CUST_014739,0.99961627,1,1,High Risk
CUST_014740,0.9997435,1,1,High Risk
CUST_014741,0.0052121733,0,0,Low Risk
CUST_014742,0.4715076,0,1,Medium Risk
CUST_014743,0.016494263,0,0,Low Risk
CUST_014744,0.09203073,0,0,Low Risk
CUST_014745,0.1345902,0,1,Low Risk
CUST_014746,0.04653546,0,0,Low Risk
CUST_014747,0.03945804,0,0,Low Risk
CUST_014748,0.002614108,0,0,Low Risk
CUST_014749,0.16417314,0,0,Low Risk
CUST_014750,0.01885118,0,0,Low Risk
CUST_014751,0.008680876,0,0,Low Risk
CUST_014752,0.013954503,0,0,Low Risk
CUST_014753,0.043231502,0,0,Low Risk
CUST_014754,0.99867225,1,1,High Risk
CUST_014755,0.9909027,1,1,High Risk
CUST_014756,0.035744578,0,0,Low Risk
CUST_014757,0.9992536,1,1,High Risk
CUST_014758,0.019522538,0,0,Low Risk
CUST_014759,0.012203452,0,0,Low Risk
CUST_014760,0.005903979,0,0,Low Risk
CUST_014761,0.026873419,0,0,Low Risk
CUST_014762,0.9944938,1,1,High Risk
CUST_014763,0.96562076,1,1,High Risk
CUST_014764,0.18827993,0,0,Low Risk
CUST_014765,0.05189415,0,0,Low Risk
CUST_014766,0.0108117405,0,0,Low Risk
CUST_014767,0.099909805,0,0,Low Risk
CUST_014768,0.02410032,0,0,Low Risk
CUST_014769,0.0065390076,0,0,Low Risk
CUST_014770,0.08334316,0,0,Low Risk
CUST_014771,0.086538315,0,0,Low Risk
CUST_014772,0.99685526,1,1,High Risk
CUST_014773,0.015931625,0,0,Low Risk
CUST_014774,0.4699603,0,0,Medium Risk
CUST_014775,0.021537669,0,0,Low Risk
CUST_014776,0.046530623,0,0,Low Risk
CUST_014777,0.015261208,0,0,Low Risk
CUST_014778,0.5973741,1,0,Medium Risk
CUST_014779,0.003200099,0,0,Low Risk
CUST_014780,0.06648787,0,0,Low Risk
CUST_014781,0.14430213,0,0,Low Risk
CUST_014782,0.02268455,0,0,Low Risk
CUST_014783,0.06388791,0,0,Low Risk
CUST_014784,0.04302132,0,0,Low Risk
CUST_014785,0.018205484,0,0,Low Risk
CUST_014786,0.06646337,0,0,Low Risk
CUST_014787,0.99847335,1,1,High Risk
CUST_014788,0.027138017,0,0,Low Risk
CUST_014789,0.734549,1,0,High Risk
CUST_014790,0.02931502,0,0,Low Risk
CUST_014791,0.005420418,0,0,Low Risk
CUST_014792,0.99986136,1,1,High Risk
CUST_014793,0.999757,1,1,High Risk
CUST_014794,0.02412671,0,0,Low Risk
CUST_014795,0.25702357,0,0,Low Risk
CUST_014796,0.15881537,0,0,Low Risk
CUST_014797,0.02139187,0,0,Low Risk
CUST_014798,0.002233405,0,0,Low Risk
CUST_014799,0.9994209,1,1,High Risk
CUST_014800,0.98850584,1,1,High Risk
CUST_014801,0.022729045,0,0,Low Risk
CUST_014802,0.5734113,1,0,Medium Risk
CUST_014803,0.011864989,0,0,Low Risk
CUST_014804,0.04236126,0,0,Low Risk
CUST_014805,0.10643423,0,0,Low Risk
CUST_014806,0.96664774,1,1,High Risk
CUST_014807,0.10271891,0,0,Low Risk
CUST_014808,0.007569822,0,0,Low Risk
CUST_014809,0.17343208,0,0,Low Risk
CUST_014810,0.02706318,0,0,Low Risk
CUST_014811,0.022319937,0,0,Low Risk
CUST_014812,0.021476474,0,0,Low Risk
CUST_014813,0.005475791,0,0,Low Risk
CUST_014814,0.030842826,0,0,Low Risk
CUST_014815,0.02201409,0,0,Low Risk
CUST_014816,0.017933244,0,0,Low Risk
CUST_014817,0.024419501,0,0,Low Risk
CUST_014818,0.99772364,1,1,High Risk
CUST_014819,0.09314002,0,0,Low Risk
CUST_014820,0.029085971,0,0,Low Risk
CUST_014821,0.16455501,0,0,Low Risk
CUST_014822,0.0319074,0,0,Low Risk
CUST_014823,0.99943775,1,1,High Risk
CUST_014824,0.6748724,1,0,High Risk
CUST_014825,0.0022132148,0,0,Low Risk
CUST_014826,0.002016073,0,0,Low Risk
CUST_014827,0.15286414,0,0,Low Risk
CUST_014828,0.014586443,0,0,Low Risk
CUST_014829,0.052295018,0,1,Low Risk
CUST_014830,0.015304342,0,0,Low Risk
CUST_014831,0.018009694,0,0,Low Risk
CUST_014832,0.057858948,0,0,Low Risk
CUST_014833,0.022046058,0,0,Low Risk
CUST_014834,0.995352,1,1,High Risk
CUST_014835,0.032744113,0,0,Low Risk
CUST_014836,0.99876785,1,1,High Risk
CUST_014837,0.0112680765,0,0,Low Risk
CUST_014838,0.01121028,0,0,Low Risk
CUST_014839,0.004387004,0,0,Low Risk
CUST_014840,0.0057539744,0,0,Low Risk
CUST_014841,0.011568325,0,0,Low Risk
CUST_014842,0.09326914,0,0,Low Risk
CUST_014843,0.9996896,1,1,High Risk
CUST_014844,0.024619969,0,0,Low Risk
CUST_014845,0.023113487,0,0,Low Risk
CUST_014846,0.99962056,1,1,High Risk
CUST_014847,0.03691666,0,0,Low Risk
CUST_014848,0.9994504,1,1,High Risk
CUST_014849,0.009170944,0,0,Low Risk
CUST_014850,0.068411514,0,0,Low Risk
CUST_014851,0.9994885,1,1,High Risk
CUST_014852,0.016206443,0,0,Low Risk
CUST_014853,0.0203418,0,0,Low Risk
CUST_014854,0.20215656,0,0,Low Risk
CUST_014855,0.034400005,0,0,Low Risk
CUST_014856,0.067820944,0,0,Low Risk
CUST_014857,0.015973108,0,0,Low Risk
CUST_014858,0.12866083,0,0,Low Risk
CUST_014859,0.0276379,0,0,Low Risk
CUST_014860,0.003939069,0,0,Low Risk
CUST_014861,0.0055078138,0,0,Low Risk
CUST_014862,0.030154591,0,0,Low Risk
CUST_014863,0.011143641,0,0,Low Risk
CUST_014864,0.021683577,0,0,Low Risk
CUST_014865,0.016398963,0,0,Low Risk
CUST_014866,0.9973117,1,1,High Risk
CUST_014867,0.010683699,0,0,Low Risk
CUST_014868,0.99943846,1,1,High Risk
CUST_014869,0.045564093,0,0,Low Risk
CUST_014870,0.01733814,0,0,Low Risk
CUST_014871,0.7885508,1,1,High Risk
CUST_014872,0.0078090583,0,0,Low Risk
CUST_014873,0.9997701,1,1,High Risk
CUST_014874,0.027176984,0,0,Low Risk
CUST_014875,0.032253932,0,0,Low Risk
CUST_014876,0.9927031,1,1,High Risk
CUST_014877,0.07235641,0,0,Low Risk
CUST_014878,0.9283086,1,1,High Risk
CUST_014879,0.8350977,1,1,High Risk
CUST_014880,0.013105301,0,0,Low Risk
CUST_014881,0.001633386,0,0,Low Risk
CUST_014882,0.012022396,0,0,Low Risk
CUST_014883,0.008080251,0,0,Low Risk
CUST_014884,0.9969496,1,1,High Risk
CUST_014885,0.01207945,0,0,Low Risk
CUST_014886,0.0131776715,0,0,Low Risk
CUST_014887,0.0031738863,0,0,Low Risk
CUST_014888,0.23889762,0,0,Low Risk
CUST_014889,0.99411017,1,1,High Risk
CUST_014890,0.037657525,0,0,Low Risk
CUST_014891,0.9996352,1,1,High Risk
CUST_014892,0.0018573896,0,0,Low Risk
CUST_014893,0.0741281,0,0,Low Risk
CUST_014894,0.0072138505,0,0,Low Risk
CUST_014895,0.021749185,0,0,Low Risk
CUST_014896,0.9993975,1,1,High Risk
CUST_014897,0.012672417,0,0,Low Risk
CUST_014898,0.025864579,0,0,Low Risk
CUST_014899,0.9564052,1,1,High Risk
CUST_014900,0.0049097673,0,0,Low Risk
CUST_014901,0.9981686,1,1,High Risk
CUST_014902,0.99755055,1,1,High Risk
CUST_014903,0.002694469,0,0,Low Risk
CUST_014904,0.014788145,0,0,Low Risk
CUST_014905,0.03448547,0,0,Low Risk
CUST_014906,0.022258969,0,0,Low Risk
CUST_014907,0.99853265,1,1,High Risk
CUST_014908,0.008880907,0,0,Low Risk
CUST_014909,0.02420889,0,0,Low Risk
CUST_014910,0.032519117,0,0,Low Risk
CUST_014911,0.7796032,1,1,High Risk
CUST_014912,0.026210306,0,0,Low Risk
CUST_014913,0.0076829605,0,0,Low Risk
CUST_014914,0.66777444,1,0,High Risk
CUST_014915,0.011266228,0,0,Low Risk
CUST_014916,0.17549434,0,0,Low Risk
CUST_014917,0.01636141,0,0,Low Risk
CUST_014918,0.04893838,0,0,Low Risk
CUST_014919,0.0014371106,0,0,Low Risk
CUST_014920,0.8213961,1,1,High Risk
CUST_014921,0.8587575,1,1,High Risk
CUST_014922,0.09415891,0,0,Low Risk
CUST_014923,0.99889624,1,1,High Risk
CUST_014924,0.9990765,1,1,High Risk
CUST_014925,0.098703295,0,0,Low Risk
CUST_014926,0.9737654,1,1,High Risk
CUST_014927,0.014623509,0,0,Low Risk
CUST_014928,0.0087258825,0,0,Low Risk
CUST_014929,0.006549117,0,0,Low Risk
CUST_014930,0.021881834,0,0,Low Risk
CUST_014931,0.007430004,0,0,Low Risk
CUST_014932,0.043620102,0,0,Low Risk
CUST_014933,0.015510863,0,0,Low Risk
CUST_014934,0.67882097,1,1,High Risk
CUST_014935,0.17667161,0,0,Low Risk
CUST_014936,0.004697748,0,0,Low Risk
CUST_014937,0.99304044,1,1,High Risk
CUST_014938,0.026843783,0,0,Low Risk
CUST_014939,0.032554448,0,0,Low Risk
CUST_014940,0.01100979,0,0,Low Risk
CUST_014941,0.007861507,0,0,Low Risk
CUST_014942,0.0023190747,0,0,Low Risk
CUST_014943,0.009249695,0,0,Low Risk
CUST_014944,0.57024056,1,0,Medium Risk
CUST_014945,0.2750288,0,0,Low Risk
CUST_014946,0.99951804,1,1,High Risk
CUST_014947,0.9997701,1,1,High Risk
CUST_014948,0.010488358,0,0,Low Risk
CUST_014949,0.007946346,0,0,Low Risk
CUST_014950,0.9998535,1,1,High Risk
CUST_014951,0.5468208,1,1,Medium Risk
CUST_014952,0.6581308,1,0,High Risk
CUST_014953,0.027472995,0,0,Low Risk
CUST_014954,0.011755392,0,0,Low Risk
CUST_014955,0.06715917,0,0,Low Risk
CUST_014956,0.17164892,0,0,Low Risk
CUST_014957,0.020246351,0,0,Low Risk
CUST_014958,0.018514616,0,0,Low Risk
CUST_014959,0.97898054,1,1,High Risk
CUST_014960,0.07001726,0,0,Low Risk
CUST_014961,0.01938313,0,0,Low Risk
CUST_014962,0.06781238,0,0,Low Risk
CUST_014963,0.010224214,0,0,Low Risk
CUST_014964,0.0015823768,0,0,Low Risk
CUST_014965,0.004958409,0,0,Low Risk
CUST_014966,0.0059536393,0,0,Low Risk
CUST_014967,0.013504818,0,0,Low Risk
CUST_014968,0.013082286,0,0,Low Risk
CUST_014969,0.9998522,1,1,High Risk
CUST_014970,0.049618468,0,0,Low Risk
CUST_014971,0.9588883,1,1,High Risk
CUST_014972,0.048705682,0,0,Low Risk
CUST_014973,0.04752946,0,0,Low Risk
CUST_014974,0.017564718,0,0,Low Risk
CUST_014975,0.9086335,1,1,High Risk
CUST_014976,0.0032344656,0,0,Low Risk
CUST_014977,0.9964676,1,1,High Risk
CUST_014978,0.079694696,0,0,Low Risk
CUST_014979,0.005771131,0,0,Low Risk
CUST_014980,0.052914225,0,0,Low Risk
CUST_014981,0.006294294,0,0,Low Risk
CUST_014982,0.083047256,0,0,Low Risk
CUST_014983,0.10044155,0,0,Low Risk
CUST_014984,0.023646208,0,0,Low Risk
CUST_014985,0.99966836,1,1,High Risk
CUST_014986,0.087117925,0,0,Low Risk
CUST_014987,0.03982228,0,0,Low Risk
CUST_014988,0.016662601,0,0,Low Risk
CUST_014989,0.006988451,0,0,Low Risk
CUST_014990,0.99897134,1,1,High Risk
CUST_014991,0.03163314,0,0,Low Risk
CUST_014992,0.013854668,0,0,Low Risk
CUST_014993,0.03342517,0,0,Low Risk
CUST_014994,0.03034835,0,0,Low Risk
CUST_014995,0.9990055,1,1,High Risk
CUST_014996,0.0040525687,0,0,Low Risk
CUST_014997,0.98905563,1,1,High Risk
CUST_014998,0.0048867525,0,0,Low Risk
CUST_014999,0.011509733,0,0,Low Risk
CUST_015000,0.027928568,0,0,Low Risk
CUST_015001,0.030346392,0,0,Low Risk
CUST_015002,0.014280221,0,0,Low Risk
CUST_015003,0.03165073,0,0,Low Risk
CUST_015004,0.0024334027,0,0,Low Risk
CUST_015005,0.99958354,1,1,High Risk
CUST_015006,0.011394917,0,0,Low Risk
CUST_015007,0.00928446,0,0,Low Risk
CUST_015008,0.041960016,0,0,Low Risk
CUST_015009,0.9994485,1,1,High Risk
CUST_015010,0.0041199187,0,0,Low Risk
CUST_015011,0.027612597,0,0,Low Risk
CUST_015012,0.039408598,0,0,Low Risk
CUST_015013,0.016022349,0,0,Low Risk
CUST_015014,0.042613573,0,0,Low Risk
CUST_015015,0.011207432,0,0,Low Risk
CUST_015016,0.9998286,1,1,High Risk
CUST_015017,0.9227697,1,1,High Risk
CUST_015018,0.0023688562,0,0,Low Risk
CUST_015019,0.04454895,0,0,Low Risk
CUST_015020,0.046187323,0,0,Low Risk
CUST_015021,0.03284646,0,0,Low Risk
CUST_015022,0.023052288,0,0,Low Risk
CUST_015023,0.99948835,1,1,High Risk
CUST_015024,0.042985614,0,0,Low Risk
CUST_015025,0.008377145,0,0,Low Risk
CUST_015026,0.014944075,0,0,Low Risk
CUST_015027,0.99939513,1,1,High Risk
CUST_015028,0.0026812176,0,0,Low Risk
CUST_015029,0.00096510653,0,0,Low Risk
CUST_015030,0.99928147,1,1,High Risk
CUST_015031,0.9988305,1,1,High Risk
CUST_015032,0.0019256494,0,0,Low Risk
CUST_015033,0.23715074,0,0,Low Risk
CUST_015034,0.0030749151,0,0,Low Risk
CUST_015035,0.17101935,0,0,Low Risk
CUST_015036,0.96284896,1,1,High Risk
CUST_015037,0.02646774,0,0,Low Risk
CUST_015038,0.045053203,0,0,Low Risk
CUST_015039,0.06981273,0,0,Low Risk
CUST_015040,0.9997348,1,1,High Risk
CUST_015041,0.035172638,0,0,Low Risk
CUST_015042,0.31435642,0,0,Low Risk
CUST_015043,0.9991001,1,1,High Risk
CUST_015044,0.028423395,0,0,Low Risk
CUST_015045,0.01638139,0,0,Low Risk
CUST_015046,0.9731897,1,1,High Risk
CUST_015047,0.006914442,0,0,Low Risk
CUST_015048,0.03211766,0,0,Low Risk
CUST_015049,0.023513049,0,0,Low Risk
CUST_015050,0.004278802,0,0,Low Risk
CUST_015051,0.017009355,0,0,Low Risk
CUST_015052,0.021371849,0,0,Low Risk
CUST_015053,0.9998259,1,1,High Risk
CUST_015054,0.020710541,0,0,Low Risk
CUST_015055,0.18910712,0,0,Low Risk
CUST_015056,0.99971956,1,1,High Risk
CUST_015057,0.16996828,0,0,Low Risk
CUST_015058,0.016562006,0,0,Low Risk
CUST_015059,0.011640951,0,0,Low Risk
CUST_015060,0.097938426,0,0,Low Risk
CUST_015061,0.0040020472,0,0,Low Risk
CUST_015062,0.003400986,0,0,Low Risk
CUST_015063,0.044051718,0,0,Low Risk
CUST_015064,0.9977126,1,1,High Risk
CUST_015065,0.004233372,0,0,Low Risk
CUST_015066,0.99918014,1,1,High Risk
CUST_015067,0.036815826,0,0,Low Risk
CUST_015068,0.0533434,0,0,Low Risk
CUST_015069,0.27890426,0,0,Low Risk
CUST_015070,0.9995239,1,1,High Risk
CUST_015071,0.016668033,0,0,Low Risk
CUST_015072,0.9998826,1,1,High Risk
CUST_015073,0.009000617,0,0,Low Risk
CUST_015074,0.022523127,0,0,Low Risk
CUST_015075,0.019234024,0,0,Low Risk
CUST_015076,0.9966072,1,1,High Risk
CUST_015077,0.99957424,1,1,High Risk
CUST_015078,0.009053394,0,0,Low Risk
CUST_015079,0.009488571,0,0,Low Risk
CUST_015080,0.9998066,1,1,High Risk
CUST_015081,0.089789905,0,0,Low Risk
CUST_015082,0.9997855,1,1,High Risk
CUST_015083,0.028245673,0,0,Low Risk
CUST_015084,0.016777804,0,0,Low Risk
CUST_015085,0.014624498,0,0,Low Risk
CUST_015086,0.04246169,0,0,Low Risk
CUST_015087,0.02980113,0,0,Low Risk
CUST_015088,0.0026076834,0,0,Low Risk
CUST_015089,0.9993143,1,1,High Risk
CUST_015090,0.006719029,0,0,Low Risk
CUST_015091,0.0266727,0,0,Low Risk
CUST_015092,0.010814035,0,0,Low Risk
CUST_015093,0.007627744,0,0,Low Risk
CUST_015094,0.010405697,0,0,Low Risk
CUST_015095,0.022137461,0,0,Low Risk
CUST_015096,0.04219512,0,0,Low Risk
CUST_015097,0.018907707,0,0,Low Risk
CUST_015098,0.9997037,1,1,High Risk
CUST_015099,0.052142397,0,0,Low Risk
CUST_015100,0.0030921046,0,0,Low Risk
CUST_015101,0.017557273,0,0,Low Risk
CUST_015102,0.99924076,1,1,High Risk
CUST_015103,0.0161193,0,0,Low Risk
CUST_015104,0.99735403,1,1,High Risk
CUST_015105,0.028102862,0,0,Low Risk
CUST_015106,0.00423254,0,0,Low Risk
CUST_015107,0.0036841787,0,0,Low Risk
CUST_015108,0.021387687,0,0,Low Risk
CUST_015109,0.042803504,0,0,Low Risk
CUST_015110,0.031467766,0,0,Low Risk
CUST_015111,0.9985154,1,1,High Risk
CUST_015112,0.053029593,0,0,Low Risk
CUST_015113,0.03507315,0,0,Low Risk
CUST_015114,0.99961805,1,1,High Risk
CUST_015115,0.07239783,0,0,Low Risk
CUST_015116,0.010945414,0,0,Low Risk
CUST_015117,0.9695218,1,1,High Risk
CUST_015118,0.028356185,0,0,Low Risk
CUST_015119,0.033068974,0,0,Low Risk
CUST_015120,0.15721765,0,0,Low Risk
CUST_015121,0.013514223,0,0,Low Risk
CUST_015122,0.012801941,0,0,Low Risk
CUST_015123,0.11434541,0,0,Low Risk
CUST_015124,0.012058595,0,0,Low Risk
CUST_015125,0.006317031,0,0,Low Risk
CUST_015126,0.9985018,1,1,High Risk
CUST_015127,0.99892503,1,1,High Risk
CUST_015128,0.17978773,0,0,Low Risk
CUST_015129,0.9997391,1,1,High Risk
CUST_015130,0.0041946443,0,0,Low Risk
CUST_015131,0.31675333,0,0,Low Risk
CUST_015132,0.04954215,0,0,Low Risk
CUST_015133,0.007957127,0,0,Low Risk
CUST_015134,0.7906788,1,0,High Risk
CUST_015135,0.021471603,0,0,Low Risk
CUST_015136,0.009624176,0,0,Low Risk
CUST_015137,0.99884844,1,1,High Risk
CUST_015138,0.056752212,0,0,Low Risk
CUST_015139,0.021064846,0,0,Low Risk
CUST_015140,0.99937576,1,1,High Risk
CUST_015141,0.84929854,1,1,High Risk
CUST_015142,0.045755398,0,0,Low Risk
CUST_015143,0.018720418,0,0,Low Risk
CUST_015144,0.031766906,0,0,Low Risk
CUST_015145,0.18385686,0,0,Low Risk
CUST_015146,0.019899156,0,0,Low Risk
CUST_015147,0.032797538,0,0,Low Risk
CUST_015148,0.13146295,0,0,Low Risk
CUST_015149,0.008666927,0,0,Low Risk
CUST_015150,0.9991818,1,1,High Risk
CUST_015151,0.031831827,0,0,Low Risk
CUST_015152,0.023500698,0,0,Low Risk
CUST_015153,0.0074302685,0,0,Low Risk
CUST_015154,0.022498742,0,0,Low Risk
CUST_015155,0.095841184,0,0,Low Risk
CUST_015156,0.040143866,0,0,Low Risk
CUST_015157,0.025627926,0,0,Low Risk
CUST_015158,0.08506339,0,0,Low Risk
CUST_015159,0.09597353,0,0,Low Risk
CUST_015160,0.013751397,0,0,Low Risk
CUST_015161,0.99963236,1,1,High Risk
CUST_015162,0.014373942,0,0,Low Risk
CUST_015163,0.01809316,0,0,Low Risk
CUST_015164,0.010878906,0,0,Low Risk
CUST_015165,0.9976985,1,1,High Risk
CUST_015166,0.026774976,0,0,Low Risk
CUST_015167,0.009098075,0,0,Low Risk
CUST_015168,0.023260372,0,0,Low Risk
CUST_015169,0.064770825,0,0,Low Risk
CUST_015170,0.9990069,1,1,High Risk
CUST_015171,0.06380416,0,0,Low Risk
CUST_015172,0.03165592,0,0,Low Risk
CUST_015173,0.97267276,1,1,High Risk
CUST_015174,0.013439345,0,0,Low Risk
CUST_015175,0.05565523,0,0,Low Risk
CUST_015176,0.0092938375,0,0,Low Risk
CUST_015177,0.9993411,1,1,High Risk
CUST_015178,0.04240745,0,0,Low Risk
CUST_015179,0.0064615826,0,0,Low Risk
CUST_015180,0.01899464,0,0,Low Risk
CUST_015181,0.018208312,0,0,Low Risk
CUST_015182,0.1540237,0,1,Low Risk
CUST_015183,0.021581732,0,0,Low Risk
CUST_015184,0.024396596,0,0,Low Risk
CUST_015185,0.018067399,0,0,Low Risk
CUST_015186,0.016434805,0,0,Low Risk
CUST_015187,0.012642812,0,0,Low Risk
CUST_015188,0.02240904,0,0,Low Risk
CUST_015189,0.021559764,0,0,Low Risk
CUST_015190,0.23746154,0,0,Low Risk
CUST_015191,0.99924624,1,1,High Risk
CUST_015192,0.052191287,0,0,Low Risk
CUST_015193,0.062700614,0,0,Low Risk
CUST_015194,0.9986534,1,1,High Risk
CUST_015195,0.014675254,0,0,Low Risk
CUST_015196,0.99933594,1,1,High Risk
CUST_015197,0.08259969,0,0,Low Risk
CUST_015198,0.9986644,1,1,High Risk
CUST_015199,0.047023308,0,0,Low Risk
CUST_015200,0.017646769,0,0,Low Risk
CUST_015201,0.0021929897,0,0,Low Risk
CUST_015202,0.9916705,1,1,High Risk
CUST_015203,0.014799459,0,0,Low Risk
CUST_015204,0.037188195,0,0,Low Risk
CUST_015205,0.9839484,1,1,High Risk
CUST_015206,0.052508105,0,0,Low Risk
CUST_015207,0.16469139,0,0,Low Risk
CUST_015208,0.008762932,0,0,Low Risk
CUST_015209,0.02234507,0,0,Low Risk
CUST_015210,0.015600987,0,0,Low Risk
CUST_015211,0.008063449,0,0,Low Risk
CUST_015212,0.040890537,0,0,Low Risk
CUST_015213,0.011455003,0,0,Low Risk
CUST_015214,0.8146324,1,1,High Risk
CUST_015215,0.0037668594,0,0,Low Risk
CUST_015216,0.01091186,0,0,Low Risk
CUST_015217,0.07294242,0,0,Low Risk
CUST_015218,0.01197186,0,0,Low Risk
CUST_015219,0.0075440058,0,0,Low Risk
CUST_015220,0.0689488,0,0,Low Risk
CUST_015221,0.043606225,0,0,Low Risk
CUST_015222,0.046803948,0,0,Low Risk
CUST_015223,0.20667894,0,0,Low Risk
CUST_015224,0.023281945,0,0,Low Risk
CUST_015225,0.037534993,0,0,Low Risk
CUST_015226,0.004400729,0,0,Low Risk
CUST_015227,0.009331715,0,0,Low Risk
CUST_015228,0.01277072,0,0,Low Risk
CUST_015229,0.0076201754,0,0,Low Risk
CUST_015230,0.0078010373,0,0,Low Risk
CUST_015231,0.018257765,0,0,Low Risk
CUST_015232,0.5269732,1,0,Medium Risk
CUST_015233,0.011320914,0,0,Low Risk
CUST_015234,0.9388122,1,1,High Risk
CUST_015235,0.03237639,0,0,Low Risk
CUST_015236,0.029323438,0,0,Low Risk
CUST_015237,0.9983816,1,1,High Risk
CUST_015238,0.044794153,0,0,Low Risk
CUST_015239,0.35014352,0,0,Medium Risk
CUST_015240,0.16294026,0,0,Low Risk
CUST_015241,0.046731852,0,0,Low Risk
CUST_015242,0.23733293,0,1,Low Risk
CUST_015243,0.86123264,1,1,High Risk
CUST_015244,0.0119989365,0,0,Low Risk
CUST_015245,0.005717947,0,0,Low Risk
CUST_015246,0.023165526,0,0,Low Risk
CUST_015247,0.0036050638,0,0,Low Risk
CUST_015248,0.11089433,0,0,Low Risk
CUST_015249,0.028697345,0,0,Low Risk
CUST_015250,0.01402562,0,0,Low Risk
CUST_015251,0.0650456,0,0,Low Risk
CUST_015252,0.01759579,0,0,Low Risk
CUST_015253,0.9996822,1,1,High Risk
CUST_015254,0.78112185,1,1,High Risk
CUST_015255,0.0653783,0,0,Low Risk
CUST_015256,0.9824645,1,1,High Risk
CUST_015257,0.016653324,0,0,Low Risk
CUST_015258,0.030359216,0,0,Low Risk
CUST_015259,0.052659173,0,0,Low Risk
CUST_015260,0.011246369,0,0,Low Risk
CUST_015261,0.013568115,0,0,Low Risk
CUST_015262,0.05593103,0,0,Low Risk
CUST_015263,0.011665808,0,0,Low Risk
CUST_015264,0.06397096,0,0,Low Risk
CUST_015265,0.024281356,0,0,Low Risk
CUST_015266,0.0044121617,0,0,Low Risk
CUST_015267,0.0068885023,0,0,Low Risk
CUST_015268,0.008252013,0,0,Low Risk
CUST_015269,0.999035,1,1,High Risk
CUST_015270,0.99745256,1,1,High Risk
CUST_015271,0.026467863,0,0,Low Risk
CUST_015272,0.007110338,0,0,Low Risk
CUST_015273,0.9993748,1,1,High Risk
CUST_015274,0.9962232,1,1,High Risk
CUST_015275,0.99870634,1,1,High Risk
CUST_015276,0.99896955,1,1,High Risk
CUST_015277,0.0139500825,0,0,Low Risk
CUST_015278,0.004346569,0,0,Low Risk
CUST_015279,0.16973974,0,0,Low Risk
CUST_015280,0.989958,1,1,High Risk
CUST_015281,0.07826227,0,0,Low Risk
CUST_015282,0.06265852,0,0,Low Risk
CUST_015283,0.0017553002,0,0,Low Risk
CUST_015284,0.05314186,0,0,Low Risk
CUST_015285,0.123384036,0,1,Low Risk
CUST_015286,0.012950464,0,0,Low Risk
CUST_015287,0.023021435,0,0,Low Risk
CUST_015288,0.9107308,1,1,High Risk
CUST_015289,0.1085569,0,0,Low Risk
CUST_015290,0.99746203,1,1,High Risk
CUST_015291,0.040266484,0,0,Low Risk
CUST_015292,0.99959594,1,1,High Risk
CUST_015293,0.99581945,1,1,High Risk
CUST_015294,0.002789344,0,0,Low Risk
CUST_015295,0.17599787,0,0,Low Risk
CUST_015296,0.015850307,0,0,Low Risk
CUST_015297,0.014907449,0,0,Low Risk
CUST_015298,0.015170971,0,0,Low Risk
CUST_015299,0.0062095933,0,0,Low Risk
CUST_015300,0.24544428,0,0,Low Risk
CUST_015301,0.005264894,0,0,Low Risk
CUST_015302,0.034167174,0,0,Low Risk
CUST_015303,0.0013970461,0,0,Low Risk
CUST_015304,0.05636614,0,0,Low Risk
CUST_015305,0.011593165,0,0,Low Risk
CUST_015306,0.0025432247,0,0,Low Risk
CUST_015307,0.1870537,0,0,Low Risk
CUST_015308,0.999648,1,1,High Risk
CUST_015309,0.9966857,1,1,High Risk
CUST_015310,0.6350547,1,1,Medium Risk
CUST_015311,0.014345361,0,0,Low Risk
CUST_015312,0.014815855,0,0,Low Risk
CUST_015313,0.026848398,0,0,Low Risk
CUST_015314,0.0070175077,0,0,Low Risk
CUST_015315,0.01817444,0,0,Low Risk
CUST_015316,0.029982962,0,0,Low Risk
CUST_015317,0.99882704,1,1,High Risk
CUST_015318,0.9997515,1,1,High Risk
CUST_015319,0.037422553,0,0,Low Risk
CUST_015320,0.9991659,1,1,High Risk
CUST_015321,0.10188363,0,0,Low Risk
CUST_015322,0.19813837,0,0,Low Risk
CUST_015323,0.027068714,0,0,Low Risk
CUST_015324,0.021253536,0,0,Low Risk
CUST_015325,0.9992508,1,1,High Risk
CUST_015326,0.3596092,0,0,Medium Risk
CUST_015327,0.055137884,0,0,Low Risk
CUST_015328,0.11935974,0,0,Low Risk
CUST_015329,0.008217198,0,0,Low Risk
CUST_015330,0.02957874,0,0,Low Risk
CUST_015331,0.32495436,0,1,Low Risk
CUST_015332,0.02315594,0,0,Low Risk
CUST_015333,0.027739067,0,0,Low Risk
CUST_015334,0.9998118,1,1,High Risk
CUST_015335,0.032274537,0,0,Low Risk
CUST_015336,0.042707633,0,0,Low Risk
CUST_015337,0.109443516,0,0,Low Risk
CUST_015338,0.012242169,0,0,Low Risk
CUST_015339,0.00430047,0,0,Low Risk
CUST_015340,0.999686,1,1,High Risk
CUST_015341,0.038485978,0,0,Low Risk
CUST_015342,0.999418,1,1,High Risk
CUST_015343,0.549606,1,1,Medium Risk
CUST_015344,0.056949418,0,0,Low Risk
CUST_015345,0.99592113,1,1,High Risk
CUST_015346,0.99929917,1,1,High Risk
CUST_015347,0.065108925,0,0,Low Risk
CUST_015348,0.9578751,1,1,High Risk
CUST_015349,0.042584155,0,0,Low Risk
CUST_015350,0.003249375,0,0,Low Risk
CUST_015351,0.9943709,1,1,High Risk
CUST_015352,0.013672047,0,0,Low Risk
CUST_015353,0.05720553,0,0,Low Risk
CUST_015354,0.0036598428,0,0,Low Risk
CUST_015355,0.9968952,1,1,High Risk
CUST_015356,0.016264692,0,0,Low Risk
CUST_015357,0.029093059,0,0,Low Risk
CUST_015358,0.9974936,1,1,High Risk
CUST_015359,0.99846834,1,1,High Risk
CUST_015360,0.037209146,0,0,Low Risk
CUST_015361,0.007165421,0,0,Low Risk
CUST_015362,0.13178532,0,1,Low Risk
CUST_015363,0.99861443,1,1,High Risk
CUST_015364,0.99911886,1,1,High Risk
CUST_015365,0.064557664,0,0,Low Risk
CUST_015366,0.9997315,1,1,High Risk
CUST_015367,0.9995833,1,1,High Risk
CUST_015368,0.99695146,1,1,High Risk
CUST_015369,0.005475926,0,0,Low Risk
CUST_015370,0.027764585,0,0,Low Risk
CUST_015371,0.011256038,0,0,Low Risk
CUST_015372,0.04046705,0,0,Low Risk
CUST_015373,0.040600605,0,0,Low Risk
CUST_015374,0.9982502,1,1,High Risk
CUST_015375,0.0038068842,0,0,Low Risk
CUST_015376,0.8146779,1,1,High Risk
CUST_015377,0.9997192,1,1,High Risk
CUST_015378,0.0060537052,0,0,Low Risk
CUST_015379,0.014469534,0,0,Low Risk
CUST_015380,0.027787833,0,0,Low Risk
CUST_015381,0.9940221,1,1,High Risk
CUST_015382,0.9944088,1,1,High Risk
CUST_015383,0.9921956,1,1,High Risk
CUST_015384,0.016090369,0,0,Low Risk
CUST_015385,0.039001003,0,0,Low Risk
CUST_015386,0.021688083,0,0,Low Risk
CUST_015387,0.013275667,0,0,Low Risk
CUST_015388,0.9953057,1,1,High Risk
CUST_015389,0.028096922,0,0,Low Risk
CUST_015390,0.002993421,0,0,Low Risk
CUST_015391,0.0014947918,0,0,Low Risk
CUST_015392,0.013398514,0,0,Low Risk
CUST_015393,0.9986754,1,1,High Risk
CUST_015394,0.04404173,0,0,Low Risk
CUST_015395,0.04757376,0,0,Low Risk
CUST_015396,0.015413245,0,0,Low Risk
CUST_015397,0.12879112,0,0,Low Risk
CUST_015398,0.99987864,1,1,High Risk
CUST_015399,0.0017329941,0,0,Low Risk
CUST_015400,0.06262436,0,0,Low Risk
CUST_015401,0.0057731397,0,0,Low Risk
CUST_015402,0.048639752,0,0,Low Risk
CUST_015403,0.009336138,0,0,Low Risk
CUST_015404,0.1311234,0,0,Low Risk
CUST_015405,0.022964725,0,0,Low Risk
CUST_015406,0.008540135,0,0,Low Risk
CUST_015407,0.0067571397,0,0,Low Risk
CUST_015408,0.013854577,0,0,Low Risk
CUST_015409,0.12916674,0,1,Low Risk
CUST_015410,0.9987318,1,1,High Risk
CUST_015411,0.9981306,1,1,High Risk
CUST_015412,0.06839032,0,0,Low Risk
CUST_015413,0.020304041,0,0,Low Risk
CUST_015414,0.99969876,1,1,High Risk
CUST_015415,0.009088433,0,0,Low Risk
CUST_015416,0.011171419,0,0,Low Risk
CUST_015417,0.043189216,0,0,Low Risk
CUST_015418,0.9984092,1,1,High Risk
CUST_015419,0.9992704,1,1,High Risk
CUST_015420,0.0149427615,0,0,Low Risk
CUST_015421,0.05264462,0,0,Low Risk
CUST_015422,0.8920999,1,1,High Risk
CUST_015423,0.99933285,1,1,High Risk
CUST_015424,0.041151054,0,0,Low Risk
CUST_015425,0.9989135,1,1,High Risk
CUST_015426,0.018251428,0,0,Low Risk
CUST_015427,0.009312617,0,0,Low Risk
CUST_015428,0.13878566,0,0,Low Risk
CUST_015429,0.9997434,1,1,High Risk
CUST_015430,0.002921835,0,0,Low Risk
CUST_015431,0.8273143,1,0,High Risk
CUST_015432,0.99904495,1,1,High Risk
CUST_015433,0.99956614,1,1,High Risk
CUST_015434,0.99841285,1,1,High Risk
CUST_015435,0.002911396,0,0,Low Risk
CUST_015436,0.06664078,0,0,Low Risk
CUST_015437,0.026990173,0,0,Low Risk
CUST_015438,0.009953738,0,0,Low Risk
CUST_015439,0.0014721061,0,0,Low Risk
CUST_015440,0.39844033,0,0,Medium Risk
CUST_015441,0.029022546,0,1,Low Risk
CUST_015442,0.99951947,1,1,High Risk
CUST_015443,0.9997564,1,1,High Risk
CUST_015444,0.004493697,0,0,Low Risk
CUST_015445,0.0015711669,0,0,Low Risk
CUST_015446,0.015525199,0,0,Low Risk
CUST_015447,0.022410028,0,0,Low Risk
CUST_015448,0.03384158,0,0,Low Risk
CUST_015449,0.051835235,0,0,Low Risk
CUST_015450,0.99964654,1,1,High Risk
CUST_015451,0.018941017,0,0,Low Risk
CUST_015452,0.6365017,1,1,Medium Risk
CUST_015453,0.04523617,0,0,Low Risk
CUST_015454,0.028352603,0,0,Low Risk
CUST_015455,0.99774665,1,1,High Risk
CUST_015456,0.6069093,1,1,Medium Risk
CUST_015457,0.012432962,0,0,Low Risk
CUST_015458,0.9999238,1,1,High Risk
CUST_015459,0.04206746,0,0,Low Risk
CUST_015460,0.99942625,1,1,High Risk
CUST_015461,0.010868714,0,0,Low Risk
CUST_015462,0.0022141521,0,0,Low Risk
CUST_015463,0.9976609,1,1,High Risk
CUST_015464,0.035740517,0,0,Low Risk
CUST_015465,0.021305202,0,0,Low Risk
CUST_015466,0.15920042,0,0,Low Risk
CUST_015467,0.022890555,0,0,Low Risk
CUST_015468,0.010563943,0,0,Low Risk
CUST_015469,0.042730965,0,0,Low Risk
CUST_015470,0.009341666,0,0,Low Risk
CUST_015471,0.026074188,0,0,Low Risk
CUST_015472,0.023792928,0,0,Low Risk
CUST_015473,0.9977958,1,1,High Risk
CUST_015474,0.011350643,0,0,Low Risk
CUST_015475,0.008271762,0,0,Low Risk
CUST_015476,0.006724766,0,0,Low Risk
CUST_015477,0.0030901884,0,0,Low Risk
CUST_015478,0.023986598,0,0,Low Risk
CUST_015479,0.94705546,1,1,High Risk
CUST_015480,0.060866844,0,0,Low Risk
CUST_015481,0.10342543,0,0,Low Risk
CUST_015482,0.6689623,1,0,High Risk
CUST_015483,0.99683565,1,1,High Risk
CUST_015484,0.0759529,0,0,Low Risk
CUST_015485,0.98713315,1,1,High Risk
CUST_015486,0.038140986,0,0,Low Risk
CUST_015487,0.008846753,0,0,Low Risk
CUST_015488,0.0038049605,0,0,Low Risk
CUST_015489,0.012612294,0,0,Low Risk
CUST_015490,0.01092583,0,0,Low Risk
CUST_015491,0.018268703,0,0,Low Risk
CUST_015492,0.017438587,0,0,Low Risk
CUST_015493,0.013870481,0,0,Low Risk
CUST_015494,0.01293926,0,0,Low Risk
CUST_015495,0.9001294,1,1,High Risk
CUST_015496,0.0060347235,0,0,Low Risk
CUST_015497,0.004054519,0,0,Low Risk
CUST_015498,0.9968033,1,1,High Risk
CUST_015499,0.01996374,0,0,Low Risk
CUST_015500,0.1399107,0,0,Low Risk
CUST_015501,0.9981938,1,1,High Risk
CUST_015502,0.003421608,0,0,Low Risk
CUST_015503,0.18150115,0,0,Low Risk
CUST_015504,0.059259012,0,0,Low Risk
CUST_015505,0.9970919,1,1,High Risk
CUST_015506,0.007117495,0,0,Low Risk
CUST_015507,0.028691258,0,0,Low Risk
CUST_015508,0.023465155,0,0,Low Risk
CUST_015509,0.009903902,0,0,Low Risk
CUST_015510,0.99969065,1,1,High Risk
CUST_015511,0.99879813,1,1,High Risk
CUST_015512,0.025291074,0,0,Low Risk
CUST_015513,0.99965775,1,1,High Risk
CUST_015514,0.9991843,1,1,High Risk
CUST_015515,0.0063459813,0,0,Low Risk
CUST_015516,0.039532967,0,0,Low Risk
CUST_015517,0.0023604017,0,0,Low Risk
CUST_015518,0.004711307,0,0,Low Risk
CUST_015519,0.010038887,0,0,Low Risk
CUST_015520,0.04435142,0,0,Low Risk
CUST_015521,0.3282853,0,0,Low Risk
CUST_015522,0.0022351535,0,0,Low Risk
CUST_015523,0.13325083,0,0,Low Risk
CUST_015524,0.99725866,1,1,High Risk
CUST_015525,0.0050623105,0,0,Low Risk
CUST_015526,0.078694895,0,0,Low Risk
CUST_015527,0.9992514,1,1,High Risk
CUST_015528,0.08070102,0,0,Low Risk
CUST_015529,0.9987972,1,1,High Risk
CUST_015530,0.034934614,0,0,Low Risk
CUST_015531,0.9994122,1,1,High Risk
CUST_015532,0.9954007,1,1,High Risk
CUST_015533,0.004461445,0,0,Low Risk
CUST_015534,0.76233643,1,1,High Risk
CUST_015535,0.99417925,1,1,High Risk
CUST_015536,0.048254233,0,0,Low Risk
CUST_015537,0.9998677,1,1,High Risk
CUST_015538,0.012819409,0,0,Low Risk
CUST_015539,0.11128525,0,0,Low Risk
CUST_015540,0.9990018,1,1,High Risk
CUST_015541,0.1013322,0,0,Low Risk
CUST_015542,0.99841523,1,1,High Risk
CUST_015543,0.0035157104,0,0,Low Risk
CUST_015544,0.0628948,0,0,Low Risk
CUST_015545,0.11383899,0,0,Low Risk
CUST_015546,0.0049889283,0,0,Low Risk
CUST_015547,0.99674267,1,1,High Risk
CUST_015548,0.018867247,0,0,Low Risk
CUST_015549,0.9968382,1,1,High Risk
CUST_015550,0.9998404,1,1,High Risk
CUST_015551,0.99938154,1,1,High Risk
CUST_015552,0.6934531,1,0,High Risk
CUST_015553,0.027055234,0,0,Low Risk
CUST_015554,0.04553453,0,0,Low Risk
CUST_015555,0.01155175,0,0,Low Risk
CUST_015556,0.10094256,0,0,Low Risk
CUST_015557,0.99904734,1,1,High Risk
CUST_015558,0.9949679,1,1,High Risk
CUST_015559,0.016777677,0,0,Low Risk
CUST_015560,0.039072204,0,0,Low Risk
CUST_015561,0.6221492,1,0,Medium Risk
CUST_015562,0.020868052,0,0,Low Risk
CUST_015563,0.0052993884,0,0,Low Risk
CUST_015564,0.009587911,0,0,Low Risk
CUST_015565,0.006596524,0,0,Low Risk
CUST_015566,0.020580873,0,0,Low Risk
CUST_015567,0.0040247906,0,0,Low Risk
CUST_015568,0.039650675,0,0,Low Risk
CUST_015569,0.99325985,1,1,High Risk
CUST_015570,0.99044234,1,1,High Risk
CUST_015571,0.15774898,0,1,Low Risk
CUST_015572,0.66279566,1,0,High Risk
CUST_015573,0.052917283,0,0,Low Risk
CUST_015574,0.019940047,0,0,Low Risk
CUST_015575,0.03371771,0,0,Low Risk
CUST_015576,0.0048629683,0,0,Low Risk
CUST_015577,0.9994879,1,1,High Risk
CUST_015578,0.10394828,0,0,Low Risk
CUST_015579,0.99864227,1,1,High Risk
CUST_015580,0.052950367,0,0,Low Risk
CUST_015581,0.99981743,1,1,High Risk
CUST_015582,0.040549975,0,0,Low Risk
CUST_015583,0.036123976,0,0,Low Risk
CUST_015584,0.013542834,0,0,Low Risk
CUST_015585,0.010692128,0,0,Low Risk
CUST_015586,0.022945669,0,0,Low Risk
CUST_015587,0.9995771,1,1,High Risk
CUST_015588,0.9961712,1,1,High Risk
CUST_015589,0.99563843,1,1,High Risk
CUST_015590,0.99797565,1,1,High Risk
CUST_015591,0.016762251,0,0,Low Risk
CUST_015592,0.9998956,1,1,High Risk
CUST_015593,0.99920326,1,1,High Risk
CUST_015594,0.99856406,1,1,High Risk
CUST_015595,0.9997924,1,1,High Risk
CUST_015596,0.0421692,0,0,Low Risk
CUST_015597,0.033610843,0,0,Low Risk
CUST_015598,0.029765904,0,0,Low Risk
CUST_015599,0.0054564173,0,0,Low Risk
CUST_015600,0.31901574,0,1,Low Risk
CUST_015601,0.94962615,1,1,High Risk
CUST_015602,0.013348138,0,0,Low Risk
CUST_015603,0.005169712,0,0,Low Risk
CUST_015604,0.044021036,0,0,Low Risk
CUST_015605,0.9997383,1,1,High Risk
CUST_015606,0.20231372,0,0,Low Risk
CUST_015607,0.028113235,0,0,Low Risk
CUST_015608,0.026608182,0,0,Low Risk
CUST_015609,0.024471473,0,0,Low Risk
CUST_015610,0.04126032,0,0,Low Risk
CUST_015611,0.061346207,0,0,Low Risk
CUST_015612,0.30084035,0,1,Low Risk
CUST_015613,0.015306433,0,0,Low Risk
CUST_015614,0.027577968,0,0,Low Risk
CUST_015615,0.019340845,0,0,Low Risk
CUST_015616,0.9972241,1,1,High Risk
CUST_015617,0.8415733,1,1,High Risk
CUST_015618,0.022331698,0,0,Low Risk
CUST_015619,0.029743344,0,0,Low Risk
CUST_015620,0.020196106,0,0,Low Risk
CUST_015621,0.0894969,0,0,Low Risk
CUST_015622,0.99931335,1,1,High Risk
CUST_015623,0.072432,0,0,Low Risk
CUST_015624,0.0075155194,0,0,Low Risk
CUST_015625,0.9976866,1,1,High Risk
CUST_015626,0.9991885,1,1,High Risk
CUST_015627,0.14944804,0,0,Low Risk
CUST_015628,0.015896132,0,0,Low Risk
CUST_015629,0.007610438,0,0,Low Risk
CUST_015630,0.9994685,1,1,High Risk
CUST_015631,0.108870335,0,0,Low Risk
CUST_015632,0.97026294,1,1,High Risk
CUST_015633,0.042666927,0,0,Low Risk
CUST_015634,0.028865827,0,0,Low Risk
CUST_015635,0.024121245,0,0,Low Risk
CUST_015636,0.022009173,0,0,Low Risk
CUST_015637,0.024542224,0,0,Low Risk
CUST_015638,0.08591193,0,0,Low Risk
CUST_015639,0.027124545,0,0,Low Risk
CUST_015640,0.015841465,0,0,Low Risk
CUST_015641,0.9116093,1,1,High Risk
CUST_015642,0.9744933,1,1,High Risk
CUST_015643,0.013036788,0,0,Low Risk
CUST_015644,0.007201042,0,0,Low Risk
CUST_015645,0.06438992,0,0,Low Risk
CUST_015646,0.26393667,0,0,Low Risk
CUST_015647,0.032932777,0,0,Low Risk
CUST_015648,0.99971515,1,1,High Risk
CUST_015649,0.99932826,1,1,High Risk
CUST_015650,0.99842024,1,1,High Risk
CUST_015651,0.69410825,1,1,High Risk
CUST_015652,0.026872067,0,0,Low Risk
CUST_015653,0.010455505,0,0,Low Risk
CUST_015654,0.016231751,0,0,Low Risk
CUST_015655,0.008275307,0,0,Low Risk
CUST_015656,0.057360873,0,0,Low Risk
CUST_015657,0.9615411,1,1,High Risk
CUST_015658,0.03108228,0,0,Low Risk
CUST_015659,0.024213,0,0,Low Risk
CUST_015660,0.002728058,0,0,Low Risk
CUST_015661,0.9977367,1,1,High Risk
CUST_015662,0.0048054317,0,0,Low Risk
CUST_015663,0.038319357,0,0,Low Risk
CUST_015664,0.9997689,1,1,High Risk
CUST_015665,0.055904727,0,0,Low Risk
CUST_015666,0.027751336,0,0,Low Risk
CUST_015667,0.030254208,0,0,Low Risk
CUST_015668,0.021150395,0,0,Low Risk
CUST_015669,0.028547453,0,0,Low Risk
CUST_015670,0.040167548,0,0,Low Risk
CUST_015671,0.98760754,1,1,High Risk
CUST_015672,0.019235374,0,0,Low Risk
CUST_015673,0.026517112,0,0,Low Risk
CUST_015674,0.9970042,1,1,High Risk
CUST_015675,0.077517465,0,0,Low Risk
CUST_015676,0.036287963,0,0,Low Risk
CUST_015677,0.038302373,0,0,Low Risk
CUST_015678,0.4549407,0,0,Medium Risk
CUST_015679,0.0071189036,0,0,Low Risk
CUST_015680,0.036994863,0,0,Low Risk
CUST_015681,0.003919538,0,0,Low Risk
CUST_015682,0.22404753,0,0,Low Risk
CUST_015683,0.05130873,0,0,Low Risk
CUST_015684,0.04360034,0,0,Low Risk
CUST_015685,0.033285532,0,0,Low Risk
CUST_015686,0.0910388,0,0,Low Risk
CUST_015687,0.01940052,0,0,Low Risk
CUST_015688,0.012444941,0,0,Low Risk
CUST_015689,0.049805976,0,0,Low Risk
CUST_015690,0.0048497,0,0,Low Risk
CUST_015691,0.03171517,0,0,Low Risk
CUST_015692,0.9981673,1,1,High Risk
CUST_015693,0.0032784878,0,0,Low Risk
CUST_015694,0.0073892428,0,0,Low Risk
CUST_015695,0.96956515,1,1,High Risk
CUST_015696,0.9997372,1,1,High Risk
CUST_015697,0.004672264,0,0,Low Risk
CUST_015698,0.9997603,1,1,High Risk
CUST_015699,0.005921106,0,0,Low Risk
CUST_015700,0.04079719,0,0,Low Risk
CUST_015701,0.99919647,1,1,High Risk
CUST_015702,0.96014386,1,1,High Risk
CUST_015703,0.04543726,0,0,Low Risk
CUST_015704,0.011714658,0,0,Low Risk
CUST_015705,0.06072777,0,0,Low Risk
CUST_015706,0.015132128,0,0,Low Risk
CUST_015707,0.9940289,1,1,High Risk
CUST_015708,0.002194829,0,0,Low Risk
CUST_015709,0.044716097,0,0,Low Risk
CUST_015710,0.018159576,0,0,Low Risk
CUST_015711,0.082150355,0,0,Low Risk
CUST_015712,0.048700403,0,0,Low Risk
CUST_015713,0.022680268,0,0,Low Risk
CUST_015714,0.994819,1,1,High Risk
CUST_015715,0.029520534,0,0,Low Risk
CUST_015716,0.008118589,0,0,Low Risk
CUST_015717,0.99147123,1,1,High Risk
CUST_015718,0.0041968697,0,0,Low Risk
CUST_015719,0.030359581,0,0,Low Risk
CUST_015720,0.017384637,0,0,Low Risk
CUST_015721,0.03341362,0,0,Low Risk
CUST_015722,0.95283955,1,1,High Risk
CUST_015723,0.06693955,0,0,Low Risk
CUST_015724,0.99889344,1,1,High Risk
CUST_015725,0.038260113,0,0,Low Risk
CUST_015726,0.9997048,1,1,High Risk
CUST_015727,0.011493187,0,0,Low Risk
CUST_015728,0.083505616,0,0,Low Risk
CUST_015729,0.012925497,0,0,Low Risk
CUST_015730,0.9887921,1,1,High Risk
CUST_015731,0.99645305,1,1,High Risk
CUST_015732,0.6361922,1,1,Medium Risk
CUST_015733,0.015228744,0,0,Low Risk
CUST_015734,0.022635771,0,0,Low Risk
CUST_015735,0.9990094,1,1,High Risk
CUST_015736,0.014535592,0,0,Low Risk
CUST_015737,0.013538381,0,0,Low Risk
CUST_015738,0.99891996,1,1,High Risk
CUST_015739,0.021416685,0,0,Low Risk
CUST_015740,0.033283006,0,0,Low Risk
CUST_015741,0.02058756,0,0,Low Risk
CUST_015742,0.023983026,0,0,Low Risk
CUST_015743,0.020280363,0,0,Low Risk
CUST_015744,0.04677668,0,0,Low Risk
CUST_015745,0.009646171,0,0,Low Risk
CUST_015746,0.9928717,1,1,High Risk
CUST_015747,0.019015195,0,0,Low Risk
CUST_015748,0.9491102,1,1,High Risk
CUST_015749,0.0425289,0,0,Low Risk
CUST_015750,0.013296666,0,0,Low Risk
CUST_015751,0.051865067,0,0,Low Risk
CUST_015752,0.999814,1,1,High Risk
CUST_015753,0.004202238,0,0,Low Risk
CUST_015754,0.042189322,0,0,Low Risk
CUST_015755,0.5020431,1,0,Medium Risk
CUST_015756,0.007811017,0,0,Low Risk
CUST_015757,0.0054358146,0,0,Low Risk
CUST_015758,0.003621226,0,0,Low Risk
CUST_015759,0.014316332,0,0,Low Risk
CUST_015760,0.9928168,1,1,High Risk
CUST_015761,0.036602553,0,0,Low Risk
CUST_015762,0.034923457,0,0,Low Risk
CUST_015763,0.0019997947,0,0,Low Risk
CUST_015764,0.029227052,0,0,Low Risk
CUST_015765,0.007130926,0,0,Low Risk
CUST_015766,0.010518559,0,0,Low Risk
CUST_015767,0.9996159,1,1,High Risk
CUST_015768,0.033707183,0,0,Low Risk
CUST_015769,0.46592453,0,0,Medium Risk
CUST_015770,0.006806287,0,0,Low Risk
CUST_015771,0.023887124,0,0,Low Risk
CUST_015772,0.9994406,1,1,High Risk
CUST_015773,0.050259504,0,1,Low Risk
CUST_015774,0.08354788,0,0,Low Risk
CUST_015775,0.9975103,1,1,High Risk
CUST_015776,0.037938632,0,0,Low Risk
CUST_015777,0.9995876,1,1,High Risk
CUST_015778,0.0016416727,0,0,Low Risk
CUST_015779,0.20649487,0,0,Low Risk
CUST_015780,0.059338596,0,0,Low Risk
CUST_015781,0.9998084,1,1,High Risk
CUST_015782,0.032657765,0,0,Low Risk
CUST_015783,0.025820449,0,0,Low Risk
CUST_015784,0.99985373,1,1,High Risk
CUST_015785,0.99968565,1,1,High Risk
CUST_015786,0.0028857763,0,0,Low Risk
CUST_015787,0.011603108,0,0,Low Risk
CUST_015788,0.9992312,1,1,High Risk
CUST_015789,0.9081432,1,1,High Risk
CUST_015790,0.015726818,0,0,Low Risk
CUST_015791,0.99952173,1,1,High Risk
CUST_015792,0.048376083,0,0,Low Risk
CUST_015793,0.02342992,0,0,Low Risk
CUST_015794,0.05441838,0,0,Low Risk
CUST_015795,0.020255934,0,0,Low Risk
CUST_015796,0.015482257,0,0,Low Risk
CUST_015797,0.002120079,0,0,Low Risk
CUST_015798,0.0058389753,0,0,Low Risk
CUST_015799,0.035787877,0,0,Low Risk
CUST_015800,0.003203683,0,0,Low Risk
CUST_015801,0.9997832,1,1,High Risk
CUST_015802,0.99894315,1,1,High Risk
CUST_015803,0.03506404,0,0,Low Risk
CUST_015804,0.006568296,0,0,Low Risk
CUST_015805,0.038904887,0,0,Low Risk
CUST_015806,0.024283592,0,0,Low Risk
CUST_015807,0.022685962,0,0,Low Risk
CUST_015808,0.026304256,0,0,Low Risk
CUST_015809,0.043023184,0,0,Low Risk
CUST_015810,0.012334491,0,0,Low Risk
CUST_015811,0.029356334,0,0,Low Risk
CUST_015812,0.24797215,0,0,Low Risk
CUST_015813,0.03640012,0,0,Low Risk
CUST_015814,0.019512342,0,0,Low Risk
CUST_015815,0.0056976783,0,0,Low Risk
CUST_015816,0.34104538,0,1,Low Risk
CUST_015817,0.062912494,0,0,Low Risk
CUST_015818,0.006633957,0,0,Low Risk
CUST_015819,0.010886107,0,0,Low Risk
CUST_015820,0.007244891,0,0,Low Risk
CUST_015821,0.02764842,0,0,Low Risk
CUST_015822,0.15307544,0,0,Low Risk
CUST_015823,0.023225224,0,0,Low Risk
CUST_015824,0.9989446,1,1,High Risk
CUST_015825,0.012231322,0,0,Low Risk
CUST_015826,0.03494545,0,0,Low Risk
CUST_015827,0.99858534,1,1,High Risk
CUST_015828,0.068490505,0,0,Low Risk
CUST_015829,0.9984737,1,1,High Risk
CUST_015830,0.9952597,1,1,High Risk
CUST_015831,0.9995937,1,1,High Risk
CUST_015832,0.9990345,1,1,High Risk
CUST_015833,0.028215475,0,0,Low Risk
CUST_015834,0.0060339742,0,0,Low Risk
CUST_015835,0.0225049,0,0,Low Risk
CUST_015836,0.004865037,0,0,Low Risk
CUST_015837,0.017473737,0,0,Low Risk
CUST_015838,0.9912675,1,1,High Risk
CUST_015839,0.032802492,0,0,Low Risk
CUST_015840,0.061002664,0,0,Low Risk
CUST_015841,0.9990258,1,1,High Risk
CUST_015842,0.031798463,0,0,Low Risk
CUST_015843,0.037934955,0,0,Low Risk
CUST_015844,0.049111735,0,0,Low Risk
CUST_015845,0.014333251,0,0,Low Risk
CUST_015846,0.011719478,0,0,Low Risk
CUST_015847,0.011140378,0,0,Low Risk
CUST_015848,0.029535895,0,0,Low Risk
CUST_015849,0.033484615,0,0,Low Risk
CUST_015850,0.013419338,0,0,Low Risk
CUST_015851,0.026170721,0,0,Low Risk
CUST_015852,0.0046195616,0,0,Low Risk
CUST_015853,0.0047701285,0,0,Low Risk
CUST_015854,0.00451804,0,0,Low Risk
CUST_015855,0.010370682,0,0,Low Risk
CUST_015856,0.0036767635,0,0,Low Risk
CUST_015857,0.99934524,1,1,High Risk
CUST_015858,0.0027337512,0,0,Low Risk
CUST_015859,0.42484134,0,0,Medium Risk
CUST_015860,0.9995517,1,1,High Risk
CUST_015861,0.8619894,1,1,High Risk
CUST_015862,0.02692673,0,0,Low Risk
CUST_015863,0.017210044,0,0,Low Risk
CUST_015864,0.043647528,0,0,Low Risk
CUST_015865,0.012775836,0,0,Low Risk
CUST_015866,0.51867783,1,0,Medium Risk
CUST_015867,0.9978409,1,1,High Risk
CUST_015868,0.027516436,0,0,Low Risk
CUST_015869,0.020256625,0,0,Low Risk
CUST_015870,0.0076220213,0,0,Low Risk
CUST_015871,0.99183744,1,1,High Risk
CUST_015872,0.015877971,0,0,Low Risk
CUST_015873,0.051403545,0,0,Low Risk
CUST_015874,0.012286879,0,0,Low Risk
CUST_015875,0.01721928,0,0,Low Risk
CUST_015876,0.024740068,0,0,Low Risk
CUST_015877,0.028275976,0,0,Low Risk
CUST_015878,0.9934727,1,1,High Risk
CUST_015879,0.0044816015,0,0,Low Risk
CUST_015880,0.99850947,1,1,High Risk
CUST_015881,0.005367645,0,0,Low Risk
CUST_015882,0.010743668,0,0,Low Risk
CUST_015883,0.028673101,0,0,Low Risk
CUST_015884,0.011763216,0,0,Low Risk
CUST_015885,0.004182431,0,0,Low Risk
CUST_015886,0.026440637,0,0,Low Risk
CUST_015887,0.0068167485,0,0,Low Risk
CUST_015888,0.9883696,1,1,High Risk
CUST_015889,0.061350815,0,0,Low Risk
CUST_015890,0.0071020415,0,0,Low Risk
CUST_015891,0.013990418,0,0,Low Risk
CUST_015892,0.015267989,0,0,Low Risk
CUST_015893,0.9993931,1,1,High Risk
CUST_015894,0.02483171,0,0,Low Risk
CUST_015895,0.998953,1,1,High Risk
CUST_015896,0.016125077,0,0,Low Risk
CUST_015897,0.13508,0,1,Low Risk
CUST_015898,0.99879336,1,1,High Risk
CUST_015899,0.9989837,1,1,High Risk
CUST_015900,0.0125864195,0,0,Low Risk
CUST_015901,0.9990773,1,1,High Risk
CUST_015902,0.9987785,1,1,High Risk
CUST_015903,0.11264262,0,0,Low Risk
CUST_015904,0.009250839,0,0,Low Risk
CUST_015905,0.026079506,0,0,Low Risk
CUST_015906,0.40685612,0,0,Medium Risk
CUST_015907,0.027185809,0,0,Low Risk
CUST_015908,0.0009856701,0,0,Low Risk
CUST_015909,0.6898727,1,0,High Risk
CUST_015910,0.07111076,0,0,Low Risk
CUST_015911,0.049444996,0,0,Low Risk
CUST_015912,0.014803812,0,0,Low Risk
CUST_015913,0.00812748,0,0,Low Risk
CUST_015914,0.08121126,0,0,Low Risk
CUST_015915,0.018325957,0,0,Low Risk
CUST_015916,0.041425627,0,0,Low Risk
CUST_015917,0.03456228,0,0,Low Risk
CUST_015918,0.9658658,1,1,High Risk
CUST_015919,0.9948072,1,1,High Risk
CUST_015920,0.07013,0,0,Low Risk
CUST_015921,0.9991875,1,1,High Risk
CUST_015922,0.08539342,0,0,Low Risk
CUST_015923,0.033752896,0,0,Low Risk
CUST_015924,0.10748518,0,0,Low Risk
CUST_015925,0.014057691,0,0,Low Risk
CUST_015926,0.010312056,0,0,Low Risk
CUST_015927,0.015515677,0,0,Low Risk
CUST_015928,0.010381517,0,0,Low Risk
CUST_015929,0.9997632,1,1,High Risk
CUST_015930,0.023625111,0,0,Low Risk
CUST_015931,0.009644878,0,0,Low Risk
CUST_015932,0.02772349,0,0,Low Risk
CUST_015933,0.073024884,0,0,Low Risk
CUST_015934,0.9994011,1,1,High Risk
CUST_015935,0.00910678,0,0,Low Risk
CUST_015936,0.07047257,0,1,Low Risk
CUST_015937,0.007270191,0,0,Low Risk
CUST_015938,0.013257016,0,0,Low Risk
CUST_015939,0.0847198,0,0,Low Risk
CUST_015940,0.01388933,0,0,Low Risk
CUST_015941,0.017173812,0,0,Low Risk
CUST_015942,0.019263718,0,0,Low Risk
CUST_015943,0.08818172,0,0,Low Risk
CUST_015944,0.011107443,0,0,Low Risk
CUST_015945,0.99890304,1,1,High Risk
CUST_015946,0.9961952,1,1,High Risk
CUST_015947,0.010982125,0,0,Low Risk
CUST_015948,0.9948809,1,1,High Risk
CUST_015949,0.9998553,1,1,High Risk
CUST_015950,0.54172456,1,1,Medium Risk
CUST_015951,0.0026465645,0,0,Low Risk
CUST_015952,0.0050497223,0,0,Low Risk
CUST_015953,0.006295899,0,0,Low Risk
CUST_015954,0.99864477,1,1,High Risk
CUST_015955,0.05830662,0,0,Low Risk
CUST_015956,0.9997174,1,1,High Risk
CUST_015957,0.02492858,0,0,Low Risk
CUST_015958,0.0030203117,0,0,Low Risk
CUST_015959,0.99895823,1,1,High Risk
CUST_015960,0.9997218,1,1,High Risk
CUST_015961,0.25725502,0,0,Low Risk
CUST_015962,0.049876064,0,0,Low Risk
CUST_015963,0.99967873,1,1,High Risk
CUST_015964,0.016746651,0,0,Low Risk
CUST_015965,0.028227365,0,0,Low Risk
CUST_015966,0.006511253,0,0,Low Risk
CUST_015967,0.002697151,0,0,Low Risk
CUST_015968,0.9994916,1,1,High Risk
CUST_015969,0.9927255,1,1,High Risk
CUST_015970,0.09636511,0,0,Low Risk
CUST_015971,0.0055937674,0,0,Low Risk
CUST_015972,0.058507442,0,0,Low Risk
CUST_015973,0.036855202,0,0,Low Risk
CUST_015974,0.99919933,1,1,High Risk
CUST_015975,0.012965272,0,0,Low Risk
CUST_015976,0.08351165,0,0,Low Risk
CUST_015977,0.27419564,0,0,Low Risk
CUST_015978,0.0017438128,0,0,Low Risk
CUST_015979,0.008785161,0,0,Low Risk
CUST_015980,0.67767537,1,0,High Risk
CUST_015981,0.09038793,0,0,Low Risk
CUST_015982,0.016231705,0,0,Low Risk
CUST_015983,0.7474933,1,0,High Risk
CUST_015984,0.013215245,0,0,Low Risk
CUST_015985,0.999132,1,1,High Risk
CUST_015986,0.21576455,0,0,Low Risk
CUST_015987,0.0029288435,0,0,Low Risk
CUST_015988,0.04300002,0,0,Low Risk
CUST_015989,0.014110986,0,0,Low Risk
CUST_015990,0.009228041,0,0,Low Risk
CUST_015991,0.0063833706,0,0,Low Risk
CUST_015992,0.031344686,0,0,Low Risk
CUST_015993,0.012049862,0,0,Low Risk
CUST_015994,0.9879309,1,1,High Risk
CUST_015995,0.080641836,0,0,Low Risk
CUST_015996,0.9983352,1,1,High Risk
CUST_015997,0.9985281,1,1,High Risk
CUST_015998,0.03791611,0,0,Low Risk
CUST_015999,0.15905327,0,0,Low Risk
CUST_016000,0.010503701,0,0,Low Risk
CUST_016001,0.0028671683,0,0,Low Risk
CUST_016002,0.035539888,0,0,Low Risk
CUST_016003,0.99888104,1,1,High Risk
CUST_016004,0.17015907,0,0,Low Risk
CUST_016005,0.012828971,0,0,Low Risk
CUST_016006,0.028131379,0,0,Low Risk
CUST_016007,0.3450216,0,1,Low Risk
CUST_016008,0.99510753,1,1,High Risk
CUST_016009,0.046561763,0,0,Low Risk
CUST_016010,0.07463124,0,0,Low Risk
CUST_016011,0.9995677,1,1,High Risk
CUST_016012,0.018629024,0,0,Low Risk
CUST_016013,0.060954586,0,0,Low Risk
CUST_016014,0.010109046,0,0,Low Risk
CUST_016015,0.0090248035,0,0,Low Risk
CUST_016016,0.72247285,1,1,High Risk
CUST_016017,0.040443253,0,0,Low Risk
CUST_016018,0.07075287,0,0,Low Risk
CUST_016019,0.39972743,0,0,Medium Risk
CUST_016020,0.009206642,0,0,Low Risk
CUST_016021,0.05130172,0,0,Low Risk
CUST_016022,0.091360286,0,0,Low Risk
CUST_016023,0.99865496,1,1,High Risk
CUST_016024,0.02376228,0,0,Low Risk
CUST_016025,0.0218063,0,0,Low Risk
CUST_016026,0.014297509,0,0,Low Risk
CUST_016027,0.07794062,0,0,Low Risk
CUST_016028,0.9976223,1,1,High Risk
CUST_016029,0.99715674,1,1,High Risk
CUST_016030,0.0015525232,0,0,Low Risk
CUST_016031,0.12632161,0,0,Low Risk
CUST_016032,0.9888691,1,1,High Risk
CUST_016033,0.31665823,0,0,Low Risk
CUST_016034,0.10416613,0,0,Low Risk
CUST_016035,0.9996013,1,1,High Risk
CUST_016036,0.035843614,0,0,Low Risk
CUST_016037,0.99970824,1,1,High Risk
CUST_016038,0.028071314,0,0,Low Risk
CUST_016039,0.0023299693,0,0,Low Risk
CUST_016040,0.007852898,0,0,Low Risk
CUST_016041,0.030611461,0,0,Low Risk
CUST_016042,0.99880505,1,1,High Risk
CUST_016043,0.26059484,0,0,Low Risk
CUST_016044,0.99882346,1,1,High Risk
CUST_016045,0.98824745,1,1,High Risk
CUST_016046,0.09880404,0,0,Low Risk
CUST_016047,0.008836377,0,0,Low Risk
CUST_016048,0.99907243,1,1,High Risk
CUST_016049,0.01378071,0,0,Low Risk
CUST_016050,0.015800882,0,0,Low Risk
CUST_016051,0.011623343,0,0,Low Risk
CUST_016052,0.01068882,0,0,Low Risk
CUST_016053,0.30597052,0,0,Low Risk
CUST_016054,0.9737195,1,1,High Risk
CUST_016055,0.0025599515,0,0,Low Risk
CUST_016056,0.04212023,0,0,Low Risk
CUST_016057,0.19679262,0,0,Low Risk
CUST_016058,0.010110425,0,0,Low Risk
CUST_016059,0.0024853237,0,0,Low Risk
CUST_016060,0.017470086,0,0,Low Risk
CUST_016061,0.0064679435,0,0,Low Risk
CUST_016062,0.0077905916,0,0,Low Risk
CUST_016063,0.99946743,1,1,High Risk
CUST_016064,0.02070033,0,0,Low Risk
CUST_016065,0.018222772,0,0,Low Risk
CUST_016066,0.13979559,0,1,Low Risk
CUST_016067,0.15302604,0,0,Low Risk
CUST_016068,0.01825348,0,0,Low Risk
CUST_016069,0.9984882,1,1,High Risk
CUST_016070,0.99936146,1,1,High Risk
CUST_016071,0.05330053,0,0,Low Risk
CUST_016072,0.19661157,0,0,Low Risk
CUST_016073,0.99667895,1,1,High Risk
CUST_016074,0.06703062,0,0,Low Risk
CUST_016075,0.0061427485,0,0,Low Risk
CUST_016076,0.9994979,1,1,High Risk
CUST_016077,0.008488963,0,0,Low Risk
CUST_016078,0.052787513,0,0,Low Risk
CUST_016079,0.9992668,1,1,High Risk
CUST_016080,0.036858037,0,0,Low Risk
CUST_016081,0.04159847,0,0,Low Risk
CUST_016082,0.017714828,0,0,Low Risk
CUST_016083,0.16166143,0,0,Low Risk
CUST_016084,0.99773115,1,1,High Risk
CUST_016085,0.115265764,0,0,Low Risk
CUST_016086,0.07883127,0,0,Low Risk
CUST_016087,0.058942474,0,0,Low Risk
CUST_016088,0.99989617,1,1,High Risk
CUST_016089,0.011919502,0,0,Low Risk
CUST_016090,0.02135401,0,0,Low Risk
CUST_016091,0.0047492348,0,0,Low Risk
CUST_016092,0.052956752,0,0,Low Risk
CUST_016093,0.9849519,1,1,High Risk
CUST_016094,0.6084059,1,1,Medium Risk
CUST_016095,0.029652353,0,0,Low Risk
CUST_016096,0.27468038,0,0,Low Risk
CUST_016097,0.006281964,0,0,Low Risk
CUST_016098,0.055345543,0,0,Low Risk
CUST_016099,0.011088583,0,0,Low Risk
CUST_016100,0.042104937,0,0,Low Risk
CUST_016101,0.0040821647,0,0,Low Risk
CUST_016102,0.0023381605,0,0,Low Risk
CUST_016103,0.051385157,0,0,Low Risk
CUST_016104,0.99934024,1,1,High Risk
CUST_016105,0.014635607,0,0,Low Risk
CUST_016106,0.0041396352,0,0,Low Risk
CUST_016107,0.82674,1,1,High Risk
CUST_016108,0.99741983,1,1,High Risk
CUST_016109,0.006478076,0,0,Low Risk
CUST_016110,0.017262885,0,0,Low Risk
CUST_016111,0.011379183,0,0,Low Risk
CUST_016112,0.030584807,0,0,Low Risk
CUST_016113,0.55865335,1,1,Medium Risk
CUST_016114,0.19498838,0,0,Low Risk
CUST_016115,0.7823831,1,0,High Risk
CUST_016116,0.033652443,0,0,Low Risk
CUST_016117,0.028561147,0,0,Low Risk
CUST_016118,0.99953485,1,1,High Risk
CUST_016119,0.0088531645,0,0,Low Risk
CUST_016120,0.99919194,1,1,High Risk
CUST_016121,0.058030587,0,0,Low Risk
CUST_016122,0.040149525,0,0,Low Risk
CUST_016123,0.0039552306,0,0,Low Risk
CUST_016124,0.9973883,1,1,High Risk
CUST_016125,0.0052444357,0,0,Low Risk
CUST_016126,0.02038671,0,0,Low Risk
CUST_016127,0.0641438,0,0,Low Risk
CUST_016128,0.1281113,0,0,Low Risk
CUST_016129,0.09986014,0,0,Low Risk
CUST_016130,0.040659975,0,0,Low Risk
CUST_016131,0.08111623,0,0,Low Risk
CUST_016132,0.04880331,0,0,Low Risk
CUST_016133,0.005177824,0,0,Low Risk
CUST_016134,0.99958664,1,1,High Risk
CUST_016135,0.016495313,0,0,Low Risk
CUST_016136,0.051070567,0,0,Low Risk
CUST_016137,0.029507106,0,0,Low Risk
CUST_016138,0.30700073,0,0,Low Risk
CUST_016139,0.009307941,0,0,Low Risk
CUST_016140,0.029230434,0,0,Low Risk
CUST_016141,0.019384906,0,0,Low Risk
CUST_016142,0.99887294,1,1,High Risk
CUST_016143,0.62015414,1,0,Medium Risk
CUST_016144,0.017602386,0,0,Low Risk
CUST_016145,0.030887263,0,0,Low Risk
CUST_016146,0.076032974,0,0,Low Risk
CUST_016147,0.063266814,0,0,Low Risk
CUST_016148,0.004327658,0,0,Low Risk
CUST_016149,0.9954471,1,1,High Risk
CUST_016150,0.16798486,0,0,Low Risk
CUST_016151,0.020046454,0,0,Low Risk
CUST_016152,0.07095707,0,0,Low Risk
CUST_016153,0.016740268,0,0,Low Risk
CUST_016154,0.99942315,1,1,High Risk
CUST_016155,0.12421917,0,0,Low Risk
CUST_016156,0.02041675,0,0,Low Risk
CUST_016157,0.7329988,1,1,High Risk
CUST_016158,0.99965763,1,1,High Risk
CUST_016159,0.0043770783,0,0,Low Risk
CUST_016160,0.015353334,0,0,Low Risk
CUST_016161,0.067782834,0,0,Low Risk
CUST_016162,0.007440424,0,0,Low Risk
CUST_016163,0.12097181,0,0,Low Risk
CUST_016164,0.9996922,1,1,High Risk
CUST_016165,0.99975926,1,1,High Risk
CUST_016166,0.015605446,0,0,Low Risk
CUST_016167,0.32377037,0,0,Low Risk
CUST_016168,0.024199024,0,0,Low Risk
CUST_016169,0.13588394,0,0,Low Risk
CUST_016170,0.9990792,1,1,High Risk
CUST_016171,0.026238708,0,0,Low Risk
CUST_016172,0.02037058,0,0,Low Risk
CUST_016173,0.022800786,0,0,Low Risk
CUST_016174,0.15970233,0,0,Low Risk
CUST_016175,0.9960569,1,1,High Risk
CUST_016176,0.013852883,0,0,Low Risk
CUST_016177,0.7997663,1,1,High Risk
CUST_016178,0.010209998,0,0,Low Risk
CUST_016179,0.0076504666,0,0,Low Risk
CUST_016180,0.009897633,0,0,Low Risk
CUST_016181,0.022178235,0,0,Low Risk
CUST_016182,0.053639673,0,0,Low Risk
CUST_016183,0.00293077,0,0,Low Risk
CUST_016184,0.013871467,0,0,Low Risk
CUST_016185,0.9982053,1,1,High Risk
CUST_016186,0.0046383706,0,0,Low Risk
CUST_016187,0.01697774,0,0,Low Risk
CUST_016188,0.012244043,0,0,Low Risk
CUST_016189,0.0112539055,0,0,Low Risk
CUST_016190,0.0440881,0,0,Low Risk
CUST_016191,0.042365383,0,0,Low Risk
CUST_016192,0.13167082,0,0,Low Risk
CUST_016193,0.025407972,0,0,Low Risk
CUST_016194,0.103960305,0,0,Low Risk
CUST_016195,0.9998858,1,1,High Risk
CUST_016196,0.022574456,0,0,Low Risk
CUST_016197,0.002309104,0,0,Low Risk
CUST_016198,0.029062144,0,0,Low Risk
CUST_016199,0.106084004,0,0,Low Risk
CUST_016200,0.99976534,1,1,High Risk
CUST_016201,0.009981544,0,0,Low Risk
CUST_016202,0.063043214,0,0,Low Risk
CUST_016203,0.04551757,0,0,Low Risk
CUST_016204,0.42489395,0,1,Medium Risk
CUST_016205,0.9984231,1,1,High Risk
CUST_016206,0.34855935,0,0,Low Risk
CUST_016207,0.9962121,1,1,High Risk
CUST_016208,0.0063745365,0,0,Low Risk
CUST_016209,0.9998816,1,1,High Risk
CUST_016210,0.2946623,0,0,Low Risk
CUST_016211,0.037244856,0,0,Low Risk
CUST_016212,0.99981767,1,1,High Risk
CUST_016213,0.9994165,1,1,High Risk
CUST_016214,0.9994949,1,1,High Risk
CUST_016215,0.005294017,0,0,Low Risk
CUST_016216,0.015737833,0,0,Low Risk
CUST_016217,0.045847435,0,0,Low Risk
CUST_016218,0.16224085,0,0,Low Risk
CUST_016219,0.040020447,0,0,Low Risk
CUST_016220,0.010376889,0,0,Low Risk
CUST_016221,0.9901571,1,1,High Risk
CUST_016222,0.0048085293,0,0,Low Risk
CUST_016223,0.07537551,0,0,Low Risk
CUST_016224,0.007324553,0,0,Low Risk
CUST_016225,0.0357881,0,0,Low Risk
CUST_016226,0.022538243,0,0,Low Risk
CUST_016227,0.015674371,0,0,Low Risk
CUST_016228,0.0042782775,0,0,Low Risk
CUST_016229,0.9991466,1,1,High Risk
CUST_016230,0.022971703,0,0,Low Risk
CUST_016231,0.0040416364,0,0,Low Risk
CUST_016232,0.007046729,0,0,Low Risk
CUST_016233,0.059597015,0,0,Low Risk
CUST_016234,0.9812951,1,1,High Risk
CUST_016235,0.007547131,0,0,Low Risk
CUST_016236,0.010713455,0,0,Low Risk
CUST_016237,0.14620177,0,0,Low Risk
CUST_016238,0.7807826,1,1,High Risk
CUST_016239,0.99988437,1,1,High Risk
CUST_016240,0.022695176,0,0,Low Risk
CUST_016241,0.02870259,0,0,Low Risk
CUST_016242,0.022448095,0,0,Low Risk
CUST_016243,0.99851257,1,1,High Risk
CUST_016244,0.9990221,1,1,High Risk
CUST_016245,0.0054791137,0,0,Low Risk
CUST_016246,0.017588958,0,0,Low Risk
CUST_016247,0.00747257,0,0,Low Risk
CUST_016248,0.99425757,1,1,High Risk
CUST_016249,0.048558354,0,0,Low Risk
CUST_016250,0.0026069307,0,0,Low Risk
CUST_016251,0.04614084,0,0,Low Risk
CUST_016252,0.99728787,1,1,High Risk
CUST_016253,0.005653281,0,0,Low Risk
CUST_016254,0.009187741,0,0,Low Risk
CUST_016255,0.11814443,0,0,Low Risk
CUST_016256,0.06448317,0,0,Low Risk
CUST_016257,0.020371784,0,0,Low Risk
CUST_016258,0.0125124445,0,0,Low Risk
CUST_016259,0.015831811,0,0,Low Risk
CUST_016260,0.99809927,1,1,High Risk
CUST_016261,0.9991522,1,1,High Risk
CUST_016262,0.99606836,1,1,High Risk
CUST_016263,0.03591096,0,0,Low Risk
CUST_016264,0.00391342,0,0,Low Risk
CUST_016265,0.99434483,1,1,High Risk
CUST_016266,0.9946473,1,1,High Risk
CUST_016267,0.01922415,0,0,Low Risk
CUST_016268,0.0137948,0,0,Low Risk
CUST_016269,0.04105777,0,0,Low Risk
CUST_016270,0.034436543,0,0,Low Risk
CUST_016271,0.05586718,0,0,Low Risk
CUST_016272,0.13269491,0,0,Low Risk
CUST_016273,0.0048807417,0,0,Low Risk
CUST_016274,0.04516574,0,0,Low Risk
CUST_016275,0.006487452,0,0,Low Risk
CUST_016276,0.018423697,0,0,Low Risk
CUST_016277,0.053177293,0,0,Low Risk
CUST_016278,0.026966285,0,0,Low Risk
CUST_016279,0.025331246,0,0,Low Risk
CUST_016280,0.086481355,0,0,Low Risk
CUST_016281,0.040074095,0,0,Low Risk
CUST_016282,0.9653497,1,1,High Risk
CUST_016283,0.02175237,0,0,Low Risk
CUST_016284,0.99971837,1,1,High Risk
CUST_016285,0.0322439,0,0,Low Risk
CUST_016286,0.7183287,1,1,High Risk
CUST_016287,0.056706894,0,0,Low Risk
CUST_016288,0.027783351,0,0,Low Risk
CUST_016289,0.03991939,0,0,Low Risk
CUST_016290,0.12052393,0,0,Low Risk
CUST_016291,0.008800018,0,0,Low Risk
CUST_016292,0.0627437,0,0,Low Risk
CUST_016293,0.025088143,0,0,Low Risk
CUST_016294,0.99900204,1,1,High Risk
CUST_016295,0.012625223,0,0,Low Risk
CUST_016296,0.99930084,1,1,High Risk
CUST_016297,0.998162,1,1,High Risk
CUST_016298,0.025769355,0,0,Low Risk
CUST_016299,0.37598893,0,0,Medium Risk
CUST_016300,0.9992095,1,1,High Risk
CUST_016301,0.0036084792,0,0,Low Risk
CUST_016302,0.027478367,0,0,Low Risk
CUST_016303,0.008479003,0,0,Low Risk
CUST_016304,0.008708346,0,0,Low Risk
CUST_016305,0.9975816,1,1,High Risk
CUST_016306,0.0135731585,0,0,Low Risk
CUST_016307,0.037014417,0,0,Low Risk
CUST_016308,0.014456376,0,0,Low Risk
CUST_016309,0.999671,1,1,High Risk
CUST_016310,0.040876493,0,0,Low Risk
CUST_016311,0.9921549,1,1,High Risk
CUST_016312,0.025506968,0,0,Low Risk
CUST_016313,0.0059814695,0,0,Low Risk
CUST_016314,0.022646127,0,0,Low Risk
CUST_016315,0.016232474,0,0,Low Risk
CUST_016316,0.9981741,1,1,High Risk
CUST_016317,0.99566627,1,1,High Risk
CUST_016318,0.10088993,0,0,Low Risk
CUST_016319,0.019811703,0,0,Low Risk
CUST_016320,0.011230313,0,0,Low Risk
CUST_016321,0.081845656,0,0,Low Risk
CUST_016322,0.9910074,1,1,High Risk
CUST_016323,0.012512145,0,0,Low Risk
CUST_016324,0.38097107,0,0,Medium Risk
CUST_016325,0.45871434,0,1,Medium Risk
CUST_016326,0.00701499,0,0,Low Risk
CUST_016327,0.009528312,0,0,Low Risk
CUST_016328,0.99805176,1,1,High Risk
CUST_016329,0.013775864,0,0,Low Risk
CUST_016330,0.016776709,0,0,Low Risk
CUST_016331,0.9949032,1,1,High Risk
CUST_016332,0.08082925,0,0,Low Risk
CUST_016333,0.016018577,0,0,Low Risk
CUST_016334,0.94195527,1,1,High Risk
CUST_016335,0.29129654,0,0,Low Risk
CUST_016336,0.9996649,1,1,High Risk
CUST_016337,0.025399089,0,0,Low Risk
CUST_016338,0.99953747,1,1,High Risk
CUST_016339,0.022782426,0,0,Low Risk
CUST_016340,0.010415615,0,0,Low Risk
CUST_016341,0.023442503,0,0,Low Risk
CUST_016342,0.9998534,1,1,High Risk
CUST_016343,0.036181867,0,0,Low Risk
CUST_016344,0.99956137,1,1,High Risk
CUST_016345,0.99960726,1,1,High Risk
CUST_016346,0.9980634,1,1,High Risk
CUST_016347,0.010563553,0,0,Low Risk
CUST_016348,0.0555267,0,0,Low Risk
CUST_016349,0.9977423,1,1,High Risk
CUST_016350,0.96461076,1,1,High Risk
CUST_016351,0.03215474,0,0,Low Risk
CUST_016352,0.9974311,1,1,High Risk
CUST_016353,0.12211243,0,0,Low Risk
CUST_016354,0.2029916,0,0,Low Risk
CUST_016355,0.30452994,0,0,Low Risk
CUST_016356,0.016405856,0,0,Low Risk
CUST_016357,0.99893683,1,1,High Risk
CUST_016358,0.9997615,1,1,High Risk
CUST_016359,0.30141214,0,0,Low Risk
CUST_016360,0.020893894,0,0,Low Risk
CUST_016361,0.99526876,1,1,High Risk
CUST_016362,0.02946853,0,0,Low Risk
CUST_016363,0.008003444,0,0,Low Risk
CUST_016364,0.011992421,0,0,Low Risk
CUST_016365,0.008899982,0,0,Low Risk
CUST_016366,0.56315315,1,0,Medium Risk
CUST_016367,0.9973923,1,1,High Risk
CUST_016368,0.025254337,0,0,Low Risk
CUST_016369,0.99918276,1,1,High Risk
CUST_016370,0.041430827,0,0,Low Risk
CUST_016371,0.023853114,0,0,Low Risk
CUST_016372,0.00169149,0,0,Low Risk
CUST_016373,0.007644919,0,0,Low Risk
CUST_016374,0.005677203,0,0,Low Risk
CUST_016375,0.005243602,0,0,Low Risk
CUST_016376,0.0045732846,0,0,Low Risk
CUST_016377,0.9991035,1,1,High Risk
CUST_016378,0.99937695,1,1,High Risk
CUST_016379,0.99460113,1,1,High Risk
CUST_016380,0.012362795,0,0,Low Risk
CUST_016381,0.9976973,1,1,High Risk
CUST_016382,0.0135784,0,0,Low Risk
CUST_016383,0.027737787,0,0,Low Risk
CUST_016384,0.034264904,0,0,Low Risk
CUST_016385,0.45026982,0,0,Medium Risk
CUST_016386,0.012268779,0,0,Low Risk
CUST_016387,0.8974314,1,0,High Risk
CUST_016388,0.01771912,0,0,Low Risk
CUST_016389,0.10343962,0,0,Low Risk
CUST_016390,0.015211233,0,0,Low Risk
CUST_016391,0.058007117,0,0,Low Risk
CUST_016392,0.0018386425,0,0,Low Risk
CUST_016393,0.009013982,0,0,Low Risk
CUST_016394,0.040872894,0,0,Low Risk
CUST_016395,0.6399571,1,1,Medium Risk
CUST_016396,0.9885964,1,1,High Risk
CUST_016397,0.98527026,1,1,High Risk
CUST_016398,0.023293773,0,0,Low Risk
CUST_016399,0.10438133,0,0,Low Risk
CUST_016400,0.022961944,0,0,Low Risk
CUST_016401,0.041128792,0,0,Low Risk
CUST_016402,0.119740576,0,0,Low Risk
CUST_016403,0.01594588,0,0,Low Risk
CUST_016404,0.99628675,1,1,High Risk
CUST_016405,0.0033441416,0,0,Low Risk
CUST_016406,0.0134060485,0,0,Low Risk
CUST_016407,0.021076787,0,0,Low Risk
CUST_016408,0.98449093,1,1,High Risk
CUST_016409,0.035957124,0,0,Low Risk
CUST_016410,0.0021774408,0,0,Low Risk
CUST_016411,0.022520795,0,0,Low Risk
CUST_016412,0.77281225,1,0,High Risk
CUST_016413,0.0074559846,0,0,Low Risk
CUST_016414,0.99983704,1,1,High Risk
CUST_016415,0.02677629,0,0,Low Risk
CUST_016416,0.9953602,1,1,High Risk
CUST_016417,0.0018986063,0,0,Low Risk
CUST_016418,0.02288728,0,0,Low Risk
CUST_016419,0.033801213,0,0,Low Risk
CUST_016420,0.008368257,0,0,Low Risk
CUST_016421,0.05147424,0,0,Low Risk
CUST_016422,0.0047397083,0,0,Low Risk
CUST_016423,0.6665843,1,1,High Risk
CUST_016424,0.013338803,0,0,Low Risk
CUST_016425,0.99966645,1,1,High Risk
CUST_016426,0.99905235,1,1,High Risk
CUST_016427,0.054627195,0,0,Low Risk
CUST_016428,0.9986343,1,1,High Risk
CUST_016429,0.015449221,0,0,Low Risk
CUST_016430,0.0018778276,0,0,Low Risk
CUST_016431,0.009602407,0,0,Low Risk
CUST_016432,0.059388652,0,0,Low Risk
CUST_016433,0.02105888,0,0,Low Risk
CUST_016434,0.004661201,0,0,Low Risk
CUST_016435,0.0046954677,0,0,Low Risk
CUST_016436,0.0069023576,0,0,Low Risk
CUST_016437,0.9996791,1,1,High Risk
CUST_016438,0.022694133,0,0,Low Risk
CUST_016439,0.99927396,1,1,High Risk
CUST_016440,0.044671476,0,0,Low Risk
CUST_016441,0.011092992,0,0,Low Risk
CUST_016442,0.99903333,1,1,High Risk
CUST_016443,0.99920017,1,1,High Risk
CUST_016444,0.9977906,1,1,High Risk
CUST_016445,0.32793966,0,0,Low Risk
CUST_016446,0.055128817,0,0,Low Risk
CUST_016447,0.031679127,0,0,Low Risk
CUST_016448,0.99965215,1,1,High Risk
CUST_016449,0.99973613,1,1,High Risk
CUST_016450,0.99971336,1,1,High Risk
CUST_016451,0.008547599,0,0,Low Risk
CUST_016452,0.9972324,1,1,High Risk
CUST_016453,0.87063247,1,1,High Risk
CUST_016454,0.004478067,0,0,Low Risk
CUST_016455,0.6994994,1,1,High Risk
CUST_016456,0.9993837,1,1,High Risk
CUST_016457,0.7220776,1,1,High Risk
CUST_016458,0.014472125,0,0,Low Risk
CUST_016459,0.9992943,1,1,High Risk
CUST_016460,0.005122696,0,0,Low Risk
CUST_016461,0.028017195,0,0,Low Risk
CUST_016462,0.99402267,1,1,High Risk
CUST_016463,0.034531776,0,0,Low Risk
CUST_016464,0.99828964,1,1,High Risk
CUST_016465,0.028129913,0,0,Low Risk
CUST_016466,0.9991048,1,1,High Risk
CUST_016467,0.0030394474,0,0,Low Risk
CUST_016468,0.99977535,1,1,High Risk
CUST_016469,0.015470728,0,0,Low Risk
CUST_016470,0.123926245,0,0,Low Risk
CUST_016471,0.026853638,0,0,Low Risk
CUST_016472,0.009845197,0,0,Low Risk
CUST_016473,0.03274361,0,0,Low Risk
CUST_016474,0.9954684,1,1,High Risk
CUST_016475,0.013152595,0,0,Low Risk
CUST_016476,0.007219566,0,0,Low Risk
CUST_016477,0.04683819,0,0,Low Risk
CUST_016478,0.0022392129,0,0,Low Risk
CUST_016479,0.034172896,0,0,Low Risk
CUST_016480,0.0056844787,0,0,Low Risk
CUST_016481,0.95375717,1,1,High Risk
CUST_016482,0.07407106,0,0,Low Risk
CUST_016483,0.00939495,0,0,Low Risk
CUST_016484,0.34406102,0,1,Low Risk
CUST_016485,0.99955696,1,1,High Risk
CUST_016486,0.4182612,0,1,Medium Risk
CUST_016487,0.99896026,1,1,High Risk
CUST_016488,0.16672833,0,0,Low Risk
CUST_016489,0.61474305,1,1,Medium Risk
CUST_016490,0.6941491,1,1,High Risk
CUST_016491,0.99961793,1,1,High Risk
CUST_016492,0.022542456,0,0,Low Risk
CUST_016493,0.024713114,0,0,Low Risk
CUST_016494,0.013767017,0,0,Low Risk
CUST_016495,0.058315232,0,0,Low Risk
CUST_016496,0.092278026,0,0,Low Risk
CUST_016497,0.9992361,1,1,High Risk
CUST_016498,0.032266654,0,0,Low Risk
CUST_016499,0.0024481649,0,0,Low Risk
CUST_016500,0.014140404,0,0,Low Risk
CUST_016501,0.04291037,0,0,Low Risk
CUST_016502,0.012101669,0,0,Low Risk
CUST_016503,0.9997501,1,1,High Risk
CUST_016504,0.04665409,0,0,Low Risk
CUST_016505,0.999814,1,1,High Risk
CUST_016506,0.9993831,1,1,High Risk
CUST_016507,0.02559777,0,0,Low Risk
CUST_016508,0.0065923007,0,0,Low Risk
CUST_016509,0.0052791024,0,0,Low Risk
CUST_016510,0.103203066,0,0,Low Risk
CUST_016511,0.0567827,0,0,Low Risk
CUST_016512,0.57370424,1,1,Medium Risk
CUST_016513,0.99494827,1,1,High Risk
CUST_016514,0.003617785,0,0,Low Risk
CUST_016515,0.04849573,0,0,Low Risk
CUST_016516,0.004537863,0,0,Low Risk
CUST_016517,0.0570567,0,0,Low Risk
CUST_016518,0.056714512,0,0,Low Risk
CUST_016519,0.030745957,0,0,Low Risk
CUST_016520,0.999302,1,1,High Risk
CUST_016521,0.020820618,0,0,Low Risk
CUST_016522,0.0052342913,0,0,Low Risk
CUST_016523,0.009071723,0,0,Low Risk
CUST_016524,0.99864775,1,1,High Risk
CUST_016525,0.99525285,1,1,High Risk
CUST_016526,0.015336813,0,0,Low Risk
CUST_016527,0.9998609,1,1,High Risk
CUST_016528,0.056901813,0,0,Low Risk
CUST_016529,0.9849486,1,1,High Risk
CUST_016530,0.9987286,1,1,High Risk
CUST_016531,0.04719522,0,0,Low Risk
CUST_016532,0.05934321,0,0,Low Risk
CUST_016533,0.005694956,0,0,Low Risk
CUST_016534,0.026777327,0,0,Low Risk
CUST_016535,0.9996675,1,1,High Risk
CUST_016536,0.024889573,0,0,Low Risk
CUST_016537,0.024005942,0,0,Low Risk
CUST_016538,0.99576086,1,1,High Risk
CUST_016539,0.9987143,1,1,High Risk
CUST_016540,0.11458239,0,0,Low Risk
CUST_016541,0.011603753,0,0,Low Risk
CUST_016542,0.0064974083,0,0,Low Risk
CUST_016543,0.09149064,0,1,Low Risk
CUST_016544,0.9367172,1,1,High Risk
CUST_016545,0.01675173,0,0,Low Risk
CUST_016546,0.15797357,0,0,Low Risk
CUST_016547,0.010835914,0,0,Low Risk
CUST_016548,0.020004457,0,0,Low Risk
CUST_016549,0.99794465,1,1,High Risk
CUST_016550,0.014506729,0,0,Low Risk
CUST_016551,0.014441363,0,0,Low Risk
CUST_016552,0.32726005,0,0,Low Risk
CUST_016553,0.3056016,0,0,Low Risk
CUST_016554,0.068174295,0,0,Low Risk
CUST_016555,0.0064852275,0,0,Low Risk
CUST_016556,0.0035589999,0,0,Low Risk
CUST_016557,0.99778146,1,1,High Risk
CUST_016558,0.99026674,1,1,High Risk
CUST_016559,0.037365504,0,0,Low Risk
CUST_016560,0.69915265,1,0,High Risk
CUST_016561,0.94376683,1,1,High Risk
CUST_016562,0.041091774,0,0,Low Risk
CUST_016563,0.028699394,0,0,Low Risk
CUST_016564,0.9994698,1,1,High Risk
CUST_016565,0.0054215128,0,0,Low Risk
CUST_016566,0.00835184,0,0,Low Risk
CUST_016567,0.040124513,0,0,Low Risk
CUST_016568,0.59650683,1,1,Medium Risk
CUST_016569,0.028431185,0,0,Low Risk
CUST_016570,0.02422792,0,0,Low Risk
CUST_016571,0.9995678,1,1,High Risk
CUST_016572,0.2949987,0,0,Low Risk
CUST_016573,0.0035522592,0,0,Low Risk
CUST_016574,0.9994085,1,1,High Risk
CUST_016575,0.23048311,0,0,Low Risk
CUST_016576,0.9996996,1,1,High Risk
CUST_016577,0.9991239,1,1,High Risk
CUST_016578,0.01251317,0,0,Low Risk
CUST_016579,0.0061205532,0,0,Low Risk
CUST_016580,0.5549023,1,1,Medium Risk
CUST_016581,0.016417772,0,0,Low Risk
CUST_016582,0.0035261922,0,0,Low Risk
CUST_016583,0.03130139,0,0,Low Risk
CUST_016584,0.0022027693,0,0,Low Risk
CUST_016585,0.99898344,1,1,High Risk
CUST_016586,0.002935535,0,0,Low Risk
CUST_016587,0.99964094,1,1,High Risk
CUST_016588,0.0067512956,0,0,Low Risk
CUST_016589,0.99743915,1,1,High Risk
CUST_016590,0.064632446,0,0,Low Risk
CUST_016591,0.26837906,0,0,Low Risk
CUST_016592,0.0349355,0,0,Low Risk
CUST_016593,0.99990296,1,1,High Risk
CUST_016594,0.0063736667,0,0,Low Risk
CUST_016595,0.028653378,0,0,Low Risk
CUST_016596,0.0019550975,0,0,Low Risk
CUST_016597,0.02623897,0,0,Low Risk
CUST_016598,0.21842614,0,0,Low Risk
CUST_016599,0.9987268,1,1,High Risk
CUST_016600,0.0044988305,0,0,Low Risk
CUST_016601,0.011096423,0,0,Low Risk
CUST_016602,0.025310911,0,0,Low Risk
CUST_016603,0.99303824,1,1,High Risk
CUST_016604,0.07690931,0,0,Low Risk
CUST_016605,0.23523009,0,1,Low Risk
CUST_016606,0.042586025,0,0,Low Risk
CUST_016607,0.22035801,0,0,Low Risk
CUST_016608,0.010293459,0,0,Low Risk
CUST_016609,0.0015496121,0,0,Low Risk
CUST_016610,0.052436955,0,0,Low Risk
CUST_016611,0.93687636,1,1,High Risk
CUST_016612,0.12716374,0,0,Low Risk
CUST_016613,0.022223355,0,0,Low Risk
CUST_016614,0.005897031,0,0,Low Risk
CUST_016615,0.017256228,0,0,Low Risk
CUST_016616,0.0025246716,0,0,Low Risk
CUST_016617,0.05850575,0,0,Low Risk
CUST_016618,0.014683573,0,0,Low Risk
CUST_016619,0.7498292,1,1,High Risk
CUST_016620,0.028000265,0,0,Low Risk
CUST_016621,0.019446684,0,0,Low Risk
CUST_016622,0.9975975,1,1,High Risk
CUST_016623,0.04447203,0,0,Low Risk
CUST_016624,0.85421175,1,1,High Risk
CUST_016625,0.024395077,0,0,Low Risk
CUST_016626,0.023974417,0,0,Low Risk
CUST_016627,0.02788957,0,0,Low Risk
CUST_016628,0.04942921,0,0,Low Risk
CUST_016629,0.012013653,0,0,Low Risk
CUST_016630,0.99945074,1,1,High Risk
CUST_016631,0.9998411,1,1,High Risk
CUST_016632,0.99557,1,1,High Risk
CUST_016633,0.032321602,0,0,Low Risk
CUST_016634,0.011747192,0,0,Low Risk
CUST_016635,0.999213,1,1,High Risk
CUST_016636,0.023033552,0,0,Low Risk
CUST_016637,0.027494932,0,0,Low Risk
CUST_016638,0.052337952,0,0,Low Risk
CUST_016639,0.01713694,0,0,Low Risk
CUST_016640,0.970043,1,1,High Risk
CUST_016641,0.012079849,0,0,Low Risk
CUST_016642,0.010835342,0,0,Low Risk
CUST_016643,0.045890737,0,0,Low Risk
CUST_016644,0.05576795,0,0,Low Risk
CUST_016645,0.9809575,1,1,High Risk
CUST_016646,0.9997118,1,1,High Risk
CUST_016647,0.99901855,1,1,High Risk
CUST_016648,0.012328997,0,0,Low Risk
CUST_016649,0.99886,1,1,High Risk
CUST_016650,0.014220299,0,0,Low Risk
CUST_016651,0.004087957,0,0,Low Risk
CUST_016652,0.020695213,0,0,Low Risk
CUST_016653,0.017647248,0,0,Low Risk
CUST_016654,0.9998802,1,1,High Risk
CUST_016655,0.0048987647,0,0,Low Risk
CUST_016656,0.020263104,0,0,Low Risk
CUST_016657,0.010744652,0,0,Low Risk
CUST_016658,0.976044,1,1,High Risk
CUST_016659,0.04242991,0,0,Low Risk
CUST_016660,0.03330765,0,0,Low Risk
CUST_016661,0.0029072354,0,0,Low Risk
CUST_016662,0.022890832,0,0,Low Risk
CUST_016663,0.0073686014,0,0,Low Risk
CUST_016664,0.9981376,1,1,High Risk
CUST_016665,0.015955266,0,0,Low Risk
CUST_016666,0.06270313,0,0,Low Risk
CUST_016667,0.080774866,0,0,Low Risk
CUST_016668,0.013244984,0,0,Low Risk
CUST_016669,0.031985343,0,0,Low Risk
CUST_016670,0.06685277,0,0,Low Risk
CUST_016671,0.008563734,0,0,Low Risk
CUST_016672,0.20114172,0,0,Low Risk
CUST_016673,0.0039399033,0,0,Low Risk
CUST_016674,0.009643416,0,0,Low Risk
CUST_016675,0.019296024,0,0,Low Risk
CUST_016676,0.003820794,0,0,Low Risk
CUST_016677,0.022207446,0,0,Low Risk
CUST_016678,0.0068101436,0,0,Low Risk
CUST_016679,0.99404967,1,1,High Risk
CUST_016680,0.077144615,0,0,Low Risk
CUST_016681,0.07786047,0,0,Low Risk
CUST_016682,0.033450376,0,0,Low Risk
CUST_016683,0.05493073,0,0,Low Risk
CUST_016684,0.99930835,1,1,High Risk
CUST_016685,0.99558,1,1,High Risk
CUST_016686,0.0069742757,0,0,Low Risk
CUST_016687,0.9997019,1,1,High Risk
CUST_016688,0.9976579,1,1,High Risk
CUST_016689,0.027619172,0,0,Low Risk
CUST_016690,0.9999161,1,1,High Risk
CUST_016691,0.026841847,0,0,Low Risk
CUST_016692,0.9988765,1,1,High Risk
CUST_016693,0.014100422,0,0,Low Risk
CUST_016694,0.9990081,1,1,High Risk
CUST_016695,0.019198557,0,0,Low Risk
CUST_016696,0.015095779,0,0,Low Risk
CUST_016697,0.009247872,0,0,Low Risk
CUST_016698,0.9096188,1,1,High Risk
CUST_016699,0.98496336,1,1,High Risk
CUST_016700,0.046742793,0,0,Low Risk
CUST_016701,0.46096593,0,0,Medium Risk
CUST_016702,0.9959622,1,1,High Risk
CUST_016703,0.05747478,0,0,Low Risk
CUST_016704,0.9808828,1,1,High Risk
CUST_016705,0.04633939,0,0,Low Risk
CUST_016706,0.14601973,0,0,Low Risk
CUST_016707,0.26110813,0,0,Low Risk
CUST_016708,0.6723888,1,1,High Risk
CUST_016709,0.036625426,0,0,Low Risk
CUST_016710,0.013855189,0,0,Low Risk
CUST_016711,0.013085303,0,0,Low Risk
CUST_016712,0.0068124887,0,0,Low Risk
CUST_016713,0.9990651,1,1,High Risk
CUST_016714,0.30368876,0,0,Low Risk
CUST_016715,0.92887294,1,1,High Risk
CUST_016716,0.045457914,0,0,Low Risk
CUST_016717,0.003785197,0,0,Low Risk
CUST_016718,0.017169546,0,0,Low Risk
CUST_016719,0.09427059,0,0,Low Risk
CUST_016720,0.0125892805,0,0,Low Risk
CUST_016721,0.010312056,0,0,Low Risk
CUST_016722,0.9996138,1,1,High Risk
CUST_016723,0.97064567,1,1,High Risk
CUST_016724,0.033869326,0,0,Low Risk
CUST_016725,0.81309164,1,1,High Risk
CUST_016726,0.017038625,0,0,Low Risk
CUST_016727,0.0058053522,0,0,Low Risk
CUST_016728,0.020573676,0,0,Low Risk
CUST_016729,0.062586695,0,0,Low Risk
CUST_016730,0.010071267,0,0,Low Risk
CUST_016731,0.99860007,1,1,High Risk
CUST_016732,0.9476189,1,1,High Risk
CUST_016733,0.013014095,0,0,Low Risk
CUST_016734,0.12130652,0,0,Low Risk
CUST_016735,0.2321541,0,0,Low Risk
CUST_016736,0.99970967,1,1,High Risk
CUST_016737,0.9995297,1,1,High Risk
CUST_016738,0.004100085,0,0,Low Risk
CUST_016739,0.026498735,0,0,Low Risk
CUST_016740,0.9995585,1,1,High Risk
CUST_016741,0.019123146,0,0,Low Risk
CUST_016742,0.9984371,1,1,High Risk
CUST_016743,0.010181915,0,0,Low Risk
CUST_016744,0.049840234,0,0,Low Risk
CUST_016745,0.022791546,0,0,Low Risk
CUST_016746,0.065357864,0,0,Low Risk
CUST_016747,0.0026748194,0,0,Low Risk
CUST_016748,0.081731096,0,0,Low Risk
CUST_016749,0.0027002478,0,0,Low Risk
CUST_016750,0.119815975,0,0,Low Risk
CUST_016751,0.01800042,0,0,Low Risk
CUST_016752,0.99961793,1,1,High Risk
CUST_016753,0.0021722266,0,0,Low Risk
CUST_016754,0.9998041,1,1,High Risk
CUST_016755,0.99806947,1,1,High Risk
CUST_016756,0.9998833,1,1,High Risk
CUST_016757,0.0067950916,0,0,Low Risk
CUST_016758,0.035547797,0,0,Low Risk
CUST_016759,0.01697626,0,0,Low Risk
CUST_016760,0.045940273,0,0,Low Risk
CUST_016761,0.94019514,1,1,High Risk
CUST_016762,0.9996351,1,1,High Risk
CUST_016763,0.06887032,0,0,Low Risk
CUST_016764,0.99958915,1,1,High Risk
CUST_016765,0.9816644,1,1,High Risk
CUST_016766,0.058055196,0,0,Low Risk
CUST_016767,0.9942537,1,1,High Risk
CUST_016768,0.017593095,0,0,Low Risk
CUST_016769,0.9931003,1,1,High Risk
CUST_016770,0.011389987,0,0,Low Risk
CUST_016771,0.02476674,0,0,Low Risk
CUST_016772,0.032622024,0,0,Low Risk
CUST_016773,0.9998362,1,1,High Risk
CUST_016774,0.99973124,1,1,High Risk
CUST_016775,0.22470812,0,0,Low Risk
CUST_016776,0.22996381,0,0,Low Risk
CUST_016777,0.01447341,0,0,Low Risk
CUST_016778,0.5464881,1,1,Medium Risk
CUST_016779,0.9995572,1,1,High Risk
CUST_016780,0.33361995,0,0,Low Risk
CUST_016781,0.05135149,0,0,Low Risk
CUST_016782,0.07989064,0,0,Low Risk
CUST_016783,0.027990319,0,0,Low Risk
CUST_016784,0.042730585,0,0,Low Risk
CUST_016785,0.05036261,0,0,Low Risk
CUST_016786,0.024912823,0,0,Low Risk
CUST_016787,0.002782712,0,0,Low Risk
CUST_016788,0.9737399,1,1,High Risk
CUST_016789,0.09353085,0,0,Low Risk
CUST_016790,0.03377644,0,0,Low Risk
CUST_016791,0.010101448,0,0,Low Risk
CUST_016792,0.76996696,1,1,High Risk
CUST_016793,0.018287621,0,0,Low Risk
CUST_016794,0.022658193,0,0,Low Risk
CUST_016795,0.00960385,0,0,Low Risk
CUST_016796,0.026020885,0,0,Low Risk
CUST_016797,0.04104922,0,0,Low Risk
CUST_016798,0.9957074,1,1,High Risk
CUST_016799,0.07073205,0,0,Low Risk
CUST_016800,0.06448802,0,0,Low Risk
CUST_016801,0.025596438,0,0,Low Risk
CUST_016802,0.04713783,0,0,Low Risk
CUST_016803,0.046008237,0,0,Low Risk
CUST_016804,0.04364557,0,0,Low Risk
CUST_016805,0.41025686,0,0,Medium Risk
CUST_016806,0.011596241,0,0,Low Risk
CUST_016807,0.99871254,1,1,High Risk
CUST_016808,0.019910403,0,0,Low Risk
CUST_016809,0.04854582,0,0,Low Risk
CUST_016810,0.7008959,1,1,High Risk
CUST_016811,0.05230481,0,0,Low Risk
CUST_016812,0.0429261,0,0,Low Risk
CUST_016813,0.0027857982,0,0,Low Risk
CUST_016814,0.66086394,1,0,High Risk
CUST_016815,0.067991376,0,0,Low Risk
CUST_016816,0.9982614,1,1,High Risk
CUST_016817,0.038312513,0,0,Low Risk
CUST_016818,0.99806565,1,1,High Risk
CUST_016819,0.26139542,0,0,Low Risk
CUST_016820,0.024235347,0,0,Low Risk
CUST_016821,0.9903122,1,1,High Risk
CUST_016822,0.0034599479,0,0,Low Risk
CUST_016823,0.9995902,1,1,High Risk
CUST_016824,0.13681835,0,0,Low Risk
CUST_016825,0.015070887,0,0,Low Risk
CUST_016826,0.002747528,0,0,Low Risk
CUST_016827,0.019646171,0,0,Low Risk
CUST_016828,0.9972402,1,1,High Risk
CUST_016829,0.02455644,0,0,Low Risk
CUST_016830,0.016889457,0,0,Low Risk
CUST_016831,0.03951798,0,0,Low Risk
CUST_016832,0.025818352,0,0,Low Risk
CUST_016833,0.038414463,0,0,Low Risk
CUST_016834,0.010544801,0,0,Low Risk
CUST_016835,0.018413244,0,0,Low Risk
CUST_016836,0.011413237,0,0,Low Risk
CUST_016837,0.011986173,0,0,Low Risk
CUST_016838,0.0017164864,0,0,Low Risk
CUST_016839,0.05771056,0,0,Low Risk
CUST_016840,0.027320147,0,0,Low Risk
CUST_016841,0.9990741,1,1,High Risk
CUST_016842,0.012960214,0,0,Low Risk
CUST_016843,0.025905361,0,0,Low Risk
CUST_016844,0.999413,1,1,High Risk
CUST_016845,0.048308834,0,0,Low Risk
CUST_016846,0.023154382,0,0,Low Risk
CUST_016847,0.9467875,1,1,High Risk
CUST_016848,0.0012212604,0,0,Low Risk
CUST_016849,0.027884355,0,0,Low Risk
CUST_016850,0.0037717905,0,0,Low Risk
CUST_016851,0.0045118313,0,0,Low Risk
CUST_016852,0.029188534,0,0,Low Risk
CUST_016853,0.9975441,1,1,High Risk
CUST_016854,0.026496027,0,0,Low Risk
CUST_016855,0.29119667,0,0,Low Risk
CUST_016856,0.9922564,1,1,High Risk
CUST_016857,0.046331946,0,0,Low Risk
CUST_016858,0.99547297,1,1,High Risk
CUST_016859,0.07591051,0,0,Low Risk
CUST_016860,0.99603397,1,1,High Risk
CUST_016861,0.84795934,1,1,High Risk
CUST_016862,0.023382805,0,0,Low Risk
CUST_016863,0.99760556,1,1,High Risk
CUST_016864,0.024051666,0,0,Low Risk
CUST_016865,0.99843735,1,1,High Risk
CUST_016866,0.93847454,1,1,High Risk
CUST_016867,0.12379565,0,0,Low Risk
CUST_016868,0.023660688,0,0,Low Risk
CUST_016869,0.0068007777,0,0,Low Risk
CUST_016870,0.9969351,1,1,High Risk
CUST_016871,0.011252601,0,0,Low Risk
CUST_016872,0.010580168,0,0,Low Risk
CUST_016873,0.01787678,0,0,Low Risk
CUST_016874,0.9995734,1,1,High Risk
CUST_016875,0.040259685,0,0,Low Risk
CUST_016876,0.0075089606,0,0,Low Risk
CUST_016877,0.036021523,0,0,Low Risk
CUST_016878,0.016865278,0,0,Low Risk
CUST_016879,0.0014343269,0,0,Low Risk
CUST_016880,0.9989229,1,1,High Risk
CUST_016881,0.018714827,0,0,Low Risk
CUST_016882,0.51804817,1,1,Medium Risk
CUST_016883,0.019179052,0,0,Low Risk
CUST_016884,0.003835645,0,0,Low Risk
CUST_016885,0.006878479,0,0,Low Risk
CUST_016886,0.06543034,0,0,Low Risk
CUST_016887,0.027626397,0,0,Low Risk
CUST_016888,0.007591889,0,0,Low Risk
CUST_016889,0.99974984,1,1,High Risk
CUST_016890,0.0045548747,0,0,Low Risk
CUST_016891,0.040126562,0,0,Low Risk
CUST_016892,0.043508966,0,0,Low Risk
CUST_016893,0.9994289,1,1,High Risk
CUST_016894,0.60565317,1,0,Medium Risk
CUST_016895,0.022315083,0,0,Low Risk
CUST_016896,0.9984333,1,1,High Risk
CUST_016897,0.0035812228,0,0,Low Risk
CUST_016898,0.9917229,1,1,High Risk
CUST_016899,0.048745465,0,0,Low Risk
CUST_016900,0.006743814,0,0,Low Risk
CUST_016901,0.0074452395,0,0,Low Risk
CUST_016902,0.99125016,1,1,High Risk
CUST_016903,0.0017007629,0,0,Low Risk
CUST_016904,0.009166621,0,0,Low Risk
CUST_016905,0.15677287,0,0,Low Risk
CUST_016906,0.9971781,1,1,High Risk
CUST_016907,0.015863054,0,0,Low Risk
CUST_016908,0.99894613,1,1,High Risk
CUST_016909,0.01179814,0,0,Low Risk
CUST_016910,0.938506,1,1,High Risk
CUST_016911,0.005215099,0,0,Low Risk
CUST_016912,0.99715036,1,1,High Risk
CUST_016913,0.99977046,1,1,High Risk
CUST_016914,0.0013865761,0,0,Low Risk
CUST_016915,0.99967515,1,1,High Risk
CUST_016916,0.060765047,0,0,Low Risk
CUST_016917,0.016826643,0,0,Low Risk
CUST_016918,0.29532096,0,0,Low Risk
CUST_016919,0.02143094,0,0,Low Risk
CUST_016920,0.18555829,0,0,Low Risk
CUST_016921,0.0044887364,0,0,Low Risk
CUST_016922,0.8722782,1,1,High Risk
CUST_016923,0.016426343,0,0,Low Risk
CUST_016924,0.025576483,0,0,Low Risk
CUST_016925,0.30754986,0,0,Low Risk
CUST_016926,0.003627513,0,0,Low Risk
CUST_016927,0.024283603,0,0,Low Risk
CUST_016928,0.042231906,0,0,Low Risk
CUST_016929,0.9959998,1,1,High Risk
CUST_016930,0.99259996,1,1,High Risk
CUST_016931,0.010281287,0,0,Low Risk
CUST_016932,0.0020270178,0,0,Low Risk
CUST_016933,0.030571794,0,0,Low Risk
CUST_016934,0.0014863668,0,0,Low Risk
CUST_016935,0.011736821,0,0,Low Risk
CUST_016936,0.01959158,0,0,Low Risk
CUST_016937,0.9997708,1,1,High Risk
CUST_016938,0.048950996,0,0,Low Risk
CUST_016939,0.9992704,1,1,High Risk
CUST_016940,0.4710238,0,0,Medium Risk
CUST_016941,0.9949804,1,1,High Risk
CUST_016942,0.031304497,0,0,Low Risk
CUST_016943,0.023825672,0,0,Low Risk
CUST_016944,0.012131468,0,0,Low Risk
CUST_016945,0.026520908,0,0,Low Risk
CUST_016946,0.9946138,1,1,High Risk
CUST_016947,0.9985178,1,1,High Risk
CUST_016948,0.02016499,0,0,Low Risk
CUST_016949,0.07655278,0,0,Low Risk
CUST_016950,0.10984854,0,0,Low Risk
CUST_016951,0.0022886577,0,0,Low Risk
CUST_016952,0.05480514,0,0,Low Risk
CUST_016953,0.5304157,1,0,Medium Risk
CUST_016954,0.72618896,1,1,High Risk
CUST_016955,0.0042924327,0,0,Low Risk
CUST_016956,0.014479099,0,0,Low Risk
CUST_016957,0.012276466,0,0,Low Risk
CUST_016958,0.6765316,1,1,High Risk
CUST_016959,0.03973556,0,0,Low Risk
CUST_016960,0.99870837,1,1,High Risk
CUST_016961,0.010272935,0,0,Low Risk
CUST_016962,0.9986149,1,1,High Risk
CUST_016963,0.28928018,0,1,Low Risk
CUST_016964,0.029286504,0,0,Low Risk
CUST_016965,0.011379188,0,0,Low Risk
CUST_016966,0.006266193,0,0,Low Risk
CUST_016967,0.025863953,0,0,Low Risk
CUST_016968,0.05618683,0,0,Low Risk
CUST_016969,0.01652565,0,0,Low Risk
CUST_016970,0.04425874,0,0,Low Risk
CUST_016971,0.027023427,0,0,Low Risk
CUST_016972,0.016354198,0,0,Low Risk
CUST_016973,0.1590255,0,0,Low Risk
CUST_016974,0.0014648346,0,0,Low Risk
CUST_016975,0.0053405096,0,0,Low Risk
CUST_016976,0.0264439,0,0,Low Risk
CUST_016977,0.045776565,0,0,Low Risk
CUST_016978,0.010467688,0,0,Low Risk
CUST_016979,0.0019551485,0,0,Low Risk
CUST_016980,0.994875,1,1,High Risk
CUST_016981,0.0014469202,0,0,Low Risk
CUST_016982,0.0976988,0,0,Low Risk
CUST_016983,0.044215873,0,0,Low Risk
CUST_016984,0.024938682,0,0,Low Risk
CUST_016985,0.36932722,0,0,Medium Risk
CUST_016986,0.002388568,0,0,Low Risk
CUST_016987,0.05647193,0,0,Low Risk
CUST_016988,0.10386955,0,0,Low Risk
CUST_016989,0.067486405,0,0,Low Risk
CUST_016990,0.039191496,0,0,Low Risk
CUST_016991,0.024528656,0,0,Low Risk
CUST_016992,0.02883765,0,1,Low Risk
CUST_016993,0.99889284,1,1,High Risk
CUST_016994,0.30403188,0,1,Low Risk
CUST_016995,0.9964527,1,1,High Risk
CUST_016996,0.0495981,0,0,Low Risk
CUST_016997,0.9971034,1,1,High Risk
CUST_016998,0.016244205,0,0,Low Risk
CUST_016999,0.015897317,0,0,Low Risk
CUST_017000,0.019126115,0,0,Low Risk
CUST_017001,0.9994388,1,1,High Risk
CUST_017002,0.13253403,0,0,Low Risk
CUST_017003,0.999752,1,1,High Risk
CUST_017004,0.03886096,0,0,Low Risk
CUST_017005,0.017223211,0,0,Low Risk
CUST_017006,0.047438346,0,0,Low Risk
CUST_017007,0.023935229,0,0,Low Risk
CUST_017008,0.2039131,0,0,Low Risk
CUST_017009,0.99907804,1,1,High Risk
CUST_017010,0.102976255,0,0,Low Risk
CUST_017011,0.99936825,1,1,High Risk
CUST_017012,0.035505448,0,0,Low Risk
CUST_017013,0.040520888,0,0,Low Risk
CUST_017014,0.06950528,0,0,Low Risk
CUST_017015,0.8204804,1,1,High Risk
CUST_017016,0.8918518,1,1,High Risk
CUST_017017,0.9980108,1,1,High Risk
CUST_017018,0.024620833,0,0,Low Risk
CUST_017019,0.029921815,0,0,Low Risk
CUST_017020,0.029184485,0,0,Low Risk
CUST_017021,0.02096633,0,0,Low Risk
CUST_017022,0.017628701,0,0,Low Risk
CUST_017023,0.002888467,0,0,Low Risk
CUST_017024,0.36406797,0,0,Medium Risk
CUST_017025,0.9996604,1,1,High Risk
CUST_017026,0.99981374,1,1,High Risk
CUST_017027,0.8086686,1,1,High Risk
CUST_017028,0.020821461,0,0,Low Risk
CUST_017029,0.99926907,1,1,High Risk
CUST_017030,0.99970067,1,1,High Risk
CUST_017031,0.024077283,0,0,Low Risk
CUST_017032,0.0090615945,0,0,Low Risk
CUST_017033,0.9756597,1,1,High Risk
CUST_017034,0.9507045,1,1,High Risk
CUST_017035,0.5019262,1,0,Medium Risk
CUST_017036,0.029742757,0,0,Low Risk
CUST_017037,0.014487232,0,0,Low Risk
CUST_017038,0.8416005,1,1,High Risk
CUST_017039,0.0022590184,0,0,Low Risk
CUST_017040,0.012193851,0,0,Low Risk
CUST_017041,0.0032804452,0,0,Low Risk
CUST_017042,0.008587528,0,0,Low Risk
CUST_017043,0.07063625,0,0,Low Risk
CUST_017044,0.029891152,0,0,Low Risk
CUST_017045,0.99959177,1,1,High Risk
CUST_017046,0.019873992,0,0,Low Risk
CUST_017047,0.99583924,1,1,High Risk
CUST_017048,0.0080351215,0,0,Low Risk
CUST_017049,0.013982442,0,0,Low Risk
CUST_017050,0.12041027,0,0,Low Risk
CUST_017051,0.003952973,0,0,Low Risk
CUST_017052,0.0056459815,0,0,Low Risk
CUST_017053,0.9971282,1,1,High Risk
CUST_017054,0.010373408,0,0,Low Risk
CUST_017055,0.006235873,0,0,Low Risk
CUST_017056,0.9458229,1,1,High Risk
CUST_017057,0.076739036,0,0,Low Risk
CUST_017058,0.008908348,0,0,Low Risk
CUST_017059,0.016533596,0,0,Low Risk
CUST_017060,0.027615145,0,0,Low Risk
CUST_017061,0.037599586,0,0,Low Risk
CUST_017062,0.9993673,1,1,High Risk
CUST_017063,0.032290135,0,0,Low Risk
CUST_017064,0.07704775,0,0,Low Risk
CUST_017065,0.07760938,0,0,Low Risk
CUST_017066,0.010936255,0,0,Low Risk
CUST_017067,0.9997336,1,1,High Risk
CUST_017068,0.01995604,0,0,Low Risk
CUST_017069,0.019929254,0,0,Low Risk
CUST_017070,0.99939966,1,1,High Risk
CUST_017071,0.0051827235,0,0,Low Risk
CUST_017072,0.99762315,1,1,High Risk
CUST_017073,0.011038691,0,0,Low Risk
CUST_017074,0.10218349,0,0,Low Risk
CUST_017075,0.0022576293,0,0,Low Risk
CUST_017076,0.072452456,0,0,Low Risk
CUST_017077,0.005781129,0,0,Low Risk
CUST_017078,0.031401407,0,0,Low Risk
CUST_017079,0.093489595,0,0,Low Risk
CUST_017080,0.99879044,1,1,High Risk
CUST_017081,0.045015797,0,0,Low Risk
CUST_017082,0.020734247,0,0,Low Risk
CUST_017083,0.013684683,0,0,Low Risk
CUST_017084,0.031036152,0,0,Low Risk
CUST_017085,0.09572503,0,0,Low Risk
CUST_017086,0.81146336,1,1,High Risk
CUST_017087,0.9991192,1,1,High Risk
CUST_017088,0.999605,1,1,High Risk
CUST_017089,0.39931682,0,0,Medium Risk
CUST_017090,0.07157691,0,0,Low Risk
CUST_017091,0.036459435,0,0,Low Risk
CUST_017092,0.9476901,1,1,High Risk
CUST_017093,0.009091229,0,0,Low Risk
CUST_017094,0.9573521,1,1,High Risk
CUST_017095,0.9973521,1,1,High Risk
CUST_017096,0.88740844,1,1,High Risk
CUST_017097,0.017785821,0,0,Low Risk
CUST_017098,0.0058698277,0,0,Low Risk
CUST_017099,0.010113542,0,0,Low Risk
CUST_017100,0.11172576,0,0,Low Risk
CUST_017101,0.036049634,0,0,Low Risk
CUST_017102,0.035804614,0,0,Low Risk
CUST_017103,0.0042364006,0,0,Low Risk
CUST_017104,0.99743986,1,1,High Risk
CUST_017105,0.021011584,0,0,Low Risk
CUST_017106,0.008904198,0,0,Low Risk
CUST_017107,0.20824614,0,0,Low Risk
CUST_017108,0.0046881773,0,0,Low Risk
CUST_017109,0.016264318,0,0,Low Risk
CUST_017110,0.16210258,0,0,Low Risk
CUST_017111,0.69568264,1,0,High Risk
CUST_017112,0.06122181,0,0,Low Risk
CUST_017113,0.0121045755,0,0,Low Risk
CUST_017114,0.9937278,1,1,High Risk
CUST_017115,0.99979025,1,1,High Risk
CUST_017116,0.0017583634,0,0,Low Risk
CUST_017117,0.081233434,0,0,Low Risk
CUST_017118,0.99968755,1,1,High Risk
CUST_017119,0.056763243,0,0,Low Risk
CUST_017120,0.9992119,1,1,High Risk
CUST_017121,0.005629152,0,0,Low Risk
CUST_017122,0.0074416324,0,0,Low Risk
CUST_017123,0.06791858,0,0,Low Risk
CUST_017124,0.017217465,0,0,Low Risk
CUST_017125,0.9995474,1,1,High Risk
CUST_017126,0.010562542,0,0,Low Risk
CUST_017127,0.99661404,1,1,High Risk
CUST_017128,0.0055340915,0,0,Low Risk
CUST_017129,0.0043795537,0,0,Low Risk
CUST_017130,0.029134797,0,0,Low Risk
CUST_017131,0.015875163,0,0,Low Risk
CUST_017132,0.867932,1,1,High Risk
CUST_017133,0.008380644,0,0,Low Risk
CUST_017134,0.21615827,0,0,Low Risk
CUST_017135,0.06622405,0,0,Low Risk
CUST_017136,0.99928254,1,1,High Risk
CUST_017137,0.068241164,0,0,Low Risk
CUST_017138,0.995905,1,1,High Risk
CUST_017139,0.999918,1,1,High Risk
CUST_017140,0.99951947,1,1,High Risk
CUST_017141,0.2197954,0,0,Low Risk
CUST_017142,0.9991283,1,1,High Risk
CUST_017143,0.010424824,0,0,Low Risk
CUST_017144,0.066640206,0,0,Low Risk
CUST_017145,0.0032335247,0,0,Low Risk
CUST_017146,0.029687567,0,0,Low Risk
CUST_017147,0.050438967,0,0,Low Risk
CUST_017148,0.9978696,1,1,High Risk
CUST_017149,0.018495472,0,0,Low Risk
CUST_017150,0.006035888,0,0,Low Risk
CUST_017151,0.08295594,0,0,Low Risk
CUST_017152,0.020926824,0,0,Low Risk
CUST_017153,0.06518911,0,0,Low Risk
CUST_017154,0.99861276,1,1,High Risk
CUST_017155,0.028806131,0,0,Low Risk
CUST_017156,0.012050249,0,0,Low Risk
CUST_017157,0.09949806,0,0,Low Risk
CUST_017158,0.037965715,0,0,Low Risk
CUST_017159,0.9946249,1,1,High Risk
CUST_017160,0.018131921,0,0,Low Risk
CUST_017161,0.02167445,0,0,Low Risk
CUST_017162,0.034554906,0,0,Low Risk
CUST_017163,0.37616488,0,0,Medium Risk
CUST_017164,0.98644197,1,1,High Risk
CUST_017165,0.11346729,0,0,Low Risk
CUST_017166,0.0057836096,0,0,Low Risk
CUST_017167,0.99538213,1,1,High Risk
CUST_017168,0.01000489,0,0,Low Risk
CUST_017169,0.0121913655,0,0,Low Risk
CUST_017170,0.037657376,0,0,Low Risk
CUST_017171,0.0059131514,0,0,Low Risk
CUST_017172,0.02412501,0,0,Low Risk
CUST_017173,0.0030804866,0,0,Low Risk
CUST_017174,0.9968479,1,1,High Risk
CUST_017175,0.9995734,1,1,High Risk
CUST_017176,0.047529962,0,0,Low Risk
CUST_017177,0.016188808,0,0,Low Risk
CUST_017178,0.07144724,0,0,Low Risk
CUST_017179,0.044798978,0,0,Low Risk
CUST_017180,0.39742103,0,0,Medium Risk
CUST_017181,0.049527463,0,0,Low Risk
CUST_017182,0.004237354,0,0,Low Risk
CUST_017183,0.9993918,1,1,High Risk
CUST_017184,0.9998281,1,1,High Risk
CUST_017185,0.9996407,1,1,High Risk
CUST_017186,0.011936587,0,0,Low Risk
CUST_017187,0.58372307,1,1,Medium Risk
CUST_017188,0.11171241,0,0,Low Risk
CUST_017189,0.016856423,0,0,Low Risk
CUST_017190,0.9979741,1,1,High Risk
CUST_017191,0.060562097,0,0,Low Risk
CUST_017192,0.012939364,0,0,Low Risk
CUST_017193,0.9989011,1,1,High Risk
CUST_017194,0.022078784,0,0,Low Risk
CUST_017195,0.10746196,0,0,Low Risk
CUST_017196,0.062679656,0,0,Low Risk
CUST_017197,0.021533571,0,0,Low Risk
CUST_017198,0.07986565,0,0,Low Risk
CUST_017199,0.01168755,0,0,Low Risk
CUST_017200,0.12690678,0,0,Low Risk
CUST_017201,0.9947719,1,1,High Risk
CUST_017202,0.9983297,1,1,High Risk
CUST_017203,0.2731718,0,1,Low Risk
CUST_017204,0.99876654,1,1,High Risk
CUST_017205,0.99878734,1,1,High Risk
CUST_017206,0.01548979,0,0,Low Risk
CUST_017207,0.008230985,0,0,Low Risk
CUST_017208,0.056658283,0,0,Low Risk
CUST_017209,0.9980434,1,1,High Risk
CUST_017210,0.007939365,0,0,Low Risk
CUST_017211,0.007506118,0,0,Low Risk
CUST_017212,0.023094771,0,0,Low Risk
CUST_017213,0.030160472,0,0,Low Risk
CUST_017214,0.99872595,1,1,High Risk
CUST_017215,0.026137624,0,0,Low Risk
CUST_017216,0.058575746,0,0,Low Risk
CUST_017217,0.18899667,0,0,Low Risk
CUST_017218,0.97879744,1,1,High Risk
CUST_017219,0.99754107,1,1,High Risk
CUST_017220,0.99931157,1,1,High Risk
CUST_017221,0.026005607,0,0,Low Risk
CUST_017222,0.072847955,0,0,Low Risk
CUST_017223,0.011690811,0,0,Low Risk
CUST_017224,0.78366745,1,1,High Risk
CUST_017225,0.9981384,1,1,High Risk
CUST_017226,0.99573696,1,1,High Risk
CUST_017227,0.011645067,0,0,Low Risk
CUST_017228,0.010672561,0,0,Low Risk
CUST_017229,0.0013214262,0,0,Low Risk
CUST_017230,0.014426724,0,0,Low Risk
CUST_017231,0.022349278,0,0,Low Risk
CUST_017232,0.9901956,1,1,High Risk
CUST_017233,0.0050144913,0,0,Low Risk
CUST_017234,0.021253575,0,0,Low Risk
CUST_017235,0.041149862,0,0,Low Risk
CUST_017236,0.9995863,1,1,High Risk
CUST_017237,0.028683841,0,0,Low Risk
CUST_017238,0.022718811,0,0,Low Risk
CUST_017239,0.23639771,0,0,Low Risk
CUST_017240,0.0027168414,0,0,Low Risk
CUST_017241,0.9993274,1,1,High Risk
CUST_017242,0.03373173,0,0,Low Risk
CUST_017243,0.0076267333,0,0,Low Risk
CUST_017244,0.9883463,1,1,High Risk
CUST_017245,0.102115095,0,0,Low Risk
CUST_017246,0.0056529646,0,0,Low Risk
CUST_017247,0.99806327,1,1,High Risk
CUST_017248,0.048580345,0,0,Low Risk
CUST_017249,0.0679441,0,0,Low Risk
CUST_017250,0.00949045,0,0,Low Risk
CUST_017251,0.0031201316,0,0,Low Risk
CUST_017252,0.025951624,0,0,Low Risk
CUST_017253,0.024014993,0,0,Low Risk
CUST_017254,0.019715916,0,0,Low Risk
CUST_017255,0.0019407268,0,0,Low Risk
CUST_017256,0.9987174,1,1,High Risk
CUST_017257,0.40096608,0,0,Medium Risk
CUST_017258,0.027379708,0,0,Low Risk
CUST_017259,0.033686575,0,0,Low Risk
CUST_017260,0.3609685,0,1,Medium Risk
CUST_017261,0.9715314,1,1,High Risk
CUST_017262,0.9997745,1,1,High Risk
CUST_017263,0.038074028,0,0,Low Risk
CUST_017264,0.038629457,0,0,Low Risk
CUST_017265,0.015012202,0,0,Low Risk
CUST_017266,0.0759199,0,0,Low Risk
CUST_017267,0.0521723,0,0,Low Risk
CUST_017268,0.019132692,0,0,Low Risk
CUST_017269,0.0621634,0,0,Low Risk
CUST_017270,0.99962974,1,1,High Risk
CUST_017271,0.011125233,0,0,Low Risk
CUST_017272,0.01554429,0,0,Low Risk
CUST_017273,0.16728947,0,0,Low Risk
CUST_017274,0.98877805,1,1,High Risk
CUST_017275,0.008421363,0,0,Low Risk
CUST_017276,0.002597804,0,0,Low Risk
CUST_017277,0.058408733,0,0,Low Risk
CUST_017278,0.050651293,0,0,Low Risk
CUST_017279,0.06933393,0,0,Low Risk
CUST_017280,0.006376896,0,0,Low Risk
CUST_017281,0.0021459921,0,0,Low Risk
CUST_017282,0.029906532,0,0,Low Risk
CUST_017283,0.99758077,1,1,High Risk
CUST_017284,0.0035116232,0,0,Low Risk
CUST_017285,0.0017635352,0,0,Low Risk
CUST_017286,0.0038615253,0,0,Low Risk
CUST_017287,0.032654993,0,0,Low Risk
CUST_017288,0.015870811,0,0,Low Risk
CUST_017289,0.99819463,1,1,High Risk
CUST_017290,0.06017728,0,0,Low Risk
CUST_017291,0.050525494,0,0,Low Risk
CUST_017292,0.99949276,1,1,High Risk
CUST_017293,0.028996816,0,0,Low Risk
CUST_017294,0.0048289793,0,0,Low Risk
CUST_017295,0.3125759,0,0,Low Risk
CUST_017296,0.034248464,0,0,Low Risk
CUST_017297,0.95376235,1,1,High Risk
CUST_017298,0.017242841,0,0,Low Risk
CUST_017299,0.9995653,1,1,High Risk
CUST_017300,0.08570833,0,0,Low Risk
CUST_017301,0.051827066,0,0,Low Risk
CUST_017302,0.9990915,1,1,High Risk
CUST_017303,0.0108026825,0,0,Low Risk
CUST_017304,0.06475411,0,0,Low Risk
CUST_017305,0.010616504,0,0,Low Risk
CUST_017306,0.99086666,1,1,High Risk
CUST_017307,0.9621007,1,1,High Risk
CUST_017308,0.031264193,0,0,Low Risk
CUST_017309,0.022480177,0,0,Low Risk
CUST_017310,0.012054745,0,0,Low Risk
CUST_017311,0.010001354,0,0,Low Risk
CUST_017312,0.054278925,0,0,Low Risk
CUST_017313,0.01809277,0,0,Low Risk
CUST_017314,0.29045558,0,0,Low Risk
CUST_017315,0.020083304,0,0,Low Risk
CUST_017316,0.0056289146,0,0,Low Risk
CUST_017317,0.99503255,1,1,High Risk
CUST_017318,0.09528983,0,0,Low Risk
CUST_017319,0.02878282,0,0,Low Risk
CUST_017320,0.009782624,0,0,Low Risk
CUST_017321,0.07995889,0,0,Low Risk
CUST_017322,0.99588156,1,1,High Risk
CUST_017323,0.0069983117,0,0,Low Risk
CUST_017324,0.003254814,0,0,Low Risk
CUST_017325,0.022686252,0,0,Low Risk
CUST_017326,0.0058510755,0,0,Low Risk
CUST_017327,0.01468843,0,0,Low Risk
CUST_017328,0.9878121,1,1,High Risk
CUST_017329,0.024035359,0,0,Low Risk
CUST_017330,0.029748095,0,0,Low Risk
CUST_017331,0.07116975,0,0,Low Risk
CUST_017332,0.0035504268,0,0,Low Risk
CUST_017333,0.023507679,0,0,Low Risk
CUST_017334,0.002667194,0,0,Low Risk
CUST_017335,0.27391493,0,0,Low Risk
CUST_017336,0.11965544,0,0,Low Risk
CUST_017337,0.07694658,0,0,Low Risk
CUST_017338,0.0019054491,0,0,Low Risk
CUST_017339,0.9984968,1,1,High Risk
CUST_017340,0.9997905,1,1,High Risk
CUST_017341,0.0037777405,0,0,Low Risk
CUST_017342,0.03069167,0,0,Low Risk
CUST_017343,0.03312919,0,0,Low Risk
CUST_017344,0.001149899,0,0,Low Risk
CUST_017345,0.04271235,0,0,Low Risk
CUST_017346,0.007645505,0,0,Low Risk
CUST_017347,0.002722501,0,0,Low Risk
CUST_017348,0.0062049488,0,0,Low Risk
CUST_017349,0.99880457,1,1,High Risk
CUST_017350,0.0148083605,0,0,Low Risk
CUST_017351,0.99858886,1,1,High Risk
CUST_017352,0.011114039,0,0,Low Risk
CUST_017353,0.009075642,0,0,Low Risk
CUST_017354,0.99961936,1,1,High Risk
CUST_017355,0.01841574,0,0,Low Risk
CUST_017356,0.005000759,0,0,Low Risk
CUST_017357,0.99559337,1,1,High Risk
CUST_017358,0.040034566,0,0,Low Risk
CUST_017359,0.017233673,0,0,Low Risk
CUST_017360,0.07012585,0,0,Low Risk
CUST_017361,0.9987993,1,1,High Risk
CUST_017362,0.019691315,0,0,Low Risk
CUST_017363,0.01187076,0,0,Low Risk
CUST_017364,0.017060703,0,0,Low Risk
CUST_017365,0.3780558,0,0,Medium Risk
CUST_017366,0.013546586,0,0,Low Risk
CUST_017367,0.50456595,1,1,Medium Risk
CUST_017368,0.051595546,0,0,Low Risk
CUST_017369,0.054393407,0,0,Low Risk
CUST_017370,0.0072661443,0,0,Low Risk
CUST_017371,0.99929726,1,1,High Risk
CUST_017372,0.14444272,0,0,Low Risk
CUST_017373,0.004176895,0,0,Low Risk
CUST_017374,0.057557583,0,0,Low Risk
CUST_017375,0.022931311,0,0,Low Risk
CUST_017376,0.99855787,1,1,High Risk
CUST_017377,0.99945194,1,1,High Risk
CUST_017378,0.38801593,0,0,Medium Risk
CUST_017379,0.048427816,0,0,Low Risk
CUST_017380,0.9996574,1,1,High Risk
CUST_017381,0.08785695,0,0,Low Risk
CUST_017382,0.0023755773,0,0,Low Risk
CUST_017383,0.040947594,0,0,Low Risk
CUST_017384,0.024626503,0,0,Low Risk
CUST_017385,0.026379878,0,0,Low Risk
CUST_017386,0.99988675,1,1,High Risk
CUST_017387,0.008304073,0,0,Low Risk
CUST_017388,0.9980616,1,1,High Risk
CUST_017389,0.9965661,1,1,High Risk
CUST_017390,0.006290194,0,0,Low Risk
CUST_017391,0.04277204,0,0,Low Risk
CUST_017392,0.027184844,0,0,Low Risk
CUST_017393,0.09771645,0,0,Low Risk
CUST_017394,0.007593186,0,0,Low Risk
CUST_017395,0.14587057,0,0,Low Risk
CUST_017396,0.2386602,0,0,Low Risk
CUST_017397,0.0042900103,0,0,Low Risk
CUST_017398,0.999603,1,1,High Risk
CUST_017399,0.07721743,0,0,Low Risk
CUST_017400,0.044925567,0,0,Low Risk
CUST_017401,0.13561603,0,0,Low Risk
CUST_017402,0.72861284,1,1,High Risk
CUST_017403,0.9951916,1,1,High Risk
CUST_017404,0.023754952,0,0,Low Risk
CUST_017405,0.048338298,0,0,Low Risk
CUST_017406,0.002742092,0,0,Low Risk
CUST_017407,0.010225908,0,0,Low Risk
CUST_017408,0.5452883,1,1,Medium Risk
CUST_017409,0.99862754,1,1,High Risk
CUST_017410,0.043578953,0,0,Low Risk
CUST_017411,0.07631075,0,1,Low Risk
CUST_017412,0.005637681,0,0,Low Risk
CUST_017413,0.07513214,0,0,Low Risk
CUST_017414,0.019902034,0,0,Low Risk
CUST_017415,0.031734414,0,0,Low Risk
CUST_017416,0.021690188,0,0,Low Risk
CUST_017417,0.018000474,0,0,Low Risk
CUST_017418,0.027915988,0,0,Low Risk
CUST_017419,0.007576452,0,0,Low Risk
CUST_017420,0.0683754,0,0,Low Risk
CUST_017421,0.002126786,0,0,Low Risk
CUST_017422,0.045939114,0,0,Low Risk
CUST_017423,0.22305104,0,0,Low Risk
CUST_017424,0.06189862,0,0,Low Risk
CUST_017425,0.005115685,0,0,Low Risk
CUST_017426,0.019387104,0,0,Low Risk
CUST_017427,0.06529836,0,0,Low Risk
CUST_017428,0.84974474,1,1,High Risk
CUST_017429,0.0255471,0,0,Low Risk
CUST_017430,0.98687685,1,1,High Risk
CUST_017431,0.050522815,0,0,Low Risk
CUST_017432,0.024810934,0,0,Low Risk
CUST_017433,0.025435327,0,0,Low Risk
CUST_017434,0.99724436,1,1,High Risk
CUST_017435,0.99920684,1,1,High Risk
CUST_017436,0.031815983,0,0,Low Risk
CUST_017437,0.02645138,0,0,Low Risk
CUST_017438,0.0051265056,0,0,Low Risk
CUST_017439,0.06897471,0,0,Low Risk
CUST_017440,0.68879724,1,1,High Risk
CUST_017441,0.02761601,0,0,Low Risk
CUST_017442,0.99924755,1,1,High Risk
CUST_017443,0.99939954,1,1,High Risk
CUST_017444,0.03285021,0,0,Low Risk
CUST_017445,0.009961438,0,0,Low Risk
CUST_017446,0.0037494616,0,0,Low Risk
CUST_017447,0.99898666,1,1,High Risk
CUST_017448,0.0553082,0,0,Low Risk
CUST_017449,0.9719582,1,1,High Risk
CUST_017450,0.074799344,0,0,Low Risk
CUST_017451,0.99653167,1,1,High Risk
CUST_017452,0.004031865,0,0,Low Risk
CUST_017453,0.0022271348,0,0,Low Risk
CUST_017454,0.003691741,0,0,Low Risk
CUST_017455,0.008740367,0,0,Low Risk
CUST_017456,0.10925832,0,0,Low Risk
CUST_017457,0.45968533,0,0,Medium Risk
CUST_017458,0.0030328785,0,0,Low Risk
CUST_017459,0.04065511,0,0,Low Risk
CUST_017460,0.004988642,0,0,Low Risk
CUST_017461,0.06003106,0,0,Low Risk
CUST_017462,0.011156753,0,0,Low Risk
CUST_017463,0.006646878,0,0,Low Risk
CUST_017464,0.33837527,0,0,Low Risk
CUST_017465,0.03484871,0,0,Low Risk
CUST_017466,0.9997991,1,1,High Risk
CUST_017467,0.04025615,0,0,Low Risk
CUST_017468,0.07407229,0,0,Low Risk
CUST_017469,0.018079558,0,0,Low Risk
CUST_017470,0.005104466,0,0,Low Risk
CUST_017471,0.019168157,0,0,Low Risk
CUST_017472,0.009866449,0,0,Low Risk
CUST_017473,0.0051383995,0,0,Low Risk
CUST_017474,0.007046692,0,0,Low Risk
CUST_017475,0.034163266,0,0,Low Risk
CUST_017476,0.036767792,0,0,Low Risk
CUST_017477,0.018000722,0,0,Low Risk
CUST_017478,0.9988642,1,1,High Risk
CUST_017479,0.0054314006,0,0,Low Risk
CUST_017480,0.028360164,0,0,Low Risk
CUST_017481,0.032916047,0,0,Low Risk
CUST_017482,0.043440916,0,0,Low Risk
CUST_017483,0.0020788785,0,0,Low Risk
CUST_017484,0.019389449,0,0,Low Risk
CUST_017485,0.03853165,0,0,Low Risk
CUST_017486,0.014421037,0,0,Low Risk
CUST_017487,0.01701468,0,0,Low Risk
CUST_017488,0.99979204,1,1,High Risk
CUST_017489,0.09973796,0,0,Low Risk
CUST_017490,0.015125712,0,0,Low Risk
CUST_017491,0.0071834256,0,0,Low Risk
CUST_017492,0.031207908,0,0,Low Risk
CUST_017493,0.01395119,0,0,Low Risk
CUST_017494,0.9967026,1,1,High Risk
CUST_017495,0.03793654,0,0,Low Risk
CUST_017496,0.08660049,0,0,Low Risk
CUST_017497,0.99917126,1,1,High Risk
CUST_017498,0.039645437,0,0,Low Risk
CUST_017499,0.039749406,0,0,Low Risk
CUST_017500,0.021287749,0,0,Low Risk
CUST_017501,0.0115639195,0,0,Low Risk
CUST_017502,0.99835914,1,1,High Risk
CUST_017503,0.030958595,0,0,Low Risk
CUST_017504,0.056492448,0,0,Low Risk
CUST_017505,0.9998745,1,1,High Risk
CUST_017506,0.034667358,0,0,Low Risk
CUST_017507,0.99984634,1,1,High Risk
CUST_017508,0.04040845,0,0,Low Risk
CUST_017509,0.048185375,0,0,Low Risk
CUST_017510,0.008632189,0,0,Low Risk
CUST_017511,0.0045317174,0,0,Low Risk
CUST_017512,0.0050696963,0,0,Low Risk
CUST_017513,0.006961741,0,0,Low Risk
CUST_017514,0.04446498,0,0,Low Risk
CUST_017515,0.06534512,0,0,Low Risk
CUST_017516,0.9987178,1,1,High Risk
CUST_017517,0.025402434,0,0,Low Risk
CUST_017518,0.84981877,1,1,High Risk
CUST_017519,0.9921434,1,1,High Risk
CUST_017520,0.99946254,1,1,High Risk
CUST_017521,0.040440932,0,0,Low Risk
CUST_017522,0.9959428,1,1,High Risk
CUST_017523,0.027615352,0,0,Low Risk
CUST_017524,0.029573668,0,0,Low Risk
CUST_017525,0.01588737,0,0,Low Risk
CUST_017526,0.99911183,1,1,High Risk
CUST_017527,0.99737644,1,1,High Risk
CUST_017528,0.069831416,0,0,Low Risk
CUST_017529,0.99986565,1,1,High Risk
CUST_017530,0.9919918,1,1,High Risk
CUST_017531,0.9989531,1,1,High Risk
CUST_017532,0.999111,1,1,High Risk
CUST_017533,0.02211333,0,0,Low Risk
CUST_017534,0.96320057,1,1,High Risk
CUST_017535,0.99945945,1,1,High Risk
CUST_017536,0.01030421,0,0,Low Risk
CUST_017537,0.011278866,0,0,Low Risk
CUST_017538,0.23274048,0,1,Low Risk
CUST_017539,0.99979216,1,1,High Risk
CUST_017540,0.08220929,0,0,Low Risk
CUST_017541,0.99956137,1,1,High Risk
CUST_017542,0.9994368,1,1,High Risk
CUST_017543,0.7469578,1,1,High Risk
CUST_017544,0.12222278,0,0,Low Risk
CUST_017545,0.008197654,0,0,Low Risk
CUST_017546,0.06243309,0,0,Low Risk
CUST_017547,0.008336843,0,0,Low Risk
CUST_017548,0.96721596,1,1,High Risk
CUST_017549,0.018968593,0,0,Low Risk
CUST_017550,0.99986017,1,1,High Risk
CUST_017551,0.015482193,0,0,Low Risk
CUST_017552,0.008021595,0,0,Low Risk
CUST_017553,0.02269175,0,0,Low Risk
CUST_017554,0.116407,0,0,Low Risk
CUST_017555,0.9983851,1,1,High Risk
CUST_017556,0.026698481,0,0,Low Risk
CUST_017557,0.99969566,1,1,High Risk
CUST_017558,0.0060849325,0,0,Low Risk
CUST_017559,0.22921304,0,0,Low Risk
CUST_017560,0.029940104,0,0,Low Risk
CUST_017561,0.9757346,1,1,High Risk
CUST_017562,0.0062309047,0,0,Low Risk
CUST_017563,0.007352874,0,0,Low Risk
CUST_017564,0.0077148792,0,0,Low Risk
CUST_017565,0.069305606,0,0,Low Risk
CUST_017566,0.011544723,0,0,Low Risk
CUST_017567,0.03780858,0,0,Low Risk
CUST_017568,0.99475795,1,1,High Risk
CUST_017569,0.028477281,0,0,Low Risk
CUST_017570,0.99908066,1,1,High Risk
CUST_017571,0.2995498,0,0,Low Risk
CUST_017572,0.010053389,0,0,Low Risk
CUST_017573,0.06367665,0,0,Low Risk
CUST_017574,0.010382217,0,0,Low Risk
CUST_017575,0.014299297,0,0,Low Risk
CUST_017576,0.008479721,0,0,Low Risk
CUST_017577,0.8523899,1,1,High Risk
CUST_017578,0.014463716,0,0,Low Risk
CUST_017579,0.9291215,1,1,High Risk
CUST_017580,0.005950922,0,0,Low Risk
CUST_017581,0.006206337,0,0,Low Risk
CUST_017582,0.99798524,1,1,High Risk
CUST_017583,0.0503443,0,0,Low Risk
CUST_017584,0.1398447,0,0,Low Risk
CUST_017585,0.010139951,0,0,Low Risk
CUST_017586,0.9998447,1,1,High Risk
CUST_017587,0.05872112,0,0,Low Risk
CUST_017588,0.013341879,0,0,Low Risk
CUST_017589,0.024481544,0,0,Low Risk
CUST_017590,0.19005266,0,0,Low Risk
CUST_017591,0.9937543,1,1,High Risk
CUST_017592,0.09371752,0,0,Low Risk
CUST_017593,0.0016179758,0,0,Low Risk
CUST_017594,0.49908757,0,0,Medium Risk
CUST_017595,0.9996861,1,1,High Risk
CUST_017596,0.023372855,0,0,Low Risk
CUST_017597,0.05375649,0,0,Low Risk
CUST_017598,0.021835567,0,0,Low Risk
CUST_017599,0.9960764,1,1,High Risk
CUST_017600,0.99856323,1,1,High Risk
CUST_017601,0.02084928,0,0,Low Risk
CUST_017602,0.033048913,0,0,Low Risk
CUST_017603,0.002744021,0,0,Low Risk
CUST_017604,0.20127463,0,0,Low Risk
CUST_017605,0.018275252,0,0,Low Risk
CUST_017606,0.007260818,0,0,Low Risk
CUST_017607,0.9992162,1,1,High Risk
CUST_017608,0.9997174,1,1,High Risk
CUST_017609,0.008860059,0,0,Low Risk
CUST_017610,0.012391276,0,0,Low Risk
CUST_017611,0.00737595,0,0,Low Risk
CUST_017612,0.0038508482,0,0,Low Risk
CUST_017613,0.768454,1,1,High Risk
CUST_017614,0.3391514,0,1,Low Risk
CUST_017615,0.0145746665,0,0,Low Risk
CUST_017616,0.028876543,0,0,Low Risk
CUST_017617,0.0143646905,0,0,Low Risk
CUST_017618,0.898216,1,0,High Risk
CUST_017619,0.048100363,0,0,Low Risk
CUST_017620,0.013816556,0,0,Low Risk
CUST_017621,0.03332362,0,0,Low Risk
CUST_017622,0.2823389,0,0,Low Risk
CUST_017623,0.07071867,0,0,Low Risk
CUST_017624,0.025736995,0,0,Low Risk
CUST_017625,0.001939328,0,0,Low Risk
CUST_017626,0.029431608,0,0,Low Risk
CUST_017627,0.89986634,1,0,High Risk
CUST_017628,0.08789735,0,0,Low Risk
CUST_017629,0.99681646,1,1,High Risk
CUST_017630,0.020798799,0,0,Low Risk
CUST_017631,0.99891233,1,1,High Risk
CUST_017632,0.008309698,0,0,Low Risk
CUST_017633,0.99977344,1,1,High Risk
CUST_017634,0.037339956,0,0,Low Risk
CUST_017635,0.01438585,0,0,Low Risk
CUST_017636,0.047489837,0,0,Low Risk
CUST_017637,0.033002775,0,0,Low Risk
CUST_017638,0.9986357,1,1,High Risk
CUST_017639,0.8672199,1,1,High Risk
CUST_017640,0.018329265,0,0,Low Risk
CUST_017641,0.043936893,0,0,Low Risk
CUST_017642,0.9926076,1,1,High Risk
CUST_017643,0.11463899,0,1,Low Risk
CUST_017644,0.197085,0,0,Low Risk
CUST_017645,0.03578595,0,0,Low Risk
CUST_017646,0.993586,1,1,High Risk
CUST_017647,0.0032851838,0,0,Low Risk
CUST_017648,0.014041171,0,0,Low Risk
CUST_017649,0.16290633,0,0,Low Risk
CUST_017650,0.9996923,1,1,High Risk
CUST_017651,0.99856794,1,1,High Risk
CUST_017652,0.9987534,1,1,High Risk
CUST_017653,0.9964394,1,1,High Risk
CUST_017654,0.99943405,1,1,High Risk
CUST_017655,0.0067804265,0,0,Low Risk
CUST_017656,0.014002717,0,0,Low Risk
CUST_017657,0.12830207,0,0,Low Risk
CUST_017658,0.11287223,0,0,Low Risk
CUST_017659,0.99901164,1,1,High Risk
CUST_017660,0.0016328667,0,0,Low Risk
CUST_017661,0.009605019,0,0,Low Risk
CUST_017662,0.122173935,0,0,Low Risk
CUST_017663,0.23549503,0,0,Low Risk
CUST_017664,0.41625297,0,1,Medium Risk
CUST_017665,0.99945635,1,1,High Risk
CUST_017666,0.9994655,1,1,High Risk
CUST_017667,0.022509033,0,0,Low Risk
CUST_017668,0.24688473,0,0,Low Risk
CUST_017669,0.9998758,1,1,High Risk
CUST_017670,0.031930022,0,0,Low Risk
CUST_017671,0.9991732,1,1,High Risk
CUST_017672,0.0071770996,0,0,Low Risk
CUST_017673,0.07165926,0,0,Low Risk
CUST_017674,0.04728724,0,0,Low Risk
CUST_017675,0.99302226,1,1,High Risk
CUST_017676,0.0023118255,0,0,Low Risk
CUST_017677,0.019461095,0,0,Low Risk
CUST_017678,0.04176452,0,0,Low Risk
CUST_017679,0.007260399,0,0,Low Risk
CUST_017680,0.003509085,0,0,Low Risk
CUST_017681,0.9985744,1,1,High Risk
CUST_017682,0.006407017,0,0,Low Risk
CUST_017683,0.9984977,1,1,High Risk
CUST_017684,0.03801173,0,0,Low Risk
CUST_017685,0.2740392,0,0,Low Risk
CUST_017686,0.02913377,0,0,Low Risk
CUST_017687,0.9975305,1,1,High Risk
CUST_017688,0.03874209,0,0,Low Risk
CUST_017689,0.015114395,0,0,Low Risk
CUST_017690,0.012877561,0,0,Low Risk
CUST_017691,0.02615175,0,0,Low Risk
CUST_017692,0.024626749,0,0,Low Risk
CUST_017693,0.0027061764,0,0,Low Risk
CUST_017694,0.004024265,0,0,Low Risk
CUST_017695,0.99167866,1,1,High Risk
CUST_017696,0.9986363,1,1,High Risk
CUST_017697,0.027247172,0,0,Low Risk
CUST_017698,0.18063924,0,0,Low Risk
CUST_017699,0.0038966879,0,0,Low Risk
CUST_017700,0.094655514,0,0,Low Risk
CUST_017701,0.99967337,1,1,High Risk
CUST_017702,0.056823716,0,0,Low Risk
CUST_017703,0.035677977,0,0,Low Risk
CUST_017704,0.04135274,0,0,Low Risk
CUST_017705,0.22386451,0,0,Low Risk
CUST_017706,0.9917286,1,1,High Risk
CUST_017707,0.9986191,1,1,High Risk
CUST_017708,0.9978356,1,1,High Risk
CUST_017709,0.005788303,0,0,Low Risk
CUST_017710,0.0030962934,0,0,Low Risk
CUST_017711,0.99978846,1,1,High Risk
CUST_017712,0.016971104,0,0,Low Risk
CUST_017713,0.05042157,0,0,Low Risk
CUST_017714,0.06924834,0,0,Low Risk
CUST_017715,0.017152319,0,0,Low Risk
CUST_017716,0.0066335294,0,0,Low Risk
CUST_017717,0.9971534,1,1,High Risk
CUST_017718,0.02888571,0,0,Low Risk
CUST_017719,0.06623232,0,0,Low Risk
CUST_017720,0.10121158,0,0,Low Risk
CUST_017721,0.10820184,0,0,Low Risk
CUST_017722,0.998789,1,1,High Risk
CUST_017723,0.002210201,0,0,Low Risk
CUST_017724,0.026902698,0,0,Low Risk
CUST_017725,0.038313575,0,0,Low Risk
CUST_017726,0.9973182,1,1,High Risk
CUST_017727,0.03692674,0,0,Low Risk
CUST_017728,0.0214267,0,0,Low Risk
CUST_017729,0.0047098813,0,0,Low Risk
CUST_017730,0.017157095,0,0,Low Risk
CUST_017731,0.99966085,1,1,High Risk
CUST_017732,0.04000045,0,0,Low Risk
CUST_017733,0.050737657,0,0,Low Risk
CUST_017734,0.027991476,0,0,Low Risk
CUST_017735,0.008518074,0,0,Low Risk
CUST_017736,0.95904124,1,1,High Risk
CUST_017737,0.99854773,1,1,High Risk
CUST_017738,0.01570261,0,0,Low Risk
CUST_017739,0.008192562,0,0,Low Risk
CUST_017740,0.0684417,0,0,Low Risk
CUST_017741,0.99762976,1,1,High Risk
CUST_017742,0.017890757,0,0,Low Risk
CUST_017743,0.009510678,0,0,Low Risk
CUST_017744,0.027589906,0,0,Low Risk
CUST_017745,0.030775983,0,0,Low Risk
CUST_017746,0.113551736,0,0,Low Risk
CUST_017747,0.004836588,0,0,Low Risk
CUST_017748,0.06701624,0,0,Low Risk
CUST_017749,0.99819595,1,1,High Risk
CUST_017750,0.04292749,0,0,Low Risk
CUST_017751,0.039304007,0,0,Low Risk
CUST_017752,0.087396264,0,0,Low Risk
CUST_017753,0.017920954,0,0,Low Risk
CUST_017754,0.9986675,1,1,High Risk
CUST_017755,0.9995167,1,1,High Risk
CUST_017756,0.036472857,0,0,Low Risk
CUST_017757,0.032772172,0,0,Low Risk
CUST_017758,0.0037773133,0,0,Low Risk
CUST_017759,0.014338082,0,0,Low Risk
CUST_017760,0.999686,1,1,High Risk
CUST_017761,0.033746123,0,0,Low Risk
CUST_017762,0.012900001,0,0,Low Risk
CUST_017763,0.9992613,1,1,High Risk
CUST_017764,0.9986526,1,1,High Risk
CUST_017765,0.13432579,0,0,Low Risk
CUST_017766,0.0086890245,0,0,Low Risk
CUST_017767,0.962262,1,1,High Risk
CUST_017768,0.99941194,1,1,High Risk
CUST_017769,0.41147766,0,0,Medium Risk
CUST_017770,0.028941413,0,0,Low Risk
CUST_017771,0.10082957,0,0,Low Risk
CUST_017772,0.014002119,0,0,Low Risk
CUST_017773,0.9993482,1,1,High Risk
CUST_017774,0.918898,1,1,High Risk
CUST_017775,0.004127511,0,0,Low Risk
CUST_017776,0.0818963,0,0,Low Risk
CUST_017777,0.24895489,0,1,Low Risk
CUST_017778,0.027330056,0,0,Low Risk
CUST_017779,0.051554106,0,0,Low Risk
CUST_017780,0.020465165,0,0,Low Risk
CUST_017781,0.012657212,0,0,Low Risk
CUST_017782,0.009875202,0,0,Low Risk
CUST_017783,0.01608827,0,0,Low Risk
CUST_017784,0.008561374,0,0,Low Risk
CUST_017785,0.9988495,1,1,High Risk
CUST_017786,0.019575652,0,0,Low Risk
CUST_017787,0.012319327,0,0,Low Risk
CUST_017788,0.04505281,0,0,Low Risk
CUST_017789,0.013554975,0,0,Low Risk
CUST_017790,0.028020713,0,0,Low Risk
CUST_017791,0.6256361,1,0,Medium Risk
CUST_017792,0.99332774,1,1,High Risk
CUST_017793,0.01736881,0,0,Low Risk
CUST_017794,0.010236295,0,0,Low Risk
CUST_017795,0.02408954,0,0,Low Risk
CUST_017796,0.019651072,0,0,Low Risk
CUST_017797,0.035089727,0,0,Low Risk
CUST_017798,0.08573699,0,0,Low Risk
CUST_017799,0.05305073,0,0,Low Risk
CUST_017800,0.63404965,1,0,Medium Risk
CUST_017801,0.9891488,1,1,High Risk
CUST_017802,0.017365905,0,0,Low Risk
CUST_017803,0.0033039511,0,0,Low Risk
CUST_017804,0.10646126,0,0,Low Risk
CUST_017805,0.06039383,0,0,Low Risk
CUST_017806,0.117756,0,0,Low Risk
CUST_017807,0.03950343,0,0,Low Risk
CUST_017808,0.021225573,0,0,Low Risk
CUST_017809,0.002697909,0,0,Low Risk
CUST_017810,0.011663185,0,0,Low Risk
CUST_017811,0.041089866,0,0,Low Risk
CUST_017812,0.0036237976,0,0,Low Risk
CUST_017813,0.015147521,0,0,Low Risk
CUST_017814,0.0153755015,0,0,Low Risk
CUST_017815,0.016946318,0,0,Low Risk
CUST_017816,0.05223815,0,0,Low Risk
CUST_017817,0.048837427,0,0,Low Risk
CUST_017818,0.9979646,1,1,High Risk
CUST_017819,0.041718125,0,0,Low Risk
CUST_017820,0.9991054,1,1,High Risk
CUST_017821,0.03186329,0,0,Low Risk
CUST_017822,0.039981317,0,0,Low Risk
CUST_017823,0.9979315,1,1,High Risk
CUST_017824,0.047187746,0,0,Low Risk
CUST_017825,0.07670745,0,0,Low Risk
CUST_017826,0.0022683525,0,0,Low Risk
CUST_017827,0.0061529716,0,0,Low Risk
CUST_017828,0.9997615,1,1,High Risk
CUST_017829,0.018700238,0,0,Low Risk
CUST_017830,0.046832185,0,0,Low Risk
CUST_017831,0.9997055,1,1,High Risk
CUST_017832,0.018347159,0,0,Low Risk
CUST_017833,0.45868704,0,0,Medium Risk
CUST_017834,0.000929153,0,0,Low Risk
CUST_017835,0.039756775,0,0,Low Risk
CUST_017836,0.110631675,0,0,Low Risk
CUST_017837,0.01946193,0,0,Low Risk
CUST_017838,0.038269095,0,0,Low Risk
CUST_017839,0.060228415,0,0,Low Risk
CUST_017840,0.9996588,1,1,High Risk
CUST_017841,0.7324136,1,1,High Risk
CUST_017842,0.028127253,0,0,Low Risk
CUST_017843,0.011066089,0,0,Low Risk
CUST_017844,0.70032144,1,1,High Risk
CUST_017845,0.99950016,1,1,High Risk
CUST_017846,0.009238876,0,0,Low Risk
CUST_017847,0.9997002,1,1,High Risk
CUST_017848,0.022512054,0,0,Low Risk
CUST_017849,0.99948263,1,1,High Risk
CUST_017850,0.86860526,1,1,High Risk
CUST_017851,0.44232944,0,1,Medium Risk
CUST_017852,0.020091241,0,0,Low Risk
CUST_017853,0.99978,1,1,High Risk
CUST_017854,0.011326616,0,0,Low Risk
CUST_017855,0.53938293,1,1,Medium Risk
CUST_017856,0.9988896,1,1,High Risk
CUST_017857,0.99850947,1,1,High Risk
CUST_017858,0.003723341,0,0,Low Risk
CUST_017859,0.99805546,1,1,High Risk
CUST_017860,0.9774934,1,1,High Risk
CUST_017861,0.060289975,0,0,Low Risk
CUST_017862,0.43524384,0,1,Medium Risk
CUST_017863,0.018466845,0,0,Low Risk
CUST_017864,0.07196072,0,0,Low Risk
CUST_017865,0.027924078,0,0,Low Risk
CUST_017866,0.012846539,0,0,Low Risk
CUST_017867,0.0021328877,0,0,Low Risk
CUST_017868,0.97755843,1,1,High Risk
CUST_017869,0.2261987,0,1,Low Risk
CUST_017870,0.015556525,0,0,Low Risk
CUST_017871,0.15206912,0,0,Low Risk
CUST_017872,0.06548277,0,0,Low Risk
CUST_017873,0.020101884,0,0,Low Risk
CUST_017874,0.026111633,0,0,Low Risk
CUST_017875,0.9998771,1,1,High Risk
CUST_017876,0.9983541,1,1,High Risk
CUST_017877,0.024758345,0,0,Low Risk
CUST_017878,0.0075253965,0,0,Low Risk
CUST_017879,0.009737943,0,0,Low Risk
CUST_017880,0.034338802,0,0,Low Risk
CUST_017881,0.17685762,0,0,Low Risk
CUST_017882,0.050801575,0,0,Low Risk
CUST_017883,0.025656607,0,0,Low Risk
CUST_017884,0.012306326,0,0,Low Risk
CUST_017885,0.042381566,0,0,Low Risk
CUST_017886,0.01937848,0,0,Low Risk
CUST_017887,0.99866235,1,1,High Risk
CUST_017888,0.19738284,0,0,Low Risk
CUST_017889,0.048438683,0,0,Low Risk
CUST_017890,0.013544738,0,0,Low Risk
CUST_017891,0.22467324,0,1,Low Risk
CUST_017892,0.013260978,0,0,Low Risk
CUST_017893,0.014098071,0,0,Low Risk
CUST_017894,0.05503467,0,0,Low Risk
CUST_017895,0.015275661,0,0,Low Risk
CUST_017896,0.01194296,0,0,Low Risk
CUST_017897,0.051189017,0,0,Low Risk
CUST_017898,0.45842373,0,0,Medium Risk
CUST_017899,0.061704528,0,0,Low Risk
CUST_017900,0.0030507285,0,0,Low Risk
CUST_017901,0.020569261,0,0,Low Risk
CUST_017902,0.028558072,0,0,Low Risk
CUST_017903,0.009811836,0,0,Low Risk
CUST_017904,0.008967892,0,0,Low Risk
CUST_017905,0.114267156,0,0,Low Risk
CUST_017906,0.0070747966,0,0,Low Risk
CUST_017907,0.99875355,1,1,High Risk
CUST_017908,0.16331895,0,0,Low Risk
CUST_017909,0.99969697,1,1,High Risk
CUST_017910,0.40436873,0,1,Medium Risk
CUST_017911,0.017903347,0,0,Low Risk
CUST_017912,0.048548464,0,0,Low Risk
CUST_017913,0.20924449,0,0,Low Risk
CUST_017914,0.0053302785,0,0,Low Risk
CUST_017915,0.008377878,0,0,Low Risk
CUST_017916,0.039153546,0,0,Low Risk
CUST_017917,0.42532244,0,0,Medium Risk
CUST_017918,0.013894805,0,0,Low Risk
CUST_017919,0.015896378,0,0,Low Risk
CUST_017920,0.99875605,1,1,High Risk
CUST_017921,0.05719873,0,0,Low Risk
CUST_017922,0.039420053,0,0,Low Risk
CUST_017923,0.05646981,0,0,Low Risk
CUST_017924,0.00266673,0,0,Low Risk
CUST_017925,0.029379172,0,0,Low Risk
CUST_017926,0.0069797863,0,0,Low Risk
CUST_017927,0.024069896,0,0,Low Risk
CUST_017928,0.9992767,1,1,High Risk
CUST_017929,0.0057006613,0,0,Low Risk
CUST_017930,0.99801254,1,1,High Risk
CUST_017931,0.01010202,0,0,Low Risk
CUST_017932,0.002879491,0,0,Low Risk
CUST_017933,0.02648429,0,0,Low Risk
CUST_017934,0.01017069,0,0,Low Risk
CUST_017935,0.9993235,1,1,High Risk
CUST_017936,0.012535155,0,0,Low Risk
CUST_017937,0.022646617,0,0,Low Risk
CUST_017938,0.98679835,1,1,High Risk
CUST_017939,0.009531305,0,0,Low Risk
CUST_017940,0.77245593,1,1,High Risk
CUST_017941,0.014664805,0,0,Low Risk
CUST_017942,0.019011592,0,0,Low Risk
CUST_017943,0.9988381,1,1,High Risk
CUST_017944,0.035839874,0,0,Low Risk
CUST_017945,0.03783124,0,0,Low Risk
CUST_017946,0.99967563,1,1,High Risk
CUST_017947,0.06606605,0,0,Low Risk
CUST_017948,0.017583372,0,0,Low Risk
CUST_017949,0.016294848,0,0,Low Risk
CUST_017950,0.04692835,0,0,Low Risk
CUST_017951,0.011571318,0,0,Low Risk
CUST_017952,0.9990557,1,1,High Risk
CUST_017953,0.6754861,1,1,High Risk
CUST_017954,0.10687397,0,0,Low Risk
CUST_017955,0.02273814,0,0,Low Risk
CUST_017956,0.9982261,1,1,High Risk
CUST_017957,0.99905175,1,1,High Risk
CUST_017958,0.9993319,1,1,High Risk
CUST_017959,0.07691108,0,0,Low Risk
CUST_017960,0.006915752,0,0,Low Risk
CUST_017961,0.9980171,1,1,High Risk
CUST_017962,0.004749438,0,0,Low Risk
CUST_017963,0.0029267515,0,0,Low Risk
CUST_017964,0.9874505,1,1,High Risk
CUST_017965,0.029899403,0,0,Low Risk
CUST_017966,0.18509755,0,0,Low Risk
CUST_017967,0.14351302,0,0,Low Risk
CUST_017968,0.084092736,0,0,Low Risk
CUST_017969,0.0018946021,0,0,Low Risk
CUST_017970,0.9981171,1,1,High Risk
CUST_017971,0.9998161,1,1,High Risk
CUST_017972,0.011288526,0,0,Low Risk
CUST_017973,0.008310594,0,0,Low Risk
CUST_017974,0.031304233,0,0,Low Risk
CUST_017975,0.010511947,0,0,Low Risk
CUST_017976,0.9992291,1,1,High Risk
CUST_017977,0.005440209,0,0,Low Risk
CUST_017978,0.9998281,1,1,High Risk
CUST_017979,0.9947503,1,1,High Risk
CUST_017980,0.044491325,0,0,Low Risk
CUST_017981,0.99814284,1,1,High Risk
CUST_017982,0.0064196144,0,0,Low Risk
CUST_017983,0.014615196,0,0,Low Risk
CUST_017984,0.06362126,0,0,Low Risk
CUST_017985,0.012261448,0,0,Low Risk
CUST_017986,0.020370329,0,0,Low Risk
CUST_017987,0.99814117,1,1,High Risk
CUST_017988,0.11116549,0,0,Low Risk
CUST_017989,0.022262452,0,0,Low Risk
CUST_017990,0.0062538646,0,0,Low Risk
CUST_017991,0.07717385,0,0,Low Risk
CUST_017992,0.065588884,0,0,Low Risk
CUST_017993,0.009619428,0,0,Low Risk
CUST_017994,0.01674555,0,0,Low Risk
CUST_017995,0.950602,1,1,High Risk
CUST_017996,0.006379567,0,0,Low Risk
CUST_017997,0.0076320446,0,0,Low Risk
CUST_017998,0.016959032,0,0,Low Risk
CUST_017999,0.0126092965,0,0,Low Risk
CUST_018000,0.8074921,1,1,High Risk
CUST_018001,0.15001512,0,0,Low Risk
CUST_018002,0.9996132,1,1,High Risk
CUST_018003,0.052940372,0,0,Low Risk
CUST_018004,0.03429589,0,0,Low Risk
CUST_018005,0.007374533,0,0,Low Risk
CUST_018006,0.02035438,0,0,Low Risk
CUST_018007,0.28157726,0,0,Low Risk
CUST_018008,0.0021967995,0,0,Low Risk
CUST_018009,0.18131761,0,0,Low Risk
CUST_018010,0.027376061,0,0,Low Risk
CUST_018011,0.26958528,0,0,Low Risk
CUST_018012,0.2029358,0,0,Low Risk
CUST_018013,0.9997477,1,1,High Risk
CUST_018014,0.037564874,0,0,Low Risk
CUST_018015,0.029062843,0,0,Low Risk
CUST_018016,0.013140723,0,0,Low Risk
CUST_018017,0.99238443,1,1,High Risk
CUST_018018,0.9994118,1,1,High Risk
CUST_018019,0.0040036957,0,0,Low Risk
CUST_018020,0.999253,1,1,High Risk
CUST_018021,0.011726429,0,0,Low Risk
CUST_018022,0.09631074,0,0,Low Risk
CUST_018023,0.13638198,0,0,Low Risk
CUST_018024,0.47333187,0,0,Medium Risk
CUST_018025,0.012744619,0,0,Low Risk
CUST_018026,0.17210186,0,0,Low Risk
CUST_018027,0.9852005,1,1,High Risk
CUST_018028,0.058239166,0,0,Low Risk
CUST_018029,0.012555268,0,0,Low Risk
CUST_018030,0.99970835,1,1,High Risk
CUST_018031,0.01324193,0,0,Low Risk
CUST_018032,0.049849033,0,0,Low Risk
CUST_018033,0.99983895,1,1,High Risk
CUST_018034,0.027407106,0,0,Low Risk
CUST_018035,0.030634206,0,0,Low Risk
CUST_018036,0.011648189,0,0,Low Risk
CUST_018037,0.9994493,1,1,High Risk
CUST_018038,0.02921302,0,0,Low Risk
CUST_018039,0.7948295,1,1,High Risk
CUST_018040,0.017206656,0,0,Low Risk
CUST_018041,0.04368839,0,0,Low Risk
CUST_018042,0.01094643,0,0,Low Risk
CUST_018043,0.029965492,0,0,Low Risk
CUST_018044,0.99938667,1,1,High Risk
CUST_018045,0.03937821,0,0,Low Risk
CUST_018046,0.9367737,1,1,High Risk
CUST_018047,0.9980416,1,1,High Risk
CUST_018048,0.0024221786,0,0,Low Risk
CUST_018049,0.1513275,0,0,Low Risk
CUST_018050,0.9988232,1,1,High Risk
CUST_018051,0.99927205,1,1,High Risk
CUST_018052,0.9590346,1,1,High Risk
CUST_018053,0.021461837,0,0,Low Risk
CUST_018054,0.009754649,0,0,Low Risk
CUST_018055,0.4503614,0,0,Medium Risk
CUST_018056,0.0411857,0,0,Low Risk
CUST_018057,0.053620845,0,1,Low Risk
CUST_018058,0.004036979,0,0,Low Risk
CUST_018059,0.012148612,0,0,Low Risk
CUST_018060,0.99923384,1,1,High Risk
CUST_018061,0.0038304888,0,0,Low Risk
CUST_018062,0.10535921,0,0,Low Risk
CUST_018063,0.18435161,0,0,Low Risk
CUST_018064,0.99959666,1,1,High Risk
CUST_018065,0.99992406,1,1,High Risk
CUST_018066,0.97693574,1,1,High Risk
CUST_018067,0.018330801,0,0,Low Risk
CUST_018068,0.029264688,0,0,Low Risk
CUST_018069,0.9852202,1,1,High Risk
CUST_018070,0.99608505,1,1,High Risk
CUST_018071,0.35623008,0,0,Medium Risk
CUST_018072,0.06300139,0,0,Low Risk
CUST_018073,0.9918637,1,1,High Risk
CUST_018074,0.010042333,0,0,Low Risk
CUST_018075,0.045622554,0,0,Low Risk
CUST_018076,0.0198236,0,0,Low Risk
CUST_018077,0.019141441,0,0,Low Risk
CUST_018078,0.9970143,1,1,High Risk
CUST_018079,0.03988859,0,0,Low Risk
CUST_018080,0.014836826,0,0,Low Risk
CUST_018081,0.050239816,0,0,Low Risk
CUST_018082,0.018182937,0,0,Low Risk
CUST_018083,0.22297233,0,0,Low Risk
CUST_018084,0.028751379,0,0,Low Risk
CUST_018085,0.99936944,1,1,High Risk
CUST_018086,0.0038424584,0,0,Low Risk
CUST_018087,0.0024905175,0,0,Low Risk
CUST_018088,0.0059862,0,0,Low Risk
CUST_018089,0.006017963,0,0,Low Risk
CUST_018090,0.34665114,0,0,Low Risk
CUST_018091,0.04917527,0,0,Low Risk
CUST_018092,0.999519,1,1,High Risk
CUST_018093,0.99981767,1,1,High Risk
CUST_018094,0.070787854,0,0,Low Risk
CUST_018095,0.030438676,0,0,Low Risk
CUST_018096,0.9908031,1,1,High Risk
CUST_018097,0.016299335,0,0,Low Risk
CUST_018098,0.07630347,0,0,Low Risk
CUST_018099,0.008906723,0,0,Low Risk
CUST_018100,0.023799237,0,0,Low Risk
CUST_018101,0.9986364,1,1,High Risk
CUST_018102,0.022250902,0,0,Low Risk
CUST_018103,0.9991854,1,1,High Risk
CUST_018104,0.999759,1,1,High Risk
CUST_018105,0.99987245,1,1,High Risk
CUST_018106,0.010776955,0,0,Low Risk
CUST_018107,0.92293066,1,1,High Risk
CUST_018108,0.05972075,0,0,Low Risk
CUST_018109,0.99925464,1,1,High Risk
CUST_018110,0.02033718,0,0,Low Risk
CUST_018111,0.011804818,0,0,Low Risk
CUST_018112,0.021388456,0,0,Low Risk
CUST_018113,0.05383173,0,0,Low Risk
CUST_018114,0.016549133,0,0,Low Risk
CUST_018115,0.012518691,0,0,Low Risk
CUST_018116,0.013047051,0,0,Low Risk
CUST_018117,0.19213106,0,0,Low Risk
CUST_018118,0.9982804,1,1,High Risk
CUST_018119,0.007296058,0,0,Low Risk
CUST_018120,0.07428506,0,0,Low Risk
CUST_018121,0.9699032,1,1,High Risk
CUST_018122,0.015060782,0,0,Low Risk
CUST_018123,0.003762923,0,0,Low Risk
CUST_018124,0.9996829,1,1,High Risk
CUST_018125,0.9995109,1,1,High Risk
CUST_018126,0.9995604,1,1,High Risk
CUST_018127,0.27520856,0,0,Low Risk
CUST_018128,0.9883858,1,1,High Risk
CUST_018129,0.012981293,0,0,Low Risk
CUST_018130,0.054041274,0,0,Low Risk
CUST_018131,0.024753872,0,0,Low Risk
CUST_018132,0.005108807,0,0,Low Risk
CUST_018133,0.0071579516,0,0,Low Risk
CUST_018134,0.013412162,0,0,Low Risk
CUST_018135,0.99893206,1,1,High Risk
CUST_018136,0.9998159,1,1,High Risk
CUST_018137,0.055729095,0,0,Low Risk
CUST_018138,0.99935025,1,1,High Risk
CUST_018139,0.009801071,0,0,Low Risk
CUST_018140,0.02391199,0,0,Low Risk
CUST_018141,0.3231688,0,0,Low Risk
CUST_018142,0.01704352,0,0,Low Risk
CUST_018143,0.034611292,0,0,Low Risk
CUST_018144,0.008546342,0,0,Low Risk
CUST_018145,0.0021300907,0,0,Low Risk
CUST_018146,0.004298394,0,0,Low Risk
CUST_018147,0.9997353,1,1,High Risk
CUST_018148,0.020502923,0,0,Low Risk
CUST_018149,0.024458533,0,0,Low Risk
CUST_018150,0.08137847,0,0,Low Risk
CUST_018151,0.9991068,1,1,High Risk
CUST_018152,0.3861226,0,0,Medium Risk
CUST_018153,0.9980773,1,1,High Risk
CUST_018154,0.041198548,0,0,Low Risk
CUST_018155,0.0069771893,0,0,Low Risk
CUST_018156,0.017193388,0,0,Low Risk
CUST_018157,0.037606053,0,0,Low Risk
CUST_018158,0.005965249,0,0,Low Risk
CUST_018159,0.010874089,0,0,Low Risk
CUST_018160,0.004009998,0,0,Low Risk
CUST_018161,0.028886192,0,0,Low Risk
CUST_018162,0.023921931,0,0,Low Risk
CUST_018163,0.13003144,0,0,Low Risk
CUST_018164,0.96901166,1,1,High Risk
CUST_018165,0.9882683,1,1,High Risk
CUST_018166,0.9252451,1,1,High Risk
CUST_018167,0.6981388,1,0,High Risk
CUST_018168,0.040641144,0,0,Low Risk
CUST_018169,0.9394009,1,1,High Risk
CUST_018170,0.9695808,1,1,High Risk
CUST_018171,0.044720426,0,0,Low Risk
CUST_018172,0.99946326,1,1,High Risk
CUST_018173,0.020155732,0,0,Low Risk
CUST_018174,0.42571983,0,0,Medium Risk
CUST_018175,0.47554284,0,0,Medium Risk
CUST_018176,0.0031447832,0,0,Low Risk
CUST_018177,0.9989993,1,1,High Risk
CUST_018178,0.0038610061,0,0,Low Risk
CUST_018179,0.99292713,1,1,High Risk
CUST_018180,0.055740636,0,0,Low Risk
CUST_018181,0.01120824,0,0,Low Risk
CUST_018182,0.020399772,0,0,Low Risk
CUST_018183,0.022702862,0,0,Low Risk
CUST_018184,0.061539423,0,0,Low Risk
CUST_018185,0.04318775,0,0,Low Risk
CUST_018186,0.9991652,1,1,High Risk
CUST_018187,0.016743282,0,0,Low Risk
CUST_018188,0.0027168556,0,0,Low Risk
CUST_018189,0.19578657,0,0,Low Risk
CUST_018190,0.001715018,0,0,Low Risk
CUST_018191,0.92386854,1,1,High Risk
CUST_018192,0.039765425,0,0,Low Risk
CUST_018193,0.0045030885,0,0,Low Risk
CUST_018194,0.056123946,0,0,Low Risk
CUST_018195,0.008225799,0,0,Low Risk
CUST_018196,0.046885714,0,0,Low Risk
CUST_018197,0.044779263,0,0,Low Risk
CUST_018198,0.01267666,0,0,Low Risk
CUST_018199,0.99855894,1,1,High Risk
CUST_018200,0.003478072,0,0,Low Risk
CUST_018201,0.15907784,0,0,Low Risk
CUST_018202,0.22354618,0,0,Low Risk
CUST_018203,0.8496037,1,1,High Risk
CUST_018204,0.9879259,1,1,High Risk
CUST_018205,0.018072365,0,0,Low Risk
CUST_018206,0.004118299,0,0,Low Risk
CUST_018207,0.06469707,0,0,Low Risk
CUST_018208,0.016803103,0,0,Low Risk
CUST_018209,0.05992837,0,0,Low Risk
CUST_018210,0.020752385,0,0,Low Risk
CUST_018211,0.01269423,0,0,Low Risk
CUST_018212,0.9991725,1,1,High Risk
CUST_018213,0.02630103,0,0,Low Risk
CUST_018214,0.99865806,1,1,High Risk
CUST_018215,0.016686127,0,0,Low Risk
CUST_018216,0.9836637,1,1,High Risk
CUST_018217,0.054736823,0,0,Low Risk
CUST_018218,0.0043251133,0,0,Low Risk
CUST_018219,0.97154254,1,1,High Risk
CUST_018220,0.018842343,0,0,Low Risk
CUST_018221,0.04629865,0,0,Low Risk
CUST_018222,0.045345314,0,0,Low Risk
CUST_018223,0.08549005,0,0,Low Risk
CUST_018224,0.0132653145,0,0,Low Risk
CUST_018225,0.1430449,0,0,Low Risk
CUST_018226,0.0052264533,0,0,Low Risk
CUST_018227,0.015227556,0,0,Low Risk
CUST_018228,0.9983796,1,1,High Risk
CUST_018229,0.024349105,0,0,Low Risk
CUST_018230,0.998914,1,1,High Risk
CUST_018231,0.99987805,1,1,High Risk
CUST_018232,0.052697856,0,0,Low Risk
CUST_018233,0.008481269,0,0,Low Risk
CUST_018234,0.0223923,0,0,Low Risk
CUST_018235,0.9986286,1,1,High Risk
CUST_018236,0.07805205,0,0,Low Risk
CUST_018237,0.013876432,0,0,Low Risk
CUST_018238,0.02446491,0,0,Low Risk
CUST_018239,0.007183364,0,0,Low Risk
CUST_018240,0.99867755,1,1,High Risk
CUST_018241,0.9978604,1,1,High Risk
CUST_018242,0.99953735,1,1,High Risk
CUST_018243,0.99956495,1,1,High Risk
CUST_018244,0.038440168,0,0,Low Risk
CUST_018245,0.021911409,0,0,Low Risk
CUST_018246,0.055297498,0,0,Low Risk
CUST_018247,0.005317002,0,0,Low Risk
CUST_018248,0.0025284654,0,0,Low Risk
CUST_018249,0.99736625,1,1,High Risk
CUST_018250,0.014221483,0,0,Low Risk
CUST_018251,0.005829989,0,0,Low Risk
CUST_018252,0.0139315585,0,0,Low Risk
CUST_018253,0.999734,1,1,High Risk
CUST_018254,0.04634729,0,0,Low Risk
CUST_018255,0.0089389095,0,0,Low Risk
CUST_018256,0.00603658,0,0,Low Risk
CUST_018257,0.010328211,0,0,Low Risk
CUST_018258,0.0049108835,0,0,Low Risk
CUST_018259,0.008449908,0,0,Low Risk
CUST_018260,0.21784346,0,0,Low Risk
CUST_018261,0.022780238,0,0,Low Risk
CUST_018262,0.13836354,0,0,Low Risk
CUST_018263,0.9935654,1,1,High Risk
CUST_018264,0.039431773,0,0,Low Risk
CUST_018265,0.16623217,0,0,Low Risk
CUST_018266,0.035926275,0,0,Low Risk
CUST_018267,0.002011052,0,0,Low Risk
CUST_018268,0.016654283,0,0,Low Risk
CUST_018269,0.9983228,1,1,High Risk
CUST_018270,0.0043565477,0,0,Low Risk
CUST_018271,0.0014069645,0,0,Low Risk
CUST_018272,0.83594596,1,1,High Risk
CUST_018273,0.0047939247,0,0,Low Risk
CUST_018274,0.9997155,1,1,High Risk
CUST_018275,0.04771719,0,0,Low Risk
CUST_018276,0.00300524,0,0,Low Risk
CUST_018277,0.003730765,0,0,Low Risk
CUST_018278,0.013358045,0,0,Low Risk
CUST_018279,0.9997657,1,1,High Risk
CUST_018280,0.9905737,1,1,High Risk
CUST_018281,0.010536202,0,0,Low Risk
CUST_018282,0.039391283,0,0,Low Risk
CUST_018283,0.040302895,0,0,Low Risk
CUST_018284,0.0378036,0,0,Low Risk
CUST_018285,0.07985421,0,0,Low Risk
CUST_018286,0.03298497,0,0,Low Risk
CUST_018287,0.3325819,0,0,Low Risk
CUST_018288,0.01565333,0,0,Low Risk
CUST_018289,0.0031957896,0,0,Low Risk
CUST_018290,0.99218386,1,1,High Risk
CUST_018291,0.02235761,0,0,Low Risk
CUST_018292,0.95291525,1,1,High Risk
CUST_018293,0.008085129,0,0,Low Risk
CUST_018294,0.8472823,1,1,High Risk
CUST_018295,0.017722938,0,0,Low Risk
CUST_018296,0.99810517,1,1,High Risk
CUST_018297,0.7733772,1,1,High Risk
CUST_018298,0.066393584,0,0,Low Risk
CUST_018299,0.014806545,0,0,Low Risk
CUST_018300,0.012520496,0,0,Low Risk
CUST_018301,0.9995152,1,1,High Risk
CUST_018302,0.03079632,0,0,Low Risk
CUST_018303,0.031597093,0,0,Low Risk
CUST_018304,0.03608229,0,0,Low Risk
CUST_018305,0.99980694,1,1,High Risk
CUST_018306,0.0128063755,0,0,Low Risk
CUST_018307,0.050429426,0,0,Low Risk
CUST_018308,0.00795818,0,0,Low Risk
CUST_018309,0.9998148,1,1,High Risk
CUST_018310,0.042223457,0,0,Low Risk
CUST_018311,0.023838894,0,0,Low Risk
CUST_018312,0.010413006,0,0,Low Risk
CUST_018313,0.999694,1,1,High Risk
CUST_018314,0.9997621,1,1,High Risk
CUST_018315,0.06187276,0,0,Low Risk
CUST_018316,0.00588713,0,0,Low Risk
CUST_018317,0.14169575,0,0,Low Risk
CUST_018318,0.9965571,1,1,High Risk
CUST_018319,0.9982856,1,1,High Risk
CUST_018320,0.013495534,0,0,Low Risk
CUST_018321,0.9953048,1,1,High Risk
CUST_018322,0.0057777725,0,0,Low Risk
CUST_018323,0.023771098,0,0,Low Risk
CUST_018324,0.0365348,0,0,Low Risk
CUST_018325,0.08756974,0,0,Low Risk
CUST_018326,0.013956071,0,0,Low Risk
CUST_018327,0.54644936,1,0,Medium Risk
CUST_018328,0.9992631,1,1,High Risk
CUST_018329,0.0028078773,0,0,Low Risk
CUST_018330,0.18961646,0,0,Low Risk
CUST_018331,0.003489791,0,0,Low Risk
CUST_018332,0.012505677,0,0,Low Risk
CUST_018333,0.013999644,0,0,Low Risk
CUST_018334,0.033657584,0,0,Low Risk
CUST_018335,0.9699817,1,1,High Risk
CUST_018336,0.022615336,0,0,Low Risk
CUST_018337,0.010574419,0,0,Low Risk
CUST_018338,0.99835974,1,1,High Risk
CUST_018339,0.03486308,0,0,Low Risk
CUST_018340,0.029253587,0,0,Low Risk
CUST_018341,0.0013119351,0,0,Low Risk
CUST_018342,0.9945294,1,1,High Risk
CUST_018343,0.026392784,0,0,Low Risk
CUST_018344,0.03730819,0,0,Low Risk
CUST_018345,0.003260346,0,0,Low Risk
CUST_018346,0.033653438,0,0,Low Risk
CUST_018347,0.99914277,1,1,High Risk
CUST_018348,0.15402332,0,0,Low Risk
CUST_018349,0.99944943,1,1,High Risk
CUST_018350,0.99797446,1,1,High Risk
CUST_018351,0.17519437,0,0,Low Risk
CUST_018352,0.5558059,1,1,Medium Risk
CUST_018353,0.24802786,0,0,Low Risk
CUST_018354,0.007173604,0,0,Low Risk
CUST_018355,0.0388744,0,0,Low Risk
CUST_018356,0.009436539,0,0,Low Risk
CUST_018357,0.46322367,0,0,Medium Risk
CUST_018358,0.9992925,1,1,High Risk
CUST_018359,0.007395407,0,0,Low Risk
CUST_018360,0.1922709,0,0,Low Risk
CUST_018361,0.99908054,1,1,High Risk
CUST_018362,0.9986009,1,1,High Risk
CUST_018363,0.0059256284,0,0,Low Risk
CUST_018364,0.020749193,0,0,Low Risk
CUST_018365,0.005395048,0,0,Low Risk
CUST_018366,0.021905405,0,0,Low Risk
CUST_018367,0.018280966,0,0,Low Risk
CUST_018368,0.009754396,0,0,Low Risk
CUST_018369,0.012571263,0,0,Low Risk
CUST_018370,0.028271874,0,0,Low Risk
CUST_018371,0.99966013,1,1,High Risk
CUST_018372,0.12047236,0,0,Low Risk
CUST_018373,0.012394561,0,0,Low Risk
CUST_018374,0.9997849,1,1,High Risk
CUST_018375,0.09178233,0,0,Low Risk
CUST_018376,0.99843794,1,1,High Risk
CUST_018377,0.06578479,0,0,Low Risk
CUST_018378,0.021994153,0,0,Low Risk
CUST_018379,0.02672139,0,0,Low Risk
CUST_018380,0.007641895,0,0,Low Risk
CUST_018381,0.03507733,0,0,Low Risk
CUST_018382,0.99191695,1,1,High Risk
CUST_018383,0.020721849,0,0,Low Risk
CUST_018384,0.045825526,0,0,Low Risk
CUST_018385,0.014522962,0,0,Low Risk
CUST_018386,0.99934477,1,1,High Risk
CUST_018387,0.0036725719,0,0,Low Risk
CUST_018388,0.03500111,0,0,Low Risk
CUST_018389,0.008960106,0,0,Low Risk
CUST_018390,0.9989371,1,1,High Risk
CUST_018391,0.99954575,1,1,High Risk
CUST_018392,0.9974261,1,1,High Risk
CUST_018393,0.9975923,1,1,High Risk
CUST_018394,0.071522884,0,0,Low Risk
CUST_018395,0.012264862,0,0,Low Risk
CUST_018396,0.014114927,0,0,Low Risk
CUST_018397,0.0038040099,0,0,Low Risk
CUST_018398,0.25082904,0,0,Low Risk
CUST_018399,0.021137388,0,0,Low Risk
CUST_018400,0.8325765,1,1,High Risk
CUST_018401,0.0066984068,0,0,Low Risk
CUST_018402,0.14052604,0,0,Low Risk
CUST_018403,0.02776575,0,0,Low Risk
CUST_018404,0.0065138005,0,0,Low Risk
CUST_018405,0.0039517926,0,0,Low Risk
CUST_018406,0.99819916,1,1,High Risk
CUST_018407,0.7684835,1,1,High Risk
CUST_018408,0.023792442,0,0,Low Risk
CUST_018409,0.09203708,0,0,Low Risk
CUST_018410,0.5184494,1,0,Medium Risk
CUST_018411,0.32265738,0,0,Low Risk
CUST_018412,0.21656851,0,0,Low Risk
CUST_018413,0.14648272,0,0,Low Risk
CUST_018414,0.011762341,0,0,Low Risk
CUST_018415,0.018804727,0,0,Low Risk
CUST_018416,0.06912844,0,0,Low Risk
CUST_018417,0.12672302,0,0,Low Risk
CUST_018418,0.030245336,0,0,Low Risk
CUST_018419,0.019551069,0,0,Low Risk
CUST_018420,0.0061203907,0,0,Low Risk
CUST_018421,0.9948612,1,1,High Risk
CUST_018422,0.99929285,1,1,High Risk
CUST_018423,0.040647756,0,0,Low Risk
CUST_018424,0.9994733,1,1,High Risk
CUST_018425,0.9996457,1,1,High Risk
CUST_018426,0.002862553,0,0,Low Risk
CUST_018427,0.020126365,0,0,Low Risk
CUST_018428,0.0019022467,0,0,Low Risk
CUST_018429,0.037641767,0,0,Low Risk
CUST_018430,0.99984455,1,1,High Risk
CUST_018431,0.01428319,0,0,Low Risk
CUST_018432,0.08771471,0,0,Low Risk
CUST_018433,0.06243282,0,0,Low Risk
CUST_018434,0.4109415,0,1,Medium Risk
CUST_018435,0.008132921,0,0,Low Risk
CUST_018436,0.008285456,0,0,Low Risk
CUST_018437,0.016123882,0,1,Low Risk
CUST_018438,0.002356013,0,0,Low Risk
CUST_018439,0.3753913,0,0,Medium Risk
CUST_018440,0.018652348,0,0,Low Risk
CUST_018441,0.023704363,0,0,Low Risk
CUST_018442,0.33536527,0,0,Low Risk
CUST_018443,0.021283025,0,0,Low Risk
CUST_018444,0.04907723,0,0,Low Risk
CUST_018445,0.0020981699,0,0,Low Risk
CUST_018446,0.0076650945,0,0,Low Risk
CUST_018447,0.013947143,0,0,Low Risk
CUST_018448,0.017608916,0,0,Low Risk
CUST_018449,0.04010684,0,0,Low Risk
CUST_018450,0.9993899,1,1,High Risk
CUST_018451,0.013061659,0,0,Low Risk
CUST_018452,0.05344186,0,0,Low Risk
CUST_018453,0.0056334133,0,0,Low Risk
CUST_018454,0.040350154,0,0,Low Risk
CUST_018455,0.018543145,0,0,Low Risk
CUST_018456,0.021673681,0,0,Low Risk
CUST_018457,0.023242818,0,0,Low Risk
CUST_018458,0.011672562,0,0,Low Risk
CUST_018459,0.032189466,0,0,Low Risk
CUST_018460,0.032412596,0,0,Low Risk
CUST_018461,0.22412057,0,0,Low Risk
CUST_018462,0.01818824,0,0,Low Risk
CUST_018463,0.0033993009,0,0,Low Risk
CUST_018464,0.9898177,1,1,High Risk
CUST_018465,0.010029618,0,0,Low Risk
CUST_018466,0.03413205,0,0,Low Risk
CUST_018467,0.031220162,0,0,Low Risk
CUST_018468,0.0024563754,0,0,Low Risk
CUST_018469,0.8584013,1,1,High Risk
CUST_018470,0.037198234,0,0,Low Risk
CUST_018471,0.41155884,0,1,Medium Risk
CUST_018472,0.02269902,0,0,Low Risk
CUST_018473,0.056134243,0,0,Low Risk
CUST_018474,0.0020879058,0,0,Low Risk
CUST_018475,0.62956315,1,1,Medium Risk
CUST_018476,0.9935907,1,1,High Risk
CUST_018477,0.99981016,1,1,High Risk
CUST_018478,0.9934727,1,1,High Risk
CUST_018479,0.006372915,0,0,Low Risk
CUST_018480,0.022134706,0,0,Low Risk
CUST_018481,0.23176748,0,0,Low Risk
CUST_018482,0.030904617,0,0,Low Risk
CUST_018483,0.9973188,1,1,High Risk
CUST_018484,0.04061443,0,0,Low Risk
CUST_018485,0.01665226,0,0,Low Risk
CUST_018486,0.009113693,0,0,Low Risk
CUST_018487,0.0089154355,0,0,Low Risk
CUST_018488,0.9988519,1,1,High Risk
CUST_018489,0.0055964277,0,0,Low Risk
CUST_018490,0.99218047,1,1,High Risk
CUST_018491,0.016117847,0,0,Low Risk
CUST_018492,0.0032051268,0,0,Low Risk
CUST_018493,0.009175321,0,0,Low Risk
CUST_018494,0.00680214,0,0,Low Risk
CUST_018495,0.00812442,0,0,Low Risk
CUST_018496,0.14208834,0,0,Low Risk
CUST_018497,0.0048905755,0,0,Low Risk
CUST_018498,0.007891513,0,0,Low Risk
CUST_018499,0.00249824,0,0,Low Risk
CUST_018500,0.035824176,0,0,Low Risk
CUST_018501,0.9993326,1,1,High Risk
CUST_018502,0.033591967,0,0,Low Risk
CUST_018503,0.034621254,0,0,Low Risk
CUST_018504,0.009447979,0,0,Low Risk
CUST_018505,0.9990914,1,1,High Risk
CUST_018506,0.9997253,1,1,High Risk
CUST_018507,0.018584292,0,0,Low Risk
CUST_018508,0.029306844,0,0,Low Risk
CUST_018509,0.78327936,1,0,High Risk
CUST_018510,0.998264,1,1,High Risk
CUST_018511,0.9994867,1,1,High Risk
CUST_018512,0.10430649,0,0,Low Risk
CUST_018513,0.010621864,0,0,Low Risk
CUST_018514,0.08830324,0,0,Low Risk
CUST_018515,0.02093612,0,0,Low Risk
CUST_018516,0.014419173,0,0,Low Risk
CUST_018517,0.056116633,0,0,Low Risk
CUST_018518,0.053448386,0,0,Low Risk
CUST_018519,0.033960935,0,0,Low Risk
CUST_018520,0.006994317,0,0,Low Risk
CUST_018521,0.05779303,0,0,Low Risk
CUST_018522,0.0048844134,0,0,Low Risk
CUST_018523,0.9545317,1,1,High Risk
CUST_018524,0.0077841226,0,0,Low Risk
CUST_018525,0.12817436,0,1,Low Risk
CUST_018526,0.0050198045,0,0,Low Risk
CUST_018527,0.005884552,0,0,Low Risk
CUST_018528,0.032069128,0,0,Low Risk
CUST_018529,0.9271052,1,1,High Risk
CUST_018530,0.05048487,0,0,Low Risk
CUST_018531,0.9989479,1,1,High Risk
CUST_018532,0.99895006,1,1,High Risk
CUST_018533,0.05354424,0,0,Low Risk
CUST_018534,0.016185315,0,0,Low Risk
CUST_018535,0.005698224,0,0,Low Risk
CUST_018536,0.032892723,0,0,Low Risk
CUST_018537,0.99812454,1,1,High Risk
CUST_018538,0.999416,1,1,High Risk
CUST_018539,0.039417695,0,0,Low Risk
CUST_018540,0.028647952,0,0,Low Risk
CUST_018541,0.6977548,1,0,High Risk
CUST_018542,0.003822025,0,0,Low Risk
CUST_018543,0.99941313,1,1,High Risk
CUST_018544,0.05363929,0,0,Low Risk
CUST_018545,0.040686857,0,0,Low Risk
CUST_018546,0.008979906,0,0,Low Risk
CUST_018547,0.049948987,0,0,Low Risk
CUST_018548,0.002704193,0,0,Low Risk
CUST_018549,0.99790144,1,1,High Risk
CUST_018550,0.9996296,1,1,High Risk
CUST_018551,0.625325,1,1,Medium Risk
CUST_018552,0.02244945,0,0,Low Risk
CUST_018553,0.019449662,0,0,Low Risk
CUST_018554,0.10811426,0,0,Low Risk
CUST_018555,0.45147094,0,0,Medium Risk
CUST_018556,0.046175983,0,0,Low Risk
CUST_018557,0.030912744,0,0,Low Risk
CUST_018558,0.021731433,0,0,Low Risk
CUST_018559,0.21324153,0,0,Low Risk
CUST_018560,0.9997037,1,1,High Risk
CUST_018561,0.024906538,0,0,Low Risk
CUST_018562,0.0034480186,0,0,Low Risk
CUST_018563,0.010325306,0,0,Low Risk
CUST_018564,0.006375234,0,0,Low Risk
CUST_018565,0.65854424,1,0,High Risk
CUST_018566,0.031525496,0,0,Low Risk
CUST_018567,0.021314217,0,0,Low Risk
CUST_018568,0.9994522,1,1,High Risk
CUST_018569,0.01096887,0,0,Low Risk
CUST_018570,0.9995309,1,1,High Risk
CUST_018571,0.99839836,1,1,High Risk
CUST_018572,0.999,1,1,High Risk
CUST_018573,0.0993447,0,0,Low Risk
CUST_018574,0.007896552,0,0,Low Risk
CUST_018575,0.99956185,1,1,High Risk
CUST_018576,0.9982685,1,1,High Risk
CUST_018577,0.015260219,0,0,Low Risk
CUST_018578,0.9997452,1,1,High Risk
CUST_018579,0.021080561,0,0,Low Risk
CUST_018580,0.0056734416,0,0,Low Risk
CUST_018581,0.9985146,1,1,High Risk
CUST_018582,0.99833316,1,1,High Risk
CUST_018583,0.21336311,0,0,Low Risk
CUST_018584,0.99757355,1,1,High Risk
CUST_018585,0.0024896017,0,0,Low Risk
CUST_018586,0.97330284,1,1,High Risk
CUST_018587,0.9979893,1,1,High Risk
CUST_018588,0.01539085,0,0,Low Risk
CUST_018589,0.03391253,0,0,Low Risk
CUST_018590,0.99964666,1,1,High Risk
CUST_018591,0.9957438,1,1,High Risk
CUST_018592,0.009620923,0,0,Low Risk
CUST_018593,0.99666506,1,1,High Risk
CUST_018594,0.07182753,0,0,Low Risk
CUST_018595,0.040928535,0,0,Low Risk
CUST_018596,0.03020737,0,0,Low Risk
CUST_018597,0.023098877,0,0,Low Risk
CUST_018598,0.005082556,0,0,Low Risk
CUST_018599,0.07905901,0,1,Low Risk
CUST_018600,0.0068895365,0,0,Low Risk
CUST_018601,0.036168043,0,0,Low Risk
CUST_018602,0.015770514,0,0,Low Risk
CUST_018603,0.011193795,0,0,Low Risk
CUST_018604,0.018218638,0,0,Low Risk
CUST_018605,0.028468162,0,0,Low Risk
CUST_018606,0.9932486,1,1,High Risk
CUST_018607,0.9993881,1,1,High Risk
CUST_018608,0.9867517,1,1,High Risk
CUST_018609,0.9991252,1,1,High Risk
CUST_018610,0.20696758,0,0,Low Risk
CUST_018611,0.99963033,1,1,High Risk
CUST_018612,0.011239516,0,0,Low Risk
CUST_018613,0.01017833,0,0,Low Risk
CUST_018614,0.009693959,0,0,Low Risk
CUST_018615,0.030686691,0,0,Low Risk
CUST_018616,0.99985886,1,1,High Risk
CUST_018617,0.10970475,0,0,Low Risk
CUST_018618,0.09883547,0,0,Low Risk
CUST_018619,0.99738616,1,1,High Risk
CUST_018620,0.034268554,0,0,Low Risk
CUST_018621,0.01414331,0,0,Low Risk
CUST_018622,0.015275612,0,0,Low Risk
CUST_018623,0.05912231,0,0,Low Risk
CUST_018624,0.504797,1,0,Medium Risk
CUST_018625,0.01481374,0,0,Low Risk
CUST_018626,0.007742946,0,0,Low Risk
CUST_018627,0.99892646,1,1,High Risk
CUST_018628,0.24966478,0,0,Low Risk
CUST_018629,0.9997322,1,1,High Risk
CUST_018630,0.45797625,0,0,Medium Risk
CUST_018631,0.0026141491,0,0,Low Risk
CUST_018632,0.05873783,0,0,Low Risk
CUST_018633,0.041155327,0,0,Low Risk
CUST_018634,0.029303862,0,0,Low Risk
CUST_018635,0.43110338,0,0,Medium Risk
CUST_018636,0.051387705,0,0,Low Risk
CUST_018637,0.99980444,1,1,High Risk
CUST_018638,0.30130616,0,0,Low Risk
CUST_018639,0.17414895,0,0,Low Risk
CUST_018640,0.045061626,0,0,Low Risk
CUST_018641,0.99796826,1,1,High Risk
CUST_018642,0.0059013455,0,0,Low Risk
CUST_018643,0.030354481,0,0,Low Risk
CUST_018644,0.058609873,0,0,Low Risk
CUST_018645,0.02733455,0,0,Low Risk
CUST_018646,0.0077921664,0,0,Low Risk
CUST_018647,0.0049678003,0,0,Low Risk
CUST_018648,0.9944916,1,1,High Risk
CUST_018649,0.9993299,1,1,High Risk
CUST_018650,0.042594004,0,0,Low Risk
CUST_018651,0.0034079768,0,0,Low Risk
CUST_018652,0.24979888,0,0,Low Risk
CUST_018653,0.013629493,0,0,Low Risk
CUST_018654,0.12208933,0,0,Low Risk
CUST_018655,0.013298098,0,0,Low Risk
CUST_018656,0.99734145,1,1,High Risk
CUST_018657,0.99811184,1,1,High Risk
CUST_018658,0.0573382,0,0,Low Risk
CUST_018659,0.51138747,1,0,Medium Risk
CUST_018660,0.13666692,0,0,Low Risk
CUST_018661,0.22442625,0,0,Low Risk
CUST_018662,0.004886806,0,0,Low Risk
CUST_018663,0.35778883,0,1,Medium Risk
CUST_018664,0.99879164,1,1,High Risk
CUST_018665,0.003309024,0,0,Low Risk
CUST_018666,0.9985454,1,1,High Risk
CUST_018667,0.17680496,0,0,Low Risk
CUST_018668,0.33729145,0,0,Low Risk
CUST_018669,0.9924975,1,1,High Risk
CUST_018670,0.013475697,0,0,Low Risk
CUST_018671,0.7740681,1,1,High Risk
CUST_018672,0.032868445,0,0,Low Risk
CUST_018673,0.37719423,0,1,Medium Risk
CUST_018674,0.057871,0,0,Low Risk
CUST_018675,0.026801197,0,0,Low Risk
CUST_018676,0.5226065,1,0,Medium Risk
CUST_018677,0.15227735,0,0,Low Risk
CUST_018678,0.031399023,0,0,Low Risk
CUST_018679,0.027053382,0,0,Low Risk
CUST_018680,0.003955358,0,0,Low Risk
CUST_018681,0.0667025,0,0,Low Risk
CUST_018682,0.67888117,1,1,High Risk
CUST_018683,0.03941319,0,0,Low Risk
CUST_018684,0.00926575,0,0,Low Risk
CUST_018685,0.01026883,0,0,Low Risk
CUST_018686,0.96661335,1,1,High Risk
CUST_018687,0.012056461,0,0,Low Risk
CUST_018688,0.9996866,1,1,High Risk
CUST_018689,0.024058439,0,0,Low Risk
CUST_018690,0.9994253,1,1,High Risk
CUST_018691,0.020919338,0,0,Low Risk
CUST_018692,0.0100715235,0,0,Low Risk
CUST_018693,0.017510042,0,0,Low Risk
CUST_018694,0.998594,1,1,High Risk
CUST_018695,0.003733882,0,0,Low Risk
CUST_018696,0.9526705,1,1,High Risk
CUST_018697,0.017794287,0,0,Low Risk
CUST_018698,0.9995504,1,1,High Risk
CUST_018699,0.06424732,0,0,Low Risk
CUST_018700,0.9995472,1,1,High Risk
CUST_018701,0.014586279,0,0,Low Risk
CUST_018702,0.9996344,1,1,High Risk
CUST_018703,0.9996146,1,1,High Risk
CUST_018704,0.02524284,0,0,Low Risk
CUST_018705,0.8257364,1,0,High Risk
CUST_018706,0.00730452,0,0,Low Risk
CUST_018707,0.010473805,0,0,Low Risk
CUST_018708,0.11336469,0,0,Low Risk
CUST_018709,0.9994185,1,1,High Risk
CUST_018710,0.08890807,0,0,Low Risk
CUST_018711,0.99789727,1,1,High Risk
CUST_018712,0.032748207,0,0,Low Risk
CUST_018713,0.9088884,1,1,High Risk
CUST_018714,0.015376911,0,0,Low Risk
CUST_018715,0.99945503,1,1,High Risk
CUST_018716,0.010829589,0,0,Low Risk
CUST_018717,0.9990858,1,1,High Risk
CUST_018718,0.020789267,0,0,Low Risk
CUST_018719,0.09557236,0,0,Low Risk
CUST_018720,0.9995716,1,1,High Risk
CUST_018721,0.10302242,0,0,Low Risk
CUST_018722,0.43105856,0,0,Medium Risk
CUST_018723,0.08681346,0,0,Low Risk
CUST_018724,0.99737215,1,1,High Risk
CUST_018725,0.006319363,0,0,Low Risk
CUST_018726,0.08078273,0,0,Low Risk
CUST_018727,0.032270815,0,0,Low Risk
CUST_018728,0.9989697,1,1,High Risk
CUST_018729,0.99986887,1,1,High Risk
CUST_018730,0.031958044,0,0,Low Risk
CUST_018731,0.9812517,1,1,High Risk
CUST_018732,0.0025196474,0,0,Low Risk
CUST_018733,0.1845491,0,1,Low Risk
CUST_018734,0.01840058,0,0,Low Risk
CUST_018735,0.04244402,0,0,Low Risk
CUST_018736,0.023713084,0,0,Low Risk
CUST_018737,0.041471664,0,0,Low Risk
CUST_018738,0.16493055,0,0,Low Risk
CUST_018739,0.030325964,0,0,Low Risk
CUST_018740,0.0035769613,0,0,Low Risk
CUST_018741,0.9994531,1,1,High Risk
CUST_018742,0.99964416,1,1,High Risk
CUST_018743,0.12238152,0,0,Low Risk
CUST_018744,0.018379783,0,0,Low Risk
CUST_018745,0.09228875,0,0,Low Risk
CUST_018746,0.23384705,0,0,Low Risk
CUST_018747,0.001863981,0,0,Low Risk
CUST_018748,0.011503089,0,0,Low Risk
CUST_018749,0.02857137,0,0,Low Risk
CUST_018750,0.009195154,0,0,Low Risk
CUST_018751,0.002881547,0,0,Low Risk
CUST_018752,0.011835272,0,0,Low Risk
CUST_018753,0.999302,1,1,High Risk
CUST_018754,0.036763404,0,0,Low Risk
CUST_018755,0.01562198,0,0,Low Risk
CUST_018756,0.908846,1,1,High Risk
CUST_018757,0.018857433,0,0,Low Risk
CUST_018758,0.9971602,1,1,High Risk
CUST_018759,0.98977005,1,1,High Risk
CUST_018760,0.05202549,0,0,Low Risk
CUST_018761,0.04964506,0,0,Low Risk
CUST_018762,0.051740132,0,0,Low Risk
CUST_018763,0.049117167,0,0,Low Risk
CUST_018764,0.9181091,1,1,High Risk
CUST_018765,0.022943227,0,0,Low Risk
CUST_018766,0.9997787,1,1,High Risk
CUST_018767,0.0028613515,0,0,Low Risk
CUST_018768,0.0063421815,0,0,Low Risk
CUST_018769,0.005397285,0,0,Low Risk
CUST_018770,0.9992884,1,1,High Risk
CUST_018771,0.9913549,1,1,High Risk
CUST_018772,0.0077444226,0,0,Low Risk
CUST_018773,0.9979291,1,1,High Risk
CUST_018774,0.024539389,0,0,Low Risk
CUST_018775,0.007893094,0,0,Low Risk
CUST_018776,0.006348113,0,0,Low Risk
CUST_018777,0.050216537,0,0,Low Risk
CUST_018778,0.8322335,1,1,High Risk
CUST_018779,0.013908067,0,0,Low Risk
CUST_018780,0.021430599,0,0,Low Risk
CUST_018781,0.0027460586,0,0,Low Risk
CUST_018782,0.030031005,0,0,Low Risk
CUST_018783,0.064968295,0,0,Low Risk
CUST_018784,0.033116974,0,0,Low Risk
CUST_018785,0.011721787,0,0,Low Risk
CUST_018786,0.001635494,0,0,Low Risk
CUST_018787,0.015972773,0,0,Low Risk
CUST_018788,0.36456478,0,0,Medium Risk
CUST_018789,0.026001683,0,0,Low Risk
CUST_018790,0.04237845,0,0,Low Risk
CUST_018791,0.9952237,1,1,High Risk
CUST_018792,0.8871987,1,1,High Risk
CUST_018793,0.13296086,0,0,Low Risk
CUST_018794,0.025519734,0,0,Low Risk
CUST_018795,0.020645622,0,0,Low Risk
CUST_018796,0.08890569,0,0,Low Risk
CUST_018797,0.027667357,0,0,Low Risk
CUST_018798,0.024596939,0,0,Low Risk
CUST_018799,0.94761324,1,1,High Risk
CUST_018800,0.0032989744,0,0,Low Risk
CUST_018801,0.03939176,0,0,Low Risk
CUST_018802,0.8196181,1,1,High Risk
CUST_018803,0.0031794808,0,0,Low Risk
CUST_018804,0.9969404,1,1,High Risk
CUST_018805,0.04465754,0,0,Low Risk
CUST_018806,0.98207664,1,1,High Risk
CUST_018807,0.010753941,0,0,Low Risk
CUST_018808,0.99552476,1,1,High Risk
CUST_018809,0.020752778,0,0,Low Risk
CUST_018810,0.1192913,0,0,Low Risk
CUST_018811,0.24472623,0,0,Low Risk
CUST_018812,0.01475697,0,0,Low Risk
CUST_018813,0.009466374,0,0,Low Risk
CUST_018814,0.99518716,1,1,High Risk
CUST_018815,0.013124297,0,0,Low Risk
CUST_018816,0.017834317,0,0,Low Risk
CUST_018817,0.0055795494,0,0,Low Risk
CUST_018818,0.05460923,0,0,Low Risk
CUST_018819,0.009787669,0,0,Low Risk
CUST_018820,0.06431285,0,0,Low Risk
CUST_018821,0.99546105,1,1,High Risk
CUST_018822,0.9993766,1,1,High Risk
CUST_018823,0.9980819,1,1,High Risk
CUST_018824,0.95120126,1,1,High Risk
CUST_018825,0.42242947,0,0,Medium Risk
CUST_018826,0.011127793,0,0,Low Risk
CUST_018827,0.030267965,0,0,Low Risk
CUST_018828,0.9996915,1,1,High Risk
CUST_018829,0.017271446,0,0,Low Risk
CUST_018830,0.5165135,1,1,Medium Risk
CUST_018831,0.011079378,0,0,Low Risk
CUST_018832,0.024085734,0,0,Low Risk
CUST_018833,0.047215518,0,0,Low Risk
CUST_018834,0.039274734,0,0,Low Risk
CUST_018835,0.025090663,0,0,Low Risk
CUST_018836,0.046793673,0,0,Low Risk
CUST_018837,0.9355073,1,1,High Risk
CUST_018838,0.048766907,0,0,Low Risk
CUST_018839,0.04094237,0,0,Low Risk
CUST_018840,0.039602015,0,0,Low Risk
CUST_018841,0.9928941,1,1,High Risk
CUST_018842,0.10478518,0,0,Low Risk
CUST_018843,0.99902475,1,1,High Risk
CUST_018844,0.02271782,0,0,Low Risk
CUST_018845,0.03991939,0,0,Low Risk
CUST_018846,0.9996612,1,1,High Risk
CUST_018847,0.019382404,0,0,Low Risk
CUST_018848,0.11808501,0,0,Low Risk
CUST_018849,0.014689561,0,0,Low Risk
CUST_018850,0.39037517,0,0,Medium Risk
CUST_018851,0.045245063,0,0,Low Risk
CUST_018852,0.9990477,1,1,High Risk
CUST_018853,0.032234408,0,0,Low Risk
CUST_018854,0.04876672,0,0,Low Risk
CUST_018855,0.12629421,0,0,Low Risk
CUST_018856,0.005346227,0,0,Low Risk
CUST_018857,0.2831973,0,0,Low Risk
CUST_018858,0.9990293,1,1,High Risk
CUST_018859,0.03895125,0,0,Low Risk
CUST_018860,0.02723547,0,0,Low Risk
CUST_018861,0.031237604,0,0,Low Risk
CUST_018862,0.006239754,0,0,Low Risk
CUST_018863,0.03274551,0,0,Low Risk
CUST_018864,0.015001757,0,0,Low Risk
CUST_018865,0.0027336525,0,0,Low Risk
CUST_018866,0.95810175,1,1,High Risk
CUST_018867,0.98684376,1,1,High Risk
CUST_018868,0.009572297,0,0,Low Risk
CUST_018869,0.07002153,0,0,Low Risk
CUST_018870,0.0021878644,0,0,Low Risk
CUST_018871,0.013752587,0,0,Low Risk
CUST_018872,0.022408454,0,0,Low Risk
CUST_018873,0.99818546,1,1,High Risk
CUST_018874,0.9936428,1,1,High Risk
CUST_018875,0.038990363,0,0,Low Risk
CUST_018876,0.0061538117,0,0,Low Risk
CUST_018877,0.6974506,1,1,High Risk
CUST_018878,0.41315496,0,0,Medium Risk
CUST_018879,0.004804034,0,0,Low Risk
CUST_018880,0.9957203,1,1,High Risk
CUST_018881,0.0088053355,0,0,Low Risk
CUST_018882,0.04133902,0,0,Low Risk
CUST_018883,0.02576947,0,0,Low Risk
CUST_018884,0.11439673,0,0,Low Risk
CUST_018885,0.024084808,0,0,Low Risk
CUST_018886,0.004450564,0,0,Low Risk
CUST_018887,0.026015708,0,0,Low Risk
CUST_018888,0.9930791,1,1,High Risk
CUST_018889,0.010038864,0,0,Low Risk
CUST_018890,0.06384578,0,0,Low Risk
CUST_018891,0.010727838,0,0,Low Risk
CUST_018892,0.9997794,1,1,High Risk
CUST_018893,0.99961334,1,1,High Risk
CUST_018894,0.0032406822,0,0,Low Risk
CUST_018895,0.9992483,1,1,High Risk
CUST_018896,0.023025338,0,0,Low Risk
CUST_018897,0.012129131,0,0,Low Risk
CUST_018898,0.008787869,0,0,Low Risk
CUST_018899,0.040140796,0,0,Low Risk
CUST_018900,0.036712646,0,0,Low Risk
CUST_018901,0.03531692,0,0,Low Risk
CUST_018902,0.073177636,0,0,Low Risk
CUST_018903,0.008781038,0,0,Low Risk
CUST_018904,0.013037401,0,0,Low Risk
CUST_018905,0.9991991,1,1,High Risk
CUST_018906,0.052085727,0,0,Low Risk
CUST_018907,0.06117343,0,0,Low Risk
CUST_018908,0.62444603,1,1,Medium Risk
CUST_018909,0.010528927,0,0,Low Risk
CUST_018910,0.007961133,0,0,Low Risk
CUST_018911,0.015316785,0,0,Low Risk
CUST_018912,0.065669276,0,1,Low Risk
CUST_018913,0.009841512,0,0,Low Risk
CUST_018914,0.811449,1,0,High Risk
CUST_018915,0.9979285,1,1,High Risk
CUST_018916,0.021409411,0,0,Low Risk
CUST_018917,0.014401978,0,0,Low Risk
CUST_018918,0.9995104,1,1,High Risk
CUST_018919,0.2800561,0,0,Low Risk
CUST_018920,0.025615687,0,0,Low Risk
CUST_018921,0.3371077,0,1,Low Risk
CUST_018922,0.006196169,0,0,Low Risk
CUST_018923,0.9991221,1,1,High Risk
CUST_018924,0.99953103,1,1,High Risk
CUST_018925,0.009672733,0,0,Low Risk
CUST_018926,0.13491073,0,0,Low Risk
CUST_018927,0.9998348,1,1,High Risk
CUST_018928,0.016074304,0,0,Low Risk
CUST_018929,0.028497772,0,0,Low Risk
CUST_018930,0.0022012512,0,0,Low Risk
CUST_018931,0.9636275,1,1,High Risk
CUST_018932,0.99869823,1,1,High Risk
CUST_018933,0.1285166,0,0,Low Risk
CUST_018934,0.0027760325,0,0,Low Risk
CUST_018935,0.0036529102,0,0,Low Risk
CUST_018936,0.9967867,1,1,High Risk
CUST_018937,0.009762828,0,0,Low Risk
CUST_018938,0.99847454,1,1,High Risk
CUST_018939,0.009469366,0,0,Low Risk
CUST_018940,0.009482877,0,0,Low Risk
CUST_018941,0.022803534,0,0,Low Risk
CUST_018942,0.98068833,1,1,High Risk
CUST_018943,0.007819831,0,0,Low Risk
CUST_018944,0.009171923,0,0,Low Risk
CUST_018945,0.66552675,1,1,High Risk
CUST_018946,0.9974336,1,1,High Risk
CUST_018947,0.16816577,0,0,Low Risk
CUST_018948,0.021083415,0,0,Low Risk
CUST_018949,0.99971193,1,1,High Risk
CUST_018950,0.26228818,0,0,Low Risk
CUST_018951,0.013272232,0,0,Low Risk
CUST_018952,0.028820328,0,0,Low Risk
CUST_018953,0.03400371,0,0,Low Risk
CUST_018954,0.01703511,0,0,Low Risk
CUST_018955,0.146143,0,0,Low Risk
CUST_018956,0.024134027,0,0,Low Risk
CUST_018957,0.11919819,0,0,Low Risk
CUST_018958,0.018260505,0,0,Low Risk
CUST_018959,0.03415525,0,0,Low Risk
CUST_018960,0.9352474,1,1,High Risk
CUST_018961,0.02937659,0,0,Low Risk
CUST_018962,0.8590458,1,1,High Risk
CUST_018963,0.99766374,1,1,High Risk
CUST_018964,0.03376866,0,0,Low Risk
CUST_018965,0.005886136,0,0,Low Risk
CUST_018966,0.090589955,0,0,Low Risk
CUST_018967,0.9978498,1,1,High Risk
CUST_018968,0.07036683,0,0,Low Risk
CUST_018969,0.02022481,0,0,Low Risk
CUST_018970,0.9921332,1,1,High Risk
CUST_018971,0.012516304,0,0,Low Risk
CUST_018972,0.64521563,1,1,Medium Risk
CUST_018973,0.008412357,0,0,Low Risk
CUST_018974,0.002601496,0,0,Low Risk
CUST_018975,0.99918514,1,1,High Risk
CUST_018976,0.042659234,0,0,Low Risk
CUST_018977,0.006316962,0,0,Low Risk
CUST_018978,0.0030454888,0,0,Low Risk
CUST_018979,0.011461426,0,0,Low Risk
CUST_018980,0.06557034,0,0,Low Risk
CUST_018981,0.04455639,0,0,Low Risk
CUST_018982,0.99798775,1,1,High Risk
CUST_018983,0.9997271,1,1,High Risk
CUST_018984,0.10313261,0,0,Low Risk
CUST_018985,0.01528371,0,0,Low Risk
CUST_018986,0.92192787,1,1,High Risk
CUST_018987,0.0117650125,0,0,Low Risk
CUST_018988,0.01609329,0,0,Low Risk
CUST_018989,0.9992085,1,1,High Risk
CUST_018990,0.09312113,0,0,Low Risk
CUST_018991,0.99899715,1,1,High Risk
CUST_018992,0.03188544,0,0,Low Risk
CUST_018993,0.99985456,1,1,High Risk
CUST_018994,0.0030293653,0,0,Low Risk
CUST_018995,0.99551386,1,1,High Risk
CUST_018996,0.0059678424,0,0,Low Risk
CUST_018997,0.0069490774,0,0,Low Risk
CUST_018998,0.03847167,0,0,Low Risk
CUST_018999,0.011580817,0,0,Low Risk
CUST_019000,0.0108086,0,0,Low Risk
CUST_019001,0.012407052,0,0,Low Risk
CUST_019002,0.0020391673,0,0,Low Risk
CUST_019003,0.99931586,1,1,High Risk
CUST_019004,0.9997545,1,1,High Risk
CUST_019005,0.9622143,1,1,High Risk
CUST_019006,0.9989135,1,1,High Risk
CUST_019007,0.014896983,0,0,Low Risk
CUST_019008,0.008320129,0,0,Low Risk
CUST_019009,0.99941576,1,1,High Risk
CUST_019010,0.7414142,1,0,High Risk
CUST_019011,0.9928504,1,1,High Risk
CUST_019012,0.032190394,0,0,Low Risk
CUST_019013,0.99554574,1,1,High Risk
CUST_019014,0.012173226,0,0,Low Risk
CUST_019015,0.07277642,0,0,Low Risk
CUST_019016,0.04491719,0,1,Low Risk
CUST_019017,0.0111231925,0,0,Low Risk
CUST_019018,0.06693383,0,0,Low Risk
CUST_019019,0.005497788,0,0,Low Risk
CUST_019020,0.016932406,0,0,Low Risk
CUST_019021,0.0065564453,0,0,Low Risk
CUST_019022,0.00557453,0,0,Low Risk
CUST_019023,0.08755037,0,0,Low Risk
CUST_019024,0.013275168,0,0,Low Risk
CUST_019025,0.037674922,0,0,Low Risk
CUST_019026,0.007657109,0,0,Low Risk
CUST_019027,0.9969035,1,1,High Risk
CUST_019028,0.0034372609,0,0,Low Risk
CUST_019029,0.046960726,0,0,Low Risk
CUST_019030,0.1563141,0,0,Low Risk
CUST_019031,0.0073288437,0,0,Low Risk
CUST_019032,0.30161336,0,0,Low Risk
CUST_019033,0.026267445,0,0,Low Risk
CUST_019034,0.018484857,0,0,Low Risk
CUST_019035,0.009403129,0,0,Low Risk
CUST_019036,0.04186353,0,0,Low Risk
CUST_019037,0.9993647,1,1,High Risk
CUST_019038,0.038603187,0,0,Low Risk
CUST_019039,0.0056440276,0,0,Low Risk
CUST_019040,0.999671,1,1,High Risk
CUST_019041,0.0015480542,0,0,Low Risk
CUST_019042,0.007492819,0,0,Low Risk
CUST_019043,0.99926335,1,1,High Risk
CUST_019044,0.005614494,0,0,Low Risk
CUST_019045,0.0029918826,0,0,Low Risk
CUST_019046,0.014303995,0,0,Low Risk
CUST_019047,0.03239536,0,0,Low Risk
CUST_019048,0.68651825,1,0,High Risk
CUST_019049,0.0016857866,0,0,Low Risk
CUST_019050,0.009147822,0,0,Low Risk
CUST_019051,0.023984505,0,0,Low Risk
CUST_019052,0.08306396,0,0,Low Risk
CUST_019053,0.026001796,0,0,Low Risk
CUST_019054,0.06820853,0,0,Low Risk
CUST_019055,0.39623624,0,1,Medium Risk
CUST_019056,0.9638925,1,1,High Risk
CUST_019057,0.055659305,0,0,Low Risk
CUST_019058,0.07248679,0,0,Low Risk
CUST_019059,0.045909144,0,0,Low Risk
CUST_019060,0.9587316,1,1,High Risk
CUST_019061,0.02230036,0,0,Low Risk
CUST_019062,0.99979454,1,1,High Risk
CUST_019063,0.9679465,1,1,High Risk
CUST_019064,0.06567037,0,0,Low Risk
CUST_019065,0.0029316118,0,0,Low Risk
CUST_019066,0.0025801284,0,0,Low Risk
CUST_019067,0.0047655962,0,0,Low Risk
CUST_019068,0.017270166,0,0,Low Risk
CUST_019069,0.0070554325,0,0,Low Risk
CUST_019070,0.019774782,0,0,Low Risk
CUST_019071,0.029332392,0,0,Low Risk
CUST_019072,0.03586211,0,0,Low Risk
CUST_019073,0.99822444,1,1,High Risk
CUST_019074,0.045195032,0,0,Low Risk
CUST_019075,0.9998373,1,1,High Risk
CUST_019076,0.0447074,0,0,Low Risk
CUST_019077,0.01676127,0,0,Low Risk
CUST_019078,0.9993606,1,1,High Risk
CUST_019079,0.019329768,0,0,Low Risk
CUST_019080,0.07454648,0,0,Low Risk
CUST_019081,0.042625878,0,0,Low Risk
CUST_019082,0.037985723,0,0,Low Risk
CUST_019083,0.99144405,1,1,High Risk
CUST_019084,0.041809816,0,0,Low Risk
CUST_019085,0.03292253,0,0,Low Risk
CUST_019086,0.0021228257,0,0,Low Risk
CUST_019087,0.49292064,0,1,Medium Risk
CUST_019088,0.06140859,0,0,Low Risk
CUST_019089,0.012794897,0,0,Low Risk
CUST_019090,0.025773726,0,0,Low Risk
CUST_019091,0.15822667,0,0,Low Risk
CUST_019092,0.009145169,0,0,Low Risk
CUST_019093,0.020038806,0,0,Low Risk
CUST_019094,0.96918875,1,1,High Risk
CUST_019095,0.9996094,1,1,High Risk
CUST_019096,0.0059809224,0,0,Low Risk
CUST_019097,0.9921773,1,1,High Risk
CUST_019098,0.0025336528,0,0,Low Risk
CUST_019099,0.9374875,1,1,High Risk
CUST_019100,0.117917344,0,1,Low Risk
CUST_019101,0.013237295,0,0,Low Risk
CUST_019102,0.3462648,0,0,Low Risk
CUST_019103,0.009006455,0,0,Low Risk
CUST_019104,0.0044654813,0,0,Low Risk
CUST_019105,0.0040620565,0,0,Low Risk
CUST_019106,0.9740084,1,1,High Risk
CUST_019107,0.9945967,1,1,High Risk
CUST_019108,0.2956197,0,0,Low Risk
CUST_019109,0.0045772153,0,0,Low Risk
CUST_019110,0.04201442,0,0,Low Risk
CUST_019111,0.026203139,0,0,Low Risk
CUST_019112,0.020841796,0,0,Low Risk
CUST_019113,0.99979776,1,1,High Risk
CUST_019114,0.9835194,1,1,High Risk
CUST_019115,0.99751043,1,1,High Risk
CUST_019116,0.9997589,1,1,High Risk
CUST_019117,0.014504704,0,0,Low Risk
CUST_019118,0.03050861,0,0,Low Risk
CUST_019119,0.07429918,0,0,Low Risk
CUST_019120,0.049860347,0,0,Low Risk
CUST_019121,0.07598999,0,0,Low Risk
CUST_019122,0.9983677,1,1,High Risk
CUST_019123,0.23040828,0,0,Low Risk
CUST_019124,0.02110521,0,0,Low Risk
CUST_019125,0.016549103,0,0,Low Risk
CUST_019126,0.88121057,1,1,High Risk
CUST_019127,0.999574,1,1,High Risk
CUST_019128,0.2963224,0,0,Low Risk
CUST_019129,0.009168959,0,0,Low Risk
CUST_019130,0.99413514,1,1,High Risk
CUST_019131,0.0402018,0,0,Low Risk
CUST_019132,0.019260377,0,0,Low Risk
CUST_019133,0.016598804,0,0,Low Risk
CUST_019134,0.023660708,0,0,Low Risk
CUST_019135,0.031156907,0,0,Low Risk
CUST_019136,0.008405221,0,0,Low Risk
CUST_019137,0.9991623,1,1,High Risk
CUST_019138,0.109982535,0,0,Low Risk
CUST_019139,0.99866605,1,1,High Risk
CUST_019140,0.121892445,0,0,Low Risk
CUST_019141,0.010374029,0,0,Low Risk
CUST_019142,0.020524893,0,0,Low Risk
CUST_019143,0.067423806,0,0,Low Risk
CUST_019144,0.0062783994,0,0,Low Risk
CUST_019145,0.2010512,0,1,Low Risk
CUST_019146,0.98534966,1,1,High Risk
CUST_019147,0.017160963,0,0,Low Risk
CUST_019148,0.06892854,0,0,Low Risk
CUST_019149,0.023903962,0,0,Low Risk
CUST_019150,0.055192824,0,0,Low Risk
CUST_019151,0.027460413,0,0,Low Risk
CUST_019152,0.013854875,0,0,Low Risk
CUST_019153,0.010807463,0,0,Low Risk
CUST_019154,0.22143543,0,0,Low Risk
CUST_019155,0.020006238,0,0,Low Risk
CUST_019156,0.9992705,1,1,High Risk
CUST_019157,0.016432755,0,0,Low Risk
CUST_019158,0.006416811,0,0,Low Risk
CUST_019159,0.034465615,0,0,Low Risk
CUST_019160,0.062671095,0,0,Low Risk
CUST_019161,0.98699653,1,1,High Risk
CUST_019162,0.007815534,0,0,Low Risk
CUST_019163,0.00915215,0,0,Low Risk
CUST_019164,0.054099943,0,0,Low Risk
CUST_019165,0.35439315,0,1,Medium Risk
CUST_019166,0.004838264,0,0,Low Risk
CUST_019167,0.00866814,0,0,Low Risk
CUST_019168,0.035398744,0,0,Low Risk
CUST_019169,0.99978465,1,1,High Risk
CUST_019170,0.010072898,0,0,Low Risk
CUST_019171,0.99979,1,1,High Risk
CUST_019172,0.0064176805,0,0,Low Risk
CUST_019173,0.001775002,0,0,Low Risk
CUST_019174,0.006385107,0,0,Low Risk
CUST_019175,0.022521522,0,0,Low Risk
CUST_019176,0.0222522,0,0,Low Risk
CUST_019177,0.01677531,0,0,Low Risk
CUST_019178,0.9989982,1,1,High Risk
CUST_019179,0.013525658,0,0,Low Risk
CUST_019180,0.994905,1,1,High Risk
CUST_019181,0.7943204,1,0,High Risk
CUST_019182,0.07855106,0,0,Low Risk
CUST_019183,0.23415373,0,0,Low Risk
CUST_019184,0.1441654,0,0,Low Risk
CUST_019185,0.040879477,0,0,Low Risk
CUST_019186,0.62501335,1,1,Medium Risk
CUST_019187,0.0046471762,0,0,Low Risk
CUST_019188,0.02995539,0,0,Low Risk
CUST_019189,0.78750145,1,1,High Risk
CUST_019190,0.06827957,0,0,Low Risk
CUST_019191,0.091970325,0,0,Low Risk
CUST_019192,0.98922884,1,1,High Risk
CUST_019193,0.99979955,1,1,High Risk
CUST_019194,0.00651273,0,0,Low Risk
CUST_019195,0.37924218,0,0,Medium Risk
CUST_019196,0.9992143,1,1,High Risk
CUST_019197,0.096884616,0,0,Low Risk
CUST_019198,0.9996538,1,1,High Risk
CUST_019199,0.0077461526,0,0,Low Risk
CUST_019200,0.0030831029,0,0,Low Risk
CUST_019201,0.009615907,0,0,Low Risk
CUST_019202,0.049516395,0,0,Low Risk
CUST_019203,0.99090236,1,0,High Risk
CUST_019204,0.048729107,0,0,Low Risk
CUST_019205,0.044204593,0,0,Low Risk
CUST_019206,0.96952933,1,1,High Risk
CUST_019207,0.050594643,0,0,Low Risk
CUST_019208,0.015823158,0,0,Low Risk
CUST_019209,0.040508617,0,0,Low Risk
CUST_019210,0.9958495,1,1,High Risk
CUST_019211,0.15202725,0,0,Low Risk
CUST_019212,0.020126944,0,0,Low Risk
CUST_019213,0.0848903,0,0,Low Risk
CUST_019214,0.016537929,0,0,Low Risk
CUST_019215,0.03806829,0,0,Low Risk
CUST_019216,0.0053316415,0,0,Low Risk
CUST_019217,0.0065402435,0,0,Low Risk
CUST_019218,0.064175926,0,0,Low Risk
CUST_019219,0.011533079,0,0,Low Risk
CUST_019220,0.027995938,0,0,Low Risk
CUST_019221,0.94733536,1,1,High Risk
CUST_019222,0.13456465,0,0,Low Risk
CUST_019223,0.9960234,1,1,High Risk
CUST_019224,0.01336855,0,0,Low Risk
CUST_019225,0.034877613,0,0,Low Risk
CUST_019226,0.08962323,0,0,Low Risk
CUST_019227,0.6994195,1,1,High Risk
CUST_019228,0.9993767,1,1,High Risk
CUST_019229,0.10763897,0,0,Low Risk
CUST_019230,0.00386843,0,0,Low Risk
CUST_019231,0.0045997873,0,0,Low Risk
CUST_019232,0.02152212,0,0,Low Risk
CUST_019233,0.11174281,0,1,Low Risk
CUST_019234,0.048703484,0,0,Low Risk
CUST_019235,0.020534998,0,0,Low Risk
CUST_019236,0.1332427,0,0,Low Risk
CUST_019237,0.14292529,0,0,Low Risk
CUST_019238,0.08633498,0,0,Low Risk
CUST_019239,0.014168157,0,0,Low Risk
CUST_019240,0.023757812,0,0,Low Risk
CUST_019241,0.034717996,0,0,Low Risk
CUST_019242,0.99804807,1,1,High Risk
CUST_019243,0.004951168,0,0,Low Risk
CUST_019244,0.34448105,0,0,Low Risk
CUST_019245,0.29979485,0,1,Low Risk
CUST_019246,0.0035149823,0,0,Low Risk
CUST_019247,0.006135678,0,0,Low Risk
CUST_019248,0.9821134,1,1,High Risk
CUST_019249,0.018080605,0,0,Low Risk
CUST_019250,0.058820363,0,0,Low Risk
CUST_019251,0.023402758,0,0,Low Risk
CUST_019252,0.0301851,0,0,Low Risk
CUST_019253,0.011572791,0,0,Low Risk
CUST_019254,0.017685795,0,0,Low Risk
CUST_019255,0.9997236,1,1,High Risk
CUST_019256,0.99976367,1,1,High Risk
CUST_019257,0.017293166,0,0,Low Risk
CUST_019258,0.21556123,0,0,Low Risk
CUST_019259,0.031573772,0,0,Low Risk
CUST_019260,0.006705416,0,0,Low Risk
CUST_019261,0.07040345,0,0,Low Risk
CUST_019262,0.0066404836,0,0,Low Risk
CUST_019263,0.0022737212,0,0,Low Risk
CUST_019264,0.38148043,0,0,Medium Risk
CUST_019265,0.048830472,0,0,Low Risk
CUST_019266,0.05000167,0,0,Low Risk
CUST_019267,0.04109723,0,0,Low Risk
CUST_019268,0.07720299,0,0,Low Risk
CUST_019269,0.044415258,0,0,Low Risk
CUST_019270,0.039787915,0,0,Low Risk
CUST_019271,0.112017155,0,0,Low Risk
CUST_019272,0.010109857,0,0,Low Risk
CUST_019273,0.0029351234,0,0,Low Risk
CUST_019274,0.014537812,0,0,Low Risk
CUST_019275,0.055809435,0,0,Low Risk
CUST_019276,0.27104023,0,0,Low Risk
CUST_019277,0.027430883,0,0,Low Risk
CUST_019278,0.004864859,0,0,Low Risk
CUST_019279,0.01825695,0,0,Low Risk
CUST_019280,0.014526039,0,0,Low Risk
CUST_019281,0.7488427,1,0,High Risk
CUST_019282,0.0019308204,0,0,Low Risk
CUST_019283,0.009932751,0,0,Low Risk
CUST_019284,0.9974146,1,1,High Risk
CUST_019285,0.9819903,1,1,High Risk
CUST_019286,0.015614459,0,0,Low Risk
CUST_019287,0.018341435,0,0,Low Risk
CUST_019288,0.005265246,0,0,Low Risk
CUST_019289,0.97944576,1,1,High Risk
CUST_019290,0.99972683,1,1,High Risk
CUST_019291,0.35786554,0,0,Medium Risk
CUST_019292,0.63428795,1,0,Medium Risk
CUST_019293,0.9969585,1,1,High Risk
CUST_019294,0.77159125,1,0,High Risk
CUST_019295,0.015039281,0,0,Low Risk
CUST_019296,0.9967457,1,1,High Risk
CUST_019297,0.006412547,0,0,Low Risk
CUST_019298,0.004117957,0,0,Low Risk
CUST_019299,0.994585,1,1,High Risk
CUST_019300,0.059418805,0,0,Low Risk
CUST_019301,0.039490692,0,0,Low Risk
CUST_019302,0.66997784,1,1,High Risk
CUST_019303,0.017798519,0,0,Low Risk
CUST_019304,0.9982357,1,1,High Risk
CUST_019305,0.005241956,0,0,Low Risk
CUST_019306,0.011670395,0,0,Low Risk
CUST_019307,0.006914029,0,0,Low Risk
CUST_019308,0.9987741,1,1,High Risk
CUST_019309,0.9994442,1,1,High Risk
CUST_019310,0.13808638,0,0,Low Risk
CUST_019311,0.02366744,0,0,Low Risk
CUST_019312,0.99947196,1,1,High Risk
CUST_019313,0.0029034268,0,0,Low Risk
CUST_019314,0.040697787,0,0,Low Risk
CUST_019315,0.995402,1,1,High Risk
CUST_019316,0.14491001,0,0,Low Risk
CUST_019317,0.23769663,0,0,Low Risk
CUST_019318,0.887666,1,1,High Risk
CUST_019319,0.07679326,0,0,Low Risk
CUST_019320,0.99904317,1,1,High Risk
CUST_019321,0.11955358,0,0,Low Risk
CUST_019322,0.009350465,0,0,Low Risk
CUST_019323,0.09076435,0,0,Low Risk
CUST_019324,0.007830935,0,0,Low Risk
CUST_019325,0.013695467,0,0,Low Risk
CUST_019326,0.010705412,0,0,Low Risk
CUST_019327,0.051716145,0,0,Low Risk
CUST_019328,0.0024529067,0,0,Low Risk
CUST_019329,0.009396851,0,0,Low Risk
CUST_019330,0.0075941416,0,0,Low Risk
CUST_019331,0.0086936625,0,0,Low Risk
CUST_019332,0.06327668,0,0,Low Risk
CUST_019333,0.052804444,0,0,Low Risk
CUST_019334,0.0034521203,0,0,Low Risk
CUST_019335,0.10609452,0,0,Low Risk
CUST_019336,0.2306538,0,0,Low Risk
CUST_019337,0.9997571,1,1,High Risk
CUST_019338,0.050750565,0,0,Low Risk
CUST_019339,0.0665659,0,0,Low Risk
CUST_019340,0.99982613,1,1,High Risk
CUST_019341,0.017772947,0,0,Low Risk
CUST_019342,0.01625207,0,0,Low Risk
CUST_019343,0.99947506,1,1,High Risk
CUST_019344,0.010086134,0,0,Low Risk
CUST_019345,0.024314225,0,0,Low Risk
CUST_019346,0.99971,1,1,High Risk
CUST_019347,0.01747287,0,0,Low Risk
CUST_019348,0.016771464,0,0,Low Risk
CUST_019349,0.02785561,0,0,Low Risk
CUST_019350,0.013117444,0,0,Low Risk
CUST_019351,0.9925345,1,1,High Risk
CUST_019352,0.02088189,0,0,Low Risk
CUST_019353,0.9920495,1,1,High Risk
CUST_019354,0.020846209,0,0,Low Risk
CUST_019355,0.21891707,0,0,Low Risk
CUST_019356,0.74114275,1,1,High Risk
CUST_019357,0.026535315,0,0,Low Risk
CUST_019358,0.0069905096,0,0,Low Risk
CUST_019359,0.046869915,0,0,Low Risk
CUST_019360,0.0352618,0,0,Low Risk
CUST_019361,0.008744645,0,0,Low Risk
CUST_019362,0.015930159,0,0,Low Risk
CUST_019363,0.04637538,0,0,Low Risk
CUST_019364,0.015807712,0,0,Low Risk
CUST_019365,0.6492679,1,1,Medium Risk
CUST_019366,0.17566767,0,0,Low Risk
CUST_019367,0.0021439877,0,0,Low Risk
CUST_019368,0.011369719,0,0,Low Risk
CUST_019369,0.9996613,1,1,High Risk
CUST_019370,0.0016347739,0,0,Low Risk
CUST_019371,0.08153314,0,0,Low Risk
CUST_019372,0.0067539723,0,0,Low Risk
CUST_019373,0.03138509,0,0,Low Risk
CUST_019374,0.98171794,1,1,High Risk
CUST_019375,0.020381473,0,0,Low Risk
CUST_019376,0.030620586,0,0,Low Risk
CUST_019377,0.022226501,0,0,Low Risk
CUST_019378,0.9984346,1,1,High Risk
CUST_019379,0.99940276,1,1,High Risk
CUST_019380,0.9997589,1,1,High Risk
CUST_019381,0.995304,1,1,High Risk
CUST_019382,0.041209098,0,0,Low Risk
CUST_019383,0.0019340881,0,0,Low Risk
CUST_019384,0.088232175,0,0,Low Risk
CUST_019385,0.99843913,1,1,High Risk
CUST_019386,0.99584156,1,1,High Risk
CUST_019387,0.033436187,0,0,Low Risk
CUST_019388,0.009069776,0,0,Low Risk
CUST_019389,0.9947411,1,1,High Risk
CUST_019390,0.024857536,0,0,Low Risk
CUST_019391,0.99629766,1,1,High Risk
CUST_019392,0.9985311,1,1,High Risk
CUST_019393,0.007909169,0,0,Low Risk
CUST_019394,0.20634964,0,0,Low Risk
CUST_019395,0.9991147,1,1,High Risk
CUST_019396,0.06313902,0,0,Low Risk
CUST_019397,0.0045910454,0,0,Low Risk
CUST_019398,0.012102364,0,0,Low Risk
CUST_019399,0.003781685,0,0,Low Risk
CUST_019400,0.12944318,0,1,Low Risk
CUST_019401,0.9814922,1,1,High Risk
CUST_019402,0.55866843,1,1,Medium Risk
CUST_019403,0.008623363,0,0,Low Risk
CUST_019404,0.044512097,0,0,Low Risk
CUST_019405,0.028815456,0,0,Low Risk
CUST_019406,0.009721959,0,0,Low Risk
CUST_019407,0.12880439,0,0,Low Risk
CUST_019408,0.059134144,0,0,Low Risk
CUST_019409,0.0060601896,0,0,Low Risk
CUST_019410,0.035808902,0,0,Low Risk
CUST_019411,0.0035365685,0,0,Low Risk
CUST_019412,0.010334022,0,0,Low Risk
CUST_019413,0.12020154,0,1,Low Risk
CUST_019414,0.058266405,0,0,Low Risk
CUST_019415,0.030332701,0,0,Low Risk
CUST_019416,0.9997297,1,1,High Risk
CUST_019417,0.9984816,1,1,High Risk
CUST_019418,0.99561936,1,1,High Risk
CUST_019419,0.9998956,1,1,High Risk
CUST_019420,0.9990396,1,1,High Risk
CUST_019421,0.057359222,0,0,Low Risk
CUST_019422,0.009535488,0,0,Low Risk
CUST_019423,0.019153526,0,0,Low Risk
CUST_019424,0.008840663,0,0,Low Risk
CUST_019425,0.90638024,1,1,High Risk
CUST_019426,0.07685963,0,0,Low Risk
CUST_019427,0.997832,1,1,High Risk
CUST_019428,0.017841635,0,0,Low Risk
CUST_019429,0.9992889,1,1,High Risk
CUST_019430,0.023007426,0,0,Low Risk
CUST_019431,0.9995208,1,1,High Risk
CUST_019432,0.013108144,0,0,Low Risk
CUST_019433,0.99967396,1,1,High Risk
CUST_019434,0.020395445,0,0,Low Risk
CUST_019435,0.9992005,1,1,High Risk
CUST_019436,0.008921147,0,0,Low Risk
CUST_019437,0.9931425,1,1,High Risk
CUST_019438,0.65893936,1,0,High Risk
CUST_019439,0.98648167,1,1,High Risk
CUST_019440,0.049656544,0,0,Low Risk
CUST_019441,0.3829143,0,0,Medium Risk
CUST_019442,0.016020915,0,0,Low Risk
CUST_019443,0.01472476,0,0,Low Risk
CUST_019444,0.044342156,0,0,Low Risk
CUST_019445,0.998092,1,1,High Risk
CUST_019446,0.07303691,0,0,Low Risk
CUST_019447,0.9998292,1,1,High Risk
CUST_019448,0.009304407,0,0,Low Risk
CUST_019449,0.013549232,0,0,Low Risk
CUST_019450,0.36217928,0,0,Medium Risk
CUST_019451,0.004033671,0,0,Low Risk
CUST_019452,0.03475246,0,0,Low Risk
CUST_019453,0.017573664,0,0,Low Risk
CUST_019454,0.01961795,0,0,Low Risk
CUST_019455,0.999408,1,1,High Risk
CUST_019456,0.016520334,0,0,Low Risk
CUST_019457,0.97045106,1,1,High Risk
CUST_019458,0.04333835,0,0,Low Risk
CUST_019459,0.031068204,0,0,Low Risk
CUST_019460,0.04823639,0,0,Low Risk
CUST_019461,0.012886668,0,0,Low Risk
CUST_019462,0.9995807,1,1,High Risk
CUST_019463,0.021904983,0,0,Low Risk
CUST_019464,0.7880734,1,1,High Risk
CUST_019465,0.002516178,0,0,Low Risk
CUST_019466,0.0095223645,0,0,Low Risk
CUST_019467,0.0043937857,0,0,Low Risk
CUST_019468,0.06271642,0,0,Low Risk
CUST_019469,0.05401466,0,0,Low Risk
CUST_019470,0.9981414,1,1,High Risk
CUST_019471,0.2778248,0,0,Low Risk
CUST_019472,0.011240336,0,0,Low Risk
CUST_019473,0.010358664,0,0,Low Risk
CUST_019474,0.9996094,1,1,High Risk
CUST_019475,0.03125849,0,0,Low Risk
CUST_019476,0.99963486,1,1,High Risk
CUST_019477,0.9942794,1,1,High Risk
CUST_019478,0.9971777,1,1,High Risk
CUST_019479,0.004724948,0,0,Low Risk
CUST_019480,0.084057,0,0,Low Risk
CUST_019481,0.017160859,0,0,Low Risk
CUST_019482,0.035448488,0,0,Low Risk
CUST_019483,0.3228096,0,1,Low Risk
CUST_019484,0.999244,1,1,High Risk
CUST_019485,0.007532259,0,0,Low Risk
CUST_019486,0.335849,0,0,Low Risk
CUST_019487,0.002094288,0,0,Low Risk
CUST_019488,0.02115273,0,0,Low Risk
CUST_019489,0.012835634,0,0,Low Risk
CUST_019490,0.019947922,0,0,Low Risk
CUST_019491,0.49218944,0,1,Medium Risk
CUST_019492,0.07987631,0,0,Low Risk
CUST_019493,0.012556161,0,0,Low Risk
CUST_019494,0.006243886,0,0,Low Risk
CUST_019495,0.047651075,0,0,Low Risk
CUST_019496,0.03471566,0,0,Low Risk
CUST_019497,0.99260724,1,1,High Risk
CUST_019498,0.020950615,0,0,Low Risk
CUST_019499,0.006901216,0,0,Low Risk
CUST_019500,0.027801247,0,0,Low Risk
CUST_019501,0.033566326,0,0,Low Risk
CUST_019502,0.99974126,1,1,High Risk
CUST_019503,0.9986513,1,1,High Risk
CUST_019504,0.993718,1,1,High Risk
CUST_019505,0.022190843,0,0,Low Risk
CUST_019506,0.029235529,0,0,Low Risk
CUST_019507,0.010574893,0,0,Low Risk
CUST_019508,0.4316271,0,0,Medium Risk
CUST_019509,0.9994604,1,1,High Risk
CUST_019510,0.054051284,0,0,Low Risk
CUST_019511,0.98895836,1,1,High Risk
CUST_019512,0.3776851,0,0,Medium Risk
CUST_019513,0.051450115,0,0,Low Risk
CUST_019514,0.01415075,0,0,Low Risk
CUST_019515,0.999481,1,1,High Risk
CUST_019516,0.21195294,0,0,Low Risk
CUST_019517,0.046833515,0,0,Low Risk
CUST_019518,0.014262312,0,0,Low Risk
CUST_019519,0.011221565,0,0,Low Risk
CUST_019520,0.0063842935,0,0,Low Risk
CUST_019521,0.018779237,0,0,Low Risk
CUST_019522,0.0020725017,0,0,Low Risk
CUST_019523,0.0023713897,0,0,Low Risk
CUST_019524,0.014257606,0,0,Low Risk
CUST_019525,0.999721,1,1,High Risk
CUST_019526,0.0049908534,0,0,Low Risk
CUST_019527,0.018706867,0,0,Low Risk
CUST_019528,0.9970757,1,1,High Risk
CUST_019529,0.9998714,1,1,High Risk
CUST_019530,0.09075237,0,0,Low Risk
CUST_019531,0.5279922,1,1,Medium Risk
CUST_019532,0.0040754005,0,0,Low Risk
CUST_019533,0.9984409,1,1,High Risk
CUST_019534,0.062041175,0,0,Low Risk
CUST_019535,0.99975866,1,1,High Risk
CUST_019536,0.037311383,0,0,Low Risk
CUST_019537,0.048320875,0,0,Low Risk
CUST_019538,0.05796879,0,0,Low Risk
CUST_019539,0.028637186,0,0,Low Risk
CUST_019540,0.99968827,1,1,High Risk
CUST_019541,0.9998084,1,1,High Risk
CUST_019542,0.008610504,0,0,Low Risk
CUST_019543,0.026513861,0,0,Low Risk
CUST_019544,0.4069698,0,0,Medium Risk
CUST_019545,0.008523094,0,0,Low Risk
CUST_019546,0.99690396,1,1,High Risk
CUST_019547,0.014074289,0,0,Low Risk
CUST_019548,0.99235725,1,1,High Risk
CUST_019549,0.0062205144,0,0,Low Risk
CUST_019550,0.009464465,0,0,Low Risk
CUST_019551,0.06517102,0,0,Low Risk
CUST_019552,0.023433225,0,0,Low Risk
CUST_019553,0.03101677,0,0,Low Risk
CUST_019554,0.024648113,0,0,Low Risk
CUST_019555,0.62197316,1,0,Medium Risk
CUST_019556,0.007748982,0,0,Low Risk
CUST_019557,0.016607182,0,0,Low Risk
CUST_019558,0.09952386,0,0,Low Risk
CUST_019559,0.26196316,0,1,Low Risk
CUST_019560,0.0025059984,0,0,Low Risk
CUST_019561,0.9992343,1,1,High Risk
CUST_019562,0.029279971,0,0,Low Risk
CUST_019563,0.019909732,0,0,Low Risk
CUST_019564,0.016101016,0,0,Low Risk
CUST_019565,0.024035458,0,0,Low Risk
CUST_019566,0.0043731774,0,0,Low Risk
CUST_019567,0.9986985,1,1,High Risk
CUST_019568,0.01753419,0,0,Low Risk
CUST_019569,0.023993844,0,0,Low Risk
CUST_019570,0.0288473,0,0,Low Risk
CUST_019571,0.81220984,1,1,High Risk
CUST_019572,0.01263842,0,0,Low Risk
CUST_019573,0.0166722,0,0,Low Risk
CUST_019574,0.9858101,1,1,High Risk
CUST_019575,0.010480938,0,0,Low Risk
CUST_019576,0.0308083,0,0,Low Risk
CUST_019577,0.0051894938,0,0,Low Risk
CUST_019578,0.020419858,0,0,Low Risk
CUST_019579,0.026199574,0,0,Low Risk
CUST_019580,0.9992003,1,1,High Risk
CUST_019581,0.99977106,1,1,High Risk
CUST_019582,0.86390257,1,1,High Risk
CUST_019583,0.99925274,1,1,High Risk
CUST_019584,0.0014403234,0,0,Low Risk
CUST_019585,0.035818323,0,0,Low Risk
CUST_019586,0.9994168,1,1,High Risk
CUST_019587,0.017782789,0,0,Low Risk
CUST_019588,0.007991959,0,0,Low Risk
CUST_019589,0.03710994,0,0,Low Risk
CUST_019590,0.021789199,0,0,Low Risk
CUST_019591,0.70088094,1,0,High Risk
CUST_019592,0.031904,0,0,Low Risk
CUST_019593,0.004350541,0,0,Low Risk
CUST_019594,0.002591762,0,0,Low Risk
CUST_019595,0.99947053,1,1,High Risk
CUST_019596,0.10539924,0,0,Low Risk
CUST_019597,0.020267583,0,0,Low Risk
CUST_019598,0.052121628,0,0,Low Risk
CUST_019599,0.007923985,0,0,Low Risk
CUST_019600,0.97517073,1,1,High Risk
CUST_019601,0.01661317,0,0,Low Risk
CUST_019602,0.039423853,0,0,Low Risk
CUST_019603,0.027520416,0,0,Low Risk
CUST_019604,0.3213086,0,0,Low Risk
CUST_019605,0.034216966,0,0,Low Risk
CUST_019606,0.06108978,0,0,Low Risk
CUST_019607,0.0018289342,0,0,Low Risk
CUST_019608,0.001776722,0,0,Low Risk
CUST_019609,0.08182378,0,0,Low Risk
CUST_019610,0.007230241,0,0,Low Risk
CUST_019611,0.014987101,0,0,Low Risk
CUST_019612,0.05132598,0,0,Low Risk
CUST_019613,0.043271437,0,0,Low Risk
CUST_019614,0.015401627,0,0,Low Risk
CUST_019615,0.007945519,0,0,Low Risk
CUST_019616,0.9936684,1,1,High Risk
CUST_019617,0.0079837525,0,0,Low Risk
CUST_019618,0.024182208,0,0,Low Risk
CUST_019619,0.99956554,1,1,High Risk
CUST_019620,0.30512106,0,0,Low Risk
CUST_019621,0.054014873,0,0,Low Risk
CUST_019622,0.15960719,0,0,Low Risk
CUST_019623,0.42550042,0,0,Medium Risk
CUST_019624,0.003653882,0,0,Low Risk
CUST_019625,0.9990689,1,1,High Risk
CUST_019626,0.003057606,0,0,Low Risk
CUST_019627,0.9998579,1,1,High Risk
CUST_019628,0.9929577,1,1,High Risk
CUST_019629,0.045825932,0,0,Low Risk
CUST_019630,0.025705054,0,0,Low Risk
CUST_019631,0.005200228,0,0,Low Risk
CUST_019632,0.075515956,0,0,Low Risk
CUST_019633,0.0068841325,0,0,Low Risk
CUST_019634,0.04960106,0,0,Low Risk
CUST_019635,0.028106092,0,0,Low Risk
CUST_019636,0.014926479,0,0,Low Risk
CUST_019637,0.99771667,1,1,High Risk
CUST_019638,0.99980885,1,1,High Risk
CUST_019639,0.99835616,1,1,High Risk
CUST_019640,0.0060801264,0,0,Low Risk
CUST_019641,0.90482557,1,1,High Risk
CUST_019642,0.08170356,0,0,Low Risk
CUST_019643,0.022977669,0,0,Low Risk
CUST_019644,0.027662164,0,0,Low Risk
CUST_019645,0.3363611,0,1,Low Risk
CUST_019646,0.02557214,0,0,Low Risk
CUST_019647,0.02771702,0,0,Low Risk
CUST_019648,0.02478126,0,0,Low Risk
CUST_019649,0.024051655,0,0,Low Risk
CUST_019650,0.022157088,0,0,Low Risk
CUST_019651,0.0017931713,0,0,Low Risk
CUST_019652,0.032993212,0,0,Low Risk
CUST_019653,0.9976647,1,1,High Risk
CUST_019654,0.9990429,1,1,High Risk
CUST_019655,0.010227206,0,0,Low Risk
CUST_019656,0.009903402,0,0,Low Risk
CUST_019657,0.04774013,0,0,Low Risk
CUST_019658,0.0065121995,0,0,Low Risk
CUST_019659,0.86071265,1,1,High Risk
CUST_019660,0.053285845,0,0,Low Risk
CUST_019661,0.015937127,0,0,Low Risk
CUST_019662,0.98945844,1,1,High Risk
CUST_019663,0.011543233,0,0,Low Risk
CUST_019664,0.99893993,1,1,High Risk
CUST_019665,0.0075045764,0,0,Low Risk
CUST_019666,0.021793444,0,0,Low Risk
CUST_019667,0.0030025826,0,0,Low Risk
CUST_019668,0.0018558573,0,0,Low Risk
CUST_019669,0.9990702,1,1,High Risk
CUST_019670,0.014011187,0,0,Low Risk
CUST_019671,0.046967275,0,0,Low Risk
CUST_019672,0.047354966,0,0,Low Risk
CUST_019673,0.021514017,0,0,Low Risk
CUST_019674,0.99917126,1,1,High Risk
CUST_019675,0.06760316,0,0,Low Risk
CUST_019676,0.997373,1,1,High Risk
CUST_019677,0.0385441,0,0,Low Risk
CUST_019678,0.012125047,0,0,Low Risk
CUST_019679,0.008140364,0,0,Low Risk
CUST_019680,0.016860977,0,0,Low Risk
CUST_019681,0.016559318,0,0,Low Risk
CUST_019682,0.99942374,1,1,High Risk
CUST_019683,0.057340093,0,0,Low Risk
CUST_019684,0.0026622317,0,0,Low Risk
CUST_019685,0.9992847,1,1,High Risk
CUST_019686,0.9984804,1,1,High Risk
CUST_019687,0.9995359,1,1,High Risk
CUST_019688,0.042281687,0,0,Low Risk
CUST_019689,0.071482725,0,0,Low Risk
CUST_019690,0.030241964,0,0,Low Risk
CUST_019691,0.649306,1,0,Medium Risk
CUST_019692,0.0023794486,0,0,Low Risk
CUST_019693,0.019507343,0,0,Low Risk
CUST_019694,0.71428007,1,0,High Risk
CUST_019695,0.016057141,0,0,Low Risk
CUST_019696,0.12304716,0,0,Low Risk
CUST_019697,0.08590936,0,0,Low Risk
CUST_019698,0.011619887,0,0,Low Risk
CUST_019699,0.9994804,1,1,High Risk
CUST_019700,0.013681593,0,0,Low Risk
CUST_019701,0.99975616,1,1,High Risk
CUST_019702,0.0016221907,0,0,Low Risk
CUST_019703,0.03074023,0,0,Low Risk
CUST_019704,0.3083972,0,0,Low Risk
CUST_019705,0.99878794,1,1,High Risk
CUST_019706,0.011483288,0,0,Low Risk
CUST_019707,0.008946212,0,0,Low Risk
CUST_019708,0.022277422,0,0,Low Risk
CUST_019709,0.067520745,0,0,Low Risk
CUST_019710,0.0048226677,0,0,Low Risk
CUST_019711,0.98554176,1,1,High Risk
CUST_019712,0.030714585,0,0,Low Risk
CUST_019713,0.013866002,0,0,Low Risk
CUST_019714,0.024789432,0,0,Low Risk
CUST_019715,0.2154061,0,1,Low Risk
CUST_019716,0.023463005,0,0,Low Risk
CUST_019717,0.82695603,1,0,High Risk
CUST_019718,0.041477956,0,0,Low Risk
CUST_019719,0.017229717,0,0,Low Risk
CUST_019720,0.064323656,0,0,Low Risk
CUST_019721,0.003964482,0,0,Low Risk
CUST_019722,0.016180199,0,0,Low Risk
CUST_019723,0.97078687,1,1,High Risk
CUST_019724,0.06798554,0,0,Low Risk
CUST_019725,0.00689581,0,0,Low Risk
CUST_019726,0.013363023,0,0,Low Risk
CUST_019727,0.994568,1,1,High Risk
CUST_019728,0.05419096,0,0,Low Risk
CUST_019729,0.9998958,1,1,High Risk
CUST_019730,0.005347751,0,0,Low Risk
CUST_019731,0.9906628,1,1,High Risk
CUST_019732,0.120048024,0,0,Low Risk
CUST_019733,0.012742602,0,0,Low Risk
CUST_019734,0.061403744,0,0,Low Risk
CUST_019735,0.022251306,0,0,Low Risk
CUST_019736,0.9745616,1,1,High Risk
CUST_019737,0.017243683,0,0,Low Risk
CUST_019738,0.10305524,0,0,Low Risk
CUST_019739,0.026673252,0,0,Low Risk
CUST_019740,0.13800226,0,0,Low Risk
CUST_019741,0.05272763,0,0,Low Risk
CUST_019742,0.9968188,1,1,High Risk
CUST_019743,0.0036464303,0,0,Low Risk
CUST_019744,0.013624904,0,0,Low Risk
CUST_019745,0.022020945,0,0,Low Risk
CUST_019746,0.99929786,1,1,High Risk
CUST_019747,0.01672232,0,0,Low Risk
CUST_019748,0.99171984,1,1,High Risk
CUST_019749,0.99982315,1,1,High Risk
CUST_019750,0.9851923,1,1,High Risk
CUST_019751,0.9986808,1,1,High Risk
CUST_019752,0.99887866,1,1,High Risk
CUST_019753,0.01632689,0,0,Low Risk
CUST_019754,0.8708006,1,1,High Risk
CUST_019755,0.9218827,1,1,High Risk
CUST_019756,0.002209386,0,0,Low Risk
CUST_019757,0.996988,1,1,High Risk
CUST_019758,0.047111034,0,0,Low Risk
CUST_019759,0.040174577,0,0,Low Risk
CUST_019760,0.99974304,1,1,High Risk
CUST_019761,0.32244584,0,0,Low Risk
CUST_019762,0.9988651,1,1,High Risk
CUST_019763,0.005654766,0,0,Low Risk
CUST_019764,0.008532689,0,0,Low Risk
CUST_019765,0.9995969,1,1,High Risk
CUST_019766,0.22927774,0,0,Low Risk
CUST_019767,0.0047866325,0,0,Low Risk
CUST_019768,0.78487724,1,0,High Risk
CUST_019769,0.016888965,0,0,Low Risk
CUST_019770,0.996136,1,1,High Risk
CUST_019771,0.99454826,1,1,High Risk
CUST_019772,0.97508395,1,1,High Risk
CUST_019773,0.48951334,0,0,Medium Risk
CUST_019774,0.0699641,0,0,Low Risk
CUST_019775,0.99958056,1,1,High Risk
CUST_019776,0.048948154,0,0,Low Risk
CUST_019777,0.05366461,0,0,Low Risk
CUST_019778,0.9998233,1,1,High Risk
CUST_019779,0.013597421,0,0,Low Risk
CUST_019780,0.022207763,0,0,Low Risk
CUST_019781,0.02343042,0,0,Low Risk
CUST_019782,0.021827824,0,0,Low Risk
CUST_019783,0.020060414,0,0,Low Risk
CUST_019784,0.9997937,1,1,High Risk
CUST_019785,0.02130351,0,0,Low Risk
CUST_019786,0.035253778,0,0,Low Risk
CUST_019787,0.012575691,0,0,Low Risk
CUST_019788,0.017058495,0,0,Low Risk
CUST_019789,0.025495257,0,0,Low Risk
CUST_019790,0.06202293,0,0,Low Risk
CUST_019791,0.011155227,0,0,Low Risk
CUST_019792,0.021325355,0,0,Low Risk
CUST_019793,0.01785214,0,0,Low Risk
CUST_019794,0.03791331,0,1,Low Risk
CUST_019795,0.10547078,0,0,Low Risk
CUST_019796,0.024302777,0,0,Low Risk
CUST_019797,0.06953884,0,0,Low Risk
CUST_019798,0.014239136,0,0,Low Risk
CUST_019799,0.013565231,0,0,Low Risk
CUST_019800,0.03009,0,0,Low Risk
CUST_019801,0.01484474,0,0,Low Risk
CUST_019802,0.0012270082,0,0,Low Risk
CUST_019803,0.108635336,0,0,Low Risk
CUST_019804,0.9971384,1,1,High Risk
CUST_019805,0.03860981,0,0,Low Risk
CUST_019806,0.9994481,1,1,High Risk
CUST_019807,0.012438526,0,0,Low Risk
CUST_019808,0.99801767,1,1,High Risk
CUST_019809,0.021465376,0,0,Low Risk
CUST_019810,0.0014875067,0,0,Low Risk
CUST_019811,0.02082472,0,0,Low Risk
CUST_019812,0.025891803,0,0,Low Risk
CUST_019813,0.9964971,1,1,High Risk
CUST_019814,0.016719019,0,0,Low Risk
CUST_019815,0.028336136,0,0,Low Risk
CUST_019816,0.004733185,0,0,Low Risk
CUST_019817,0.10478925,0,0,Low Risk
CUST_019818,0.44305113,0,0,Medium Risk
CUST_019819,0.80393237,1,1,High Risk
CUST_019820,0.0024446913,0,0,Low Risk
CUST_019821,0.013549161,0,0,Low Risk
CUST_019822,0.97630346,1,1,High Risk
CUST_019823,0.9992567,1,1,High Risk
CUST_019824,0.022343662,0,0,Low Risk
CUST_019825,0.9576391,1,1,High Risk
CUST_019826,0.05841125,0,0,Low Risk
CUST_019827,0.99943465,1,1,High Risk
CUST_019828,0.012340668,0,0,Low Risk
CUST_019829,0.9985129,1,1,High Risk
CUST_019830,0.023871258,0,0,Low Risk
CUST_019831,0.023281254,0,0,Low Risk
CUST_019832,0.038652662,0,0,Low Risk
CUST_019833,0.2917393,0,0,Low Risk
CUST_019834,0.99838734,1,1,High Risk
CUST_019835,0.0127011705,0,0,Low Risk
CUST_019836,0.004718871,0,0,Low Risk
CUST_019837,0.9986045,1,1,High Risk
CUST_019838,0.04550163,0,0,Low Risk
CUST_019839,0.018774299,0,0,Low Risk
CUST_019840,0.68076897,1,1,High Risk
CUST_019841,0.022050904,0,0,Low Risk
CUST_019842,0.99729615,1,1,High Risk
CUST_019843,0.11071893,0,0,Low Risk
CUST_019844,0.99035317,1,1,High Risk
CUST_019845,0.0031628564,0,0,Low Risk
CUST_019846,0.026283817,0,0,Low Risk
CUST_019847,0.1244152,0,1,Low Risk
CUST_019848,0.2158675,0,0,Low Risk
CUST_019849,0.9995388,1,1,High Risk
CUST_019850,0.063439794,0,0,Low Risk
CUST_019851,0.99975294,1,1,High Risk
CUST_019852,0.023939563,0,0,Low Risk
CUST_019853,0.018584106,0,0,Low Risk
CUST_019854,0.9987055,1,1,High Risk
CUST_019855,0.940312,1,1,High Risk
CUST_019856,0.6648303,1,1,High Risk
CUST_019857,0.018299324,0,0,Low Risk
CUST_019858,0.021343898,0,0,Low Risk
CUST_019859,0.027403787,0,0,Low Risk
CUST_019860,0.9998258,1,1,High Risk
CUST_019861,0.28860337,0,0,Low Risk
CUST_019862,0.009966274,0,0,Low Risk
CUST_019863,0.31726933,0,0,Low Risk
CUST_019864,0.0077833156,0,0,Low Risk
CUST_019865,0.9995227,1,1,High Risk
CUST_019866,0.08543714,0,0,Low Risk
CUST_019867,0.015977262,0,0,Low Risk
CUST_019868,0.9989807,1,1,High Risk
CUST_019869,0.027940791,0,0,Low Risk
CUST_019870,0.08507696,0,0,Low Risk
CUST_019871,0.111762986,0,0,Low Risk
CUST_019872,0.9981048,1,1,High Risk
CUST_019873,0.016537853,0,0,Low Risk
CUST_019874,0.9973757,1,1,High Risk
CUST_019875,0.004253494,0,0,Low Risk
CUST_019876,0.9997069,1,1,High Risk
CUST_019877,0.0033334326,0,0,Low Risk
CUST_019878,0.045099497,0,0,Low Risk
CUST_019879,0.010749797,0,0,Low Risk
CUST_019880,0.9962991,1,1,High Risk
CUST_019881,0.9974502,1,1,High Risk
CUST_019882,0.96511203,1,1,High Risk
CUST_019883,0.99620914,1,1,High Risk
CUST_019884,0.0077083367,0,0,Low Risk
CUST_019885,0.999508,1,1,High Risk
CUST_019886,0.7128502,1,0,High Risk
CUST_019887,0.9994949,1,1,High Risk
CUST_019888,0.014849908,0,0,Low Risk
CUST_019889,0.033241417,0,0,Low Risk
CUST_019890,0.0034578207,0,0,Low Risk
CUST_019891,0.037820306,0,0,Low Risk
CUST_019892,0.9993364,1,1,High Risk
CUST_019893,0.9972728,1,1,High Risk
CUST_019894,0.9986066,1,1,High Risk
CUST_019895,0.24827005,0,0,Low Risk
CUST_019896,0.024253946,0,0,Low Risk
CUST_019897,0.99935573,1,1,High Risk
CUST_019898,0.97548807,1,1,High Risk
CUST_019899,0.007932139,0,0,Low Risk
CUST_019900,0.0058505484,0,0,Low Risk
CUST_019901,0.02849478,0,0,Low Risk
CUST_019902,0.66145563,1,0,High Risk
CUST_019903,0.025235597,0,0,Low Risk
CUST_019904,0.008563228,0,0,Low Risk
CUST_019905,0.99946445,1,1,High Risk
CUST_019906,0.04984125,0,0,Low Risk
CUST_019907,0.99926656,1,1,High Risk
CUST_019908,0.095563434,0,0,Low Risk
CUST_019909,0.9972692,1,1,High Risk
CUST_019910,0.0062179384,0,0,Low Risk
CUST_019911,0.049720086,0,0,Low Risk
CUST_019912,0.11571643,0,0,Low Risk
CUST_019913,0.99919146,1,1,High Risk
CUST_019914,0.19667035,0,0,Low Risk
CUST_019915,0.987456,1,1,High Risk
CUST_019916,0.0052538845,0,0,Low Risk
CUST_019917,0.020382477,0,0,Low Risk
CUST_019918,0.14667426,0,0,Low Risk
CUST_019919,0.020839449,0,0,Low Risk
CUST_019920,0.010314494,0,0,Low Risk
CUST_019921,0.022001319,0,0,Low Risk
CUST_019922,0.056412667,0,0,Low Risk
CUST_019923,0.09720769,0,0,Low Risk
CUST_019924,0.05851753,0,0,Low Risk
CUST_019925,0.04500518,0,0,Low Risk
CUST_019926,0.0555651,0,0,Low Risk
CUST_019927,0.0063032233,0,0,Low Risk
CUST_019928,0.028057834,0,0,Low Risk
CUST_019929,0.057425685,0,0,Low Risk
CUST_019930,0.6665445,1,1,High Risk
CUST_019931,0.0056368043,0,0,Low Risk
CUST_019932,0.0041630287,0,0,Low Risk
CUST_019933,0.9998455,1,1,High Risk
CUST_019934,0.58896667,1,0,Medium Risk
CUST_019935,0.032418564,0,0,Low Risk
CUST_019936,0.17852415,0,0,Low Risk
CUST_019937,0.10619334,0,0,Low Risk
CUST_019938,0.018354304,0,0,Low Risk
CUST_019939,0.017307911,0,0,Low Risk
CUST_019940,0.9144429,1,1,High Risk
CUST_019941,0.044895355,0,0,Low Risk
CUST_019942,0.061269067,0,0,Low Risk
CUST_019943,0.9986243,1,1,High Risk
CUST_019944,0.026817169,0,0,Low Risk
CUST_019945,0.017565483,0,0,Low Risk
CUST_019946,0.07965702,0,0,Low Risk
CUST_019947,0.006885685,0,0,Low Risk
CUST_019948,0.20943795,0,0,Low Risk
CUST_019949,0.0052722306,0,0,Low Risk
CUST_019950,0.014479377,0,0,Low Risk
CUST_019951,0.86540055,1,1,High Risk
CUST_019952,0.99971706,1,1,High Risk
CUST_019953,0.99824846,1,1,High Risk
CUST_019954,0.020649174,0,0,Low Risk
CUST_019955,0.12862328,0,0,Low Risk
CUST_019956,0.02583495,0,0,Low Risk
CUST_019957,0.99819857,1,1,High Risk
CUST_019958,0.9955024,1,1,High Risk
CUST_019959,0.00850243,0,0,Low Risk
CUST_019960,0.014044201,0,0,Low Risk
CUST_019961,0.010799111,0,0,Low Risk
CUST_019962,0.994344,1,1,High Risk
CUST_019963,0.996433,1,1,High Risk
CUST_019964,0.0022142523,0,0,Low Risk
CUST_019965,0.01733693,0,0,Low Risk
CUST_019966,0.0084064845,0,0,Low Risk
CUST_019967,0.46059355,0,0,Medium Risk
CUST_019968,0.99951696,1,1,High Risk
CUST_019969,0.9570206,1,1,High Risk
CUST_019970,0.018703576,0,0,Low Risk
CUST_019971,0.99817777,1,1,High Risk
CUST_019972,0.9629564,1,1,High Risk
CUST_019973,0.04406137,0,0,Low Risk
CUST_019974,0.27083454,0,0,Low Risk
CUST_019975,0.025333937,0,0,Low Risk
CUST_019976,0.019812925,0,0,Low Risk
CUST_019977,0.017078768,0,0,Low Risk
CUST_019978,0.0016886933,0,0,Low Risk
CUST_019979,0.99949455,1,1,High Risk
CUST_019980,0.012789465,0,0,Low Risk
CUST_019981,0.08467984,0,0,Low Risk
CUST_019982,0.008531661,0,0,Low Risk
CUST_019983,0.024475008,0,0,Low Risk
CUST_019984,0.0513793,0,0,Low Risk
CUST_019985,0.011007896,0,0,Low Risk
CUST_019986,0.99853516,1,1,High Risk
CUST_019987,0.9996445,1,1,High Risk
CUST_019988,0.0016767834,0,0,Low Risk
CUST_019989,0.009208431,0,0,Low Risk
CUST_019990,0.21759497,0,1,Low Risk
CUST_019991,0.009707991,0,0,Low Risk
CUST_019992,0.022069205,0,0,Low Risk
CUST_019993,0.015337101,0,0,Low Risk
CUST_019994,0.009802816,0,0,Low Risk
CUST_019995,0.040796623,0,0,Low Risk
CUST_019996,0.005209642,0,0,Low Risk
CUST_019997,0.012372732,0,0,Low Risk
CUST_019998,0.9994462,1,1,High Risk
CUST_019999,0.020959372,0,0,Low Risk
