customer_id,churn_probability,predicted_churn,actual_churn,risk_segment,country,region,industry,company_size,subscription_plan,contract_type,monthly_recurring_revenue,support_tickets,usage_score,login_frequency,nps_score,tenure_months,days_since_last_transaction,total_transactions,total_revenue,total_profit
CUST_005242,0.9999474,1,1,High Risk,USA,North America,Manufacturing,Startup,Basic,Monthly,30.77,4.0,23.9,6.7,-33.0,13,247,24,1153.5,733.74
CUST_012496,0.9999323,1,1,High Risk,Canada,North America,Healthcare,Startup,Basic,Annual,38.28,1.0,19.1,10.0,-21.0,9,249,17,1045.86,698.72
CUST_004733,0.9999311,1,1,High Risk,UK,Europe,Education,Startup,Basic,Annual,33.17,5.0,34.7,5.1,7.0,2,47,18,1133.0,792.98
CUST_010097,0.9999285,1,1,High Risk,USA,North America,Real Estate,Startup,Professional,Monthly,83.34,7.0,44.2,10.0,-29.0,7,188,21,3157.81,2416.66
CUST_018065,0.99992406,1,1,High Risk,USA,North America,Education,Startup,Basic,Annual,27.93,6.0,34.4,10.6,-26.0,6,176,22,1011.62,606.88
CUST_015458,0.9999238,1,1,High Risk,USA,North America,Retail,Startup,Professional,Monthly,102.32,7.0,43.8,8.8,-12.0,8,206,20,3492.02,2775.01
CUST_009633,0.99991834,1,1,High Risk,India,APAC,Other,Small Business,Business,Annual,403.74,2.0,58.5,17.2,9.0,8,236,17,11903.34,9940.47
CUST_009966,0.9999182,1,1,High Risk,Australia,APAC,Real Estate,Startup,Professional,Monthly,92.61,5.0,32.1,8.5,4.0,7,198,18,2954.81,2271.28
CUST_017139,0.999918,1,1,High Risk,USA,North America,Real Estate,Mid-Market,Professional,Annual,383.14,4.0,52.3,14.5,-20.0,7,190,19,12157.85,9997.9
CUST_002931,0.9999174,1,1,High Risk,USA,North America,Finance,Startup,Basic,Monthly,34.8,6.0,24.8,13.4,-7.0,8,197,22,1289.15,851.32
CUST_016690,0.9999161,1,1,High Risk,USA,North America,Other,Startup,Basic,Monthly,28.61,3.0,63.9,17.3,9.0,7,197,20,966.76,570.11
CUST_005917,0.9999156,1,1,High Risk,UK,Europe,Education,Small Business,Professional,Annual,159.03,5.0,33.7,14.9,-12.0,8,195,17,4361.27,3480.23
CUST_003028,0.9999155,1,1,High Risk,USA,North America,Education,Startup,Professional,Monthly,76.31,4.0,50.4,15.8,-15.0,8,235,17,2022.33,1508.89
CUST_003106,0.9999131,1,1,High Risk,Germany,Europe,Healthcare,Mid-Market,Professional,Annual,402.89,3.0,49.1,16.4,11.0,7,188,17,11057.24,9157.11
CUST_014312,0.99991286,1,1,High Risk,UK,Europe,Technology,Startup,Professional,Annual,120.87,6.0,50.8,18.7,-23.0,9,207,18,3717.82,2941.16
CUST_002659,0.999912,1,1,High Risk,Canada,North America,Technology,Small Business,Basic,Monthly,39.15,4.0,41.4,11.5,-23.0,9,238,19,1152.63,746.59
CUST_008076,0.9999105,1,1,High Risk,USA,North America,Education,Startup,Professional,Monthly,92.21,3.0,42.3,10.5,-7.0,10,239,20,3077.68,2378.36
CUST_002559,0.9999088,1,1,High Risk,Germany,Europe,Retail,Small Business,Professional,Monthly,129.37,3.0,36.1,13.7,-12.0,13,288,17,3546.13,2807.73
CUST_006370,0.9999075,1,1,High Risk,Other,LATAM,Manufacturing,Startup,Professional,Monthly,97.66,8.0,49.2,9.4,26.0,8,213,17,2861.05,2301.79
CUST_008001,0.9999058,1,1,High Risk,UK,Europe,Finance,Startup,Business,Annual,208.45,5.0,42.7,8.6,11.0,8,215,19,6118.74,4900.82
CUST_003211,0.9999056,1,1,High Risk,India,APAC,Finance,Startup,Professional,Monthly,86.59,3.0,46.2,15.9,-9.0,8,226,18,2672.54,2035.75
CUST_016593,0.99990296,1,1,High Risk,India,APAC,Finance,Startup,Professional,Monthly,81.5,1.0,33.9,14.8,11.0,15,202,17,2397.08,1830.41
CUST_009626,0.99990296,1,1,High Risk,USA,North America,Retail,Small Business,Business,Monthly,284.78,4.0,43.9,15.8,-2.0,10,204,17,7856.02,6496.82
CUST_013647,0.9999014,1,1,High Risk,Germany,Europe,Education,Small Business,Basic,Annual,52.54,7.0,36.3,8.5,-17.0,9,204,18,1537.62,1069.61
CUST_011585,0.99989927,1,1,High Risk,Canada,North America,Retail,Startup,Basic,Monthly,31.62,4.0,54.6,12.3,-2.0,8,224,17,862.24,517.35
CUST_003353,0.9998981,1,1,High Risk,UK,Europe,Real Estate,Startup,Professional,Annual,80.01,4.0,44.6,12.6,14.0,13,280,21,2607.27,1957.83
CUST_010070,0.99989784,1,1,High Risk,UK,Europe,Real Estate,Startup,Basic,Annual,25.41,5.0,51.7,11.2,-0.0,2,42,20,1071.58,685.56
CUST_012427,0.99989736,1,1,High Risk,USA,North America,Healthcare,Small Business,Business,Annual,373.15,6.0,39.4,11.1,1.0,10,232,18,10237.84,8417.64
CUST_003932,0.99989617,1,1,High Risk,Germany,Europe,Technology,Startup,Basic,Monthly,34.6,10.0,49.1,9.7,-15.0,9,238,20,1172.4,774.27
CUST_016088,0.99989617,1,1,High Risk,Germany,Europe,Manufacturing,Startup,Professional,Annual,90.04,6.0,37.8,16.9,-41.0,9,242,17,2378.34,1655.06
CUST_019729,0.9998958,1,1,High Risk,Other,LATAM,Manufacturing,Startup,Basic,Monthly,36.49,5.0,49.0,16.6,-1.0,8,238,21,1225.6,793.03
CUST_019419,0.9998956,1,1,High Risk,Other,LATAM,Technology,Startup,Basic,Monthly,26.18,6.0,41.2,15.6,-32.0,8,227,17,756.44,439.73
CUST_015592,0.9998956,1,1,High Risk,India,APAC,Other,Startup,Professional,Monthly,84.35,4.0,21.7,7.6,2.0,7,174,19,2905.54,2235.64
CUST_011497,0.99989545,1,1,High Risk,Germany,Europe,Retail,Startup,Basic,Monthly,33.9,8.0,25.3,11.7,-40.0,16,347,18,1024.89,662.35
CUST_009664,0.99989486,1,1,High Risk,USA,North America,Education,Startup,Basic,Monthly,24.77,5.0,34.6,8.1,9.0,19,202,22,900.67,489.73
CUST_012375,0.99989486,1,1,High Risk,UK,Europe,Technology,Startup,Basic,Monthly,35.4,6.0,43.2,17.6,-17.0,6,160,21,1200.31,768.46
CUST_005537,0.9998944,1,1,High Risk,Canada,North America,Manufacturing,Small Business,Basic,Annual,56.29,5.0,24.1,4.0,10.0,3,76,19,1958.24,1373.04
CUST_014281,0.9998938,1,1,High Risk,USA,North America,Healthcare,Startup,Professional,Monthly,96.71,5.0,66.5,5.0,12.0,9,203,19,3058.75,2365.73
CUST_004637,0.9998934,1,1,High Risk,Australia,APAC,Retail,Small Business,Basic,Monthly,44.32,7.0,39.0,8.1,-29.0,8,219,18,1360.76,925.48
CUST_007546,0.9998921,1,1,High Risk,UK,Europe,Healthcare,Startup,Business,Monthly,217.13,9.0,23.8,10.4,-34.0,6,140,20,8091.64,6756.41
CUST_002390,0.99989176,1,1,High Risk,USA,North America,Finance,Startup,Business,Monthly,299.73,5.0,44.7,8.9,6.0,17,289,18,8131.49,6774.58
CUST_011237,0.99989164,1,1,High Risk,USA,North America,Retail,Startup,Basic,Monthly,28.72,0.0,33.9,11.3,1.0,3,65,17,1007.78,677.51
CUST_007003,0.9998915,1,1,High Risk,USA,North America,Technology,Startup,Professional,Annual,103.3,4.0,28.4,12.2,-25.0,6,130,20,3464.7,2717.13
CUST_001188,0.9998915,1,1,High Risk,USA,North America,Retail,Startup,Basic,Monthly,36.69,4.0,31.2,10.7,-29.0,19,304,23,1275.45,877.72
CUST_002370,0.9998907,1,1,High Risk,USA,North America,Finance,Startup,Professional,Monthly,98.17,2.0,45.0,8.6,6.0,9,240,17,2842.52,2270.86
CUST_000137,0.99988985,1,1,High Risk,USA,North America,Education,Startup,Basic,Monthly,28.61,7.0,24.2,5.7,-30.0,7,133,20,1014.88,577.89
CUST_004363,0.9998894,1,1,High Risk,Canada,North America,Technology,Startup,Business,Monthly,212.51,5.0,37.0,11.7,-10.0,12,340,20,7038.23,5713.51
CUST_002463,0.9998889,1,1,High Risk,USA,North America,Finance,Startup,Professional,Monthly,77.55,4.0,44.7,20.8,3.0,11,310,20,2403.77,1864.66
CUST_007745,0.9998878,1,1,High Risk,USA,North America,Healthcare,Startup,Basic,Monthly,24.18,8.0,53.8,16.8,-26.0,10,196,21,883.35,486.77
CUST_001943,0.9998871,1,1,High Risk,Other,LATAM,Other,Startup,Basic,Annual,28.52,5.0,29.1,7.5,-24.0,7,142,17,792.78,511.88
CUST_009209,0.999887,1,1,High Risk,UK,Europe,Technology,Startup,Business,Annual,208.81,3.0,56.3,14.7,-2.0,11,290,22,7308.4,5811.23
CUST_008403,0.9998869,1,1,High Risk,Canada,North America,Healthcare,Startup,Professional,Monthly,106.11,2.0,49.3,13.4,17.0,12,201,19,3350.69,2601.04
CUST_017386,0.99988675,1,1,High Risk,USA,North America,Technology,Startup,Basic,Monthly,26.22,6.0,33.0,5.5,1.0,9,231,23,964.15,522.94
CUST_006040,0.9998865,1,1,High Risk,USA,North America,Manufacturing,Startup,Basic,Monthly,36.51,4.0,53.5,17.5,-36.0,10,248,17,922.5,544.4
CUST_008119,0.99988616,1,1,High Risk,USA,North America,Technology,Small Business,Business,Monthly,459.4,9.0,40.1,11.5,-6.0,12,345,19,13806.4,11535.37
CUST_016195,0.9998858,1,1,High Risk,USA,North America,Finance,Startup,Basic,Annual,30.06,5.0,39.4,10.1,-37.0,12,330,19,814.66,462.26
CUST_013066,0.99988556,1,1,High Risk,USA,North America,Retail,Small Business,Professional,Annual,103.75,3.0,42.5,13.5,28.0,10,273,18,2913.8,2201.31
CUST_013501,0.9998852,1,1,High Risk,India,APAC,Manufacturing,Small Business,Basic,Annual,46.39,6.0,40.1,13.3,-11.0,9,204,19,1413.76,867.33
CUST_014052,0.9998851,1,1,High Risk,UK,Europe,Education,Small Business,Business,Annual,462.05,3.0,47.9,10.8,32.0,8,163,19,14718.36,12376.85
CUST_009485,0.99988484,1,1,High Risk,USA,North America,Healthcare,Startup,Basic,Monthly,24.42,2.0,36.1,12.4,-16.0,9,180,19,801.68,482.58
CUST_016239,0.99988437,1,1,High Risk,UK,Europe,Technology,Startup,Professional,Annual,90.43,9.0,13.4,5.1,-31.0,7,137,19,2981.68,2285.45
CUST_003218,0.9998841,1,1,High Risk,USA,North America,Manufacturing,Startup,Professional,Annual,80.31,4.0,36.8,8.9,-17.0,7,142,21,2673.65,1971.05
CUST_003635,0.999884,1,1,High Risk,USA,North America,Manufacturing,Startup,Basic,Monthly,27.37,6.0,38.0,14.2,-22.0,13,225,19,909.97,501.6
CUST_009326,0.99988353,1,1,High Risk,UK,Europe,Other,Startup,Basic,Monthly,32.98,2.0,30.4,10.5,19.0,6,145,19,1087.88,701.24
CUST_016756,0.9998833,1,1,High Risk,USA,North America,Other,Startup,Business,Annual,196.44,4.0,66.6,16.6,-14.0,15,248,18,5366.27,4333.86
CUST_015072,0.9998826,1,1,High Risk,USA,North America,Healthcare,Small Business,Business,Annual,388.68,5.0,51.6,10.9,-10.0,10,277,18,10346.18,8529.82
CUST_016209,0.9998816,1,1,High Risk,USA,North America,Finance,Startup,Basic,Monthly,33.07,4.0,24.8,7.8,-40.0,18,467,19,939.39,603.2
CUST_016654,0.9998802,1,1,High Risk,India,APAC,Other,Startup,Basic,Monthly,28.39,8.0,24.8,4.3,15.0,3,60,19,1062.71,631.2
CUST_004584,0.9998797,1,1,High Risk,USA,North America,Healthcare,Startup,Professional,Monthly,88.78,4.0,54.3,22.7,15.0,8,201,18,2807.45,2127.79
CUST_012741,0.99987924,1,1,High Risk,UK,Europe,Retail,Startup,Business,Monthly,249.03,5.0,63.5,19.5,12.0,11,204,19,7214.76,5914.18
CUST_015398,0.99987864,1,1,High Risk,USA,North America,Technology,Small Business,Basic,Annual,44.15,5.0,42.5,6.9,12.0,12,240,20,1409.19,933.94
CUST_006996,0.9998785,1,1,High Risk,UK,Europe,Manufacturing,Small Business,Basic,Annual,40.73,10.0,41.6,19.6,3.0,8,220,18,1153.89,730.38
CUST_006396,0.9998785,1,1,High Risk,USA,North America,Healthcare,Startup,Basic,Monthly,34.49,2.0,29.4,6.8,16.0,13,297,18,1022.76,660.11
CUST_013482,0.9998784,1,1,High Risk,USA,North America,Technology,Startup,Professional,Monthly,90.41,6.0,49.6,13.5,23.0,10,232,17,2577.58,1971.21
CUST_010545,0.9998784,1,1,High Risk,USA,North America,Other,Startup,Basic,Monthly,31.31,3.0,44.8,7.3,-20.0,15,338,22,1110.67,665.17
CUST_018231,0.99987805,1,1,High Risk,USA,North America,Healthcare,Small Business,Enterprise,Annual,1436.97,8.0,32.4,4.0,-45.0,10,204,22,47428.28,39716.67
CUST_010176,0.9998772,1,1,High Risk,USA,North America,Manufacturing,Startup,Professional,Monthly,103.28,4.0,23.8,2.4,5.0,6,143,20,3576.95,2802.28
CUST_017875,0.9998771,1,1,High Risk,India,APAC,Manufacturing,Startup,Basic,Monthly,24.4,2.0,59.9,13.9,53.0,11,204,17,682.02,391.55
CUST_003771,0.99987626,1,1,High Risk,India,APAC,Technology,Startup,Basic,Annual,29.49,5.0,37.7,9.3,-1.0,3,57,24,1418.46,949.76
CUST_004496,0.99987614,1,1,High Risk,Other,LATAM,Technology,Startup,Professional,Monthly,91.67,5.0,29.6,5.1,-18.0,13,315,18,2497.47,1853.5
CUST_017669,0.9998758,1,1,High Risk,India,APAC,Manufacturing,Small Business,Professional,Monthly,128.62,5.0,39.5,11.7,4.0,11,241,21,3864.25,3006.87
CUST_012035,0.9998758,1,1,High Risk,USA,North America,Finance,Startup,Professional,Monthly,83.78,5.0,43.3,10.7,13.0,12,338,19,2315.78,1763.69
CUST_000543,0.9998753,1,1,High Risk,Australia,APAC,Education,Startup,Basic,Monthly,30.62,3.0,56.9,11.1,9.0,8,213,17,843.8,539.75
CUST_012941,0.99987483,1,1,High Risk,Germany,Europe,Technology,Small Business,Basic,Monthly,61.73,6.0,46.4,17.8,-25.0,8,172,19,1990.2,1451.02
CUST_017505,0.9998745,1,1,High Risk,Canada,North America,Healthcare,Startup,Basic,Monthly,25.76,3.0,41.0,7.8,-20.0,8,226,19,824.7,459.9
CUST_009539,0.9998739,1,1,High Risk,Germany,Europe,Education,Small Business,Professional,Annual,160.02,3.0,58.4,17.6,16.0,10,297,17,3845.07,2982.06
CUST_010513,0.9998735,1,1,High Risk,USA,North America,Manufacturing,Startup,Professional,Monthly,127.26,5.0,56.0,14.9,24.0,14,316,21,4553.71,3602.5
CUST_004887,0.99987245,1,1,High Risk,USA,North America,Real Estate,Startup,Professional,Monthly,100.8,5.0,56.4,22.1,-23.0,8,196,18,3133.21,2421.9
CUST_018105,0.99987245,1,1,High Risk,USA,North America,Retail,Small Business,Business,Monthly,455.17,3.0,56.8,14.7,-17.0,9,251,16,11500.82,9578.17
CUST_009146,0.99987245,1,1,High Risk,UK,Europe,Education,Startup,Business,Monthly,243.6,9.0,26.8,12.7,-12.0,17,290,19,7142.21,5911.87
CUST_009063,0.9998721,1,1,High Risk,USA,North America,Finance,Startup,Professional,Annual,76.68,2.0,18.1,7.5,-16.0,16,450,19,2134.45,1541.68
CUST_008017,0.99987197,1,1,High Risk,Germany,Europe,Healthcare,Mid-Market,Enterprise,Multi-Year,3943.67,2.0,61.0,18.8,-2.0,10,198,17,99044.32,82286.99
CUST_009903,0.99987173,1,1,High Risk,USA,North America,Manufacturing,Startup,Business,Annual,338.66,9.0,53.6,11.9,-23.0,11,168,22,11207.23,9101.92
CUST_012106,0.99987173,1,1,High Risk,UK,Europe,Finance,Startup,Professional,Monthly,77.84,4.0,43.1,7.0,-0.0,6,158,21,2837.58,2040.46
CUST_012627,0.9998715,1,1,High Risk,USA,North America,Finance,Startup,Basic,Monthly,31.39,2.0,34.6,16.3,2.0,2,46,21,1377.46,884.44
CUST_019529,0.9998714,1,1,High Risk,India,APAC,Technology,Startup,Professional,Annual,137.47,5.0,32.7,15.2,10.0,11,255,19,4012.32,3214.32
CUST_010008,0.99987125,1,1,High Risk,Germany,Europe,Finance,Small Business,Professional,Monthly,135.9,7.0,35.1,16.5,-1.0,6,150,17,4074.66,3329.14
CUST_010733,0.99987113,1,1,High Risk,USA,North America,Education,Small Business,Basic,Monthly,40.79,3.0,54.9,18.4,10.0,10,217,17,1159.27,686.61
CUST_013082,0.99987066,1,1,High Risk,USA,North America,Technology,Startup,Professional,Monthly,88.45,3.0,41.1,8.2,-8.0,13,322,21,3133.53,2388.26
CUST_004440,0.9998703,1,1,High Risk,USA,North America,Finance,Startup,Professional,Monthly,100.84,3.0,34.4,4.1,29.0,3,79,20,3774.71,2927.47
CUST_011141,0.99986994,1,1,High Risk,UK,Europe,Real Estate,Small Business,Professional,Annual,204.06,9.0,39.3,9.3,7.0,2,42,19,7529.78,6094.63
CUST_010359,0.9998697,1,1,High Risk,India,APAC,Finance,Startup,Basic,Monthly,30.77,2.0,58.8,17.6,21.0,9,223,20,1073.96,702.5
CUST_013251,0.9998691,1,1,High Risk,UK,Europe,Healthcare,Startup,Basic,Monthly,33.33,2.0,24.2,9.5,9.0,14,354,19,1141.66,777.24
CUST_008413,0.9998691,1,1,High Risk,USA,North America,Healthcare,Small Business,Basic,Monthly,56.25,2.0,35.3,13.4,3.0,14,328,18,1840.92,1337.87
CUST_018729,0.99986887,1,1,High Risk,USA,North America,Education,Small Business,Basic,Monthly,47.77,4.0,44.7,14.7,-27.0,13,296,17,1265.02,872.55
CUST_007990,0.99986887,1,1,High Risk,Australia,APAC,Manufacturing,Startup,Basic,Monthly,23.63,3.0,53.1,14.8,-22.0,9,232,16,664.69,353.11
CUST_010147,0.9998685,1,1,High Risk,Canada,North America,Retail,Startup,Basic,Monthly,27.25,5.0,39.8,14.9,-35.0,12,262,23,999.88,517.43
CUST_013551,0.9998683,1,1,High Risk,USA,North America,Technology,Startup,Basic,Annual,24.18,9.0,49.8,11.6,19.0,12,315,17,619.49,335.58
CUST_015537,0.9998677,1,1,High Risk,Australia,APAC,Manufacturing,Startup,Basic,Monthly,41.36,4.0,19.7,0.0,1.0,9,176,25,1769.62,1214.68
CUST_013782,0.99986756,1,1,High Risk,UK,Europe,Other,Small Business,Business,Annual,372.46,3.0,37.4,11.5,6.0,17,206,18,10001.28,8105.68
CUST_012022,0.99986744,1,1,High Risk,Germany,Europe,Other,Startup,Basic,Monthly,39.29,3.0,34.6,12.5,-16.0,4,99,23,1585.36,1070.49
CUST_001551,0.9998672,1,1,High Risk,UK,Europe,Manufacturing,Startup,Professional,Monthly,101.46,5.0,33.4,8.7,17.0,10,233,17,2817.33,2154.02
CUST_001062,0.99986696,1,1,High Risk,Canada,North America,Other,Startup,Basic,Monthly,38.01,4.0,39.9,13.1,10.0,6,144,18,1228.44,802.82
CUST_004911,0.99986696,1,1,High Risk,USA,North America,Healthcare,Startup,Basic,Monthly,27.01,2.0,42.1,13.6,-1.0,11,180,19,838.86,471.6
CUST_003647,0.9998666,1,1,High Risk,UK,Europe,Education,Startup,Basic,Monthly,31.07,3.0,42.4,8.0,-22.0,15,224,18,902.29,573.65
CUST_012150,0.9998666,1,1,High Risk,India,APAC,Healthcare,Startup,Basic,Annual,36.51,4.0,34.3,10.2,-2.0,15,302,17,1002.85,600.37
CUST_004176,0.9998665,1,1,High Risk,India,APAC,Real Estate,Small Business,Professional,Annual,151.31,5.0,51.7,12.7,3.0,11,269,19,4218.74,3332.84
CUST_017529,0.99986565,1,1,High Risk,USA,North America,Retail,Startup,Basic,Monthly,30.57,1.0,61.5,20.2,6.0,13,218,18,951.86,498.65
CUST_001060,0.9998652,1,1,High Risk,USA,North America,Technology,Small Business,Basic,Monthly,45.0,5.0,33.3,13.4,4.0,3,70,20,1848.96,1309.15
CUST_010274,0.99986506,1,1,High Risk,Other,MEA,Other,Small Business,Basic,Annual,48.62,3.0,45.9,9.2,22.0,2,49,19,1848.0,1326.81
CUST_007955,0.99986506,1,1,High Risk,USA,North America,Education,Startup,Professional,Monthly,91.68,3.0,68.4,13.7,16.0,12,211,19,2633.27,2045.76
CUST_005315,0.99986494,1,1,High Risk,Canada,North America,Education,Startup,Professional,Monthly,94.41,5.0,40.9,8.8,-10.0,14,313,19,3012.63,2373.46
CUST_003674,0.9998648,1,1,High Risk,USA,North America,Finance,Small Business,Business,Monthly,393.06,3.0,56.0,15.0,4.0,10,200,19,12112.26,10115.43
CUST_000007,0.9998646,1,1,High Risk,UK,Europe,Finance,Startup,Basic,Monthly,35.77,9.0,15.1,4.1,-28.0,4,72,20,1364.23,929.1
CUST_006273,0.99986434,1,1,High Risk,USA,North America,Manufacturing,Startup,Basic,Monthly,26.34,6.0,9.9,5.1,7.0,11,308,17,577.75,254.75
CUST_009709,0.99986386,1,1,High Risk,Australia,APAC,Technology,Startup,Business,Monthly,180.48,7.0,26.6,3.1,-17.0,11,239,21,5744.71,4532.85
CUST_008475,0.99986327,1,1,High Risk,UK,Europe,Manufacturing,Startup,Professional,Monthly,72.28,4.0,47.5,17.8,6.0,7,153,17,2174.87,1639.66
CUST_009000,0.99986327,1,1,High Risk,USA,North America,Real Estate,Startup,Professional,Monthly,65.72,4.0,53.7,21.9,22.0,2,47,21,2972.55,2271.89
CUST_007689,0.99986315,1,1,High Risk,Germany,Europe,Healthcare,Startup,Professional,Monthly,105.11,2.0,57.2,20.8,24.0,4,110,23,4275.61,3319.37
CUST_000834,0.9998627,1,1,High Risk,Other,MEA,Technology,Startup,Professional,Monthly,108.54,1.0,40.7,13.7,14.0,13,275,17,3118.29,2466.33
CUST_000673,0.99986255,1,1,High Risk,UK,Europe,Real Estate,Startup,Professional,Monthly,70.58,9.0,33.0,11.6,-28.0,12,349,17,2094.82,1572.46
CUST_011874,0.99986243,1,1,High Risk,Canada,North America,Technology,Startup,Basic,Annual,21.49,5.0,38.1,9.2,-33.0,4,74,22,856.51,453.43
CUST_000220,0.99986184,1,1,High Risk,USA,North America,Technology,Startup,Business,Monthly,346.19,1.0,37.1,8.2,12.0,9,195,18,11508.73,9633.79
CUST_014792,0.99986136,1,1,High Risk,USA,North America,Retail,Small Business,Business,Multi-Year,363.95,1.0,56.3,5.6,1.0,9,209,20,10857.43,8790.26
CUST_016527,0.9998609,1,1,High Risk,UK,Europe,Technology,Startup,Professional,Monthly,106.83,3.0,14.9,2.5,11.0,8,208,14,2528.96,2016.4
CUST_011632,0.99986064,1,1,High Risk,India,APAC,Technology,Startup,Professional,Monthly,101.12,6.0,29.3,4.4,-5.0,7,174,21,3671.31,2877.09
CUST_017550,0.99986017,1,1,High Risk,USA,North America,Healthcare,Small Business,Business,Annual,428.85,1.0,59.1,5.7,24.0,15,342,23,15502.84,12942.46
CUST_007824,0.9998599,1,1,High Risk,Germany,Europe,Manufacturing,Small Business,Business,Annual,381.16,8.0,44.3,9.1,-29.0,14,289,19,11185.54,9143.46
CUST_011293,0.9998597,1,1,High Risk,USA,North America,Healthcare,Mid-Market,Enterprise,Annual,4201.25,5.0,58.1,15.8,-9.0,7,181,15,107509.62,91189.07
CUST_004006,0.9998597,1,1,High Risk,Germany,Europe,Healthcare,Small Business,Business,Annual,372.07,4.0,58.5,12.8,-6.0,17,310,21,10703.95,8569.59
CUST_018616,0.99985886,1,1,High Risk,Germany,Europe,Technology,Startup,Basic,Annual,37.88,9.0,41.7,8.9,-23.0,13,224,17,1002.72,579.0
CUST_013971,0.99985886,1,1,High Risk,USA,North America,Other,Startup,Basic,Annual,31.13,3.0,53.4,17.1,-5.0,12,240,21,934.52,557.57
CUST_007889,0.99985886,1,1,High Risk,USA,North America,Education,Small Business,Basic,Monthly,43.97,5.0,47.8,17.8,-26.0,16,239,18,1213.65,731.6
CUST_010101,0.99985886,1,1,High Risk,UK,Europe,Technology,Startup,Professional,Monthly,109.86,3.0,40.5,9.1,21.0,10,251,20,3487.69,2663.74
CUST_012633,0.9998585,1,1,High Risk,UK,Europe,Other,Startup,Professional,Annual,84.47,3.0,58.1,18.3,29.0,12,214,17,2219.01,1704.94
CUST_019627,0.9998579,1,1,High Risk,UK,Europe,Technology,Startup,Basic,Annual,30.65,6.0,37.4,6.6,-33.0,8,130,22,1099.4,668.13
CUST_012809,0.9998578,1,1,High Risk,USA,North America,Technology,Startup,Professional,Monthly,81.88,3.0,39.9,15.3,32.0,10,221,18,2262.38,1742.73
CUST_006208,0.9998572,1,1,High Risk,USA,North America,Technology,Startup,Basic,Monthly,31.81,4.0,25.8,7.3,-16.0,16,192,18,936.78,585.72
CUST_006102,0.99985707,1,1,High Risk,USA,North America,Other,Small Business,Professional,Monthly,145.49,6.0,41.0,8.0,-20.0,18,275,21,4482.71,3618.87
CUST_013882,0.9998566,1,1,High Risk,USA,North America,Healthcare,Startup,Basic,Monthly,28.6,4.0,42.8,9.8,20.0,9,240,17,822.5,508.67
CUST_010179,0.9998565,1,1,High Risk,USA,North America,Retail,Small Business,Basic,Monthly,74.31,5.0,63.8,20.7,7.0,7,189,16,2105.25,1552.4
CUST_002159,0.99985635,1,1,High Risk,UK,Europe,Retail,Small Business,Business,Multi-Year,493.33,2.0,54.8,14.9,20.0,6,132,17,12382.69,10043.26
CUST_008008,0.99985576,1,1,High Risk,India,APAC,Other,Startup,Basic,Monthly,30.17,4.0,57.7,8.4,8.0,8,174,19,1028.86,683.75
CUST_001937,0.9998553,1,1,High Risk,USA,North America,Technology,Startup,Professional,Monthly,65.29,4.0,31.6,5.7,-50.0,4,92,20,2362.08,1727.57
CUST_015949,0.9998553,1,1,High Risk,USA,North America,Retail,Startup,Professional,Monthly,97.97,4.0,26.0,10.1,-17.0,6,160,16,2828.84,2236.28
CUST_018993,0.99985456,1,1,High Risk,USA,North America,Technology,Small Business,Business,Annual,385.6,6.0,54.6,11.7,-19.0,12,170,20,11822.44,9657.36
CUST_015784,0.99985373,1,1,High Risk,Germany,Europe,Finance,Startup,Basic,Monthly,29.14,7.0,35.8,9.0,4.0,9,230,18,842.97,504.84
CUST_014950,0.9998535,1,1,High Risk,Australia,APAC,Other,Startup,Basic,Annual,38.96,3.0,34.7,14.8,19.0,11,218,17,1031.61,689.04
CUST_003778,0.9998535,1,1,High Risk,USA,North America,Manufacturing,Small Business,Professional,Monthly,168.44,7.0,45.0,12.6,-6.0,9,170,23,6905.86,5594.51
CUST_016342,0.9998534,1,1,High Risk,Germany,Europe,Retail,Startup,Business,Monthly,162.91,5.0,64.0,21.0,-2.0,6,126,21,5765.99,4640.27
CUST_010381,0.9998534,1,1,High Risk,UK,Europe,Education,Startup,Basic,Monthly,26.45,2.0,34.3,12.2,-9.0,7,153,18,876.08,477.58
CUST_009747,0.99985325,1,1,High Risk,USA,North America,Manufacturing,Startup,Professional,Annual,77.28,4.0,32.5,3.9,7.0,19,351,17,2013.41,1492.86
CUST_012448,0.999853,1,1,High Risk,Germany,Europe,Real Estate,Startup,Professional,Monthly,69.7,5.0,46.1,16.3,-19.0,8,198,15,1991.06,1494.24
CUST_002328,0.999853,1,1,High Risk,USA,North America,Manufacturing,Startup,Professional,Monthly,75.24,5.0,25.7,5.7,-21.0,9,144,20,2568.99,1919.46
CUST_005085,0.999853,1,1,High Risk,USA,North America,Manufacturing,Mid-Market,Business,Annual,1014.98,3.0,57.4,19.7,-9.0,13,274,19,26475.07,22205.99
CUST_014969,0.9998522,1,1,High Risk,USA,North America,Manufacturing,Mid-Market,Business,Annual,847.03,2.0,59.0,20.6,15.0,10,258,17,21184.36,17743.07
CUST_011476,0.99985206,1,1,High Risk,USA,North America,Finance,Small Business,Business,Monthly,503.57,3.0,61.3,20.6,18.0,10,284,18,14455.62,12072.92
CUST_001848,0.9998516,1,1,High Risk,USA,North America,Education,Startup,Basic,Monthly,25.9,2.0,39.2,11.3,21.0,3,67,20,1094.29,691.38
CUST_009886,0.9998511,1,1,High Risk,Australia,APAC,Healthcare,Startup,Basic,Annual,28.27,7.0,42.3,15.3,-13.0,3,70,25,1295.89,758.04
CUST_014353,0.9998505,1,1,High Risk,USA,North America,Finance,Startup,Basic,Monthly,23.11,4.0,33.3,3.9,-25.0,17,211,18,629.77,280.45
CUST_007776,0.9998505,1,1,High Risk,Canada,North America,Retail,Startup,Basic,Monthly,33.49,5.0,53.6,19.0,-10.0,18,472,20,1030.06,593.28
CUST_014336,0.9998505,1,1,High Risk,USA,North America,Finance,Startup,Professional,Monthly,101.28,3.0,62.8,23.1,-1.0,11,214,19,2892.92,2195.33
CUST_005686,0.99985003,1,1,High Risk,Germany,Europe,Healthcare,Small Business,Professional,Monthly,157.71,7.0,55.7,17.8,10.0,13,350,17,4760.83,3827.06
CUST_009398,0.9998498,1,1,High Risk,Other,LATAM,Technology,Small Business,Business,Monthly,349.75,4.0,63.2,20.7,20.0,13,291,17,9684.5,8096.86
CUST_010515,0.9998498,1,1,High Risk,Canada,North America,Healthcare,Startup,Professional,Annual,107.95,2.0,46.8,10.1,13.0,13,187,17,2705.99,2060.22
CUST_007170,0.9998498,1,1,High Risk,Australia,APAC,Retail,Small Business,Professional,Monthly,121.46,1.0,49.4,12.4,-14.0,13,343,17,3545.93,2704.58
CUST_014338,0.9998498,1,1,High Risk,Canada,North America,Retail,Small Business,Professional,Monthly,117.16,5.0,59.6,20.5,2.0,17,286,18,3391.61,2619.59
CUST_007894,0.9998498,1,1,High Risk,UK,Europe,Healthcare,Startup,Business,Annual,184.99,6.0,57.6,17.0,-10.0,13,335,17,4934.14,4020.29
CUST_009463,0.99984896,1,1,High Risk,UK,Europe,Technology,Startup,Basic,Annual,36.87,4.0,54.8,10.8,8.0,13,226,21,1179.86,667.62
CUST_005781,0.99984884,1,1,High Risk,USA,North America,Education,Startup,Basic,Monthly,31.76,8.0,25.3,3.5,-11.0,16,442,18,847.97,474.0
CUST_009807,0.99984825,1,1,High Risk,Germany,Europe,Real Estate,Startup,Basic,Monthly,31.97,2.0,56.4,18.8,17.0,9,268,20,970.99,554.72
CUST_010759,0.9998473,1,1,High Risk,Germany,Europe,Healthcare,Startup,Professional,Annual,92.24,8.0,13.2,0.0,-41.0,7,136,23,3558.08,2794.02
CUST_007041,0.9998468,1,1,High Risk,Germany,Europe,Retail,Startup,Basic,Annual,31.97,3.0,60.0,29.6,36.0,16,342,17,816.26,417.18
CUST_017507,0.99984634,1,1,High Risk,Canada,North America,Other,Startup,Basic,Annual,22.54,0.0,37.0,14.1,31.0,8,176,18,676.77,358.94
CUST_001495,0.99984634,1,1,High Risk,Germany,Europe,Finance,Small Business,Business,Monthly,483.02,5.0,77.2,21.4,3.0,8,192,17,14105.19,11698.5
CUST_008295,0.99984586,1,1,High Risk,Other,MEA,Retail,Startup,Basic,Annual,28.2,0.0,41.1,8.1,6.0,4,87,24,1183.41,700.18
CUST_019933,0.9998455,1,1,High Risk,Other,MEA,Retail,Startup,Basic,Monthly,26.14,3.0,31.3,14.2,1.0,7,120,17,767.92,435.96
CUST_009882,0.9998454,1,1,High Risk,UK,Europe,Technology,Small Business,Basic,Annual,48.53,4.0,40.6,8.4,-26.0,17,354,18,1225.83,830.05
CUST_009366,0.9998454,1,1,High Risk,UK,Europe,Retail,Startup,Basic,Monthly,32.46,10.0,41.1,18.0,-16.0,12,316,18,804.1,413.52
CUST_011833,0.999845,1,1,High Risk,USA,North America,Technology,Small Business,Professional,Monthly,180.85,3.0,49.9,13.4,17.0,2,47,18,6982.08,5717.2
CUST_010314,0.999845,1,1,High Risk,Canada,North America,Technology,Startup,Professional,Annual,131.06,3.0,40.9,8.8,-14.0,7,157,22,4761.11,3743.94
CUST_005106,0.999845,1,1,High Risk,UK,Europe,Technology,Startup,Basic,Annual,23.71,8.0,50.6,8.4,-5.0,17,304,17,618.42,306.97
CUST_017586,0.9998447,1,1,High Risk,Germany,Europe,Manufacturing,Small Business,Business,Multi-Year,395.54,5.0,48.8,18.7,2.0,9,166,18,10859.87,8786.42
CUST_005476,0.9998447,1,1,High Risk,Canada,North America,Retail,Startup,Business,Annual,310.07,5.0,29.6,5.1,11.0,18,480,20,7987.05,6481.58
CUST_018430,0.99984455,1,1,High Risk,Canada,North America,Technology,Startup,Professional,Monthly,79.9,6.0,37.0,11.8,-19.0,2,44,17,2722.64,2066.44
CUST_008917,0.99984443,1,1,High Risk,India,APAC,Manufacturing,Startup,Business,Monthly,228.41,4.0,57.5,16.3,-6.0,4,106,17,7121.01,5843.46
CUST_007334,0.9998441,1,1,High Risk,USA,North America,Finance,Startup,Basic,Monthly,29.97,6.0,44.6,9.2,-15.0,17,281,19,880.22,501.94
CUST_001173,0.99984324,1,1,High Risk,Australia,APAC,Technology,Startup,Basic,Monthly,22.37,4.0,48.6,20.4,-31.0,20,275,18,597.89,291.56
CUST_000972,0.99984276,1,1,High Risk,USA,North America,Retail,Startup,Business,Annual,285.5,7.0,16.5,11.9,-1.0,7,175,17,8005.58,6585.91
CUST_006792,0.99984217,1,1,High Risk,Canada,North America,Technology,Startup,Basic,Annual,19.82,12.0,35.2,14.3,-79.0,16,301,19,543.31,156.19
CUST_000102,0.9998417,1,1,High Risk,Germany,Europe,Manufacturing,Startup,Business,Monthly,286.43,3.0,42.0,15.4,-9.0,18,497,20,8042.31,6668.72
CUST_009394,0.99984145,1,1,High Risk,USA,North America,Manufacturing,Startup,Business,Monthly,177.38,6.0,27.0,3.2,-15.0,16,323,17,4750.58,3878.23
CUST_016631,0.9998411,1,1,High Risk,Canada,North America,Finance,Small Business,Business,Monthly,377.09,3.0,39.6,13.3,3.0,10,177,21,13483.02,11213.94
CUST_015550,0.9998404,1,1,High Risk,India,APAC,Retail,Small Business,Business,Annual,351.71,5.0,39.6,5.7,-18.0,13,181,19,10651.99,8703.4
CUST_011048,0.99984026,1,1,High Risk,UK,Europe,Education,Small Business,Professional,Annual,199.27,3.0,41.1,10.8,-34.0,16,353,17,5101.73,4135.54
CUST_012663,0.99984026,1,1,High Risk,Germany,Europe,Real Estate,Startup,Basic,Monthly,27.7,4.0,40.4,5.0,-27.0,9,213,17,849.56,547.29
CUST_018033,0.99983895,1,1,High Risk,USA,North America,Other,Startup,Professional,Annual,74.13,5.0,31.3,13.0,-19.0,21,282,20,2186.46,1548.94
CUST_012528,0.9998387,1,1,High Risk,USA,North America,Finance,Startup,Basic,Monthly,38.23,6.0,29.3,9.1,-21.0,10,123,18,1221.96,781.71
CUST_005471,0.9998381,1,1,High Risk,USA,North America,Real Estate,Small Business,Business,Monthly,422.78,8.0,38.7,15.1,-9.0,19,216,18,11489.5,9563.23
CUST_009246,0.99983776,1,1,High Risk,USA,North America,Education,Small Business,Business,Monthly,449.11,3.0,48.3,9.0,-9.0,13,338,17,12833.46,10748.77
CUST_019075,0.9998373,1,1,High Risk,USA,North America,Other,Startup,Professional,Monthly,74.63,5.0,53.9,17.1,22.0,9,174,20,2704.76,2075.18
CUST_007286,0.9998373,1,1,High Risk,USA,North America,Real Estate,Startup,Basic,Monthly,26.65,9.0,26.9,0.4,-54.0,12,182,19,780.93,380.45
CUST_016414,0.99983704,1,1,High Risk,Germany,Europe,Education,Startup,Basic,Monthly,41.26,2.0,53.9,17.1,43.0,11,265,18,1080.46,686.67
CUST_006086,0.99983704,1,1,High Risk,Australia,APAC,Healthcare,Startup,Business,Monthly,273.27,3.0,46.7,11.8,-0.0,6,109,22,10542.75,8790.08
CUST_006381,0.9998368,1,1,High Risk,USA,North America,Technology,Mid-Market,Professional,Multi-Year,371.35,5.0,59.7,19.9,-18.0,12,228,19,10475.66,8694.47
CUST_011573,0.99983656,1,1,High Risk,USA,North America,Manufacturing,Startup,Basic,Annual,41.13,6.0,55.4,10.6,-18.0,19,196,21,1253.99,774.31
CUST_007430,0.99983656,1,1,High Risk,Canada,North America,Retail,Startup,Professional,Monthly,71.32,5.0,55.7,15.3,-7.0,19,502,17,1698.08,1251.73
CUST_012063,0.99983644,1,1,High Risk,USA,North America,Manufacturing,Startup,Professional,Monthly,102.63,5.0,55.2,13.8,35.0,9,236,15,2558.4,2027.0
CUST_008587,0.9998363,1,1,High Risk,India,APAC,Finance,Small Business,Business,Annual,310.61,3.0,47.1,14.4,24.0,6,123,20,10904.77,9024.63
CUST_008885,0.9998363,1,1,High Risk,Germany,Europe,Healthcare,Startup,Professional,Annual,85.76,3.0,67.5,17.7,44.0,8,161,17,2483.64,1962.42
CUST_016773,0.9998362,1,1,High Risk,India,APAC,Technology,Startup,Basic,Annual,40.84,5.0,54.9,9.7,40.0,7,167,19,1308.91,811.15
CUST_007450,0.99983597,1,1,High Risk,USA,North America,Technology,Startup,Basic,Annual,26.28,4.0,59.9,11.1,5.0,12,227,17,693.35,357.61
CUST_004144,0.99983597,1,1,High Risk,USA,North America,Healthcare,Startup,Professional,Annual,93.82,4.0,36.1,17.8,-34.0,2,52,19,3751.37,3002.46
CUST_014022,0.9998356,1,1,High Risk,UK,Europe,Retail,Startup,Business,Annual,224.6,3.0,43.9,12.5,28.0,17,362,23,7538.74,6109.67
CUST_000781,0.9998354,1,1,High Risk,Canada,North America,Manufacturing,Startup,Enterprise,Monthly,813.92,5.0,48.7,12.1,12.0,12,280,18,21632.17,18297.02
CUST_009397,0.9998354,1,1,High Risk,Germany,Europe,Manufacturing,Startup,Basic,Monthly,45.07,4.0,48.5,15.5,7.0,14,211,17,1248.34,854.2
CUST_018927,0.9998348,1,1,High Risk,Canada,North America,Healthcare,Startup,Basic,Monthly,25.47,3.0,20.7,0.0,16.0,13,322,18,706.28,356.37
CUST_009114,0.9998337,1,1,High Risk,Other,LATAM,Real Estate,Startup,Basic,Annual,24.79,4.0,40.3,12.9,-21.0,18,220,19,734.15,368.33
CUST_013510,0.99983335,1,1,High Risk,USA,North America,Technology,Startup,Basic,Monthly,36.19,1.0,34.7,13.3,25.0,13,201,20,1112.92,701.51
CUST_010422,0.99983335,1,1,High Risk,USA,North America,Retail,Startup,Professional,Monthly,82.16,3.0,31.1,12.3,9.0,10,135,22,2806.19,2063.74
CUST_011336,0.99983335,1,1,High Risk,USA,North America,Healthcare,Startup,Basic,Monthly,26.78,4.0,38.9,9.5,-12.0,19,340,18,791.24,476.1
CUST_005043,0.999833,1,1,High Risk,Other,MEA,Retail,Startup,Basic,Annual,28.07,2.0,34.0,13.7,13.0,8,163,17,806.82,493.65
CUST_002669,0.99983263,1,1,High Risk,India,APAC,Manufacturing,Startup,Professional,Monthly,82.42,6.0,38.5,12.3,8.0,18,273,17,1941.14,1387.66
CUST_008578,0.9998319,1,1,High Risk,USA,North America,Healthcare,Small Business,Professional,Annual,193.69,4.0,50.7,11.8,1.0,17,299,17,4687.28,3689.31
CUST_002696,0.9998319,1,1,High Risk,India,APAC,Manufacturing,Startup,Basic,Monthly,30.72,10.0,30.9,12.6,-39.0,8,197,16,825.94,442.59
CUST_001057,0.9998317,1,1,High Risk,USA,North America,Technology,Small Business,Business,Annual,498.54,0.0,50.5,13.7,35.0,16,348,19,15481.92,12838.04
CUST_004193,0.99983144,1,1,High Risk,Canada,North America,Real Estate,Startup,Professional,Annual,145.96,1.0,42.6,5.4,14.0,7,134,21,4952.69,3915.77
CUST_004788,0.9998312,1,1,High Risk,USA,North America,Retail,Startup,Basic,Annual,27.3,4.0,45.1,14.5,1.0,13,184,18,780.88,449.42
CUST_005533,0.9998306,1,1,High Risk,UK,Europe,Manufacturing,Startup,Basic,Annual,21.89,6.0,39.6,8.5,-28.0,5,114,21,727.79,393.99
CUST_005104,0.9998292,1,1,High Risk,Germany,Europe,Finance,Small Business,Basic,Annual,46.58,1.0,57.4,20.9,8.0,18,255,19,1304.12,855.01
CUST_019447,0.9998292,1,1,High Risk,UK,Europe,Technology,Startup,Basic,Monthly,30.29,3.0,59.5,16.6,16.0,12,330,21,937.93,504.54
CUST_006617,0.99982905,1,1,High Risk,USA,North America,Healthcare,Startup,Professional,Annual,109.38,6.0,37.5,5.0,-8.0,17,487,17,2363.52,1749.21
CUST_002368,0.9998286,1,1,High Risk,UK,Europe,Real Estate,Mid-Market,Professional,Annual,450.01,2.0,66.5,19.5,1.0,18,216,19,11807.81,9599.89
CUST_015016,0.9998286,1,1,High Risk,Canada,North America,Real Estate,Startup,Basic,Monthly,31.1,7.0,53.1,17.0,-15.0,12,350,17,886.07,506.71
CUST_000268,0.99982846,1,1,High Risk,USA,North America,Healthcare,Small Business,Business,Monthly,459.38,3.0,47.8,15.3,18.0,17,471,18,11982.82,10097.86
CUST_017978,0.9998281,1,1,High Risk,India,APAC,Technology,Small Business,Professional,Monthly,95.91,2.0,55.7,21.6,10.0,15,289,17,2536.93,1965.09
CUST_007344,0.9998281,1,1,High Risk,USA,North America,Technology,Small Business,Professional,Monthly,153.08,5.0,58.3,19.6,-2.0,12,311,18,4156.57,3269.93
CUST_017184,0.9998281,1,1,High Risk,UK,Europe,Other,Startup,Business,Annual,221.81,5.0,27.6,9.0,-22.0,22,457,20,5353.76,4250.98
CUST_009858,0.99982786,1,1,High Risk,Canada,North America,Retail,Mid-Market,Business,Annual,867.84,5.0,66.6,20.3,-11.0,18,234,20,25822.75,21707.97
CUST_003312,0.9998273,1,1,High Risk,UK,Europe,Technology,Startup,Basic,Multi-Year,27.33,6.0,55.1,12.8,43.0,7,188,19,727.43,367.14
CUST_005359,0.99982697,1,1,High Risk,USA,North America,Technology,Startup,Basic,Annual,31.51,6.0,17.1,7.7,-36.0,13,169,17,874.68,520.99
CUST_003267,0.9998267,1,1,High Risk,UK,Europe,Finance,Startup,Basic,Monthly,28.13,3.0,33.2,5.3,-1.0,11,201,20,919.95,483.45
CUST_008961,0.9998264,1,1,High Risk,USA,North America,Finance,Mid-Market,Enterprise,Multi-Year,3019.04,3.0,60.4,17.5,10.0,12,292,22,87874.15,72262.1
CUST_019340,0.99982613,1,1,High Risk,Germany,Europe,Education,Startup,Basic,Monthly,35.73,7.0,40.5,7.9,-17.0,4,72,18,1227.49,832.32
CUST_015053,0.9998259,1,1,High Risk,USA,North America,Finance,Startup,Basic,Monthly,33.52,5.0,21.2,5.3,-13.0,3,49,17,1145.34,722.75
CUST_019860,0.9998258,1,1,High Risk,USA,North America,Other,Small Business,Professional,Annual,172.8,3.0,40.0,8.2,-1.0,7,184,19,5439.82,4380.49
CUST_005822,0.9998252,1,1,High Risk,Germany,Europe,Healthcare,Small Business,Professional,Annual,148.64,1.0,53.9,8.3,0.0,7,159,21,5120.88,4116.38
CUST_001791,0.99982494,1,1,High Risk,UK,Europe,Technology,Startup,Professional,Monthly,81.53,7.0,56.0,6.1,0.0,7,135,18,2535.46,1978.12
CUST_002220,0.9998247,1,1,High Risk,UK,Europe,Technology,Startup,Professional,Monthly,67.02,6.0,32.2,11.7,-24.0,7,104,21,2594.94,1965.59
CUST_012709,0.9998241,1,1,High Risk,India,APAC,Technology,Small Business,Business,Annual,392.18,7.0,57.9,19.3,3.0,18,219,17,10489.41,8643.62
CUST_019778,0.9998233,1,1,High Risk,Canada,North America,Real Estate,Small Business,Basic,Monthly,46.87,4.0,54.1,24.4,-3.0,18,241,19,1379.58,908.46
CUST_019749,0.99982315,1,1,High Risk,USA,North America,Technology,Startup,Business,Monthly,206.53,1.0,40.0,11.8,-6.0,9,190,16,5811.09,4837.53
CUST_008514,0.99982303,1,1,High Risk,Canada,North America,Retail,Startup,Professional,Annual,103.92,5.0,40.1,11.8,-23.0,18,285,19,3156.48,2474.71
CUST_009478,0.9998229,1,1,High Risk,UK,Europe,Manufacturing,Startup,Professional,Annual,91.22,4.0,56.8,20.9,9.0,20,541,23,2845.92,2133.34
CUST_011518,0.99982256,1,1,High Risk,USA,North America,Manufacturing,Small Business,Professional,Monthly,173.64,5.0,72.6,20.9,46.0,7,203,18,5178.69,4181.52
CUST_005923,0.99982244,1,1,High Risk,Other,MEA,Finance,Startup,Basic,Monthly,30.79,8.0,34.6,13.3,-3.0,9,177,19,1115.57,670.84
CUST_003118,0.9998223,1,1,High Risk,USA,North America,Other,Mid-Market,Business,Monthly,626.0,3.0,68.7,13.8,-7.0,21,513,21,17251.53,14476.88
CUST_005345,0.9998223,1,1,High Risk,Australia,APAC,Technology,Startup,Basic,Annual,27.79,2.0,50.4,16.5,-12.0,12,206,17,722.92,417.68
CUST_009511,0.99982196,1,1,High Risk,India,APAC,Technology,Startup,Business,Monthly,301.7,3.0,32.0,2.5,-10.0,12,298,16,7017.3,5741.17
CUST_006284,0.99982196,1,1,High Risk,Canada,North America,Finance,Startup,Professional,Monthly,77.73,6.0,48.8,14.2,-1.0,22,249,19,2228.7,1677.33
CUST_003799,0.99982184,1,1,High Risk,USA,North America,Finance,Small Business,Basic,Annual,68.86,3.0,55.8,16.3,27.0,11,203,18,1789.89,1252.45
CUST_006147,0.9998217,1,1,High Risk,India,APAC,Education,Startup,Professional,Monthly,75.21,4.0,33.5,6.8,-20.0,13,177,19,2425.91,1893.67
CUST_001114,0.9998215,1,1,High Risk,India,APAC,Healthcare,Startup,Basic,Monthly,26.44,8.0,45.8,13.0,-12.0,10,217,15,637.46,352.32
CUST_011536,0.99982136,1,1,High Risk,USA,North America,Retail,Small Business,Professional,Annual,108.31,6.0,40.3,17.4,-5.0,3,65,18,3710.92,2904.24
CUST_008034,0.9998211,1,1,High Risk,USA,North America,Real Estate,Small Business,Basic,Monthly,62.99,6.0,36.6,6.4,-0.0,5,132,18,1975.23,1494.79
CUST_001372,0.99982065,1,1,High Risk,USA,North America,Finance,Startup,Professional,Monthly,117.41,4.0,22.8,8.1,5.0,4,93,17,3522.59,2833.12
CUST_009216,0.99982065,1,1,High Risk,Other,MEA,Retail,Startup,Basic,Monthly,26.51,3.0,65.2,22.1,38.0,12,251,17,716.24,379.9
CUST_011328,0.9998204,1,1,High Risk,India,APAC,Real Estate,Small Business,Business,Monthly,361.7,4.0,50.4,14.5,-28.0,4,105,19,13534.66,11385.31
CUST_011403,0.9998198,1,1,High Risk,USA,North America,Other,Small Business,Business,Annual,388.13,2.0,49.2,15.8,28.0,15,236,19,10907.84,8904.86
CUST_011783,0.99981934,1,1,High Risk,Germany,Europe,Education,Startup,Basic,Monthly,29.87,5.0,24.4,6.4,-27.0,7,100,19,1002.88,618.96
CUST_013327,0.99981886,1,1,High Risk,USA,North America,Technology,Startup,Basic,Annual,30.59,5.0,16.6,4.2,-24.0,19,360,18,811.28,499.57
CUST_010017,0.9998186,1,1,High Risk,Germany,Europe,Education,Startup,Professional,Annual,85.66,3.0,28.9,9.0,-35.0,21,551,17,1924.16,1411.85
CUST_008800,0.9998184,1,1,High Risk,UK,Europe,Healthcare,Small Business,Business,Monthly,345.55,7.0,51.3,21.3,-3.0,6,151,18,11007.37,9207.82
CUST_018093,0.99981767,1,1,High Risk,USA,North America,Finance,Small Business,Enterprise,Annual,1776.38,6.0,55.5,15.5,-13.0,17,498,21,45016.21,36991.12
CUST_016212,0.99981767,1,1,High Risk,Australia,APAC,Healthcare,Startup,Basic,Annual,24.03,4.0,28.6,11.5,-6.0,13,202,17,690.29,401.61
CUST_002445,0.99981767,1,1,High Risk,India,APAC,Real Estate,Startup,Professional,Annual,107.53,4.0,53.3,22.1,-3.0,19,434,17,2440.01,1819.49
CUST_015581,0.99981743,1,1,High Risk,Other,LATAM,Education,Startup,Basic,Monthly,20.44,5.0,23.8,7.2,-20.0,16,277,19,622.44,314.96
CUST_010806,0.99981695,1,1,High Risk,Canada,North America,Manufacturing,Small Business,Professional,Annual,157.61,4.0,64.4,9.8,37.0,19,288,17,3710.99,2917.7
CUST_000337,0.99981636,1,1,High Risk,Germany,Europe,Healthcare,Startup,Basic,Monthly,44.89,5.0,27.2,7.4,-10.0,7,192,20,1616.02,1158.06
CUST_017971,0.9998161,1,1,High Risk,USA,North America,Real Estate,Startup,Professional,Annual,73.39,5.0,51.0,15.5,-17.0,9,196,22,2521.74,1851.89
CUST_012258,0.999816,1,1,High Risk,Australia,APAC,Healthcare,Startup,Basic,Annual,42.5,7.0,30.8,7.4,-22.0,12,230,22,1312.01,812.76
CUST_018136,0.9998159,1,1,High Risk,UK,Europe,Retail,Small Business,Professional,Monthly,116.18,7.0,27.6,7.7,-4.0,3,66,16,3616.4,2958.55
CUST_009794,0.9998159,1,1,High Risk,USA,North America,Retail,Mid-Market,Professional,Multi-Year,313.11,6.0,45.7,13.9,-25.0,12,308,17,6850.6,5450.62
CUST_010861,0.9998153,1,1,High Risk,Canada,North America,Retail,Startup,Professional,Monthly,75.96,4.0,53.6,16.6,9.0,18,521,17,1798.44,1283.39
CUST_018309,0.9998148,1,1,High Risk,USA,North America,Manufacturing,Small Business,Professional,Monthly,145.19,7.0,55.6,18.1,1.0,19,532,20,3805.78,2933.55
CUST_015752,0.999814,1,1,High Risk,USA,North America,Finance,Small Business,Professional,Annual,163.51,6.0,20.8,6.5,-13.0,19,437,17,4269.03,3445.82
CUST_014501,0.999814,1,1,High Risk,Other,LATAM,Real Estate,Startup,Professional,Annual,78.65,8.0,27.6,11.1,-21.0,3,60,19,2959.62,2274.91
CUST_016505,0.999814,1,1,High Risk,Australia,APAC,Manufacturing,Startup,Basic,Annual,28.81,3.0,48.5,17.0,-11.0,17,197,20,950.2,548.23
CUST_017026,0.99981374,1,1,High Risk,USA,North America,Finance,Startup,Basic,Monthly,36.74,7.0,51.2,20.4,-18.0,4,72,20,1361.56,949.5
CUST_001266,0.99981374,1,1,High Risk,India,APAC,Technology,Startup,Basic,Annual,30.15,4.0,32.4,8.5,-16.0,16,456,17,700.49,348.68
CUST_002047,0.9998134,1,1,High Risk,UK,Europe,Real Estate,Startup,Basic,Monthly,24.61,4.0,57.9,25.6,-17.0,7,198,16,643.37,336.78
CUST_011036,0.9998134,1,1,High Risk,USA,North America,Technology,Small Business,Professional,Monthly,112.06,5.0,44.5,12.2,0.0,10,255,15,2415.78,1809.79
CUST_009779,0.999813,1,1,High Risk,Canada,North America,Manufacturing,Startup,Basic,Monthly,25.61,3.0,45.4,17.3,12.0,10,266,19,793.73,465.17
CUST_011173,0.9998128,1,1,High Risk,India,APAC,Other,Startup,Basic,Multi-Year,30.55,3.0,70.9,24.8,18.0,8,185,18,853.73,539.96
CUST_009379,0.9998124,1,1,High Risk,Australia,APAC,Retail,Mid-Market,Enterprise,Multi-Year,2870.09,0.0,42.1,15.2,-7.0,19,325,19,70314.04,58051.85
CUST_010233,0.99981207,1,1,High Risk,India,APAC,Real Estate,Small Business,Basic,Annual,76.74,2.0,73.1,14.2,12.0,14,186,18,2141.38,1527.79
CUST_015334,0.9998118,1,1,High Risk,Australia,APAC,Other,Startup,Basic,Monthly,20.06,1.0,33.3,12.1,-9.0,12,308,20,569.17,239.66
CUST_001050,0.9998115,1,1,High Risk,India,APAC,Education,Small Business,Business,Monthly,461.5,3.0,38.3,3.7,11.0,3,78,22,20175.29,16933.8
CUST_004090,0.99981135,1,1,High Risk,USA,North America,Retail,Startup,Basic,Monthly,29.71,8.0,43.2,15.5,-14.0,7,157,17,860.73,520.46
CUST_004255,0.9998103,1,1,High Risk,Germany,Europe,Manufacturing,Small Business,Business,Monthly,332.0,3.0,55.8,11.3,21.0,9,206,16,8770.52,7286.17
CUST_018477,0.99981016,1,1,High Risk,Canada,North America,Healthcare,Startup,Business,Monthly,250.63,4.0,15.2,2.6,-36.0,20,589,23,7515.19,6155.3
CUST_004257,0.9998099,1,1,High Risk,India,APAC,Education,Startup,Business,Annual,206.54,3.0,43.4,11.5,-9.0,14,164,19,6579.76,5354.38
CUST_008165,0.99980956,1,1,High Risk,India,APAC,Other,Startup,Professional,Monthly,97.04,6.0,47.4,15.2,-8.0,17,209,17,2517.2,1929.99
CUST_005938,0.9998092,1,1,High Risk,Germany,Europe,Finance,Small Business,Business,Monthly,315.87,8.0,32.1,5.7,-46.0,21,184,20,9338.02,7674.39
CUST_002425,0.9998091,1,1,High Risk,USA,North America,Finance,Startup,Professional,Annual,65.84,5.0,30.2,10.9,-13.0,3,68,17,2149.03,1656.76
CUST_001796,0.99980897,1,1,High Risk,USA,North America,Manufacturing,Startup,Professional,Monthly,79.03,4.0,44.1,7.1,11.0,7,121,17,2335.88,1729.61
CUST_019638,0.99980885,1,1,High Risk,Other,LATAM,Education,Small Business,Business,Monthly,324.06,5.0,53.1,6.9,-12.0,16,212,19,10269.32,8648.94
CUST_012598,0.9998085,1,1,High Risk,USA,North America,Real Estate,Startup,Basic,Annual,30.95,7.0,54.0,12.2,-4.0,11,156,19,810.31,453.25
CUST_019541,0.9998084,1,1,High Risk,India,APAC,Real Estate,Startup,Basic,Monthly,27.35,4.0,43.3,10.6,18.0,11,186,19,785.08,382.04
CUST_003657,0.9998084,1,1,High Risk,USA,North America,Technology,Startup,Enterprise,Monthly,759.62,0.0,42.9,18.0,-17.0,12,186,18,22436.44,19154.36
CUST_015781,0.9998084,1,1,High Risk,UK,Europe,Technology,Small Business,Basic,Annual,62.09,3.0,62.7,13.7,12.0,8,175,17,1622.78,1130.61
CUST_013089,0.999808,1,1,High Risk,USA,North America,Healthcare,Small Business,Professional,Annual,170.72,5.0,66.2,21.9,17.0,16,439,17,4120.19,3185.69
CUST_008968,0.9998079,1,1,High Risk,USA,North America,Technology,Startup,Basic,Monthly,31.48,5.0,38.8,11.1,16.0,11,185,18,936.54,585.42
CUST_005551,0.9998074,1,1,High Risk,India,APAC,Finance,Startup,Professional,Monthly,80.23,3.0,31.9,5.9,-22.0,16,398,20,2667.83,1946.62
CUST_008299,0.9998072,1,1,High Risk,India,APAC,Retail,Startup,Basic,Monthly,31.1,9.0,53.3,14.3,-37.0,4,88,17,1000.93,594.42
CUST_004183,0.99980706,1,1,High Risk,USA,North America,Technology,Startup,Professional,Annual,86.01,4.0,48.1,10.3,22.0,18,432,23,2869.79,2069.73
CUST_018305,0.99980694,1,1,High Risk,Germany,Europe,Technology,Small Business,Professional,Monthly,150.12,10.0,50.0,19.2,-3.0,9,147,18,4550.68,3681.44
CUST_015080,0.9998066,1,1,High Risk,USA,North America,Education,Small Business,Professional,Monthly,140.0,2.0,57.4,16.7,17.0,8,141,18,4463.34,3545.45
CUST_008948,0.999806,1,1,High Risk,USA,North America,Healthcare,Startup,Basic,Monthly,26.48,7.0,15.8,6.9,-29.0,21,566,22,763.3,333.37
CUST_014057,0.999806,1,1,High Risk,Australia,APAC,Manufacturing,Startup,Basic,Multi-Year,28.74,3.0,60.9,15.9,-17.0,5,107,20,997.79,595.24
CUST_009797,0.9998056,1,1,High Risk,USA,North America,Manufacturing,Startup,Professional,Annual,90.13,3.0,66.1,26.7,24.0,9,215,18,2477.9,1921.54
CUST_014466,0.9998055,1,1,High Risk,Germany,Europe,Retail,Small Business,Professional,Annual,173.89,7.0,51.6,11.2,-16.0,19,551,20,4562.49,3620.69
CUST_009897,0.99980515,1,1,High Risk,USA,North America,Retail,Startup,Business,Annual,223.29,4.0,54.3,18.9,-6.0,8,220,16,5280.85,4221.24
CUST_006077,0.99980503,1,1,High Risk,USA,North America,Manufacturing,Startup,Basic,Monthly,30.46,4.0,40.6,11.9,9.0,12,316,15,677.18,381.56
CUST_011546,0.9998049,1,1,High Risk,USA,North America,Education,Startup,Basic,Monthly,36.02,6.0,46.2,18.8,-37.0,13,149,19,1118.23,740.09
CUST_018637,0.99980444,1,1,High Risk,Canada,North America,Finance,Startup,Enterprise,Annual,1246.64,5.0,46.2,6.9,6.0,13,299,18,36667.11,31347.03
CUST_004952,0.9998043,1,1,High Risk,Canada,North America,Finance,Startup,Basic,Annual,35.55,8.0,55.4,22.6,-4.0,16,274,18,1039.83,639.93
CUST_016754,0.9998041,1,1,High Risk,India,APAC,Healthcare,Startup,Basic,Monthly,19.46,3.0,57.1,16.2,14.0,8,134,21,745.6,336.96
CUST_004695,0.99980384,1,1,High Risk,USA,North America,Other,Startup,Business,Monthly,213.38,7.0,45.9,11.4,-11.0,3,70,17,7022.57,5831.97
CUST_004441,0.9998035,1,1,High Risk,Germany,Europe,Technology,Startup,Basic,Annual,30.62,8.0,34.4,4.2,-37.0,4,113,18,908.94,489.31
CUST_001682,0.99980325,1,1,High Risk,Germany,Europe,Technology,Small Business,Business,Monthly,471.94,5.0,57.6,13.4,1.0,9,146,17,14318.91,12014.65
CUST_008284,0.9998029,1,1,High Risk,UK,Europe,Healthcare,Startup,Professional,Monthly,86.58,3.0,29.9,8.0,-11.0,10,128,19,2814.03,2105.37
CUST_009606,0.9998029,1,1,High Risk,Germany,Europe,Healthcare,Small Business,Basic,Annual,44.87,3.0,66.2,15.1,20.0,5,123,20,1355.7,781.19
CUST_014468,0.9998022,1,1,High Risk,UK,Europe,Other,Startup,Basic,Monthly,33.74,5.0,49.9,19.1,-5.0,10,173,20,1042.37,585.53
CUST_009050,0.99980205,1,1,High Risk,Other,MEA,Retail,Startup,Basic,Monthly,26.01,10.0,8.3,1.9,-16.0,5,114,18,868.68,530.5
CUST_006797,0.9998018,1,1,High Risk,Germany,Europe,Technology,Startup,Professional,Monthly,129.15,3.0,13.8,7.8,-42.0,19,484,16,2865.22,2268.65
CUST_003376,0.9997998,1,1,High Risk,Other,LATAM,Manufacturing,Startup,Basic,Monthly,29.54,5.0,41.1,16.7,-10.0,6,153,18,850.64,516.03
CUST_019193,0.99979955,1,1,High Risk,USA,North America,Technology,Startup,Business,Monthly,199.56,4.0,39.6,7.7,1.0,20,191,20,5950.1,4779.03
CUST_000326,0.99979955,1,1,High Risk,Canada,North America,Education,Startup,Professional,Monthly,81.81,3.0,48.3,18.5,12.0,11,242,17,2063.58,1552.4
CUST_003048,0.99979943,1,1,High Risk,Australia,APAC,Finance,Small Business,Business,Annual,469.9,7.0,45.9,13.8,-35.0,16,331,20,13987.75,11558.08
CUST_017466,0.9997991,1,1,High Risk,USA,North America,Education,Startup,Basic,Annual,25.4,2.0,38.8,2.9,3.0,15,312,17,623.74,308.4
CUST_003418,0.9997985,1,1,High Risk,USA,North America,Other,Small Business,Basic,Monthly,58.14,2.0,42.6,10.4,22.0,21,312,18,1566.02,1113.09
CUST_019113,0.99979776,1,1,High Risk,UK,Europe,Technology,Startup,Basic,Monthly,21.74,1.0,49.6,11.6,17.0,16,246,22,704.1,257.21
CUST_005395,0.99979764,1,1,High Risk,Germany,Europe,Technology,Small Business,Business,Monthly,372.23,5.0,54.1,15.6,16.0,17,230,18,10411.96,8632.53
CUST_014375,0.99979764,1,1,High Risk,Canada,North America,Education,Small Business,Business,Annual,448.67,5.0,58.3,15.7,22.0,4,110,18,15104.04,12512.98
CUST_014243,0.9997962,1,1,High Risk,Canada,North America,Healthcare,Startup,Business,Monthly,325.0,3.0,26.0,0.2,28.0,15,166,19,10251.95,8479.82
CUST_007460,0.9997962,1,1,High Risk,USA,North America,Retail,Startup,Basic,Monthly,30.32,6.0,39.4,12.9,-20.0,13,343,16,836.05,479.96
CUST_001730,0.99979573,1,1,High Risk,Australia,APAC,Other,Mid-Market,Professional,Annual,389.77,1.0,47.5,10.9,-3.0,19,278,18,9338.31,7673.31
CUST_009934,0.9997954,1,1,High Risk,USA,North America,Retail,Startup,Basic,Annual,35.44,3.0,43.2,21.6,10.0,19,308,19,1030.26,647.05
CUST_000771,0.99979526,1,1,High Risk,USA,North America,Technology,Startup,Basic,Monthly,31.75,3.0,59.6,13.8,7.0,4,69,20,1184.16,765.47
CUST_008402,0.99979526,1,1,High Risk,Other,LATAM,Manufacturing,Startup,Basic,Monthly,35.67,4.0,34.1,12.0,-12.0,11,153,21,1194.18,700.34
CUST_019062,0.99979454,1,1,High Risk,Australia,APAC,Education,Startup,Basic,Monthly,33.0,4.0,51.1,13.5,1.0,3,56,20,1396.48,948.85
CUST_002648,0.99979454,1,1,High Risk,USA,North America,Retail,Small Business,Professional,Annual,152.37,3.0,68.8,22.4,12.0,15,208,20,4921.59,3891.49
CUST_013078,0.99979395,1,1,High Risk,Germany,Europe,Technology,Startup,Basic,Annual,29.7,4.0,52.3,19.7,-47.0,4,90,17,911.36,466.67
CUST_019784,0.9997937,1,1,High Risk,USA,North America,Technology,Small Business,Basic,Monthly,51.03,3.0,55.1,15.6,-3.0,11,157,19,1552.66,1124.53
CUST_011107,0.9997936,1,1,High Risk,UK,Europe,Healthcare,Small Business,Basic,Annual,53.69,2.0,73.7,17.0,26.0,12,221,18,1607.0,1134.09
CUST_014154,0.9997936,1,1,High Risk,USA,North America,Finance,Startup,Basic,Monthly,15.57,0.0,42.9,5.6,22.0,6,157,19,528.6,223.49
CUST_006161,0.99979335,1,1,High Risk,Other,MEA,Healthcare,Startup,Basic,Monthly,37.27,2.0,49.1,11.2,22.0,19,168,21,1202.7,726.88
CUST_012236,0.999793,1,1,High Risk,USA,North America,Manufacturing,Startup,Basic,Monthly,31.14,1.0,55.4,20.5,23.0,6,132,19,1009.79,674.83
CUST_015595,0.9997924,1,1,High Risk,UK,Europe,Education,Small Business,Professional,Monthly,157.3,7.0,21.3,10.6,-27.0,19,443,16,3677.91,2924.64
CUST_004868,0.9997923,1,1,High Risk,USA,North America,Finance,Startup,Basic,Monthly,26.68,3.0,57.0,18.3,11.0,10,277,16,647.13,360.36
CUST_017539,0.99979216,1,1,High Risk,Canada,North America,Healthcare,Small Business,Professional,Monthly,122.06,0.0,64.7,21.1,11.0,17,328,17,3337.23,2639.78
CUST_017488,0.99979204,1,1,High Risk,USA,North America,Finance,Startup,Basic,Monthly,23.97,4.0,32.2,6.7,31.0,4,90,19,825.65,477.3
CUST_011013,0.99979156,1,1,High Risk,USA,North America,Real Estate,Startup,Professional,Monthly,97.5,3.0,42.8,12.0,8.0,21,597,18,2401.37,1779.63
CUST_004159,0.9997905,1,1,High Risk,USA,North America,Healthcare,Startup,Professional,Annual,85.21,5.0,33.3,9.3,-3.0,11,179,22,2859.98,2080.04
CUST_017340,0.9997905,1,1,High Risk,Other,MEA,Technology,Startup,Professional,Monthly,119.39,5.0,47.2,14.0,23.0,7,171,17,3375.42,2656.91
CUST_017115,0.99979025,1,1,High Risk,USA,North America,Technology,Startup,Basic,Annual,28.69,3.0,46.0,7.1,36.0,16,267,20,855.17,464.13
CUST_019171,0.99979,1,1,High Risk,USA,North America,Manufacturing,Small Business,Business,Monthly,375.8,9.0,29.0,12.8,-49.0,3,55,21,16431.75,13824.27
CUST_005541,0.99978966,1,1,High Risk,UK,Europe,Technology,Small Business,Professional,Annual,151.02,5.0,35.3,5.5,-37.0,9,198,14,3365.27,2719.61
CUST_012015,0.9997893,1,1,High Risk,USA,North America,Retail,Startup,Basic,Monthly,24.89,11.0,39.4,17.2,-22.0,9,140,18,752.43,388.81
CUST_014050,0.9997893,1,1,High Risk,Germany,Europe,Healthcare,Small Business,Basic,Multi-Year,49.05,3.0,67.4,20.8,-16.0,9,193,20,1451.55,937.11
CUST_002079,0.99978906,1,1,High Risk,UK,Europe,Technology,Startup,Basic,Annual,25.28,5.0,7.1,0.5,-18.0,6,120,17,754.7,419.01
CUST_013981,0.9997888,1,1,High Risk,UK,Europe,Healthcare,Startup,Basic,Monthly,28.47,5.0,13.6,4.2,-34.0,4,91,18,948.01,582.25
CUST_017711,0.99978846,1,1,High Risk,Canada,North America,Technology,Startup,Basic,Monthly,24.32,6.0,17.6,7.7,-20.0,7,159,15,672.93,348.88
CUST_008614,0.99978846,1,1,High Risk,USA,North America,Education,Startup,Basic,Monthly,28.07,6.0,59.9,21.2,-17.0,21,358,19,825.61,490.63
CUST_002590,0.9997876,1,1,High Risk,Other,LATAM,Healthcare,Small Business,Professional,Annual,160.84,5.0,24.9,13.3,9.0,5,102,21,5192.0,4024.12
CUST_002312,0.9997876,1,1,High Risk,Canada,North America,Manufacturing,Startup,Professional,Monthly,85.05,3.0,27.6,8.1,8.0,13,272,16,1956.07,1408.38
CUST_012048,0.9997876,1,1,High Risk,USA,North America,Finance,Mid-Market,Basic,Annual,105.74,5.0,35.3,7.6,12.0,5,130,22,3650.87,2840.68
CUST_002556,0.9997869,1,1,High Risk,Germany,Europe,Other,Startup,Professional,Monthly,79.17,3.0,41.9,15.4,20.0,12,186,16,2125.01,1635.3
CUST_001875,0.9997856,1,1,High Risk,USA,North America,Other,Startup,Basic,Monthly,24.63,8.0,47.6,12.9,-5.0,12,250,16,600.9,372.75
CUST_012610,0.9997855,1,1,High Risk,USA,North America,Retail,Startup,Basic,Monthly,21.98,4.0,37.4,7.5,-11.0,20,530,17,507.41,170.57
CUST_015082,0.9997855,1,1,High Risk,USA,North America,Finance,Mid-Market,Business,Multi-Year,992.78,3.0,38.6,12.2,-24.0,16,323,18,24899.49,20645.57
CUST_000266,0.99978536,1,1,High Risk,India,APAC,Education,Small Business,Basic,Monthly,68.63,6.0,47.1,10.9,14.0,8,134,18,1896.46,1372.79
CUST_009660,0.99978536,1,1,High Risk,USA,North America,Real Estate,Startup,Business,Monthly,267.59,10.0,33.3,11.4,-28.0,11,156,23,9860.79,8026.27
CUST_007473,0.9997849,1,1,High Risk,USA,North America,Technology,Small Business,Professional,Annual,138.56,4.0,52.3,14.0,3.0,12,159,17,3541.46,2803.73
CUST_018374,0.9997849,1,1,High Risk,Canada,North America,Technology,Startup,Basic,Annual,34.27,2.0,39.0,10.2,-23.0,22,436,18,779.31,465.18
CUST_014278,0.99978465,1,1,High Risk,USA,North America,Education,Small Business,Business,Annual,299.28,7.0,42.8,5.4,-13.0,5,95,17,8304.46,6867.17
CUST_019169,0.99978465,1,1,High Risk,Germany,Europe,Other,Startup,Professional,Monthly,97.94,7.0,38.4,11.0,-41.0,5,146,16,2650.69,2023.44
CUST_000415,0.9997843,1,1,High Risk,USA,North America,Education,Startup,Professional,Annual,81.98,5.0,36.4,15.7,5.0,14,147,20,2577.37,1935.9
CUST_000151,0.99978346,1,1,High Risk,UK,Europe,Technology,Startup,Professional,Annual,70.91,3.0,23.9,6.8,1.0,21,234,20,1943.08,1335.49
CUST_015801,0.9997832,1,1,High Risk,USA,North America,Retail,Startup,Basic,Monthly,27.58,5.0,46.0,13.3,7.0,20,206,17,728.51,402.29
CUST_014690,0.9997831,1,1,High Risk,USA,North America,Finance,Startup,Professional,Monthly,80.87,3.0,55.9,16.8,30.0,4,87,19,2977.73,2310.32
CUST_007937,0.99978274,1,1,High Risk,USA,North America,Real Estate,Startup,Professional,Annual,91.2,1.0,44.8,13.7,10.0,10,291,15,2135.43,1643.27
CUST_007779,0.99978215,1,1,High Risk,Canada,North America,Education,Startup,Business,Monthly,172.54,4.0,50.0,12.5,28.0,12,243,16,4850.12,3941.36
CUST_006322,0.99978155,1,1,High Risk,USA,North America,Technology,Startup,Basic,Annual,29.63,3.0,42.1,18.6,21.0,12,328,23,945.93,509.22
CUST_007094,0.9997812,1,1,High Risk,USA,North America,Technology,Startup,Business,Annual,205.77,4.0,28.1,7.3,8.0,17,341,21,6408.28,5234.08
CUST_010402,0.9997811,1,1,High Risk,USA,North America,Finance,Startup,Basic,Annual,30.02,8.0,29.0,9.8,-38.0,24,301,25,986.85,547.43
CUST_009674,0.9997807,1,1,High Risk,India,APAC,Retail,Startup,Basic,Annual,22.59,6.0,20.0,6.0,-28.0,16,414,21,725.6,291.56
CUST_003684,0.9997801,1,1,High Risk,USA,North America,Other,Startup,Basic,Annual,33.72,4.0,33.9,13.9,-24.0,8,124,17,1003.57,658.56
CUST_004277,0.99978,1,1,High Risk,USA,North America,Retail,Startup,Basic,Annual,30.76,5.0,52.9,21.9,10.0,18,284,19,842.77,430.23
CUST_017853,0.99978,1,1,High Risk,UK,Europe,Retail,Mid-Market,Professional,Multi-Year,274.95,3.0,59.0,15.9,16.0,14,191,19,7375.88,6028.12
CUST_004392,0.9997795,1,1,High Risk,Canada,North America,Healthcare,Small Business,Basic,Monthly,52.77,4.0,51.8,13.8,2.0,9,123,18,1470.28,1008.65
CUST_018892,0.9997794,1,1,High Risk,Australia,APAC,Manufacturing,Startup,Basic,Monthly,29.57,7.0,27.0,12.9,-52.0,13,320,16,726.4,422.76
CUST_006735,0.99977905,1,1,High Risk,USA,North America,Healthcare,Small Business,Business,Monthly,440.48,3.0,69.1,18.6,25.0,11,193,21,15567.9,12995.04
CUST_002359,0.9997788,1,1,High Risk,Other,MEA,Retail,Startup,Basic,Monthly,25.42,4.0,32.4,9.7,-22.0,25,573,22,720.37,325.92
CUST_018766,0.9997787,1,1,High Risk,USA,North America,Manufacturing,Small Business,Basic,Monthly,51.92,5.0,49.2,13.3,-24.0,9,224,15,1295.12,941.82
CUST_001516,0.99977857,1,1,High Risk,Germany,Europe,Retail,Startup,Professional,Annual,95.98,7.0,53.4,18.5,-14.0,9,184,16,2461.4,1922.61
CUST_013473,0.99977857,1,1,High Risk,UK,Europe,Manufacturing,Startup,Professional,Monthly,104.39,5.0,54.5,10.6,-22.0,18,310,17,2568.03,1931.24
CUST_005663,0.99977857,1,1,High Risk,Australia,APAC,Retail,Startup,Basic,Monthly,23.98,6.0,41.5,11.0,13.0,11,293,17,567.84,319.67
CUST_001373,0.9997781,1,1,High Risk,Canada,North America,Healthcare,Startup,Professional,Monthly,94.52,9.0,41.5,17.7,-28.0,13,305,15,2284.0,1777.47
CUST_000710,0.99977785,1,1,High Risk,USA,North America,Healthcare,Small Business,Enterprise,Annual,1850.13,6.0,60.3,14.9,-9.0,6,150,17,55713.7,46626.08
CUST_014454,0.9997776,1,1,High Risk,USA,North America,Finance,Startup,Basic,Monthly,26.46,3.0,37.6,7.1,62.0,17,230,17,690.84,357.32
CUST_006913,0.9997774,1,1,High Risk,USA,North America,Retail,Small Business,Professional,Annual,135.68,1.0,35.6,6.9,14.0,22,484,23,4041.24,3099.31
CUST_003764,0.9997774,1,1,High Risk,USA,North America,Education,Startup,Basic,Annual,32.11,5.0,9.2,6.1,-14.0,13,186,16,788.2,433.58
CUST_003220,0.99977654,1,1,High Risk,Other,MEA,Finance,Small Business,Professional,Monthly,161.14,3.0,53.1,18.9,19.0,12,186,17,4705.94,3775.07
CUST_013036,0.99977595,1,1,High Risk,Other,MEA,Other,Startup,Basic,Monthly,37.14,5.0,33.7,20.5,-21.0,12,153,18,1018.07,613.64
CUST_007143,0.99977547,1,1,High Risk,Germany,Europe,Finance,Small Business,Professional,Annual,131.81,4.0,53.9,19.8,-0.0,20,547,23,4290.22,3323.33
CUST_016468,0.99977535,1,1,High Risk,Canada,North America,Education,Mid-Market,Enterprise,Annual,3979.45,6.0,55.8,22.6,2.0,7,163,16,100761.86,84389.92
CUST_007625,0.99977463,1,1,High Risk,Australia,APAC,Retail,Startup,Basic,Monthly,30.82,1.0,52.6,20.1,25.0,9,188,16,875.67,566.56
CUST_017262,0.9997745,1,1,High Risk,USA,North America,Finance,Startup,Professional,Monthly,75.71,5.0,43.4,13.8,-25.0,6,174,16,2121.46,1601.43
CUST_003938,0.9997745,1,1,High Risk,USA,North America,Manufacturing,Startup,Basic,Monthly,23.44,6.0,24.1,8.5,2.0,24,226,18,621.14,265.29
CUST_007385,0.9997744,1,1,High Risk,USA,North America,Technology,Startup,Professional,Monthly,121.8,9.0,22.7,9.5,-45.0,18,510,16,2789.76,2177.19
CUST_008499,0.99977416,1,1,High Risk,Germany,Europe,Technology,Startup,Basic,Annual,29.72,7.0,36.0,16.3,-23.0,18,517,16,653.02,357.23
CUST_017633,0.99977344,1,1,High Risk,USA,North America,Technology,Startup,Professional,Monthly,62.81,2.0,61.6,18.3,22.0,9,210,14,1469.66,1005.09
CUST_003935,0.99977213,1,1,High Risk,Canada,North America,Finance,Startup,Professional,Annual,100.5,6.0,34.0,8.9,16.0,11,308,16,2260.84,1736.3
CUST_009548,0.9997718,1,1,High Risk,USA,North America,Retail,Startup,Basic,Monthly,19.83,7.0,40.8,12.9,29.0,14,179,17,570.39,249.87
CUST_007572,0.9997713,1,1,High Risk,Canada,North America,Education,Startup,Basic,Monthly,30.44,2.0,17.1,6.2,10.0,25,260,18,763.93,380.82
CUST_010432,0.9997712,1,1,High Risk,Germany,Europe,Other,Startup,Basic,Annual,33.63,12.0,25.5,6.9,-38.0,9,256,14,723.77,414.03
CUST_019581,0.99977106,1,1,High Risk,USA,North America,Technology,Startup,Basic,Annual,28.35,7.0,55.0,18.4,20.0,13,241,20,868.3,525.98
CUST_012625,0.99977094,1,1,High Risk,USA,North America,Retail,Startup,Business,Monthly,255.59,3.0,53.1,17.3,-33.0,21,549,20,7244.91,5935.91
CUST_016937,0.9997708,1,1,High Risk,USA,North America,Other,Small Business,Business,Monthly,246.8,6.0,66.7,18.7,-1.0,20,344,22,7604.64,6160.33
CUST_014322,0.9997707,1,1,High Risk,UK,Europe,Healthcare,Mid-Market,Basic,Monthly,113.19,2.0,63.9,19.0,20.0,9,158,19,3775.66,3065.08
CUST_009371,0.9997707,1,1,High Risk,India,APAC,Finance,Startup,Professional,Monthly,93.05,3.0,34.0,12.0,-29.0,23,363,24,3141.75,2328.64
CUST_016913,0.99977046,1,1,High Risk,Canada,North America,Retail,Startup,Basic,Annual,27.21,3.0,46.4,11.6,-7.0,23,327,19,687.81,266.46
CUST_005558,0.99977034,1,1,High Risk,UK,Europe,Healthcare,Mid-Market,Professional,Monthly,286.79,4.0,61.5,12.3,-21.0,20,475,17,6474.75,5289.08
CUST_002500,0.9997702,1,1,High Risk,UK,Europe,Technology,Small Business,Business,Annual,417.25,8.0,27.6,3.6,1.0,4,100,17,10906.65,8957.53
CUST_014947,0.9997701,1,1,High Risk,USA,North America,Finance,Small Business,Basic,Annual,62.84,0.0,43.1,10.1,-13.0,14,412,21,2085.65,1528.51
CUST_014873,0.9997701,1,1,High Risk,USA,North America,Technology,Mid-Market,Business,Annual,1151.69,1.0,67.7,18.6,33.0,7,150,19,33703.26,28171.86
CUST_007299,0.99976975,1,1,High Risk,USA,North America,Other,Startup,Professional,Annual,66.71,4.0,37.0,11.8,21.0,9,141,17,1844.94,1322.24
CUST_010115,0.9997696,1,1,High Risk,Canada,North America,Healthcare,Startup,Basic,Annual,27.4,4.0,47.6,9.4,-6.0,24,333,17,633.87,290.99
CUST_004248,0.9997693,1,1,High Risk,India,APAC,Technology,Startup,Basic,Monthly,34.61,4.0,37.4,4.4,1.0,10,301,16,814.09,510.16
CUST_006041,0.9997693,1,1,High Risk,USA,North America,Technology,Startup,Basic,Annual,22.42,5.0,36.1,11.7,-18.0,26,301,23,742.03,391.04
CUST_015664,0.9997689,1,1,High Risk,USA,North America,Technology,Startup,Professional,Annual,87.89,5.0,32.6,5.8,-33.0,8,142,18,2587.34,1931.13
CUST_012104,0.9997689,1,1,High Risk,USA,North America,Technology,Startup,Basic,Annual,29.37,7.0,56.5,21.3,1.0,19,280,21,828.3,428.21
CUST_004984,0.99976856,1,1,High Risk,Other,LATAM,Technology,Startup,Basic,Monthly,42.22,2.0,59.8,15.0,8.0,11,297,16,978.54,661.28
CUST_001995,0.99976856,1,1,High Risk,USA,North America,Real Estate,Small Business,Basic,Annual,54.31,3.0,57.2,23.3,6.0,9,225,16,1318.68,902.28
CUST_003034,0.99976856,1,1,High Risk,USA,North America,Retail,Startup,Professional,Monthly,90.61,4.0,67.0,19.7,14.0,20,315,17,2441.47,1851.88
CUST_007154,0.9997682,1,1,High Risk,Canada,North America,Manufacturing,Small Business,Professional,Annual,167.56,0.0,55.3,15.5,16.0,20,311,22,4991.74,4006.17
CUST_001443,0.9997676,1,1,High Risk,Canada,North America,Finance,Small Business,Basic,Annual,63.3,8.0,52.4,17.8,-6.0,14,268,17,1498.19,1002.67
CUST_001942,0.9997675,1,1,High Risk,India,APAC,Manufacturing,Mid-Market,Business,Monthly,1071.1,3.0,47.7,13.5,-23.0,5,154,19,35621.94,30087.19
CUST_009939,0.99976724,1,1,High Risk,Other,MEA,Manufacturing,Small Business,Business,Annual,326.94,7.0,38.9,11.7,1.0,6,161,19,10876.64,8993.27
CUST_005919,0.9997664,1,1,High Risk,USA,North America,Technology,Small Business,Professional,Monthly,186.89,4.0,23.1,7.1,-44.0,10,268,15,4700.27,3850.26
CUST_002619,0.9997664,1,1,High Risk,USA,North America,Retail,Startup,Basic,Monthly,37.47,5.0,55.5,13.9,42.0,19,306,18,1059.55,618.6
CUST_004879,0.9997662,1,1,High Risk,Germany,Europe,Technology,Startup,Basic,Monthly,34.54,3.0,38.2,10.3,-5.0,4,70,21,1305.36,855.82
CUST_018279,0.9997657,1,1,High Risk,USA,North America,Finance,Startup,Basic,Annual,31.02,6.0,37.3,12.8,8.0,7,190,18,966.89,584.65
CUST_005475,0.99976546,1,1,High Risk,Canada,North America,Real Estate,Mid-Market,Professional,Multi-Year,332.24,2.0,61.0,17.9,-19.0,15,232,19,8355.15,6700.08
CUST_009222,0.99976534,1,1,High Risk,Canada,North America,Manufacturing,Startup,Professional,Monthly,95.05,4.0,38.9,14.3,-11.0,12,300,19,2642.48,1982.49
CUST_016200,0.99976534,1,1,High Risk,UK,Europe,Manufacturing,Startup,Business,Annual,202.05,6.0,55.3,13.9,11.0,6,145,19,6210.64,5079.12
CUST_014578,0.99976486,1,1,High Risk,USA,North America,Education,Startup,Basic,Annual,36.38,4.0,31.8,10.6,2.0,25,191,21,1132.83,592.35
CUST_003206,0.9997644,1,1,High Risk,USA,North America,Healthcare,Startup,Basic,Monthly,25.18,1.0,41.6,7.0,20.0,4,92,18,876.35,471.81
CUST_012602,0.99976367,1,1,High Risk,UK,Europe,Manufacturing,Startup,Basic,Monthly,22.0,4.0,72.2,16.9,11.0,14,303,19,686.0,418.94
CUST_019256,0.99976367,1,1,High Risk,India,APAC,Education,Startup,Basic,Monthly,31.62,2.0,49.6,13.9,6.0,4,101,19,1158.54,773.82
CUST_006164,0.99976355,1,1,High Risk,UK,Europe,Retail,Startup,Business,Monthly,264.79,0.0,87.3,30.1,38.0,21,300,18,7480.89,6218.82
CUST_001625,0.9997633,1,1,High Risk,USA,North America,Healthcare,Startup,Basic,Annual,37.57,4.0,57.2,15.9,34.0,8,186,20,1249.59,809.16
CUST_015929,0.9997632,1,1,High Risk,Germany,Europe,Manufacturing,Startup,Basic,Monthly,22.42,3.0,45.9,10.6,12.0,17,465,15,491.67,236.65
CUST_011056,0.9997631,1,1,High Risk,USA,North America,Education,Startup,Professional,Monthly,69.77,5.0,10.5,0.7,-17.0,10,160,19,2278.27,1726.38
CUST_003867,0.99976295,1,1,High Risk,USA,North America,Healthcare,Small Business,Basic,Monthly,50.9,7.0,41.6,11.2,-9.0,8,206,17,1398.52,969.21
CUST_009002,0.99976295,1,1,High Risk,USA,North America,Finance,Startup,Professional,Annual,78.88,2.0,47.1,18.5,10.0,7,188,13,1787.19,1336.15
CUST_011830,0.9997627,1,1,High Risk,India,APAC,Education,Startup,Basic,Monthly,22.96,5.0,43.3,10.7,6.0,14,336,17,676.75,403.13
CUST_012279,0.9997625,1,1,High Risk,USA,North America,Finance,Startup,Business,Annual,222.12,5.0,23.4,5.7,12.0,16,188,16,5223.86,4183.67
CUST_012667,0.9997625,1,1,High Risk,USA,North America,Education,Mid-Market,Basic,Annual,133.16,8.0,49.3,13.9,-41.0,6,147,16,3440.41,2799.22
CUST_006630,0.9997625,1,1,High Risk,UK,Europe,Finance,Startup,Basic,Monthly,38.61,3.0,70.7,25.5,3.0,15,324,17,1029.87,593.15
CUST_013304,0.99976236,1,1,High Risk,India,APAC,Education,Small Business,Professional,Multi-Year,106.84,2.0,32.3,10.7,-15.0,10,154,18,3101.77,2410.57
CUST_018314,0.9997621,1,1,High Risk,India,APAC,Manufacturing,Startup,Professional,Monthly,71.1,8.0,52.5,15.0,-18.0,2,44,17,2678.09,2109.46
CUST_002964,0.999762,1,1,High Risk,UK,Europe,Finance,Startup,Professional,Monthly,80.83,6.0,36.0,8.6,0.0,4,76,16,2618.95,2047.19
CUST_016358,0.9997615,1,1,High Risk,USA,North America,Other,Startup,Professional,Annual,61.27,7.0,34.3,9.8,9.0,17,176,23,2096.13,1501.05
CUST_017828,0.9997615,1,1,High Risk,USA,North America,Technology,Startup,Professional,Monthly,82.75,2.0,63.2,22.8,29.0,17,208,17,2183.22,1619.19
CUST_007793,0.9997614,1,1,High Risk,UK,Europe,Education,Startup,Professional,Monthly,132.03,2.0,42.6,6.2,-1.0,9,234,15,3058.86,2412.25
CUST_010216,0.9997613,1,1,High Risk,USA,North America,Technology,Startup,Professional,Monthly,103.91,9.0,51.2,13.6,-27.0,9,197,17,3219.29,2554.96
CUST_013521,0.9997608,1,1,High Risk,USA,North America,Real Estate,Startup,Business,Annual,269.12,0.0,58.6,16.7,31.0,21,525,20,7357.7,6008.42
CUST_004048,0.9997607,1,1,High Risk,Germany,Europe,Finance,Small Business,Basic,Annual,56.01,5.0,51.4,16.2,-1.0,4,85,19,1939.91,1367.27
CUST_003769,0.99976057,1,1,High Risk,Germany,Europe,Healthcare,Startup,Business,Monthly,257.36,8.0,51.5,14.9,-41.0,26,430,18,6377.93,5199.61
CUST_000976,0.99976057,1,1,High Risk,Other,MEA,Education,Startup,Business,Monthly,205.15,11.0,37.4,4.0,-42.0,10,263,15,5014.21,4145.61
CUST_015698,0.9997603,1,1,High Risk,India,APAC,Healthcare,Mid-Market,Business,Annual,939.94,2.0,55.2,17.1,8.0,9,242,16,20691.23,17143.29
CUST_006923,0.9997601,1,1,High Risk,Germany,Europe,Manufacturing,Startup,Professional,Annual,97.36,0.0,56.0,6.1,18.0,11,172,19,2943.08,2251.9
CUST_007839,0.99975985,1,1,High Risk,USA,North America,Finance,Startup,Professional,Monthly,98.5,5.0,37.9,11.1,-45.0,3,91,16,2935.99,2297.7
CUST_005041,0.9997595,1,1,High Risk,Australia,APAC,Retail,Small Business,Business,Monthly,320.43,6.0,57.0,12.2,-19.0,10,204,15,8139.07,6752.16
CUST_016165,0.99975926,1,1,High Risk,USA,North America,Technology,Small Business,Basic,Monthly,53.11,3.0,50.3,19.4,3.0,4,68,24,2384.84,1713.64
CUST_008625,0.99975914,1,1,High Risk,Other,LATAM,Technology,Startup,Basic,Monthly,39.4,7.0,35.8,10.3,-25.0,10,261,15,900.01,579.05
CUST_018104,0.999759,1,1,High Risk,Australia,APAC,Real Estate,Startup,Business,Annual,244.66,5.0,39.2,16.6,-11.0,16,307,15,5432.95,4376.69
CUST_007607,0.999759,1,1,High Risk,Germany,Europe,Retail,Small Business,Professional,Annual,115.62,1.0,50.9,16.1,2.0,9,244,15,2811.59,2209.15
CUST_019380,0.9997589,1,1,High Risk,Germany,Europe,Finance,Startup,Basic,Annual,30.12,9.0,23.2,4.4,11.0,10,116,18,836.72,496.31
CUST_019116,0.9997589,1,1,High Risk,UK,Europe,Finance,Startup,Professional,Annual,110.35,1.0,36.0,12.2,12.0,20,310,17,2853.98,2165.2
CUST_019535,0.99975866,1,1,High Risk,India,APAC,Finance,Startup,Basic,Monthly,24.71,6.0,28.3,13.7,-10.0,12,344,16,698.9,354.72
CUST_013397,0.99975806,1,1,High Risk,USA,North America,Finance,Startup,Basic,Annual,41.56,2.0,39.2,4.9,-21.0,13,353,16,1153.2,806.08
CUST_006867,0.9997571,1,1,High Risk,Other,LATAM,Education,Startup,Basic,Monthly,25.34,5.0,48.9,14.1,-10.0,24,500,19,674.91,338.72
CUST_019337,0.9997571,1,1,High Risk,UK,Europe,Technology,Startup,Basic,Monthly,23.24,6.0,13.3,2.8,-5.0,9,243,18,687.38,330.35
CUST_014793,0.999757,1,1,High Risk,Canada,North America,Other,Startup,Basic,Monthly,44.0,5.0,59.1,23.2,17.0,8,234,15,1058.4,789.7
CUST_006059,0.99975675,1,1,High Risk,Germany,Europe,Finance,Startup,Basic,Monthly,28.84,3.0,56.0,19.2,22.0,4,89,22,1117.71,717.14
CUST_013053,0.99975663,1,1,High Risk,USA,North America,Manufacturing,Small Business,Professional,Annual,140.59,9.0,60.8,16.5,-16.0,11,273,15,2894.92,2239.31
CUST_015443,0.9997564,1,1,High Risk,USA,North America,Technology,Startup,Professional,Annual,87.31,0.0,14.7,3.3,-35.0,10,248,15,1925.02,1437.94
CUST_019701,0.99975616,1,1,High Risk,USA,North America,Technology,Startup,Basic,Monthly,27.32,7.0,41.8,8.7,-3.0,14,401,19,934.23,514.37
CUST_002745,0.9997558,1,1,High Risk,USA,North America,Healthcare,Small Business,Professional,Annual,154.01,5.0,24.7,4.0,-27.0,5,107,18,4914.16,3871.28
CUST_006730,0.9997552,1,1,High Risk,Germany,Europe,Education,Small Business,Professional,Monthly,183.11,2.0,44.3,4.3,6.0,14,162,18,5290.54,4363.63
CUST_004536,0.9997552,1,1,High Risk,USA,North America,Manufacturing,Small Business,Professional,Annual,122.69,8.0,30.4,2.4,2.0,15,408,21,4090.97,3209.34
CUST_001641,0.9997552,1,1,High Risk,USA,North America,Finance,Small Business,Professional,Annual,179.56,7.0,33.7,7.2,-11.0,4,81,19,5827.35,4720.31
CUST_006082,0.9997546,1,1,High Risk,USA,North America,Technology,Startup,Basic,Monthly,25.76,1.0,34.4,15.3,30.0,16,311,19,751.55,412.58
CUST_019004,0.9997545,1,1,High Risk,USA,North America,Manufacturing,Startup,Basic,Annual,34.93,8.0,19.4,3.5,-14.0,6,158,16,967.79,570.19
CUST_012402,0.99975437,1,1,High Risk,USA,North America,Manufacturing,Startup,Professional,Annual,85.36,3.0,48.5,14.6,-3.0,15,202,14,1892.27,1440.2
CUST_007104,0.99975425,1,1,High Risk,UK,Europe,Healthcare,Small Business,Professional,Monthly,185.98,1.0,63.7,25.6,28.0,20,265,18,5187.08,4271.1
CUST_010467,0.99975413,1,1,High Risk,Canada,North America,Retail,Startup,Basic,Monthly,32.16,5.0,46.6,15.2,8.0,17,243,18,868.61,506.62
CUST_010721,0.99975413,1,1,High Risk,UK,Europe,Real Estate,Startup,Professional,Monthly,138.25,1.0,23.0,3.4,9.0,21,450,17,3381.11,2686.19
CUST_012265,0.99975413,1,1,High Risk,Australia,APAC,Manufacturing,Startup,Professional,Monthly,94.73,4.0,35.9,0.0,-30.0,17,368,21,3184.73,2440.36
CUST_003927,0.99975413,1,1,High Risk,USA,North America,Retail,Startup,Basic,Monthly,25.39,6.0,42.6,8.5,-24.0,8,117,19,869.85,498.79
CUST_012126,0.999754,1,1,High Risk,Canada,North America,Technology,Startup,Basic,Monthly,37.52,5.0,50.7,19.1,1.0,20,559,18,928.36,554.85
CUST_005550,0.9997539,1,1,High Risk,Other,MEA,Technology,Startup,Professional,Annual,80.37,3.0,25.8,7.6,-15.0,20,479,20,2191.33,1611.88
CUST_019851,0.99975294,1,1,High Risk,Australia,APAC,Real Estate,Small Business,Professional,Monthly,196.06,5.0,39.7,10.3,-14.0,21,290,17,4609.76,3703.31
CUST_002588,0.9997526,1,1,High Risk,Germany,Europe,Retail,Startup,Basic,Monthly,30.52,3.0,43.6,9.2,-13.0,21,291,17,752.25,461.81
CUST_000930,0.99975234,1,1,High Risk,USA,North America,Healthcare,Small Business,Basic,Monthly,38.14,5.0,22.7,11.3,-54.0,25,603,19,972.82,578.91
CUST_017003,0.999752,1,1,High Risk,Other,MEA,Technology,Mid-Market,Business,Monthly,952.22,3.0,51.5,12.5,4.0,14,256,17,26094.97,22108.31
CUST_015318,0.9997515,1,1,High Risk,USA,North America,Technology,Startup,Professional,Monthly,104.52,3.0,48.7,12.6,-36.0,6,169,20,3491.49,2680.32
CUST_005682,0.99975055,1,1,High Risk,UK,Europe,Manufacturing,Startup,Professional,Monthly,82.88,4.0,53.0,11.5,6.0,2,52,17,3171.77,2536.59
CUST_008773,0.99975055,1,1,High Risk,Other,MEA,Real Estate,Startup,Basic,Monthly,36.07,2.0,57.6,27.0,9.0,15,244,19,1074.14,641.26
CUST_004825,0.99975055,1,1,High Risk,USA,North America,Real Estate,Startup,Professional,Monthly,74.26,6.0,32.7,6.7,-21.0,24,540,19,1915.31,1420.86
CUST_009190,0.99975044,1,1,High Risk,UK,Europe,Healthcare,Small Business,Professional,Annual,127.23,3.0,46.9,11.4,-25.0,3,61,18,4099.45,3212.1
CUST_004732,0.9997502,1,1,High Risk,USA,North America,Technology,Small Business,Professional,Annual,151.94,3.0,25.8,9.7,-2.0,7,166,18,4582.36,3660.47
CUST_016503,0.9997501,1,1,High Risk,Canada,North America,Healthcare,Startup,Basic,Monthly,24.62,6.0,45.8,13.0,11.0,15,309,16,610.78,334.23
CUST_011320,0.99974984,1,1,High Risk,Other,LATAM,Technology,Startup,Basic,Monthly,29.89,6.0,64.6,29.8,-19.0,10,190,17,896.15,598.27
CUST_016889,0.99974984,1,1,High Risk,USA,North America,Real Estate,Startup,Professional,Annual,95.93,1.0,30.4,9.9,-10.0,21,568,22,2747.0,2041.89
CUST_010425,0.9997495,1,1,High Risk,Australia,APAC,Technology,Small Business,Professional,Monthly,178.79,8.0,45.5,11.7,28.0,4,99,18,5812.97,4633.38
CUST_012823,0.9997491,1,1,High Risk,USA,North America,Real Estate,Startup,Professional,Monthly,93.85,2.0,55.2,10.9,14.0,10,211,14,2303.66,1725.05
CUST_005671,0.9997491,1,1,High Risk,USA,North America,Technology,Startup,Basic,Annual,27.65,7.0,56.0,12.3,24.0,19,362,16,684.96,394.49
CUST_008515,0.99974793,1,1,High Risk,USA,North America,Finance,Startup,Basic,Annual,24.45,5.0,54.7,13.8,36.0,21,524,18,538.92,232.27
CUST_018013,0.9997477,1,1,High Risk,UK,Europe,Retail,Startup,Professional,Monthly,82.41,3.0,41.1,6.9,4.0,6,80,21,3096.77,2432.97
CUST_006998,0.99974746,1,1,High Risk,USA,North America,Manufacturing,Startup,Basic,Monthly,45.97,7.0,33.2,4.3,-33.0,17,207,15,1022.58,704.38
CUST_014152,0.999747,1,1,High Risk,India,APAC,Real Estate,Mid-Market,Professional,Multi-Year,285.73,4.0,66.4,18.2,45.0,15,344,23,9170.21,7447.22
CUST_002490,0.99974686,1,1,High Risk,USA,North America,Finance,Small Business,Professional,Monthly,170.78,5.0,54.9,10.8,11.0,19,304,17,4461.03,3584.2
CUST_009782,0.99974555,1,1,High Risk,UK,Europe,Other,Startup,Basic,Monthly,22.46,3.0,45.1,17.4,2.0,8,189,18,701.88,315.88
CUST_018578,0.9997452,1,1,High Risk,UK,Europe,Education,Small Business,Business,Annual,410.53,5.0,39.0,12.9,2.0,25,707,18,9983.64,8292.11
CUST_005591,0.9997451,1,1,High Risk,Germany,Europe,Manufacturing,Mid-Market,Business,Multi-Year,794.93,1.0,53.3,9.5,11.0,12,299,17,17226.57,14159.38
CUST_010315,0.9997446,1,1,High Risk,USA,North America,Other,Small Business,Professional,Monthly,112.36,6.0,49.0,7.4,13.0,12,162,24,3957.64,3040.2
CUST_011914,0.9997446,1,1,High Risk,USA,North America,Technology,Small Business,Professional,Annual,171.58,3.0,38.6,15.7,17.0,2,42,20,7322.18,5931.4
CUST_014553,0.9997446,1,1,High Risk,UK,Europe,Finance,Startup,Professional,Monthly,86.14,1.0,44.3,10.0,-3.0,4,86,18,3075.49,2389.43
CUST_012403,0.9997445,1,1,High Risk,USA,North America,Finance,Startup,Basic,Monthly,30.56,1.0,37.1,13.0,0.0,20,272,21,966.55,534.73
CUST_007887,0.99974364,1,1,High Risk,UK,Europe,Other,Startup,Professional,Monthly,101.68,4.0,40.0,18.0,-3.0,16,243,14,2406.66,1900.01
CUST_014740,0.9997435,1,1,High Risk,USA,North America,Education,Startup,Basic,Monthly,29.65,4.0,49.0,15.5,37.0,3,54,18,1118.53,698.12
CUST_015429,0.9997434,1,1,High Risk,UK,Europe,Technology,Startup,Basic,Monthly,25.8,2.0,68.9,23.6,18.0,19,551,19,721.0,367.11
CUST_005695,0.9997433,1,1,High Risk,Canada,North America,Healthcare,Startup,Basic,Monthly,43.85,7.0,64.1,12.7,5.0,19,216,16,1126.83,771.61
CUST_019760,0.99974304,1,1,High Risk,Other,LATAM,Education,Startup,Basic,Monthly,27.94,2.0,65.8,24.3,-10.0,7,163,17,773.0,448.44
CUST_010779,0.9997423,1,1,High Risk,USA,North America,Technology,Startup,Professional,Monthly,58.35,5.0,52.6,12.1,2.0,23,280,18,1657.05,1192.33
CUST_005666,0.999742,1,1,High Risk,Other,LATAM,Other,Startup,Basic,Monthly,33.58,4.0,51.6,18.4,-12.0,7,100,20,1189.72,748.36
CUST_007641,0.99974173,1,1,High Risk,USA,North America,Technology,Startup,Basic,Monthly,28.36,3.0,34.4,10.1,-2.0,18,328,21,926.7,538.21
CUST_019502,0.99974126,1,1,High Risk,Germany,Europe,Technology,Small Business,Professional,Monthly,146.27,4.0,46.8,17.6,-18.0,9,227,17,4325.17,3436.02
CUST_003757,0.999741,1,1,High Risk,Australia,APAC,Healthcare,Startup,Basic,Annual,34.42,7.0,56.0,13.5,-10.0,18,476,22,1040.01,586.85
CUST_008051,0.99974054,1,1,High Risk,Germany,Europe,Finance,Small Business,Professional,Annual,183.7,6.0,38.3,11.7,-13.0,24,197,18,4848.5,3870.22
CUST_009261,0.9997396,1,1,High Risk,India,APAC,Healthcare,Startup,Basic,Annual,32.4,4.0,54.7,16.0,-15.0,13,370,17,1015.51,657.68
CUST_012201,0.99973947,1,1,High Risk,USA,North America,Other,Small Business,Professional,Annual,94.02,0.0,35.5,12.1,37.0,5,96,20,3332.54,2551.16
CUST_015129,0.9997391,1,1,High Risk,UK,Europe,Finance,Startup,Professional,Monthly,89.11,7.0,32.6,9.2,-32.0,18,343,16,2195.66,1599.14
CUST_006087,0.999739,1,1,High Risk,UK,Europe,Education,Mid-Market,Enterprise,Annual,2849.02,3.0,48.5,9.8,-17.0,22,229,22,84138.98,70284.58
CUST_012077,0.9997385,1,1,High Risk,USA,North America,Manufacturing,Mid-Market,Business,Annual,1116.21,6.0,54.0,5.4,10.0,11,278,17,25247.19,20821.62
CUST_015605,0.9997383,1,1,High Risk,USA,North America,Education,Startup,Professional,Multi-Year,80.8,4.0,41.9,13.8,-10.0,22,281,19,2093.63,1529.62
CUST_011258,0.9997373,1,1,High Risk,USA,North America,Manufacturing,Startup,Basic,Annual,31.64,5.0,23.3,10.0,-23.0,3,68,15,782.04,479.99
CUST_015696,0.9997372,1,1,High Risk,Other,MEA,Healthcare,Small Business,Professional,Annual,111.32,4.0,65.6,15.6,23.0,4,101,21,4172.58,3210.51
CUST_005717,0.9997367,1,1,High Risk,Other,LATAM,Real Estate,Small Business,Basic,Annual,47.26,6.0,66.2,22.9,34.0,19,543,19,1195.83,785.75
CUST_011841,0.99973637,1,1,High Risk,UK,Europe,Manufacturing,Small Business,Business,Monthly,391.04,2.0,58.4,20.2,28.0,10,251,14,8648.49,7206.77
CUST_016449,0.99973613,1,1,High Risk,USA,North America,Manufacturing,Small Business,Enterprise,Multi-Year,1709.26,5.0,66.3,19.7,17.0,15,223,17,43432.03,36462.09
CUST_003514,0.9997358,1,1,High Risk,India,APAC,Technology,Startup,Basic,Annual,26.56,6.0,21.4,6.3,-17.0,4,87,16,783.11,476.34
CUST_007881,0.9997354,1,1,High Risk,India,APAC,Healthcare,Small Business,Professional,Monthly,94.87,5.0,43.5,10.0,-13.0,14,252,16,2580.35,1975.75
CUST_018147,0.9997353,1,1,High Risk,India,APAC,Finance,Mid-Market,Business,Multi-Year,794.72,5.0,51.9,12.6,-5.0,18,270,23,22322.23,18269.41
CUST_010706,0.99973494,1,1,High Risk,USA,North America,Retail,Startup,Basic,Monthly,27.94,7.0,39.5,10.8,22.0,9,178,16,726.69,354.64
CUST_015040,0.9997348,1,1,High Risk,USA,North America,Healthcare,Mid-Market,Business,Annual,1142.85,3.0,39.4,5.6,26.0,12,160,19,32954.21,27426.39
CUST_002934,0.9997348,1,1,High Risk,Australia,APAC,Technology,Small Business,Business,Multi-Year,451.46,4.0,35.9,8.7,-6.0,7,120,20,12605.05,10125.06
CUST_004028,0.99973434,1,1,High Risk,USA,North America,Manufacturing,Startup,Professional,Monthly,83.0,6.0,39.0,9.0,-37.0,7,107,22,3211.28,2426.29
CUST_006623,0.99973434,1,1,High Risk,USA,North America,Education,Startup,Business,Monthly,263.51,6.0,43.0,9.4,-21.0,12,232,16,7078.65,5895.46
CUST_008610,0.9997341,1,1,High Risk,Canada,North America,Retail,Small Business,Business,Annual,342.17,4.0,41.9,2.3,-15.0,15,342,15,8114.04,6797.97
CUST_012170,0.9997341,1,1,High Risk,Canada,North America,Finance,Startup,Basic,Annual,26.66,3.0,51.3,23.7,4.0,17,313,17,698.7,383.68
CUST_018253,0.999734,1,1,High Risk,USA,North America,Technology,Startup,Basic,Monthly,31.63,4.0,48.3,7.3,23.0,14,294,16,847.39,510.73
CUST_007535,0.99973375,1,1,High Risk,Germany,Europe,Retail,Startup,Professional,Monthly,92.07,4.0,47.9,7.0,-13.0,7,162,15,2200.91,1655.45
CUST_017067,0.9997336,1,1,High Risk,USA,North America,Healthcare,Startup,Basic,Monthly,27.98,6.0,41.1,10.0,-1.0,1,30,18,1131.65,749.31
CUST_001581,0.9997335,1,1,High Risk,USA,North America,Finance,Small Business,Business,Monthly,393.89,1.0,72.7,18.8,3.0,16,288,19,11768.44,9800.61
CUST_008799,0.9997334,1,1,High Risk,India,APAC,Manufacturing,Small Business,Basic,Monthly,42.43,5.0,44.5,13.6,-47.0,13,140,19,1383.24,1005.35
CUST_008276,0.99973315,1,1,High Risk,USA,North America,Retail,Small Business,Professional,Monthly,149.36,3.0,52.0,13.6,16.0,13,310,19,4519.72,3645.33
CUST_012030,0.99973255,1,1,High Risk,Germany,Europe,Retail,Small Business,Professional,Annual,125.6,6.0,41.8,7.8,6.0,13,260,14,2667.01,2079.93
CUST_003820,0.9997323,1,1,High Risk,USA,North America,Retail,Startup,Professional,Monthly,90.29,4.0,53.3,19.7,4.0,17,397,19,2741.15,2150.5
CUST_018629,0.9997322,1,1,High Risk,UK,Europe,Education,Small Business,Basic,Monthly,55.36,4.0,37.0,0.0,4.0,7,170,16,1618.94,1228.63
CUST_009256,0.99973184,1,1,High Risk,Canada,North America,Other,Startup,Professional,Monthly,63.99,3.0,34.0,11.9,1.0,21,302,16,1599.67,1165.39
CUST_003227,0.99973184,1,1,High Risk,USA,North America,Finance,Startup,Professional,Monthly,67.67,6.0,33.2,2.5,-33.0,17,368,18,1824.46,1301.14
CUST_004864,0.9997317,1,1,High Risk,USA,North America,Manufacturing,Startup,Basic,Annual,23.24,7.0,44.0,9.9,-2.0,18,503,15,411.75,119.9
CUST_015366,0.9997315,1,1,High Risk,USA,North America,Healthcare,Startup,Basic,Monthly,43.53,3.0,67.0,23.4,24.0,4,70,19,1543.84,1089.36
CUST_016774,0.99973124,1,1,High Risk,USA,North America,Technology,Small Business,Business,Annual,283.34,2.0,61.4,22.3,49.0,11,151,18,7396.8,6000.6
CUST_000595,0.999731,1,1,High Risk,Germany,Europe,Technology,Startup,Basic,Monthly,29.54,6.0,46.6,12.6,-32.0,14,149,22,1017.61,592.38
CUST_002947,0.9997303,1,1,High Risk,USA,North America,Education,Startup,Enterprise,Monthly,751.66,6.0,26.0,8.0,-21.0,13,232,15,18633.94,15875.43
CUST_008452,0.9997303,1,1,High Risk,USA,North America,Technology,Small Business,Business,Annual,281.4,7.0,36.2,11.7,-26.0,8,103,17,8575.06,7085.89
CUST_009113,0.99973005,1,1,High Risk,India,APAC,Education,Startup,Professional,Annual,80.67,3.0,22.9,0.0,-8.0,14,144,22,2981.71,2233.42
CUST_007964,0.99973005,1,1,High Risk,Germany,Europe,Real Estate,Small Business,Professional,Annual,205.12,9.0,33.4,11.2,-8.0,10,220,16,4921.41,4009.23
CUST_019416,0.9997297,1,1,High Risk,USA,North America,Manufacturing,Startup,Professional,Monthly,70.89,6.0,44.9,15.4,-7.0,19,242,15,1676.45,1220.96
CUST_012094,0.99972874,1,1,High Risk,USA,North America,Real Estate,Small Business,Business,Annual,411.43,6.0,31.2,13.8,7.0,10,182,18,12337.43,10388.37
CUST_009592,0.9997279,1,1,High Risk,India,APAC,Other,Startup,Professional,Monthly,81.98,5.0,59.9,16.1,-2.0,7,145,20,3089.89,2389.42
CUST_005746,0.9997271,1,1,High Risk,USA,North America,Manufacturing,Startup,Professional,Monthly,76.0,4.0,39.0,3.6,10.0,8,202,13,1623.88,1125.76
CUST_018983,0.9997271,1,1,High Risk,Canada,North America,Finance,Startup,Basic,Monthly,28.31,3.0,51.0,14.2,-2.0,17,459,15,632.91,368.46
CUST_013428,0.99972695,1,1,High Risk,Australia,APAC,Finance,Small Business,Business,Monthly,345.81,7.0,46.5,15.5,-23.0,20,287,20,11086.14,9287.13
CUST_019290,0.99972683,1,1,High Risk,Germany,Europe,Technology,Small Business,Professional,Monthly,91.93,3.0,48.2,16.6,-7.0,6,111,17,2841.62,2227.49
CUST_006433,0.9997266,1,1,High Risk,USA,North America,Education,Startup,Basic,Monthly,33.72,2.0,63.8,13.5,10.0,12,227,19,1061.03,647.7
CUST_010103,0.99972576,1,1,High Risk,India,APAC,Technology,Startup,Professional,Monthly,59.32,4.0,39.6,10.7,3.0,18,267,14,1364.79,996.92
CUST_018506,0.9997253,1,1,High Risk,USA,North America,Manufacturing,Small Business,Basic,Annual,33.53,9.0,26.6,0.0,6.0,11,217,16,766.87,432.09
CUST_011430,0.99972373,1,1,High Risk,USA,North America,Healthcare,Startup,Professional,Monthly,86.31,5.0,24.8,9.4,22.0,23,364,18,2101.44,1534.83
CUST_019255,0.9997236,1,1,High Risk,Australia,APAC,Finance,Startup,Professional,Annual,121.61,5.0,38.0,15.7,-44.0,17,157,19,3853.63,3071.77
CUST_002951,0.9997234,1,1,High Risk,USA,North America,Healthcare,Small Business,Professional,Monthly,142.3,4.0,29.8,0.7,-22.0,8,213,19,4439.0,3533.14
CUST_010969,0.9997228,1,1,High Risk,USA,North America,Manufacturing,Startup,Professional,Monthly,58.26,4.0,40.0,12.3,-9.0,23,591,18,1334.11,890.78
CUST_012546,0.9997228,1,1,High Risk,UK,Europe,Retail,Small Business,Professional,Annual,201.24,5.0,40.0,13.2,-12.0,10,92,21,6416.25,5188.96
CUST_011001,0.99972266,1,1,High Risk,Canada,North America,Retail,Startup,Basic,Monthly,23.6,3.0,23.1,10.8,-36.0,25,633,19,512.38,174.01
CUST_003017,0.99972206,1,1,High Risk,USA,North America,Finance,Small Business,Business,Monthly,440.04,3.0,56.0,14.9,20.0,16,310,15,10830.12,9076.89
CUST_007172,0.9997218,1,1,High Risk,Australia,APAC,Technology,Startup,Basic,Annual,20.74,9.0,31.2,11.3,18.0,16,400,17,513.16,222.22
CUST_015960,0.9997218,1,1,High Risk,USA,North America,Technology,Startup,Professional,Monthly,85.49,7.0,36.6,18.4,-27.0,11,234,14,1931.31,1443.52
CUST_000166,0.9997212,1,1,High Risk,USA,North America,Manufacturing,Small Business,Business,Annual,390.46,6.0,53.5,11.5,8.0,18,275,16,9362.36,7772.17
CUST_002946,0.9997211,1,1,High Risk,Germany,Europe,Technology,Small Business,Basic,Monthly,37.11,5.0,59.9,18.0,-2.0,12,290,14,855.56,538.64
CUST_010507,0.9997211,1,1,High Risk,USA,North America,Finance,Startup,Basic,Monthly,31.44,5.0,39.3,6.6,30.0,12,155,21,1083.85,651.82
CUST_019525,0.999721,1,1,High Risk,USA,North America,Other,Startup,Basic,Monthly,34.92,6.0,48.8,11.6,4.0,6,145,16,979.14,665.6
CUST_004332,0.999721,1,1,High Risk,USA,North America,Manufacturing,Mid-Market,Enterprise,Annual,4134.38,5.0,30.7,4.3,-4.0,15,249,17,97802.46,82572.05
CUST_014063,0.9997209,1,1,High Risk,USA,North America,Technology,Startup,Professional,Monthly,115.33,8.0,34.2,7.4,-4.0,14,214,14,2496.18,1978.86
CUST_002269,0.99972075,1,1,High Risk,USA,North America,Technology,Startup,Professional,Monthly,81.2,5.0,51.5,9.9,14.0,12,129,19,2651.26,2037.01
CUST_002807,0.9997197,1,1,High Risk,Germany,Europe,Retail,Startup,Professional,Monthly,109.45,3.0,55.4,23.7,13.0,24,333,18,2915.11,2278.6
CUST_004827,0.99971956,1,1,High Risk,USA,North America,Retail,Startup,Professional,Monthly,75.51,7.0,57.4,16.0,-25.0,24,652,18,1810.33,1298.02
CUST_012601,0.99971956,1,1,High Risk,Other,LATAM,Healthcare,Small Business,Professional,Annual,170.07,2.0,76.4,25.7,38.0,13,273,18,4551.59,3625.34
CUST_015056,0.99971956,1,1,High Risk,USA,North America,Real Estate,Startup,Basic,Monthly,24.96,6.0,40.7,12.9,3.0,25,620,20,640.68,277.73
CUST_000732,0.99971944,1,1,High Risk,Germany,Europe,Manufacturing,Small Business,Professional,Monthly,173.15,1.0,74.2,21.7,6.0,8,152,20,5935.16,4796.83
CUST_015377,0.9997192,1,1,High Risk,USA,North America,Manufacturing,Small Business,Professional,Monthly,152.83,2.0,62.6,18.5,24.0,7,163,20,5165.99,4125.29
CUST_008243,0.9997191,1,1,High Risk,USA,North America,Finance,Startup,Basic,Monthly,28.3,3.0,62.7,15.1,-14.0,15,266,16,766.19,374.07
CUST_011407,0.9997185,1,1,High Risk,Canada,North America,Manufacturing,Small Business,Professional,Monthly,148.79,4.0,33.0,5.0,-28.0,11,141,21,4508.59,3472.4
CUST_016284,0.99971837,1,1,High Risk,USA,North America,Retail,Small Business,Professional,Annual,133.19,0.0,47.7,13.8,-22.0,23,667,18,2867.34,2183.19
CUST_013575,0.9997178,1,1,High Risk,India,APAC,Real Estate,Small Business,Professional,Multi-Year,116.52,3.0,41.7,15.6,-26.0,5,139,19,3461.18,2632.99
CUST_015956,0.9997174,1,1,High Risk,USA,North America,Real Estate,Startup,Basic,Monthly,31.09,4.0,41.6,7.5,12.0,6,148,21,1129.73,627.68
CUST_017608,0.9997174,1,1,High Risk,USA,North America,Manufacturing,Startup,Professional,Monthly,81.23,4.0,41.9,4.1,9.0,15,125,19,2611.86,1980.04
CUST_019952,0.99971706,1,1,High Risk,USA,North America,Real Estate,Startup,Basic,Monthly,44.93,2.0,31.1,12.8,19.0,10,189,17,1157.58,724.14
CUST_012880,0.9997166,1,1,High Risk,USA,North America,Technology,Startup,Professional,Monthly,83.75,7.0,41.0,5.4,-1.0,6,114,20,2819.96,2133.93
CUST_002876,0.9997166,1,1,High Risk,USA,North America,Technology,Startup,Basic,Monthly,21.26,1.0,47.6,6.0,-4.0,13,149,17,576.59,259.88
CUST_011409,0.99971646,1,1,High Risk,USA,North America,Finance,Startup,Professional,Annual,71.29,7.0,40.6,11.1,-7.0,16,424,21,2065.29,1558.3
CUST_002168,0.99971634,1,1,High Risk,Germany,Europe,Education,Startup,Basic,Annual,32.45,9.0,35.5,2.5,-16.0,8,90,19,1092.79,644.38
CUST_011450,0.999716,1,1,High Risk,Canada,North America,Retail,Startup,Basic,Annual,31.94,9.0,37.5,6.0,-33.0,24,670,20,736.71,356.06
CUST_004108,0.99971586,1,1,High Risk,UK,Europe,Real Estate,Startup,Professional,Annual,86.83,3.0,28.0,5.0,-17.0,3,56,20,3257.21,2463.88
CUST_002725,0.99971575,1,1,High Risk,USA,North America,Technology,Mid-Market,Professional,Multi-Year,335.7,5.0,45.9,12.4,-31.0,19,351,20,8997.84,7242.36
CUST_009873,0.9997155,1,1,High Risk,Australia,APAC,Retail,Small Business,Business,Annual,370.48,4.0,64.7,18.6,20.0,22,560,19,8573.84,7095.99
CUST_018274,0.9997155,1,1,High Risk,USA,North America,Technology,Startup,Basic,Monthly,31.51,8.0,41.3,10.2,-12.0,8,178,16,843.77,555.88
CUST_008082,0.99971527,1,1,High Risk,Germany,Europe,Technology,Startup,Business,Annual,241.45,2.0,51.3,19.1,24.0,22,454,17,5320.42,4364.32
CUST_015648,0.99971515,1,1,High Risk,USA,North America,Manufacturing,Startup,Professional,Monthly,74.52,10.0,45.2,13.1,5.0,23,344,18,1940.58,1402.17
CUST_010684,0.99971455,1,1,High Risk,Germany,Europe,Education,Startup,Basic,Annual,30.87,6.0,32.9,15.5,15.0,15,150,20,1006.89,539.73
CUST_008436,0.99971443,1,1,High Risk,UK,Europe,Real Estate,Startup,Basic,Monthly,31.2,7.0,46.7,18.5,-2.0,14,332,16,821.19,442.68
CUST_007520,0.9997142,1,1,High Risk,USA,North America,Other,Small Business,Business,Monthly,382.57,5.0,30.8,6.2,-17.0,17,207,16,9568.54,7921.15
CUST_006644,0.99971396,1,1,High Risk,USA,North America,Real Estate,Startup,Basic,Monthly,27.69,6.0,15.7,6.9,-7.0,20,347,14,579.36,329.95
CUST_007101,0.9997137,1,1,High Risk,Australia,APAC,Technology,Startup,Professional,Monthly,85.93,6.0,38.0,16.7,3.0,23,547,18,2045.42,1545.71
CUST_008248,0.9997135,1,1,High Risk,USA,North America,Real Estate,Small Business,Professional,Monthly,175.19,4.0,29.7,8.2,-27.0,2,33,19,6621.21,5313.33
CUST_001564,0.99971336,1,1,High Risk,USA,North America,Real Estate,Startup,Professional,Monthly,100.57,5.0,36.1,10.4,6.0,5,75,19,3436.53,2646.11
CUST_016450,0.99971336,1,1,High Risk,UK,Europe,Manufacturing,Small Business,Professional,Monthly,154.29,6.0,41.8,15.8,-9.0,4,73,16,4912.51,3917.83
CUST_007754,0.9997123,1,1,High Risk,Canada,North America,Retail,Startup,Professional,Monthly,80.58,5.0,53.1,22.6,6.0,21,289,17,2092.93,1493.13
CUST_004044,0.99971217,1,1,High Risk,UK,Europe,Healthcare,Startup,Basic,Monthly,25.17,3.0,44.6,14.4,-12.0,15,366,21,925.72,568.9
CUST_013771,0.99971217,1,1,High Risk,Canada,North America,Manufacturing,Small Business,Basic,Annual,46.75,4.0,56.0,12.8,2.0,5,91,23,1926.65,1303.57
CUST_018949,0.99971193,1,1,High Risk,Other,LATAM,Healthcare,Startup,Basic,Monthly,29.61,2.0,81.3,22.3,26.0,13,313,22,1091.63,625.4
CUST_010496,0.99971193,1,1,High Risk,Australia,APAC,Technology,Mid-Market,Business,Annual,973.67,1.0,57.6,17.7,34.0,12,158,19,27163.73,22620.22
CUST_016646,0.9997118,1,1,High Risk,Canada,North America,Manufacturing,Startup,Basic,Monthly,38.87,5.0,22.3,6.1,-1.0,2,35,18,1505.96,1067.35
CUST_013699,0.99971133,1,1,High Risk,Australia,APAC,Technology,Startup,Business,Monthly,175.52,10.0,27.9,4.5,-61.0,26,363,18,4677.24,3813.68
CUST_012193,0.99971133,1,1,High Risk,USA,North America,Finance,Small Business,Professional,Monthly,140.88,0.0,32.5,12.3,40.0,10,300,15,3238.82,2537.85
CUST_008235,0.9997112,1,1,High Risk,Other,MEA,Real Estate,Startup,Professional,Monthly,94.36,2.0,27.7,4.3,27.0,11,263,18,2638.24,2042.01
CUST_002643,0.99971086,1,1,High Risk,Canada,North America,Technology,Startup,Basic,Monthly,31.48,3.0,37.8,7.7,10.0,9,220,14,769.05,454.44
CUST_014572,0.99971086,1,1,High Risk,Australia,APAC,Retail,Mid-Market,Business,Annual,819.87,3.0,84.4,25.2,3.0,12,219,17,20930.85,17514.19
CUST_014263,0.99971026,1,1,High Risk,USA,North America,Technology,Small Business,Enterprise,Monthly,1378.19,6.0,42.7,17.7,19.0,4,111,19,49073.11,41567.26
CUST_003551,0.99971,1,1,High Risk,India,APAC,Finance,Startup,Professional,Annual,119.96,3.0,37.2,6.7,-33.0,25,696,17,2643.35,2081.9
CUST_019346,0.99971,1,1,High Risk,USA,North America,Real Estate,Startup,Professional,Monthly,109.8,4.0,47.0,12.8,15.0,23,605,18,2531.99,1995.01
CUST_016736,0.99970967,1,1,High Risk,USA,North America,Retail,Startup,Basic,Monthly,31.04,5.0,42.9,18.3,-27.0,13,286,19,984.24,560.49
CUST_008226,0.99970955,1,1,High Risk,India,APAC,Manufacturing,Small Business,Professional,Monthly,133.19,1.0,52.4,13.9,14.0,17,497,18,3405.75,2574.41
CUST_018030,0.99970835,1,1,High Risk,USA,North America,Retail,Mid-Market,Business,Annual,980.04,4.0,42.1,13.6,6.0,13,272,16,22242.14,18876.31
CUST_016037,0.99970824,1,1,High Risk,India,APAC,Manufacturing,Startup,Basic,Monthly,30.56,8.0,55.7,21.9,-25.0,5,103,20,1015.03,592.16
CUST_007010,0.99970824,1,1,High Risk,India,APAC,Healthcare,Startup,Basic,Monthly,23.91,2.0,64.2,13.9,-6.0,21,315,20,737.58,393.02
CUST_000155,0.99970776,1,1,High Risk,UK,Europe,Healthcare,Startup,Business,Annual,247.37,3.0,39.6,16.8,-1.0,21,442,17,6221.86,5011.69
CUST_005113,0.9997075,1,1,High Risk,India,APAC,Real Estate,Small Business,Basic,Annual,49.52,8.0,47.9,16.9,-27.0,7,110,17,1411.37,1023.79
CUST_014713,0.99970704,1,1,High Risk,USA,North America,Real Estate,Startup,Basic,Monthly,39.17,4.0,49.1,13.7,6.0,19,383,19,1120.72,727.42
CUST_009419,0.9997069,1,1,High Risk,India,APAC,Technology,Startup,Basic,Annual,27.62,8.0,31.8,4.6,-4.0,12,282,14,593.35,278.35
CUST_019876,0.9997069,1,1,High Risk,USA,North America,Manufacturing,Startup,Professional,Monthly,63.44,5.0,47.3,7.7,12.0,25,581,17,1488.02,1096.88
CUST_000429,0.9997067,1,1,High Risk,USA,North America,Manufacturing,Startup,Basic,Monthly,26.12,7.0,40.4,10.0,-25.0,26,534,22,743.69,382.98
CUST_000827,0.9997061,1,1,High Risk,India,APAC,Retail,Startup,Professional,Annual,83.78,4.0,40.3,6.7,-28.0,17,338,16,2082.9,1570.09
CUST_006114,0.99970585,1,1,High Risk,USA,North America,Healthcare,Startup,Basic,Monthly,29.6,5.0,59.2,22.7,32.0,20,485,19,810.89,410.59
CUST_013871,0.99970573,1,1,High Risk,Other,LATAM,Technology,Startup,Professional,Monthly,86.87,7.0,61.4,23.5,-1.0,19,138,21,2962.81,2287.03
CUST_005731,0.9997055,1,1,High Risk,USA,North America,Retail,Small Business,Basic,Annual,57.52,6.0,25.9,7.9,-53.0,17,347,14,1250.24,885.73
CUST_017831,0.9997055,1,1,High Risk,Other,LATAM,Healthcare,Startup,Professional,Monthly,112.05,6.0,45.1,12.5,4.0,23,683,24,3263.72,2474.32
CUST_006965,0.99970526,1,1,High Risk,India,APAC,Education,Startup,Basic,Monthly,36.58,10.0,38.6,5.2,-24.0,26,232,18,1069.13,640.62
CUST_013447,0.9997048,1,1,High Risk,Germany,Europe,Healthcare,Small Business,Business,Monthly,382.09,7.0,45.1,7.3,-28.0,11,268,15,8259.0,6905.58
CUST_015726,0.9997048,1,1,High Risk,UK,Europe,Finance,Startup,Basic,Monthly,22.28,3.0,50.1,20.0,24.0,13,329,21,765.61,370.13
CUST_007558,0.99970466,1,1,High Risk,USA,North America,Real Estate,Small Business,Professional,Annual,180.16,4.0,62.3,22.2,4.0,12,296,15,4058.42,3229.2
CUST_013446,0.99970454,1,1,High Risk,Germany,Europe,Education,Startup,Basic,Monthly,31.0,0.0,67.7,18.8,-11.0,16,407,17,789.44,428.81
CUST_018560,0.9997037,1,1,High Risk,UK,Europe,Real Estate,Startup,Business,Annual,212.23,5.0,47.4,19.8,11.0,6,151,21,7751.11,6330.85
CUST_015098,0.9997037,1,1,High Risk,UK,Europe,Retail,Startup,Basic,Monthly,18.99,3.0,59.2,16.6,12.0,8,179,15,482.47,253.75
CUST_007398,0.99970347,1,1,High Risk,USA,North America,Technology,Startup,Basic,Monthly,27.28,6.0,72.5,16.5,17.0,8,170,20,1002.85,592.04
CUST_008718,0.9997032,1,1,High Risk,USA,North America,Manufacturing,Startup,Professional,Monthly,106.89,6.0,28.0,13.0,-40.0,3,68,14,2989.56,2392.72
CUST_010169,0.9997032,1,1,High Risk,Germany,Europe,Other,Startup,Professional,Monthly,94.51,0.0,59.0,21.1,44.0,14,213,15,2300.15,1712.79
CUST_008668,0.99970275,1,1,High Risk,Canada,North America,Real Estate,Startup,Basic,Annual,30.99,4.0,36.9,6.3,-10.0,21,438,22,907.3,557.47
CUST_000811,0.9997025,1,1,High Risk,India,APAC,Education,Small Business,Professional,Monthly,140.79,6.0,33.9,13.2,-32.0,4,62,19,5270.35,4262.64
CUST_001432,0.9997024,1,1,High Risk,UK,Europe,Retail,Small Business,Basic,Monthly,61.66,3.0,61.8,18.7,-1.0,13,137,17,1763.64,1282.21
CUST_008023,0.99970216,1,1,High Risk,Germany,Europe,Technology,Small Business,Business,Annual,330.23,5.0,58.3,8.1,10.0,15,343,16,7574.81,6135.66
CUST_016687,0.9997019,1,1,High Risk,India,APAC,Technology,Mid-Market,Professional,Monthly,353.1,3.0,59.2,18.0,15.0,11,122,19,11429.37,9547.16
CUST_013353,0.9997018,1,1,High Risk,Australia,APAC,Retail,Startup,Professional,Monthly,74.08,2.0,48.8,16.7,9.0,9,118,20,2530.36,1971.32
CUST_003300,0.99970144,1,1,High Risk,India,APAC,Finance,Startup,Basic,Annual,34.33,1.0,57.6,21.0,6.0,15,299,16,879.47,549.15
CUST_011696,0.9997009,1,1,High Risk,Canada,North America,Retail,Startup,Basic,Monthly,26.49,5.0,48.2,17.4,-3.0,14,287,16,703.91,364.23
CUST_011816,0.9997009,1,1,High Risk,USA,North America,Healthcare,Small Business,Business,Monthly,316.39,4.0,47.3,12.2,1.0,11,258,16,6705.52,5332.8
CUST_017030,0.99970067,1,1,High Risk,USA,North America,Healthcare,Startup,Basic,Monthly,40.29,2.0,23.6,15.7,11.0,12,271,18,1201.95,803.87
CUST_007190,0.99970055,1,1,High Risk,Canada,North America,Healthcare,Startup,Professional,Monthly,80.57,6.0,56.8,12.3,-24.0,11,216,19,2452.31,1862.45
CUST_008307,0.99970055,1,1,High Risk,UK,Europe,Finance,Startup,Basic,Monthly,49.13,4.0,46.6,11.9,-35.0,18,448,15,1081.62,754.94
CUST_017847,0.9997002,1,1,High Risk,Canada,North America,Retail,Startup,Basic,Monthly,27.57,5.0,58.9,21.1,-15.0,17,156,20,901.08,497.56
CUST_002280,0.99969995,1,1,High Risk,UK,Europe,Education,Small Business,Basic,Monthly,47.47,3.0,64.3,14.1,7.0,21,249,17,1258.28,822.11
CUST_011489,0.9996997,1,1,High Risk,UK,Europe,Other,Startup,Basic,Annual,24.91,0.0,67.7,22.5,23.0,13,357,17,632.21,286.98
CUST_016576,0.9996996,1,1,High Risk,USA,North America,Real Estate,Startup,Basic,Monthly,25.09,4.0,56.7,11.1,-3.0,7,161,20,903.58,469.53
CUST_010297,0.9996996,1,1,High Risk,USA,North America,Other,Mid-Market,Enterprise,Annual,4063.77,10.0,39.3,5.7,-19.0,17,248,16,95445.31,79817.25
CUST_008136,0.99969935,1,1,High Risk,Germany,Europe,Technology,Small Business,Professional,Annual,148.21,4.0,39.5,8.0,-21.0,16,428,20,4503.18,3562.69
CUST_002548,0.999699,1,1,High Risk,USA,North America,Healthcare,Small Business,Business,Annual,375.83,1.0,53.6,17.0,33.0,16,284,16,8381.21,6953.99
CUST_001966,0.999699,1,1,High Risk,USA,North America,Education,Small Business,Professional,Annual,136.14,6.0,39.6,6.7,-9.0,23,519,20,3254.96,2556.8
CUST_007163,0.999699,1,1,High Risk,Canada,North America,Other,Startup,Basic,Monthly,27.93,5.0,43.3,19.1,-7.0,7,99,17,842.38,524.98
CUST_000298,0.9996989,1,1,High Risk,India,APAC,Healthcare,Mid-Market,Business,Multi-Year,1117.84,2.0,44.8,12.0,15.0,9,185,16,26255.95,21564.04
CUST_015414,0.99969876,1,1,High Risk,Australia,APAC,Manufacturing,Startup,Basic,Annual,23.43,9.0,54.8,11.1,-23.0,8,124,19,717.2,310.33
CUST_013972,0.99969876,1,1,High Risk,USA,North America,Manufacturing,Startup,Basic,Annual,39.77,2.0,53.4,14.9,-13.0,6,155,14,979.23,642.56
CUST_008417,0.9996984,1,1,High Risk,India,APAC,Manufacturing,Startup,Professional,Monthly,81.08,0.0,52.0,15.3,45.0,11,228,16,2067.13,1592.12
CUST_004674,0.99969816,1,1,High Risk,Australia,APAC,Manufacturing,Startup,Professional,Monthly,92.64,4.0,50.4,11.5,5.0,16,351,15,2361.24,1813.81
CUST_012762,0.99969816,1,1,High Risk,Australia,APAC,Healthcare,Startup,Basic,Monthly,30.26,5.0,47.9,7.0,-33.0,15,389,19,928.05,546.07
CUST_010246,0.9996979,1,1,High Risk,USA,North America,Education,Mid-Market,Business,Annual,884.68,2.0,48.4,10.3,31.0,24,672,19,17026.76,13764.4
CUST_002617,0.9996978,1,1,High Risk,USA,North America,Healthcare,Startup,Professional,Monthly,66.35,9.0,33.8,11.6,-22.0,20,369,18,1657.8,1197.16
CUST_004860,0.9996977,1,1,High Risk,UK,Europe,Finance,Startup,Basic,Monthly,29.3,5.0,37.0,7.3,-12.0,9,101,18,835.31,499.5
CUST_012559,0.9996977,1,1,High Risk,Other,MEA,Technology,Small Business,Professional,Multi-Year,152.3,5.0,30.5,6.7,-11.0,10,126,17,3879.74,3064.38
CUST_011781,0.9996977,1,1,High Risk,Australia,APAC,Technology,Startup,Basic,Annual,28.83,5.0,54.1,11.2,-15.0,11,284,14,584.44,312.86
CUST_009378,0.99969745,1,1,High Risk,USA,North America,Technology,Startup,Professional,Monthly,104.18,3.0,55.5,14.3,23.0,3,85,16,3319.66,2608.95
CUST_005136,0.9996973,1,1,High Risk,Canada,North America,Finance,Small Business,Business,Multi-Year,377.18,6.0,52.7,20.6,26.0,10,189,16,8425.19,6727.53
CUST_017909,0.99969697,1,1,High Risk,Other,LATAM,Healthcare,Startup,Professional,Monthly,118.09,7.0,42.8,11.7,-32.0,14,395,17,3498.74,2821.69
CUST_005120,0.99969685,1,1,High Risk,Australia,APAC,Healthcare,Startup,Professional,Monthly,108.6,4.0,54.1,12.4,-15.0,18,497,16,2497.58,1926.76
CUST_005495,0.99969625,1,1,High Risk,UK,Europe,Real Estate,Small Business,Business,Monthly,359.98,4.0,50.7,20.8,-29.0,18,387,17,9447.46,7861.71
CUST_001053,0.99969614,1,1,High Risk,Canada,North America,Retail,Small Business,Basic,Annual,57.93,2.0,45.0,11.1,-18.0,5,91,21,2086.93,1563.78
CUST_003153,0.9996958,1,1,High Risk,USA,North America,Other,Small Business,Professional,Annual,99.8,3.0,38.3,8.7,21.0,15,415,21,3150.93,2322.85
CUST_006939,0.99969566,1,1,High Risk,USA,North America,Healthcare,Mid-Market,Business,Monthly,954.13,4.0,64.4,21.8,2.0,19,336,14,20612.48,17413.64
CUST_017557,0.99969566,1,1,High Risk,Australia,APAC,Real Estate,Startup,Business,Monthly,207.13,5.0,40.2,6.6,6.0,25,664,21,5681.98,4561.07
CUST_007555,0.99969554,1,1,High Risk,USA,North America,Manufacturing,Startup,Professional,Annual,69.86,3.0,39.3,10.8,-38.0,14,367,17,1980.56,1442.61
CUST_012209,0.99969554,1,1,High Risk,UK,Europe,Retail,Startup,Business,Annual,274.81,7.0,29.8,11.6,5.0,21,455,21,8398.83,6797.09
CUST_007485,0.99969435,1,1,High Risk,Germany,Europe,Technology,Small Business,Professional,Monthly,148.63,2.0,34.4,9.2,-19.0,8,143,20,5158.26,4068.32
CUST_018313,0.999694,1,1,High Risk,Canada,North America,Real Estate,Startup,Basic,Annual,25.18,4.0,47.9,15.6,-25.0,22,515,17,554.11,192.37
CUST_007478,0.999694,1,1,High Risk,USA,North America,Manufacturing,Mid-Market,Professional,Monthly,367.69,5.0,54.6,13.5,27.0,3,89,20,13247.83,11184.3
CUST_011474,0.99969363,1,1,High Risk,USA,North America,Technology,Startup,Professional,Monthly,73.6,6.0,38.9,14.3,-26.0,7,70,21,2733.22,2116.56
CUST_004137,0.9996935,1,1,High Risk,USA,North America,Retail,Small Business,Professional,Monthly,133.15,4.0,60.9,20.0,-3.0,18,384,21,4365.2,3446.58
CUST_007501,0.9996934,1,1,High Risk,USA,North America,Retail,Startup,Professional,Monthly,78.04,2.0,45.8,9.8,40.0,4,66,23,3335.64,2544.18
CUST_017650,0.9996923,1,1,High Risk,Canada,North America,Retail,Startup,Professional,Monthly,87.11,3.0,35.4,1.9,13.0,19,566,14,1538.01,1071.92
CUST_016164,0.9996922,1,1,High Risk,USA,North America,Healthcare,Startup,Professional,Annual,75.28,2.0,32.0,4.5,-15.0,15,295,16,1740.22,1275.47
CUST_006311,0.9996921,1,1,High Risk,UK,Europe,Healthcare,Small Business,Professional,Monthly,158.31,6.0,56.7,18.4,28.0,12,261,16,3904.77,3172.15
CUST_018828,0.9996915,1,1,High Risk,USA,North America,Real Estate,Startup,Professional,Annual,103.94,5.0,19.9,5.3,-16.0,3,57,15,2977.04,2370.27
CUST_002340,0.9996915,1,1,High Risk,Germany,Europe,Education,Startup,Basic,Annual,26.57,5.0,59.9,15.1,0.0,6,118,18,790.2,446.4
CUST_001163,0.9996908,1,1,High Risk,Other,LATAM,Real Estate,Startup,Basic,Monthly,35.74,4.0,49.3,15.2,-15.0,6,170,15,1005.62,684.95
CUST_015510,0.99969065,1,1,High Risk,USA,North America,Healthcare,Startup,Professional,Monthly,106.77,4.0,32.7,13.1,-21.0,19,375,17,2623.02,1974.62
CUST_003478,0.9996903,1,1,High Risk,USA,North America,Finance,Small Business,Basic,Annual,52.87,1.0,68.4,22.2,52.0,13,209,15,1185.69,847.58
CUST_009951,0.9996902,1,1,High Risk,Canada,North America,Manufacturing,Startup,Professional,Annual,97.41,2.0,31.2,0.3,3.0,8,202,12,2027.37,1576.9
CUST_008629,0.9996897,1,1,High Risk,USA,North America,Finance,Startup,Basic,Monthly,25.56,3.0,60.8,17.1,29.0,8,188,16,735.96,411.11
CUST_014843,0.9996896,1,1,High Risk,Germany,Europe,Finance,Startup,Basic,Annual,35.64,2.0,31.4,0.0,16.0,11,134,17,1020.55,640.27
CUST_001573,0.999689,1,1,High Risk,USA,North America,Finance,Startup,Professional,Annual,68.0,7.0,44.3,13.3,-29.0,4,67,17,2216.38,1658.77
CUST_008553,0.99968874,1,1,High Risk,Germany,Europe,Manufacturing,Startup,Professional,Monthly,105.81,3.0,49.6,12.8,27.0,15,317,14,2369.84,1803.79
CUST_008720,0.9996885,1,1,High Risk,USA,North America,Technology,Startup,Basic,Monthly,35.55,4.0,49.6,14.8,-16.0,19,280,16,821.12,496.93
CUST_019540,0.99968827,1,1,High Risk,Australia,APAC,Other,Startup,Basic,Monthly,33.07,4.0,25.7,8.0,-3.0,2,34,18,1264.07,867.89
CUST_014626,0.99968827,1,1,High Risk,USA,North America,Healthcare,Startup,Basic,Annual,45.59,9.0,29.6,4.5,-27.0,18,318,16,999.0,708.68
CUST_009922,0.99968815,1,1,High Risk,USA,North America,Technology,Mid-Market,Business,Annual,931.46,6.0,46.5,11.3,-48.0,10,285,15,19278.51,16198.2
CUST_002464,0.999688,1,1,High Risk,Canada,North America,Education,Enterprise,Enterprise,Annual,7395.07,2.0,66.3,20.0,5.0,9,229,18,200138.88,167419.91
CUST_002195,0.9996879,1,1,High Risk,Canada,North America,Education,Small Business,Basic,Monthly,47.8,4.0,36.4,10.9,-32.0,14,194,16,1252.3,863.14
CUST_011018,0.9996877,1,1,High Risk,USA,North America,Technology,Startup,Professional,Multi-Year,73.15,5.0,34.4,12.0,-23.0,16,257,18,1881.11,1281.73
CUST_017118,0.99968755,1,1,High Risk,USA,North America,Other,Startup,Basic,Monthly,25.8,4.0,59.3,14.4,15.0,12,208,14,561.85,331.55
CUST_009387,0.9996867,1,1,High Risk,USA,North America,Healthcare,Mid-Market,Business,Monthly,906.29,5.0,40.1,11.0,2.0,20,465,15,17968.36,15030.4
CUST_018688,0.9996866,1,1,High Risk,Australia,APAC,Healthcare,Mid-Market,Business,Annual,795.6,3.0,42.3,12.0,-10.0,14,248,15,17922.71,15131.45
CUST_017595,0.9996861,1,1,High Risk,UK,Europe,Manufacturing,Startup,Basic,Annual,24.13,8.0,36.4,14.1,-64.0,7,185,16,547.03,290.17
CUST_002229,0.999686,1,1,High Risk,USA,North America,Finance,Startup,Basic,Monthly,35.14,6.0,32.9,10.9,-16.0,19,525,15,794.21,464.59
CUST_006707,0.999686,1,1,High Risk,USA,North America,Technology,Startup,Basic,Annual,26.06,5.0,39.9,8.5,-20.0,12,336,14,472.15,199.38
CUST_015340,0.999686,1,1,High Risk,Other,LATAM,Technology,Startup,Basic,Monthly,30.34,7.0,55.2,17.8,-14.0,7,83,20,1013.06,629.3
CUST_017760,0.999686,1,1,High Risk,Canada,North America,Healthcare,Startup,Professional,Annual,93.12,4.0,56.9,22.7,-4.0,9,230,14,1795.92,1356.95
CUST_015785,0.99968565,1,1,High Risk,USA,North America,Finance,Startup,Basic,Annual,28.78,4.0,18.0,9.0,-55.0,15,318,19,832.37,460.05
CUST_012180,0.9996855,1,1,High Risk,USA,North America,Education,Small Business,Business,Multi-Year,560.54,3.0,39.2,14.3,2.0,20,564,16,10815.29,8718.65
CUST_000173,0.99968505,1,1,High Risk,Canada,North America,Finance,Startup,Professional,Monthly,56.07,10.0,41.2,13.3,-3.0,22,600,16,1179.32,708.41
CUST_008273,0.99968493,1,1,High Risk,UK,Europe,Healthcare,Startup,Basic,Monthly,34.25,5.0,56.0,12.2,-38.0,10,272,17,900.19,495.57
CUST_006386,0.9996846,1,1,High Risk,USA,North America,Healthcare,Small Business,Professional,Monthly,126.75,3.0,30.6,8.7,33.0,11,275,15,2771.29,2216.62
CUST_014386,0.99968445,1,1,High Risk,Germany,Europe,Other,Startup,Basic,Annual,34.13,2.0,54.1,11.7,-22.0,5,126,19,988.4,557.67
CUST_014419,0.9996842,1,1,High Risk,Germany,Europe,Other,Small Business,Professional,Annual,129.61,2.0,53.7,12.9,-4.0,23,194,24,4037.89,3050.35
CUST_013832,0.9996842,1,1,High Risk,UK,Europe,Technology,Small Business,Basic,Annual,39.91,3.0,55.8,16.8,11.0,8,189,18,1142.14,785.22
CUST_014265,0.99968374,1,1,High Risk,USA,North America,Technology,Startup,Basic,Annual,32.67,6.0,36.1,16.0,-2.0,22,350,18,815.17,506.75
CUST_009868,0.9996835,1,1,High Risk,USA,North America,Manufacturing,Startup,Professional,Multi-Year,76.83,2.0,56.0,14.5,26.0,2,47,19,2632.84,1950.24
CUST_009163,0.99968326,1,1,High Risk,USA,North America,Healthcare,Small Business,Business,Annual,341.29,6.0,30.3,7.2,-18.0,17,228,14,6745.36,5600.12
CUST_018124,0.9996829,1,1,High Risk,USA,North America,Technology,Small Business,Professional,Monthly,169.84,4.0,43.5,15.0,-34.0,17,483,16,3685.66,2967.83
CUST_004286,0.99968266,1,1,High Risk,India,APAC,Education,Startup,Professional,Annual,85.0,6.0,52.7,19.6,17.0,3,66,16,2525.03,1916.2
CUST_009697,0.9996823,1,1,High Risk,India,APAC,Retail,Startup,Basic,Monthly,27.27,2.0,50.4,8.1,3.0,6,157,19,884.0,474.34
CUST_011498,0.9996823,1,1,High Risk,UK,Europe,Other,Small Business,Business,Monthly,421.74,6.0,39.7,6.9,-7.0,20,466,15,9445.86,7850.32
CUST_015253,0.9996822,1,1,High Risk,Other,LATAM,Education,Startup,Basic,Monthly,28.54,2.0,57.5,21.4,9.0,6,89,23,1090.76,593.42
CUST_006763,0.99968195,1,1,High Risk,Australia,APAC,Technology,Mid-Market,Enterprise,Annual,3661.93,2.0,20.0,1.6,-13.0,19,273,17,86131.24,72648.9
CUST_002859,0.9996817,1,1,High Risk,Other,LATAM,Retail,Small Business,Professional,Monthly,146.34,8.0,56.6,17.7,-1.0,24,660,21,3788.05,2981.07
CUST_005701,0.9996816,1,1,High Risk,USA,North America,Technology,Startup,Business,Monthly,270.06,5.0,18.9,5.8,-48.0,17,185,18,7063.53,5724.0
CUST_014310,0.9996793,1,1,High Risk,UK,Europe,Technology,Startup,Professional,Monthly,103.8,5.0,28.3,9.0,-17.0,22,553,16,2278.83,1724.39
CUST_016437,0.9996791,1,1,High Risk,Canada,North America,Other,Startup,Basic,Annual,45.77,2.0,39.5,9.8,-47.0,7,191,14,1061.84,697.59
CUST_010335,0.99967873,1,1,High Risk,Germany,Europe,Finance,Startup,Basic,Monthly,27.44,5.0,32.1,15.2,-20.0,5,98,18,902.45,582.31
CUST_015963,0.99967873,1,1,High Risk,UK,Europe,Healthcare,Startup,Basic,Monthly,22.45,1.0,57.2,9.9,22.0,20,168,19,674.2,316.51
CUST_014283,0.9996784,1,1,High Risk,USA,North America,Technology,Small Business,Business,Annual,430.23,8.0,28.3,11.1,2.0,8,208,16,11419.82,9455.37
CUST_001722,0.99967813,1,1,High Risk,USA,North America,Education,Startup,Basic,Annual,32.41,6.0,68.3,20.3,14.0,19,218,15,765.4,433.54
CUST_011978,0.999678,1,1,High Risk,Germany,Europe,Healthcare,Small Business,Business,Annual,347.2,3.0,48.3,9.3,1.0,14,247,14,7454.94,6048.9
CUST_004956,0.9996779,1,1,High Risk,UK,Europe,Healthcare,Small Business,Business,Monthly,361.75,2.0,64.8,17.3,35.0,17,161,18,9801.39,7994.96
CUST_009089,0.99967754,1,1,High Risk,USA,North America,Retail,Small Business,Business,Annual,506.52,7.0,42.9,15.3,-37.0,10,237,18,15023.36,12496.0
CUST_001750,0.9996774,1,1,High Risk,USA,North America,Technology,Startup,Basic,Annual,31.5,5.0,31.0,0.0,-34.0,12,263,18,827.78,433.58
CUST_001092,0.99967706,1,1,High Risk,Canada,North America,Healthcare,Startup,Basic,Monthly,29.06,3.0,49.5,14.0,6.0,10,118,19,972.62,609.93
CUST_012230,0.9996767,1,1,High Risk,Other,LATAM,Retail,Small Business,Professional,Annual,225.35,4.0,51.0,8.3,14.0,10,211,20,6865.52,5538.26
CUST_000423,0.99967563,1,1,High Risk,Australia,APAC,Finance,Small Business,Basic,Monthly,50.01,2.0,73.8,15.3,-13.0,13,353,15,1155.58,772.72
CUST_017946,0.99967563,1,1,High Risk,Germany,Europe,Technology,Startup,Basic,Monthly,33.66,3.0,32.2,5.7,-9.0,16,313,15,773.58,465.49
CUST_002728,0.99967563,1,1,High Risk,USA,North America,Real Estate,Startup,Basic,Annual,32.14,7.0,32.0,11.4,-4.0,21,312,18,853.52,515.81
CUST_005020,0.9996753,1,1,High Risk,USA,North America,Real Estate,Startup,Basic,Monthly,33.48,3.0,28.2,6.1,-23.0,8,165,15,898.18,581.84
CUST_016915,0.99967515,1,1,High Risk,USA,North America,Healthcare,Startup,Basic,Monthly,36.79,3.0,57.6,23.8,-15.0,13,233,15,800.3,457.85
CUST_007769,0.99967515,1,1,High Risk,USA,North America,Education,Startup,Professional,Monthly,117.48,0.0,52.0,21.7,8.0,7,153,15,3036.18,2476.53
CUST_001755,0.9996747,1,1,High Risk,USA,North America,Technology,Startup,Basic,Monthly,26.4,4.0,43.5,13.4,15.0,5,80,17,855.34,499.8
CUST_000046,0.99967456,1,1,High Risk,Other,MEA,Healthcare,Startup,Professional,Monthly,94.51,4.0,56.8,14.9,-10.0,19,174,20,3140.65,2474.97
CUST_000782,0.9996743,1,1,High Risk,USA,North America,Finance,Startup,Basic,Monthly,30.01,3.0,31.3,15.2,-13.0,21,343,17,793.63,431.92
CUST_019433,0.99967396,1,1,High Risk,Germany,Europe,Retail,Startup,Basic,Monthly,50.03,3.0,44.7,20.0,11.0,14,245,20,1657.68,1115.71
CUST_003258,0.99967384,1,1,High Risk,USA,North America,Healthcare,Startup,Professional,Annual,99.33,5.0,49.1,14.8,-2.0,16,378,22,3536.19,2726.94
CUST_017701,0.99967337,1,1,High Risk,India,APAC,Technology,Small Business,Business,Monthly,469.17,6.0,42.8,15.3,-25.0,27,241,21,13355.09,10916.63
CUST_014229,0.999673,1,1,High Risk,UK,Europe,Retail,Startup,Professional,Monthly,103.75,5.0,35.9,8.3,-3.0,27,539,18,2425.16,1844.66
CUST_000210,0.9996723,1,1,High Risk,UK,Europe,Education,Startup,Basic,Annual,32.04,1.0,21.2,2.8,-38.0,11,264,19,835.95,462.27
CUST_006126,0.9996722,1,1,High Risk,Germany,Europe,Technology,Startup,Basic,Monthly,28.25,5.0,48.6,15.8,-7.0,13,324,15,679.76,347.8
CUST_001115,0.99967206,1,1,High Risk,USA,North America,Retail,Startup,Business,Annual,328.67,5.0,51.7,15.3,18.0,11,213,15,7848.42,6589.41
CUST_004533,0.9996712,1,1,High Risk,Canada,North America,Healthcare,Small Business,Basic,Monthly,51.06,13.0,37.6,13.0,-42.0,19,503,15,1101.69,786.78
CUST_019040,0.999671,1,1,High Risk,USA,North America,Manufacturing,Small Business,Professional,Monthly,121.92,8.0,35.7,5.4,-42.0,7,202,17,3597.29,2833.12
CUST_016309,0.999671,1,1,High Risk,Canada,North America,Technology,Startup,Professional,Monthly,66.01,1.0,59.0,24.3,6.0,15,310,16,1746.22,1290.48
CUST_005382,0.99967,1,1,High Risk,India,APAC,Healthcare,Small Business,Professional,Annual,148.92,0.0,71.1,19.3,20.0,20,586,18,3588.94,2860.22
CUST_009309,0.9996698,1,1,High Risk,USA,North America,Technology,Startup,Professional,Monthly,80.14,3.0,43.0,10.8,28.0,17,340,21,2589.89,1979.01
CUST_014985,0.99966836,1,1,High Risk,USA,North America,Retail,Startup,Basic,Monthly,30.94,5.0,49.3,16.2,23.0,14,144,19,1022.93,653.75
CUST_010647,0.999668,1,1,High Risk,USA,North America,Manufacturing,Small Business,Business,Annual,330.87,6.0,48.8,18.8,-27.0,4,91,15,8200.07,6725.18
CUST_007587,0.9996675,1,1,High Risk,USA,North America,Technology,Mid-Market,Enterprise,Multi-Year,3666.0,3.0,61.9,23.2,15.0,7,151,17,95100.38,78474.61
CUST_016535,0.9996675,1,1,High Risk,USA,North America,Other,Mid-Market,Business,Annual,950.75,3.0,40.7,12.0,-22.0,8,111,20,28471.75,23820.83
CUST_003903,0.99966717,1,1,High Risk,Canada,North America,Technology,Startup,Professional,Monthly,108.17,6.0,55.0,11.3,1.0,21,275,16,2828.96,2276.28
CUST_011439,0.99966645,1,1,High Risk,India,APAC,Real Estate,Small Business,Business,Monthly,398.23,4.0,65.8,19.9,12.0,5,143,15,9620.0,7948.27
CUST_016425,0.99966645,1,1,High Risk,USA,North America,Technology,Startup,Basic,Monthly,26.27,2.0,36.6,12.8,-22.0,8,210,24,1079.09,560.1
CUST_002852,0.99966633,1,1,High Risk,UK,Europe,Healthcare,Startup,Basic,Monthly,26.74,3.0,46.6,11.6,19.0,23,482,18,647.95,323.62
CUST_016336,0.9996649,1,1,High Risk,India,APAC,Real Estate,Small Business,Enterprise,Monthly,1333.59,5.0,53.2,15.8,4.0,17,448,18,36471.53,31202.14
CUST_005071,0.9996649,1,1,High Risk,Canada,North America,Education,Startup,Basic,Monthly,25.73,8.0,45.0,11.3,-1.0,6,172,15,685.4,405.67
CUST_011483,0.9996649,1,1,High Risk,USA,North America,Manufacturing,Mid-Market,Enterprise,Annual,3451.5,3.0,60.7,10.3,14.0,11,241,22,109853.06,92495.54
CUST_005437,0.9996643,1,1,High Risk,Other,MEA,Real Estate,Startup,Basic,Multi-Year,29.05,9.0,23.5,5.7,1.0,4,58,17,796.76,355.52
CUST_002252,0.9996636,1,1,High Risk,UK,Europe,Retail,Small Business,Enterprise,Multi-Year,1865.26,5.0,48.0,13.5,11.0,8,200,17,45102.97,37263.8
CUST_000593,0.9996625,1,1,High Risk,USA,North America,Retail,Small Business,Professional,Monthly,160.46,1.0,48.0,4.3,23.0,17,465,16,3686.16,2892.87
CUST_014452,0.9996624,1,1,High Risk,USA,North America,Retail,Small Business,Basic,Monthly,53.68,2.0,61.0,21.8,19.0,14,141,18,1635.65,1149.29
CUST_019369,0.9996613,1,1,High Risk,Germany,Europe,Finance,Mid-Market,Enterprise,Multi-Year,3283.83,2.0,40.6,11.7,-13.0,19,424,19,77661.35,63943.75
CUST_018846,0.9996612,1,1,High Risk,Australia,APAC,Real Estate,Startup,Professional,Monthly,78.3,6.0,40.5,17.1,-39.0,6,160,13,1699.67,1284.9
CUST_017731,0.99966085,1,1,High Risk,UK,Europe,Healthcare,Startup,Business,Monthly,193.03,5.0,43.1,17.3,-32.0,10,107,18,6114.97,5011.26
CUST_003495,0.9996606,1,1,High Risk,UK,Europe,Technology,Startup,Basic,Monthly,36.58,4.0,20.1,3.9,-33.0,22,223,15,820.16,518.34
CUST_006171,0.9996605,1,1,High Risk,India,APAC,Retail,Startup,Professional,Monthly,92.86,5.0,33.6,13.2,-19.0,9,198,19,2984.5,2344.27
CUST_017025,0.9996604,1,1,High Risk,USA,North America,Finance,Startup,Professional,Monthly,110.26,3.0,37.5,7.6,-8.0,18,493,20,2982.24,2301.54
CUST_018371,0.99966013,1,1,High Risk,USA,North America,Education,Small Business,Basic,Annual,46.12,5.0,32.8,11.0,-21.0,7,105,17,1279.17,886.24
CUST_001829,0.99965966,1,1,High Risk,Canada,North America,Finance,Startup,Basic,Monthly,18.79,5.0,61.8,19.2,15.0,19,471,15,405.66,189.7
CUST_004782,0.9996593,1,1,High Risk,Other,MEA,Technology,Small Business,Professional,Annual,160.4,3.0,31.9,12.5,39.0,11,327,20,3953.61,3108.68
CUST_012274,0.9996592,1,1,High Risk,UK,Europe,Retail,Startup,Business,Monthly,213.37,4.0,52.2,16.9,8.0,18,196,14,5115.51,4234.57
CUST_009462,0.9996592,1,1,High Risk,Australia,APAC,Other,Small Business,Business,Annual,234.31,3.0,40.3,7.0,-11.0,7,155,15,5475.1,4396.97
CUST_017840,0.9996588,1,1,High Risk,USA,North America,Healthcare,Startup,Professional,Annual,60.95,7.0,33.4,10.6,-1.0,4,81,16,1862.01,1418.76
CUST_006428,0.9996587,1,1,High Risk,UK,Europe,Technology,Startup,Business,Monthly,278.33,6.0,34.2,12.4,-10.0,20,491,16,6204.82,5062.0
CUST_011773,0.9996582,1,1,High Risk,USA,North America,Finance,Startup,Professional,Annual,88.89,8.0,60.8,21.0,8.0,22,606,15,1670.4,1225.13
CUST_015513,0.99965775,1,1,High Risk,USA,North America,Healthcare,Small Business,Business,Monthly,417.77,2.0,48.8,15.3,9.0,7,177,19,13714.77,11439.68
CUST_016158,0.99965763,1,1,High Risk,Canada,North America,Technology,Small Business,Business,Multi-Year,433.39,5.0,25.6,11.8,-5.0,21,350,19,10957.33,8860.56
CUST_017380,0.9996574,1,1,High Risk,India,APAC,Technology,Startup,Professional,Monthly,90.92,6.0,43.9,9.7,16.0,7,156,14,2266.55,1781.73
CUST_013086,0.9996569,1,1,High Risk,USA,North America,Real Estate,Small Business,Professional,Annual,135.43,4.0,67.9,12.9,36.0,18,287,14,2843.64,2287.16
CUST_003414,0.9996563,1,1,High Risk,USA,North America,Healthcare,Small Business,Professional,Monthly,143.16,0.0,50.5,13.0,5.0,5,113,17,4215.62,3347.8
CUST_004054,0.99965525,1,1,High Risk,India,APAC,Education,Startup,Professional,Monthly,90.72,4.0,59.3,18.6,17.0,6,101,23,4022.09,3223.52
CUST_006611,0.999655,1,1,High Risk,Australia,APAC,Education,Startup,Basic,Monthly,23.35,5.0,45.1,12.7,25.0,6,96,17,681.44,393.75
CUST_008691,0.9996549,1,1,High Risk,UK,Europe,Manufacturing,Startup,Professional,Monthly,116.22,1.0,64.8,14.2,43.0,9,185,17,3530.28,2827.43
CUST_009821,0.99965394,1,1,High Risk,UK,Europe,Technology,Small Business,Business,Monthly,333.6,7.0,40.6,9.3,5.0,6,74,18,11138.61,9288.32
CUST_019198,0.9996538,1,1,High Risk,USA,North America,Real Estate,Startup,Professional,Monthly,90.77,2.0,34.8,4.5,-19.0,12,223,13,1961.64,1508.17
CUST_009234,0.99965346,1,1,High Risk,USA,North America,Finance,Small Business,Business,Monthly,527.02,5.0,35.0,0.0,10.0,7,113,18,16611.94,13757.49
CUST_004526,0.99965334,1,1,High Risk,Australia,APAC,Real Estate,Startup,Basic,Monthly,33.03,7.0,49.3,13.5,-6.0,6,129,16,984.33,660.11
CUST_009263,0.99965334,1,1,High Risk,UK,Europe,Technology,Startup,Business,Monthly,200.77,3.0,39.6,9.1,6.0,9,230,18,6363.42,5283.24
CUST_004696,0.9996532,1,1,High Risk,India,APAC,Education,Small Business,Business,Annual,522.59,0.0,58.6,15.5,15.0,13,123,18,15263.5,12712.09
CUST_007193,0.9996531,1,1,High Risk,Canada,North America,Education,Startup,Professional,Annual,69.94,5.0,39.1,13.5,-18.0,24,581,17,1251.24,819.88
CUST_016448,0.99965215,1,1,High Risk,UK,Europe,Education,Startup,Basic,Multi-Year,28.17,3.0,45.2,7.5,-3.0,3,56,18,948.78,575.74
CUST_001350,0.99965215,1,1,High Risk,USA,North America,Other,Startup,Basic,Monthly,25.06,3.0,56.0,18.7,9.0,3,65,17,803.23,455.98
CUST_003486,0.9996517,1,1,High Risk,Germany,Europe,Technology,Small Business,Basic,Annual,34.94,5.0,53.8,22.6,-28.0,17,462,16,797.33,461.27
CUST_007457,0.9996517,1,1,High Risk,India,APAC,Technology,Small Business,Professional,Annual,119.79,3.0,40.2,10.9,-12.0,16,311,15,2939.86,2302.66
CUST_010149,0.99965143,1,1,High Risk,USA,North America,Technology,Startup,Basic,Monthly,30.56,8.0,33.6,11.2,-20.0,16,390,18,919.25,550.5
CUST_000553,0.9996511,1,1,High Risk,USA,North America,Finance,Small Business,Business,Monthly,497.13,5.0,32.6,15.0,-10.0,11,274,14,9929.85,8325.57
CUST_009201,0.9996495,1,1,High Risk,Other,MEA,Technology,Mid-Market,Basic,Multi-Year,111.17,2.0,57.5,15.1,25.0,14,297,17,2703.44,2112.97
CUST_010979,0.99964905,1,1,High Risk,Australia,APAC,Other,Small Business,Enterprise,Annual,1287.39,3.0,34.3,10.4,-11.0,11,194,15,27987.37,23435.33
CUST_004200,0.99964845,1,1,High Risk,Canada,North America,Healthcare,Mid-Market,Business,Multi-Year,1079.19,1.0,66.5,19.1,31.0,4,92,17,27549.34,22510.16
CUST_000916,0.9996481,1,1,High Risk,USA,North America,Education,Small Business,Basic,Monthly,54.79,4.0,79.6,28.3,7.0,19,570,23,1845.97,1347.53
CUST_012488,0.9996481,1,1,High Risk,UK,Europe,Retail,Startup,Professional,Annual,128.78,4.0,53.5,21.4,-2.0,22,258,15,2837.93,2144.38
CUST_015308,0.999648,1,1,High Risk,India,APAC,Retail,Startup,Professional,Monthly,61.65,2.0,33.9,16.6,-3.0,4,98,15,1689.6,1259.96
CUST_013219,0.9996469,1,1,High Risk,USA,North America,Retail,Small Business,Professional,Multi-Year,160.57,4.0,50.6,15.2,-12.0,17,162,18,4594.25,3562.98
CUST_018590,0.99964666,1,1,High Risk,Germany,Europe,Education,Startup,Basic,Monthly,30.57,5.0,55.9,13.0,35.0,24,210,18,875.36,553.88
CUST_015450,0.99964654,1,1,High Risk,USA,North America,Manufacturing,Startup,Basic,Monthly,31.38,3.0,32.2,15.7,4.0,11,308,19,793.9,396.45
CUST_009241,0.9996464,1,1,High Risk,UK,Europe,Healthcare,Startup,Basic,Annual,31.53,4.0,44.5,13.0,-19.0,8,72,24,1304.41,796.76
CUST_012878,0.99964595,1,1,High Risk,Canada,North America,Technology,Startup,Professional,Monthly,82.73,5.0,45.2,10.4,-16.0,11,269,14,1565.81,1139.67
CUST_002088,0.99964595,1,1,High Risk,USA,North America,Finance,Small Business,Professional,Annual,119.18,3.0,43.1,18.0,7.0,5,86,18,3712.12,2818.21
CUST_007270,0.9996458,1,1,High Risk,USA,North America,Manufacturing,Startup,Business,Monthly,231.09,5.0,48.2,23.8,23.0,18,324,15,5793.22,4794.32
CUST_018425,0.9996457,1,1,High Risk,UK,Europe,Technology,Startup,Business,Monthly,248.77,1.0,20.7,9.2,9.0,16,122,20,9139.61,7625.75
CUST_002954,0.99964464,1,1,High Risk,USA,North America,Education,Startup,Basic,Annual,32.29,5.0,47.4,17.9,-5.0,2,34,20,1194.53,790.21
CUST_010548,0.99964464,1,1,High Risk,USA,North America,Healthcare,Startup,Basic,Annual,30.12,4.0,36.7,11.8,-23.0,19,311,16,697.08,404.16
CUST_000275,0.99964464,1,1,High Risk,USA,North America,Retail,Startup,Business,Monthly,235.37,3.0,49.3,10.6,-29.0,13,192,16,6179.45,5093.75
CUST_019987,0.9996445,1,1,High Risk,USA,North America,Other,Startup,Basic,Monthly,28.85,4.0,65.5,17.2,-7.0,5,74,22,1173.59,757.17
CUST_000022,0.99964416,1,1,High Risk,USA,North America,Education,Startup,Professional,Monthly,90.62,3.0,45.6,19.1,-4.0,19,152,19,2858.0,2196.64
CUST_018742,0.99964416,1,1,High Risk,Other,LATAM,Manufacturing,Startup,Professional,Annual,94.76,5.0,40.1,13.2,-11.0,8,94,19,3056.43,2305.94
CUST_009115,0.9996439,1,1,High Risk,USA,North America,Manufacturing,Startup,Basic,Monthly,33.49,5.0,45.1,13.3,-26.0,13,360,17,1047.65,710.36
CUST_012385,0.9996437,1,1,High Risk,Canada,North America,Real Estate,Small Business,Professional,Monthly,215.82,2.0,46.8,17.8,24.0,22,552,17,4733.64,3743.28
CUST_011145,0.9996427,1,1,High Risk,Canada,North America,Retail,Startup,Basic,Annual,23.65,3.0,38.0,13.6,7.0,8,184,19,741.7,347.32
CUST_009264,0.9996427,1,1,High Risk,India,APAC,Retail,Startup,Basic,Annual,36.76,1.0,59.8,21.3,53.0,5,106,20,1240.08,777.16
CUST_008597,0.99964213,1,1,High Risk,Other,LATAM,Technology,Small Business,Basic,Annual,40.12,5.0,36.8,12.1,-1.0,17,341,16,963.66,648.19
CUST_008070,0.9996414,1,1,High Risk,Germany,Europe,Retail,Startup,Professional,Annual,91.96,4.0,39.8,13.8,-18.0,15,201,19,2647.75,1988.15
CUST_016587,0.99964094,1,1,High Risk,UK,Europe,Other,Startup,Basic,Annual,21.21,4.0,50.0,18.2,20.0,20,559,17,393.85,100.13
CUST_008369,0.99964094,1,1,High Risk,USA,North America,Retail,Small Business,Basic,Monthly,38.03,4.0,57.3,17.6,-4.0,27,509,21,1146.85,710.71
CUST_017185,0.9996407,1,1,High Risk,USA,North America,Healthcare,Startup,Business,Monthly,347.71,2.0,54.7,15.5,27.0,22,378,22,11136.06,9297.72
CUST_010824,0.99964046,1,1,High Risk,India,APAC,Real Estate,Small Business,Professional,Monthly,124.42,3.0,61.2,21.0,20.0,8,215,14,3001.25,2417.34
CUST_000087,0.9996402,1,1,High Risk,Canada,North America,Technology,Startup,Business,Annual,329.87,0.0,48.6,12.1,7.0,9,197,18,9727.02,8043.65
CUST_006225,0.99964,1,1,High Risk,UK,Europe,Technology,Startup,Business,Annual,302.34,4.0,26.6,7.7,-37.0,9,163,14,6732.89,5518.96
CUST_013114,0.9996394,1,1,High Risk,Germany,Europe,Retail,Startup,Business,Monthly,202.12,5.0,49.7,10.1,-2.0,11,238,15,5137.18,4212.84
CUST_006581,0.99963903,1,1,High Risk,Canada,North America,Education,Startup,Basic,Monthly,30.91,3.0,56.0,12.0,37.0,2,36,19,1247.8,832.6
CUST_013738,0.99963903,1,1,High Risk,USA,North America,Other,Startup,Basic,Multi-Year,33.57,6.0,50.3,9.7,11.0,24,654,19,718.03,313.0
CUST_010382,0.9996389,1,1,High Risk,India,APAC,Technology,Mid-Market,Enterprise,Multi-Year,2806.26,5.0,49.6,18.8,-28.0,21,458,22,69134.08,57278.27
CUST_008500,0.9996387,1,1,High Risk,India,APAC,Technology,Small Business,Professional,Annual,166.51,2.0,72.6,25.9,-12.0,15,437,16,4106.49,3256.17
CUST_010671,0.99963844,1,1,High Risk,Germany,Europe,Technology,Small Business,Basic,Monthly,54.7,4.0,54.1,19.5,11.0,22,201,15,1224.5,887.58
CUST_008712,0.9996383,1,1,High Risk,Other,MEA,Retail,Mid-Market,Business,Multi-Year,814.5,7.0,33.9,19.3,-29.0,8,227,19,22082.69,18106.25
CUST_009207,0.9996383,1,1,High Risk,USA,North America,Technology,Small Business,Business,Annual,439.53,4.0,40.5,15.2,-5.0,8,202,19,13988.19,11599.57
CUST_010316,0.9996376,1,1,High Risk,UK,Europe,Technology,Startup,Business,Monthly,226.79,0.0,37.3,12.0,-33.0,13,395,15,5811.95,4771.71
CUST_006057,0.99963653,1,1,High Risk,USA,North America,Manufacturing,Startup,Business,Monthly,256.61,3.0,29.3,8.9,-27.0,13,262,19,7861.03,6401.75
CUST_011405,0.9996362,1,1,High Risk,USA,North America,Real Estate,Small Business,Basic,Annual,56.41,4.0,82.4,22.8,35.0,10,210,15,1364.79,949.24
CUST_006056,0.9996357,1,1,High Risk,USA,North America,Other,Startup,Professional,Monthly,132.27,8.0,55.3,14.2,25.0,14,204,15,3062.89,2437.93
CUST_014891,0.9996352,1,1,High Risk,Other,MEA,Finance,Startup,Professional,Monthly,83.77,5.0,55.3,21.4,-5.0,14,305,14,1882.99,1396.43
CUST_016762,0.9996351,1,1,High Risk,Australia,APAC,Retail,Startup,Basic,Monthly,32.66,5.0,51.6,15.5,-31.0,24,340,18,809.84,452.02
CUST_019476,0.99963486,1,1,High Risk,USA,North America,Healthcare,Startup,Basic,Monthly,36.52,4.0,49.5,15.2,-21.0,25,276,20,1063.62,706.42
CUST_011513,0.99963486,1,1,High Risk,UK,Europe,Healthcare,Small Business,Basic,Multi-Year,38.26,6.0,54.2,18.6,11.0,16,445,16,845.48,455.11
CUST_018702,0.9996344,1,1,High Risk,Canada,North America,Retail,Startup,Basic,Annual,30.62,7.0,55.9,16.1,9.0,18,156,19,794.8,396.97
CUST_013548,0.99963295,1,1,High Risk,India,APAC,Technology,Startup,Basic,Annual,27.07,8.0,35.2,14.2,-44.0,4,66,20,1005.49,545.49
CUST_011441,0.99963284,1,1,High Risk,USA,North America,Technology,Small Business,Professional,Monthly,155.13,2.0,48.3,13.7,23.0,12,204,14,3520.53,2824.65
CUST_015161,0.99963236,1,1,High Risk,USA,North America,Finance,Mid-Market,Business,Multi-Year,934.29,2.0,70.9,19.5,22.0,12,224,17,24264.13,20081.5
CUST_005385,0.9996319,1,1,High Risk,USA,North America,Healthcare,Small Business,Professional,Annual,139.53,2.0,41.1,12.5,-21.0,12,202,16,3499.95,2755.69
CUST_009215,0.9996314,1,1,High Risk,Germany,Europe,Retail,Startup,Professional,Multi-Year,97.52,5.0,39.4,8.8,-20.0,18,289,14,1837.09,1347.53
CUST_007492,0.9996307,1,1,High Risk,UK,Europe,Healthcare,Startup,Basic,Monthly,28.56,5.0,24.4,9.5,17.0,18,411,20,881.15,518.41
CUST_014656,0.9996306,1,1,High Risk,Germany,Europe,Healthcare,Startup,Basic,Annual,28.06,5.0,40.1,5.7,-7.0,8,157,16,689.41,300.43
CUST_001801,0.99963033,1,1,High Risk,Other,LATAM,Education,Small Business,Business,Monthly,396.26,5.0,25.2,15.0,-23.0,7,185,13,9622.92,7948.38
CUST_018611,0.99963033,1,1,High Risk,UK,Europe,Other,Startup,Professional,Monthly,84.99,8.0,19.7,8.9,-43.0,22,149,21,2741.53,2093.31
CUST_017270,0.99962974,1,1,High Risk,Germany,Europe,Real Estate,Startup,Basic,Annual,25.65,3.0,59.4,10.5,1.0,13,330,18,730.38,352.96
CUST_018550,0.9996296,1,1,High Risk,Germany,Europe,Retail,Startup,Business,Annual,315.23,6.0,29.8,6.4,-13.0,3,83,18,10140.2,8208.0
CUST_013912,0.9996289,1,1,High Risk,India,APAC,Retail,Startup,Professional,Monthly,70.5,3.0,5.0,5.4,-32.0,11,265,13,1339.93,985.31
CUST_004365,0.9996277,1,1,High Risk,UK,Europe,Education,Startup,Professional,Annual,113.69,5.0,40.8,9.6,-8.0,8,122,16,3010.07,2329.48
CUST_011744,0.9996277,1,1,High Risk,Canada,North America,Healthcare,Startup,Basic,Monthly,23.64,7.0,55.1,21.8,-18.0,5,76,17,740.44,425.3
CUST_011937,0.99962676,1,1,High Risk,Germany,Europe,Manufacturing,Mid-Market,Enterprise,Annual,4447.12,1.0,65.7,15.4,48.0,15,315,19,118287.09,100219.03
CUST_008086,0.9996265,1,1,High Risk,USA,North America,Finance,Startup,Basic,Monthly,36.11,2.0,33.7,15.9,3.0,2,36,20,1433.34,964.21
CUST_010440,0.9996259,1,1,High Risk,UK,Europe,Manufacturing,Small Business,Basic,Annual,44.79,10.0,41.4,10.1,-19.0,8,123,16,1156.11,752.54
CUST_002121,0.9996257,1,1,High Risk,Germany,Europe,Retail,Startup,Basic,Annual,38.14,6.0,61.6,24.0,32.0,13,160,17,909.99,535.71
CUST_007482,0.9996253,1,1,High Risk,USA,North America,Healthcare,Startup,Basic,Monthly,29.1,0.0,42.0,13.3,-23.0,15,396,19,907.17,549.21
CUST_001387,0.9996252,1,1,High Risk,Canada,North America,Finance,Startup,Professional,Annual,69.19,2.0,20.5,4.7,-19.0,26,352,17,1581.97,1085.85
CUST_009291,0.99962497,1,1,High Risk,Australia,APAC,Manufacturing,Small Business,Basic,Monthly,49.57,5.0,51.4,20.1,11.0,11,134,17,1264.18,780.94
CUST_008529,0.9996244,1,1,High Risk,UK,Europe,Manufacturing,Startup,Professional,Monthly,87.83,5.0,57.1,23.5,4.0,9,261,17,2427.38,1858.18
CUST_013254,0.99962413,1,1,High Risk,USA,North America,Other,Startup,Business,Monthly,194.49,8.0,38.7,13.7,-43.0,22,386,17,4588.43,3757.16
CUST_008067,0.999624,1,1,High Risk,Germany,Europe,Manufacturing,Small Business,Basic,Monthly,45.69,3.0,16.3,0.0,20.0,18,518,14,929.97,616.53
CUST_012906,0.9996234,1,1,High Risk,UK,Europe,Healthcare,Small Business,Basic,Annual,52.37,7.0,45.2,12.2,-41.0,11,267,14,1010.0,671.14
CUST_008005,0.9996228,1,1,High Risk,India,APAC,Healthcare,Small Business,Professional,Multi-Year,145.43,9.0,59.1,22.6,-21.0,17,466,20,3852.95,3011.61
CUST_004246,0.9996227,1,1,High Risk,USA,North America,Finance,Small Business,Basic,Monthly,38.9,3.0,66.4,17.2,5.0,21,271,16,970.08,676.6
CUST_007312,0.9996216,1,1,High Risk,Germany,Europe,Manufacturing,Startup,Basic,Annual,23.82,5.0,58.5,13.2,33.0,19,479,22,735.74,325.27
CUST_011494,0.9996209,1,1,High Risk,Canada,North America,Technology,Startup,Business,Annual,296.29,7.0,71.8,18.1,3.0,12,147,17,8015.0,6549.51
CUST_014846,0.99962056,1,1,High Risk,USA,North America,Finance,Small Business,Business,Annual,308.64,5.0,44.1,14.4,-2.0,17,436,16,6776.68,5643.82
CUST_007744,0.99962044,1,1,High Risk,Germany,Europe,Retail,Startup,Basic,Monthly,29.45,0.0,32.6,12.6,-8.0,14,139,19,981.19,567.35
CUST_003672,0.99961996,1,1,High Risk,Australia,APAC,Technology,Small Business,Basic,Annual,39.84,5.0,30.8,7.9,-7.0,7,179,19,1192.03,829.45
CUST_011291,0.9996197,1,1,High Risk,USA,North America,Healthcare,Mid-Market,Professional,Multi-Year,398.94,1.0,60.2,19.9,21.0,18,220,15,8108.13,6673.54
CUST_005846,0.9996197,1,1,High Risk,India,APAC,Technology,Small Business,Business,Annual,340.79,5.0,36.8,10.0,-20.0,22,422,17,7277.61,5816.57
CUST_000828,0.9996196,1,1,High Risk,UK,Europe,Finance,Small Business,Professional,Annual,165.37,3.0,72.5,28.4,25.0,7,149,20,6043.97,4899.87
CUST_017354,0.99961936,1,1,High Risk,India,APAC,Technology,Mid-Market,Business,Annual,682.33,4.0,69.9,18.9,-3.0,20,584,15,12645.21,10623.05
CUST_012554,0.99961877,1,1,High Risk,USA,North America,Manufacturing,Startup,Professional,Monthly,98.11,7.0,40.8,9.1,-27.0,10,262,18,2703.42,2090.67
CUST_011881,0.99961877,1,1,High Risk,USA,North America,Technology,Small Business,Basic,Annual,40.79,5.0,69.6,5.9,-9.0,22,433,17,924.91,500.57
CUST_014377,0.9996182,1,1,High Risk,Other,MEA,Real Estate,Startup,Basic,Monthly,26.08,4.0,38.5,11.0,5.0,8,231,18,897.44,552.06
CUST_015114,0.99961805,1,1,High Risk,Other,MEA,Manufacturing,Startup,Basic,Annual,36.87,5.0,24.6,6.8,-9.0,22,609,16,719.4,426.35
CUST_016491,0.99961793,1,1,High Risk,USA,North America,Education,Small Business,Professional,Multi-Year,143.05,7.0,49.8,17.0,-31.0,24,574,18,3313.89,2516.65
CUST_016752,0.99961793,1,1,High Risk,Other,LATAM,Retail,Startup,Professional,Monthly,104.94,1.0,55.5,9.9,16.0,23,634,17,2292.69,1744.67
CUST_012704,0.9996178,1,1,High Risk,USA,North America,Technology,Startup,Business,Monthly,253.43,3.0,67.3,20.3,38.0,25,606,21,6883.83,5560.97
CUST_013237,0.9996176,1,1,High Risk,USA,North America,Technology,Startup,Basic,Monthly,28.24,4.0,43.1,11.9,-4.0,8,81,20,982.26,590.02
CUST_003389,0.9996176,1,1,High Risk,USA,North America,Finance,Startup,Professional,Annual,112.89,5.0,45.3,19.1,12.0,8,125,21,3761.96,2855.2
CUST_014739,0.99961627,1,1,High Risk,UK,Europe,Healthcare,Small Business,Professional,Multi-Year,154.92,5.0,47.9,14.5,-25.0,17,465,19,3702.65,2895.57
CUST_009101,0.99961615,1,1,High Risk,Germany,Europe,Manufacturing,Mid-Market,Enterprise,Annual,4190.16,2.0,44.4,13.0,8.0,5,102,17,123635.09,104016.81
CUST_006935,0.999616,1,1,High Risk,USA,North America,Retail,Mid-Market,Business,Annual,991.4,1.0,51.8,11.7,6.0,14,265,21,29610.37,24729.99
CUST_015767,0.9996159,1,1,High Risk,Other,LATAM,Technology,Startup,Basic,Monthly,22.74,2.0,62.4,18.2,20.0,10,247,20,667.59,277.83
CUST_006023,0.99961543,1,1,High Risk,Germany,Europe,Technology,Startup,Business,Annual,191.02,2.0,30.1,3.8,-10.0,27,587,21,4398.06,3379.63
CUST_009763,0.99961495,1,1,High Risk,USA,North America,Retail,Small Business,Professional,Annual,127.78,4.0,38.8,9.2,-1.0,2,36,16,4293.15,3414.24
CUST_018703,0.9996146,1,1,High Risk,USA,North America,Other,Startup,Basic,Multi-Year,27.33,3.0,27.4,6.2,11.0,7,145,20,827.19,388.46
CUST_010190,0.99961406,1,1,High Risk,India,APAC,Healthcare,Startup,Basic,Annual,32.73,5.0,40.3,10.6,21.0,9,196,19,1075.35,745.33
CUST_016722,0.9996138,1,1,High Risk,Other,MEA,Education,Small Business,Professional,Monthly,139.61,4.0,64.7,16.5,21.0,9,141,22,5323.6,4383.2
CUST_013184,0.9996138,1,1,High Risk,USA,North America,Real Estate,Startup,Professional,Monthly,87.06,6.0,25.3,5.1,-13.0,13,221,17,2420.77,1904.57
CUST_018893,0.99961334,1,1,High Risk,India,APAC,Technology,Startup,Business,Monthly,221.64,4.0,49.0,10.8,10.0,12,304,21,6964.0,5649.27
CUST_014647,0.99961334,1,1,High Risk,UK,Europe,Retail,Startup,Basic,Annual,26.99,5.0,50.5,10.2,-2.0,10,247,17,689.72,356.1
CUST_010452,0.9996132,1,1,High Risk,USA,North America,Healthcare,Startup,Professional,Monthly,76.51,2.0,46.4,17.7,-10.0,4,60,20,2893.92,2152.02
CUST_013426,0.9996132,1,1,High Risk,India,APAC,Manufacturing,Small Business,Basic,Annual,39.76,5.0,53.2,9.6,0.0,17,220,15,933.85,541.26
CUST_018002,0.9996132,1,1,High Risk,USA,North America,Other,Startup,Basic,Monthly,24.95,5.0,51.6,19.9,48.0,14,289,14,566.12,326.39
CUST_007564,0.9996126,1,1,High Risk,Canada,North America,Other,Small Business,Professional,Monthly,145.3,6.0,59.4,14.0,7.0,13,251,14,3306.21,2643.81
CUST_004071,0.9996125,1,1,High Risk,USA,North America,Retail,Startup,Basic,Annual,32.83,8.0,27.2,5.1,-0.0,8,159,15,790.41,444.21
CUST_006052,0.99961215,1,1,High Risk,Germany,Europe,Healthcare,Small Business,Professional,Monthly,159.38,6.0,47.7,13.3,11.0,12,192,18,4799.45,3916.08
CUST_006038,0.9996118,1,1,High Risk,USA,North America,Retail,Startup,Professional,Monthly,84.51,6.0,28.7,9.2,-46.0,26,463,18,1967.9,1409.6
CUST_004278,0.9996117,1,1,High Risk,India,APAC,Technology,Startup,Basic,Monthly,25.65,2.0,13.5,8.0,2.0,26,492,18,622.03,313.81
CUST_011582,0.99961156,1,1,High Risk,USA,North America,Healthcare,Small Business,Business,Monthly,501.02,1.0,37.7,15.2,-10.0,3,67,19,19462.4,16276.83
CUST_000141,0.9996113,1,1,High Risk,USA,North America,Other,Startup,Professional,Monthly,63.08,3.0,53.1,17.9,24.0,21,275,16,1606.03,1103.62
CUST_002322,0.99961084,1,1,High Risk,India,APAC,Retail,Startup,Professional,Monthly,96.59,6.0,56.9,18.7,19.0,10,200,17,2797.81,2167.25
CUST_014667,0.99961036,1,1,High Risk,Canada,North America,Healthcare,Mid-Market,Enterprise,Annual,3338.47,4.0,61.5,20.1,-9.0,11,205,15,71082.86,59997.87
CUST_013021,0.9996099,1,1,High Risk,Germany,Europe,Finance,Startup,Basic,Annual,26.47,2.0,37.9,10.3,28.0,3,62,20,968.63,583.59
CUST_005677,0.9996099,1,1,High Risk,Other,LATAM,Real Estate,Startup,Basic,Monthly,28.5,9.0,17.4,10.1,-19.0,24,684,13,461.11,252.33
CUST_005024,0.99960965,1,1,High Risk,UK,Europe,Retail,Startup,Professional,Monthly,94.09,8.0,32.5,4.9,-9.0,2,49,14,2790.56,2292.82
CUST_019095,0.9996094,1,1,High Risk,USA,North America,Real Estate,Small Business,Professional,Monthly,110.71,7.0,39.7,7.6,0.0,20,303,14,2480.08,1918.27
CUST_019474,0.9996094,1,1,High Risk,Canada,North America,Finance,Startup,Basic,Annual,28.47,6.0,45.3,7.8,-11.0,18,388,21,804.32,433.57
CUST_006926,0.9996093,1,1,High Risk,USA,North America,Education,Small Business,Enterprise,Annual,1484.95,5.0,49.7,10.2,26.0,16,461,14,25274.32,21012.99
CUST_016345,0.99960726,1,1,High Risk,Other,MEA,Technology,Startup,Basic,Monthly,28.4,4.0,28.2,11.1,-3.0,12,315,20,876.51,512.46
CUST_007025,0.99960715,1,1,High Risk,USA,North America,Education,Enterprise,Enterprise,Annual,9108.76,8.0,40.0,13.2,-29.0,13,178,20,260396.87,217942.65
CUST_013885,0.9996062,1,1,High Risk,USA,North America,Education,Small Business,Business,Multi-Year,428.47,4.0,33.8,9.6,-1.0,2,41,18,14036.92,11332.95
CUST_004854,0.999605,1,1,High Risk,Other,MEA,Healthcare,Startup,Business,Annual,207.46,3.0,43.2,14.0,-1.0,9,270,16,4777.31,3825.29
CUST_017088,0.999605,1,1,High Risk,Germany,Europe,Manufacturing,Startup,Professional,Monthly,92.83,5.0,27.7,11.9,-18.0,12,185,17,2560.31,1995.15
CUST_000993,0.9996044,1,1,High Risk,USA,North America,Finance,Startup,Professional,Monthly,111.36,10.0,18.6,0.0,-49.0,10,163,15,2680.66,2038.92
CUST_008965,0.9996038,1,1,High Risk,UK,Europe,Technology,Small Business,Professional,Monthly,171.95,2.0,18.5,3.2,-36.0,8,190,12,3076.08,2422.97
CUST_009418,0.9996032,1,1,High Risk,USA,North America,Real Estate,Startup,Basic,Annual,28.66,2.0,28.4,13.1,-28.0,12,176,19,841.57,525.43
CUST_017398,0.999603,1,1,High Risk,USA,North America,Finance,Startup,Basic,Monthly,25.65,1.0,48.7,7.2,10.0,24,212,17,672.44,260.87
CUST_000235,0.99960226,1,1,High Risk,Germany,Europe,Retail,Startup,Basic,Monthly,26.03,6.0,57.4,12.2,-4.0,7,143,15,724.39,423.04
CUST_013075,0.99960226,1,1,High Risk,Australia,APAC,Finance,Small Business,Professional,Multi-Year,197.26,6.0,42.2,16.5,9.0,9,237,17,4649.87,3664.86
CUST_010043,0.9996019,1,1,High Risk,USA,North America,Education,Startup,Basic,Monthly,20.02,5.0,37.7,9.0,-1.0,11,243,18,541.62,212.05
CUST_010235,0.9996013,1,1,High Risk,Canada,North America,Real Estate,Startup,Basic,Monthly,42.07,7.0,56.0,12.9,-20.0,11,92,23,1527.78,1010.05
CUST_016035,0.9996013,1,1,High Risk,USA,North America,Retail,Small Business,Basic,Annual,45.05,4.0,35.5,11.8,-25.0,11,152,16,1119.54,684.61
CUST_013291,0.99960107,1,1,High Risk,Australia,APAC,Technology,Small Business,Business,Annual,372.56,4.0,32.9,11.8,-20.0,26,347,18,8472.66,6797.72
CUST_011248,0.99959964,1,1,High Risk,India,APAC,Technology,Startup,Professional,Monthly,124.25,1.0,26.8,7.4,12.0,17,310,21,4134.21,3249.86
CUST_000695,0.9995993,1,1,High Risk,Germany,Europe,Healthcare,Startup,Basic,Monthly,33.37,4.0,43.5,10.4,-22.0,10,88,19,1114.45,735.28
CUST_001204,0.9995988,1,1,High Risk,Australia,APAC,Real Estate,Startup,Professional,Monthly,68.14,8.0,32.7,14.4,-26.0,13,213,12,1395.7,1007.01
CUST_002179,0.9995976,1,1,High Risk,USA,North America,Healthcare,Startup,Professional,Monthly,70.63,6.0,43.3,12.1,-31.0,12,140,16,1756.14,1256.91
CUST_019765,0.9995969,1,1,High Risk,USA,North America,Healthcare,Startup,Basic,Monthly,29.38,5.0,33.7,12.3,2.0,17,391,18,782.35,400.38
CUST_004916,0.9995968,1,1,High Risk,Canada,North America,Technology,Small Business,Basic,Monthly,39.11,3.0,21.8,2.5,-9.0,18,120,19,1133.9,724.96
CUST_018064,0.99959666,1,1,High Risk,India,APAC,Retail,Small Business,Business,Annual,419.22,9.0,61.4,12.3,14.0,10,254,18,10795.0,8854.66
CUST_003278,0.99959594,1,1,High Risk,Germany,Europe,Finance,Small Business,Basic,Annual,28.07,7.0,30.9,7.0,11.0,18,147,17,690.86,402.81
CUST_015292,0.99959594,1,1,High Risk,USA,North America,Technology,Mid-Market,Professional,Monthly,285.04,4.0,67.0,20.7,16.0,8,127,16,7717.89,6452.66
CUST_006377,0.9995944,1,1,High Risk,USA,North America,Finance,Mid-Market,Business,Monthly,977.95,4.0,56.1,20.2,5.0,4,65,20,35460.37,29779.2
CUST_015831,0.9995937,1,1,High Risk,Australia,APAC,Education,Small Business,Business,Monthly,469.6,2.0,40.0,10.4,20.0,19,565,14,9005.47,7468.55
CUST_009575,0.9995931,1,1,High Risk,Germany,Europe,Other,Small Business,Professional,Annual,197.19,6.0,45.8,14.0,8.0,18,133,18,5361.87,4333.77
CUST_017045,0.99959177,1,1,High Risk,USA,North America,Technology,Startup,Basic,Monthly,28.99,3.0,60.6,23.8,64.0,11,127,17,830.3,479.9
CUST_001361,0.99959177,1,1,High Risk,USA,North America,Other,Startup,Professional,Annual,71.53,2.0,38.6,12.5,-18.0,22,210,16,1565.46,1110.37
CUST_007668,0.99959165,1,1,High Risk,India,APAC,Retail,Startup,Basic,Monthly,29.26,9.0,55.1,8.7,-7.0,3,49,17,1044.44,616.25
CUST_009262,0.9995914,1,1,High Risk,USA,North America,Technology,Startup,Professional,Monthly,105.87,8.0,63.3,25.5,-15.0,8,95,19,3587.97,2777.12
CUST_004581,0.9995912,1,1,High Risk,India,APAC,Real Estate,Startup,Professional,Annual,99.14,7.0,43.0,15.8,1.0,19,447,16,2142.85,1610.45
CUST_010615,0.9995912,1,1,High Risk,USA,North America,Other,Small Business,Professional,Monthly,140.74,5.0,43.0,13.4,-4.0,12,349,16,3886.16,3035.44
CUST_013084,0.99959093,1,1,High Risk,Canada,North America,Retail,Startup,Business,Monthly,242.99,7.0,53.0,16.5,-0.0,22,429,16,5239.08,4263.91
CUST_002102,0.99959034,1,1,High Risk,Canada,North America,Finance,Startup,Basic,Annual,24.84,7.0,39.4,20.4,-14.0,24,721,19,649.06,292.63
CUST_016823,0.9995902,1,1,High Risk,UK,Europe,Education,Small Business,Basic,Monthly,42.96,3.0,57.4,20.2,37.0,26,290,22,1312.08,852.12
CUST_003816,0.99959,1,1,High Risk,USA,North America,Retail,Startup,Basic,Monthly,29.0,4.0,45.8,11.6,-5.0,17,368,17,863.89,514.88
CUST_005772,0.99958974,1,1,High Risk,India,APAC,Healthcare,Startup,Basic,Monthly,40.99,6.0,43.4,18.3,-6.0,20,215,14,834.24,520.64
CUST_016764,0.99958915,1,1,High Risk,USA,North America,Finance,Mid-Market,Business,Annual,1218.98,4.0,52.6,16.1,15.0,5,102,17,34939.91,29280.25
CUST_008805,0.99958855,1,1,High Risk,USA,North America,Finance,Small Business,Professional,Annual,172.39,4.0,67.9,27.1,-7.0,4,94,17,5199.94,4233.87
CUST_007629,0.9995883,1,1,High Risk,India,APAC,Retail,Startup,Professional,Monthly,114.11,5.0,26.2,0.0,6.0,6,174,18,3525.76,2689.03
CUST_015777,0.9995876,1,1,High Risk,USA,North America,Manufacturing,Startup,Professional,Monthly,69.06,2.0,59.4,7.7,15.0,9,189,18,2201.69,1706.25
CUST_016134,0.99958664,1,1,High Risk,UK,Europe,Retail,Startup,Basic,Monthly,26.58,3.0,41.7,11.9,29.0,22,411,19,685.42,362.49
CUST_017236,0.9995863,1,1,High Risk,UK,Europe,Manufacturing,Startup,Professional,Monthly,65.08,5.0,39.5,10.8,-15.0,22,139,18,1795.84,1263.31
CUST_012457,0.9995863,1,1,High Risk,Other,MEA,Healthcare,Mid-Market,Enterprise,Monthly,4436.42,2.0,59.7,19.0,4.0,14,236,18,142185.19,121590.71
CUST_010871,0.99958605,1,1,High Risk,USA,North America,Technology,Startup,Professional,Annual,104.83,6.0,53.2,18.5,28.0,9,181,13,2200.67,1676.58
CUST_001674,0.9995846,1,1,High Risk,USA,North America,Healthcare,Startup,Professional,Annual,89.88,2.0,50.3,22.5,42.0,5,118,20,3056.38,2296.07
CUST_007870,0.9995844,1,1,High Risk,Australia,APAC,Technology,Startup,Basic,Monthly,27.36,2.0,44.2,11.8,7.0,4,83,18,910.51,511.37
CUST_015005,0.99958354,1,1,High Risk,UK,Europe,Retail,Small Business,Business,Annual,403.46,5.0,45.8,9.9,0.0,22,583,16,8760.44,7255.73
CUST_015367,0.9995833,1,1,High Risk,Germany,Europe,Finance,Startup,Basic,Monthly,27.94,5.0,29.8,9.1,-14.0,14,381,16,717.27,389.96
CUST_006538,0.9995819,1,1,High Risk,USA,North America,Finance,Startup,Basic,Annual,34.33,7.0,30.1,7.9,-23.0,14,169,19,982.54,596.92
CUST_004748,0.9995815,1,1,High Risk,UK,Europe,Finance,Small Business,Business,Annual,353.78,5.0,59.5,15.4,-19.0,16,167,16,8324.17,6850.78
CUST_008208,0.9995813,1,1,High Risk,UK,Europe,Manufacturing,Startup,Professional,Annual,103.68,3.0,47.5,13.5,20.0,19,387,17,2622.4,2020.2
CUST_012326,0.9995813,1,1,High Risk,UK,Europe,Technology,Small Business,Business,Monthly,325.68,4.0,50.1,14.7,5.0,5,142,18,10430.86,8609.79
CUST_007662,0.99958116,1,1,High Risk,Canada,North America,Other,Startup,Basic,Monthly,39.3,3.0,38.5,14.7,-12.0,6,116,15,1055.02,623.95
CUST_005129,0.9995808,1,1,High Risk,India,APAC,Retail,Startup,Professional,Monthly,85.71,5.0,37.1,12.6,-39.0,4,83,17,2646.92,1984.96
CUST_019462,0.9995807,1,1,High Risk,Other,LATAM,Manufacturing,Startup,Basic,Monthly,32.56,4.0,53.7,14.8,-30.0,7,81,18,1119.12,756.67
CUST_019775,0.99958056,1,1,High Risk,UK,Europe,Manufacturing,Startup,Basic,Monthly,25.6,5.0,27.3,9.2,-4.0,12,161,21,858.35,489.74
CUST_008368,0.9995801,1,1,High Risk,Australia,APAC,Healthcare,Startup,Professional,Monthly,95.72,3.0,57.8,21.9,18.0,10,158,15,2435.08,1896.38
CUST_006818,0.9995795,1,1,High Risk,Germany,Europe,Healthcare,Startup,Professional,Monthly,85.9,1.0,54.1,13.7,55.0,4,84,16,2715.61,2160.97
CUST_004665,0.99957925,1,1,High Risk,USA,North America,Technology,Small Business,Basic,Annual,54.7,8.0,64.6,24.5,-0.0,7,114,17,1611.18,1128.76
CUST_009653,0.9995789,1,1,High Risk,USA,North America,Real Estate,Startup,Basic,Monthly,32.84,1.0,26.5,11.2,-13.0,22,224,15,791.02,521.2
CUST_005870,0.9995788,1,1,High Risk,India,APAC,Retail,Startup,Professional,Monthly,96.77,4.0,70.4,23.7,6.0,22,493,15,1971.91,1460.92
CUST_015587,0.9995771,1,1,High Risk,UK,Europe,Technology,Small Business,Professional,Annual,131.15,5.0,44.6,14.8,23.0,16,233,16,2911.89,2213.75
CUST_011907,0.999577,1,1,High Risk,USA,North America,Real Estate,Small Business,Business,Monthly,501.89,5.0,49.5,11.6,20.0,13,140,17,15256.18,12846.7
CUST_010256,0.9995765,1,1,High Risk,UK,Europe,Other,Small Business,Basic,Monthly,64.65,2.0,52.5,11.6,0.0,10,285,18,1642.33,1085.56
CUST_006621,0.9995757,1,1,High Risk,USA,North America,Education,Startup,Basic,Monthly,28.63,6.0,21.9,12.3,-16.0,16,284,19,818.72,375.87
CUST_005813,0.9995752,1,1,High Risk,Other,LATAM,Real Estate,Startup,Basic,Monthly,35.25,4.0,34.3,7.2,-22.0,20,302,16,831.23,522.26
CUST_009532,0.99957496,1,1,High Risk,Germany,Europe,Technology,Startup,Basic,Monthly,40.01,4.0,52.0,11.8,19.0,17,437,19,1190.99,699.39
CUST_010879,0.9995745,1,1,High Risk,Other,MEA,Healthcare,Mid-Market,Basic,Annual,112.59,6.0,42.1,13.0,-34.0,2,37,18,4095.36,3279.49
CUST_007202,0.99957424,1,1,High Risk,USA,North America,Technology,Mid-Market,Enterprise,Annual,2605.72,4.0,58.8,16.9,20.0,12,297,16,67309.97,57473.06
CUST_015077,0.99957424,1,1,High Risk,Other,LATAM,Other,Startup,Business,Monthly,216.25,1.0,56.0,16.4,16.0,18,405,19,6163.94,5070.46
CUST_019127,0.999574,1,1,High Risk,India,APAC,Healthcare,Mid-Market,Business,Annual,858.12,4.0,64.1,20.3,24.0,14,380,17,25176.86,21015.37
CUST_005641,0.999574,1,1,High Risk,Canada,North America,Retail,Startup,Professional,Annual,69.11,6.0,52.4,17.8,24.0,5,74,17,2312.82,1700.6
CUST_005267,0.9995735,1,1,High Risk,Other,MEA,Real Estate,Startup,Basic,Monthly,27.88,6.0,42.4,8.9,-9.0,14,185,14,624.72,312.59
CUST_016874,0.9995734,1,1,High Risk,USA,North America,Manufacturing,Startup,Basic,Annual,36.57,6.0,51.3,22.1,-7.0,12,190,18,1005.81,613.22
CUST_017175,0.9995734,1,1,High Risk,Australia,APAC,Technology,Startup,Basic,Monthly,28.42,1.0,38.0,12.2,32.0,7,186,17,858.2,556.63
CUST_009915,0.9995727,1,1,High Risk,USA,North America,Healthcare,Startup,Professional,Monthly,104.52,5.0,41.7,16.5,4.0,2,41,15,3444.83,2753.2
CUST_014357,0.9995726,1,1,High Risk,Germany,Europe,Education,Mid-Market,Professional,Monthly,417.86,2.0,46.2,18.6,-5.0,18,398,16,10646.6,8941.53
CUST_018720,0.9995716,1,1,High Risk,India,APAC,Finance,Mid-Market,Business,Annual,1076.02,3.0,35.8,3.0,-19.0,2,35,17,36130.87,30163.7
CUST_005388,0.99957126,1,1,High Risk,USA,North America,Finance,Small Business,Business,Annual,400.52,2.0,38.6,14.4,18.0,11,240,14,8090.64,6563.29
CUST_014628,0.9995702,1,1,High Risk,UK,Europe,Real Estate,Small Business,Business,Monthly,327.52,6.0,46.8,14.2,12.0,9,209,15,8369.56,7012.37
CUST_010385,0.9995695,1,1,High Risk,UK,Europe,Technology,Startup,Basic,Annual,28.83,5.0,29.1,6.4,-52.0,23,298,14,525.94,273.04
CUST_000923,0.9995691,1,1,High Risk,India,APAC,Technology,Startup,Basic,Annual,26.91,6.0,34.0,3.4,5.0,5,79,17,850.67,501.14
CUST_016571,0.9995678,1,1,High Risk,Canada,North America,Technology,Startup,Basic,Annual,35.56,6.0,35.8,4.8,11.0,23,234,17,808.69,438.76
CUST_016011,0.9995677,1,1,High Risk,Canada,North America,Manufacturing,Small Business,Professional,Monthly,160.87,4.0,62.4,13.4,6.0,18,459,20,4862.09,3923.41
CUST_006539,0.9995672,1,1,High Risk,Germany,Europe,Healthcare,Startup,Basic,Monthly,23.88,5.0,42.6,14.5,-36.0,10,148,16,655.18,353.6
CUST_009074,0.9995665,1,1,High Risk,USA,North America,Healthcare,Small Business,Basic,Monthly,46.59,9.0,32.3,11.5,-22.0,17,400,21,1614.51,1129.56
CUST_015433,0.99956614,1,1,High Risk,USA,North America,Technology,Startup,Professional,Annual,88.34,5.0,9.0,7.9,2.0,7,120,18,2873.52,2194.61
CUST_001933,0.9995658,1,1,High Risk,UK,Europe,Finance,Small Business,Basic,Monthly,37.76,3.0,62.4,18.5,-15.0,10,105,19,1203.05,785.8
CUST_008541,0.99956554,1,1,High Risk,UK,Europe,Manufacturing,Startup,Professional,Annual,93.31,5.0,49.1,15.0,-17.0,8,118,17,2603.1,2019.94
CUST_019619,0.99956554,1,1,High Risk,Germany,Europe,Finance,Startup,Professional,Annual,107.08,3.0,53.4,12.2,17.0,5,79,20,3640.29,2825.43
CUST_006612,0.9995654,1,1,High Risk,USA,North America,Healthcare,Small Business,Business,Annual,601.28,6.0,65.8,22.2,20.0,21,539,16,12284.19,10107.26
CUST_017299,0.9995653,1,1,High Risk,Germany,Europe,Finance,Small Business,Enterprise,Annual,1378.17,5.0,39.6,8.8,-6.0,6,105,19,44443.9,37338.74
CUST_018243,0.99956495,1,1,High Risk,USA,North America,Retail,Startup,Professional,Monthly,87.87,6.0,46.8,18.8,-14.0,27,350,17,2118.4,1588.02
CUST_014196,0.9995647,1,1,High Risk,UK,Europe,Healthcare,Small Business,Professional,Annual,165.41,3.0,66.9,23.7,4.0,25,361,19,4223.36,3283.88
CUST_013891,0.99956447,1,1,High Risk,Germany,Europe,Real Estate,Small Business,Basic,Annual,47.99,4.0,40.6,5.0,26.0,4,57,19,1767.47,1263.08
CUST_004274,0.999564,1,1,High Risk,USA,North America,Technology,Small Business,Professional,Monthly,145.52,4.0,68.3,22.3,29.0,10,223,20,4973.99,4052.62
CUST_010463,0.99956363,1,1,High Risk,USA,North America,Education,Small Business,Professional,Monthly,144.0,4.0,32.2,15.2,-7.0,2,60,14,3887.45,3239.48
CUST_011119,0.99956363,1,1,High Risk,Germany,Europe,Education,Startup,Basic,Annual,24.02,7.0,37.3,10.9,-36.0,15,324,17,521.73,217.39
CUST_008679,0.9995621,1,1,High Risk,USA,North America,Technology,Startup,Basic,Monthly,22.57,6.0,26.7,9.8,-24.0,25,508,16,431.34,179.73
CUST_018575,0.99956185,1,1,High Risk,UK,Europe,Real Estate,Startup,Basic,Annual,28.68,6.0,40.8,9.0,-30.0,7,122,15,744.23,367.97
CUST_016344,0.99956137,1,1,High Risk,USA,North America,Healthcare,Startup,Basic,Monthly,30.25,1.0,65.4,22.7,31.0,17,300,16,798.09,445.21
CUST_017541,0.99956137,1,1,High Risk,Australia,APAC,Retail,Startup,Professional,Monthly,80.98,4.0,33.0,13.9,3.0,6,119,20,3087.59,2418.22
CUST_018126,0.9995604,1,1,High Risk,Germany,Europe,Technology,Startup,Basic,Monthly,28.77,2.0,52.5,12.0,-26.0,8,192,15,783.99,508.22
CUST_011665,0.9995604,1,1,High Risk,USA,North America,Real Estate,Small Business,Professional,Multi-Year,136.05,2.0,64.2,20.4,-15.0,17,264,16,3111.12,2386.89
CUST_012516,0.99955994,1,1,High Risk,India,APAC,Healthcare,Small Business,Basic,Annual,41.9,2.0,45.2,10.7,20.0,14,147,17,1074.95,718.84
CUST_014557,0.9995597,1,1,High Risk,USA,North America,Retail,Startup,Basic,Monthly,36.87,6.0,22.2,7.0,-13.0,12,88,22,1468.3,954.21
CUST_000988,0.99955875,1,1,High Risk,India,APAC,Healthcare,Small Business,Professional,Annual,141.13,4.0,56.0,17.1,-16.0,21,258,15,3033.61,2413.5
CUST_016740,0.9995585,1,1,High Risk,Other,MEA,Technology,Small Business,Professional,Monthly,147.02,5.0,14.9,4.1,-53.0,12,162,16,3932.07,3174.33
CUST_009299,0.9995584,1,1,High Risk,India,APAC,Technology,Startup,Basic,Monthly,25.03,2.0,36.4,1.3,-27.0,27,262,19,704.6,323.9
CUST_001280,0.99955827,1,1,High Risk,USA,North America,Other,Startup,Basic,Annual,28.27,7.0,17.7,5.3,-33.0,10,83,19,892.57,547.1
CUST_003249,0.99955755,1,1,High Risk,USA,North America,Healthcare,Startup,Basic,Monthly,27.84,3.0,55.0,13.4,-1.0,9,227,12,550.35,303.22
CUST_006461,0.99955744,1,1,High Risk,USA,North America,Healthcare,Startup,Basic,Annual,26.88,5.0,38.2,7.3,10.0,8,145,15,639.86,309.96
CUST_016779,0.9995572,1,1,High Risk,Australia,APAC,Technology,Small Business,Business,Monthly,386.76,7.0,38.8,10.7,-19.0,18,230,14,9082.42,7538.88
CUST_016485,0.99955696,1,1,High Risk,USA,North America,Retail,Startup,Basic,Monthly,30.96,4.0,62.2,16.0,-4.0,9,94,21,1122.67,691.9
CUST_005093,0.99955565,1,1,High Risk,Germany,Europe,Other,Startup,Professional,Monthly,131.97,4.0,38.1,14.1,-25.0,26,626,16,2675.69,2142.76
CUST_011109,0.99955493,1,1,High Risk,UK,Europe,Healthcare,Mid-Market,Business,Monthly,754.4,4.0,26.7,9.3,-21.0,9,169,16,20360.96,17407.18
CUST_000239,0.99955493,1,1,High Risk,USA,North America,Real Estate,Startup,Professional,Monthly,77.68,3.0,51.2,16.3,5.0,24,299,16,1857.55,1432.79
CUST_007805,0.99955446,1,1,High Risk,UK,Europe,Technology,Startup,Basic,Monthly,22.51,6.0,35.5,13.7,-32.0,27,294,18,560.32,210.65
CUST_015860,0.9995517,1,1,High Risk,Germany,Europe,Healthcare,Startup,Professional,Monthly,74.74,8.0,43.9,14.5,-29.0,28,263,17,1864.72,1372.49
CUST_006999,0.999551,1,1,High Risk,Germany,Europe,Finance,Startup,Basic,Monthly,38.24,6.0,50.0,19.3,-9.0,9,88,17,1061.27,627.62
CUST_007277,0.999551,1,1,High Risk,UK,Europe,Manufacturing,Small Business,Professional,Annual,175.64,3.0,43.6,16.4,16.0,27,339,17,4108.56,3291.35
CUST_010934,0.9995505,1,1,High Risk,Canada,North America,Finance,Startup,Professional,Annual,71.66,2.0,32.1,10.6,14.0,15,121,17,1921.53,1421.57
CUST_018698,0.9995504,1,1,High Risk,India,APAC,Education,Small Business,Professional,Monthly,141.14,7.0,40.1,14.8,11.0,20,147,22,4526.82,3532.77
CUST_002658,0.9995497,1,1,High Risk,USA,North America,Technology,Startup,Basic,Monthly,31.55,4.0,65.9,19.5,27.0,22,183,16,814.13,494.23
CUST_002404,0.99954754,1,1,High Risk,UK,Europe,Education,Startup,Basic,Monthly,25.69,3.0,13.3,9.7,-16.0,8,193,14,620.76,380.19
CUST_017125,0.9995474,1,1,High Risk,UK,Europe,Other,Startup,Basic,Annual,37.16,7.0,31.1,5.1,-20.0,11,176,15,858.11,549.61
CUST_018700,0.9995472,1,1,High Risk,Other,MEA,Finance,Small Business,Professional,Annual,145.41,6.0,47.8,15.8,21.0,17,452,15,3224.11,2532.83
CUST_012497,0.9995472,1,1,High Risk,USA,North America,Technology,Startup,Basic,Annual,27.66,2.0,56.7,13.9,17.0,12,332,18,724.19,419.04
CUST_018391,0.99954575,1,1,High Risk,USA,North America,Technology,Startup,Basic,Monthly,34.44,6.0,25.5,11.8,-18.0,1,28,23,1728.39,1199.94
CUST_008124,0.9995455,1,1,High Risk,USA,North America,Retail,Small Business,Basic,Annual,33.81,1.0,54.8,9.1,11.0,20,486,22,976.59,558.98
CUST_000225,0.9995453,1,1,High Risk,Other,LATAM,Technology,Small Business,Business,Annual,402.6,6.0,44.0,17.1,27.0,21,327,16,9166.51,7604.19
CUST_012763,0.9995448,1,1,High Risk,USA,North America,Real Estate,Small Business,Professional,Monthly,134.92,3.0,55.8,12.9,11.0,10,283,16,3556.95,2884.76
CUST_003823,0.9995436,1,1,High Risk,Other,LATAM,Technology,Mid-Market,Professional,Annual,310.69,5.0,67.0,17.9,-24.0,18,225,14,6162.4,5105.37
CUST_011347,0.9995435,1,1,High Risk,Other,LATAM,Technology,Startup,Business,Annual,228.27,5.0,38.7,12.1,-34.0,25,545,16,4767.82,3817.08
CUST_013507,0.9995435,1,1,High Risk,Canada,North America,Real Estate,Small Business,Professional,Multi-Year,115.16,3.0,22.0,9.0,-9.0,5,122,16,2800.91,2056.43
CUST_003858,0.9995433,1,1,High Risk,Germany,Europe,Finance,Startup,Business,Monthly,213.9,3.0,29.4,8.1,-14.0,16,371,16,6162.42,5123.23
CUST_002267,0.9995427,1,1,High Risk,USA,North America,Education,Mid-Market,Enterprise,Multi-Year,3715.14,4.0,57.0,20.1,7.0,7,196,16,93082.03,76679.45
CUST_011589,0.99954224,1,1,High Risk,Australia,APAC,Finance,Mid-Market,Business,Annual,795.6,4.0,51.8,18.5,24.0,8,179,17,22801.92,18997.59
CUST_005859,0.999542,1,1,High Risk,Australia,APAC,Education,Mid-Market,Business,Annual,890.47,5.0,44.4,6.7,38.0,10,129,22,31348.04,26188.64
CUST_005392,0.99954176,1,1,High Risk,USA,North America,Education,Small Business,Business,Multi-Year,302.76,3.0,49.6,16.5,13.0,3,84,16,7771.42,6126.23
CUST_002001,0.99954164,1,1,High Risk,Other,MEA,Real Estate,Startup,Basic,Monthly,23.71,10.0,67.8,17.2,12.0,21,222,15,573.18,296.35
CUST_004798,0.9995403,1,1,High Risk,USA,North America,Retail,Small Business,Business,Monthly,359.16,2.0,70.4,20.1,0.0,26,675,18,8220.5,6658.79
CUST_008841,0.99953985,1,1,High Risk,Canada,North America,Manufacturing,Small Business,Professional,Monthly,136.86,5.0,46.8,17.5,13.0,4,69,18,5083.9,4081.38
CUST_014348,0.99953973,1,1,High Risk,Canada,North America,Healthcare,Small Business,Professional,Annual,152.27,4.0,49.4,9.7,6.0,23,521,15,2952.38,2303.34
CUST_002729,0.9995394,1,1,High Risk,Canada,North America,Healthcare,Startup,Professional,Monthly,81.05,5.0,60.3,13.4,10.0,13,102,19,2678.85,2062.79
CUST_019849,0.9995388,1,1,High Risk,USA,North America,Retail,Startup,Basic,Annual,33.88,3.0,49.1,15.3,-12.0,19,142,17,835.42,451.24
CUST_009500,0.9995382,1,1,High Risk,UK,Europe,Retail,Mid-Market,Business,Annual,964.06,4.0,72.2,22.7,31.0,12,287,15,21259.25,17946.03
CUST_006435,0.9995377,1,1,High Risk,Canada,North America,Finance,Small Business,Professional,Monthly,83.8,6.0,46.7,20.3,13.0,11,113,18,2361.66,1808.71
CUST_016338,0.99953747,1,1,High Risk,Other,LATAM,Retail,Startup,Professional,Monthly,53.41,3.0,47.6,16.9,-6.0,12,300,18,1266.48,856.89
CUST_018242,0.99953735,1,1,High Risk,USA,North America,Retail,Startup,Professional,Monthly,106.49,3.0,20.2,7.4,-30.0,32,673,22,3047.04,2340.07
CUST_002740,0.9995363,1,1,High Risk,Germany,Europe,Manufacturing,Small Business,Professional,Annual,161.68,5.0,39.7,23.3,-23.0,17,186,18,4798.48,3835.2
CUST_019687,0.9995359,1,1,High Risk,UK,Europe,Finance,Startup,Enterprise,Multi-Year,855.75,7.0,53.0,10.1,-10.0,15,147,17,20857.01,16833.05
CUST_012758,0.9995353,1,1,High Risk,USA,North America,Finance,Mid-Market,Business,Annual,1341.53,5.0,60.2,19.2,20.0,22,231,16,29485.2,24740.74
CUST_010091,0.99953496,1,1,High Risk,UK,Europe,Manufacturing,Small Business,Professional,Monthly,141.52,2.0,58.3,17.1,8.0,24,600,19,3456.51,2691.03
CUST_016118,0.99953485,1,1,High Risk,Germany,Europe,Education,Startup,Basic,Annual,32.16,2.0,54.5,11.4,36.0,19,311,16,707.86,311.8
CUST_004243,0.9995339,1,1,High Risk,USA,North America,Manufacturing,Startup,Basic,Monthly,24.63,3.0,38.9,11.0,-5.0,14,333,19,744.81,387.82
CUST_012699,0.99953306,1,1,High Risk,India,APAC,Manufacturing,Startup,Professional,Monthly,90.2,6.0,41.4,9.9,39.0,25,378,24,3163.48,2401.39
CUST_004102,0.99953294,1,1,High Risk,India,APAC,Other,Startup,Basic,Annual,35.1,4.0,37.8,8.9,-27.0,11,201,18,946.7,501.0
CUST_013800,0.9995326,1,1,High Risk,India,APAC,Healthcare,Startup,Basic,Monthly,38.52,6.0,40.5,12.5,16.0,3,56,15,1212.27,845.92
CUST_009568,0.99953246,1,1,High Risk,USA,North America,Real Estate,Startup,Professional,Monthly,98.18,6.0,60.9,22.9,34.0,13,267,18,2801.42,2177.6
CUST_007301,0.9995322,1,1,High Risk,USA,North America,Finance,Small Business,Professional,Multi-Year,124.69,7.0,41.7,17.3,3.0,15,431,14,2422.6,1846.86
CUST_018924,0.99953103,1,1,High Risk,USA,North America,Healthcare,Small Business,Enterprise,Multi-Year,1549.84,3.0,60.2,24.3,25.0,21,221,15,30143.31,24746.67
CUST_018570,0.9995309,1,1,High Risk,Germany,Europe,Other,Startup,Professional,Monthly,65.08,1.0,34.1,11.5,-3.0,25,473,16,1594.4,1157.15
CUST_016737,0.9995297,1,1,High Risk,USA,North America,Manufacturing,Startup,Basic,Monthly,32.07,4.0,44.2,9.2,11.0,12,112,17,954.85,571.99
CUST_004442,0.9995295,1,1,High Risk,Canada,North America,Finance,Startup,Basic,Annual,28.07,7.0,44.8,14.5,34.0,22,519,16,587.69,336.87
CUST_014569,0.99952936,1,1,High Risk,Canada,North America,Technology,Small Business,Professional,Monthly,134.94,2.0,55.9,10.8,3.0,15,214,19,4133.99,3332.85
CUST_010205,0.9995289,1,1,High Risk,USA,North America,Technology,Startup,Business,Annual,280.0,7.0,29.9,13.2,-15.0,23,551,13,4669.21,3749.46
CUST_010636,0.9995285,1,1,High Risk,India,APAC,Technology,Mid-Market,Business,Multi-Year,771.3,3.0,55.1,22.3,18.0,14,171,17,18114.84,14882.46
CUST_010877,0.99952817,1,1,High Risk,USA,North America,Technology,Startup,Basic,Monthly,27.24,2.0,43.0,13.4,31.0,12,287,17,633.39,298.47
CUST_007059,0.9995278,1,1,High Risk,UK,Europe,Finance,Small Business,Basic,Annual,50.88,7.0,32.7,11.1,-11.0,2,56,15,1455.24,1039.54
CUST_014556,0.9995276,1,1,High Risk,Australia,APAC,Real Estate,Startup,Basic,Monthly,30.39,0.0,37.6,13.5,16.0,13,264,20,1069.01,661.64
CUST_001152,0.9995259,1,1,High Risk,Other,LATAM,Finance,Small Business,Professional,Annual,227.2,2.0,42.1,14.2,-14.0,8,160,20,7625.46,6170.69
CUST_012573,0.99952567,1,1,High Risk,UK,Europe,Healthcare,Startup,Business,Monthly,249.62,7.0,20.3,5.1,11.0,26,247,13,4832.09,3867.31
CUST_014200,0.9995254,1,1,High Risk,Australia,APAC,Finance,Startup,Basic,Annual,29.01,6.0,58.4,16.7,-18.0,14,303,18,742.75,354.54
CUST_002031,0.99952495,1,1,High Risk,UK,Europe,Technology,Small Business,Business,Monthly,325.07,6.0,28.6,12.8,-21.0,11,300,16,7413.7,6128.32
CUST_015070,0.9995239,1,1,High Risk,UK,Europe,Other,Small Business,Business,Multi-Year,405.49,5.0,57.2,13.9,29.0,2,47,16,11174.86,9034.49
CUST_007402,0.99952376,1,1,High Risk,USA,North America,Education,Small Business,Professional,Multi-Year,159.25,6.0,29.5,5.9,-6.0,11,188,14,3346.19,2636.58
CUST_009758,0.9995233,1,1,High Risk,UK,Europe,Real Estate,Startup,Basic,Monthly,35.98,5.0,29.7,8.2,-32.0,23,609,15,683.7,413.04
CUST_003455,0.9995233,1,1,High Risk,UK,Europe,Education,Startup,Professional,Annual,114.78,2.0,40.0,17.8,16.0,24,272,21,3439.99,2627.15
CUST_009060,0.99952316,1,1,High Risk,USA,North America,Manufacturing,Small Business,Basic,Annual,56.2,5.0,64.7,24.9,21.0,2,46,15,1730.56,1222.39
CUST_003480,0.99952316,1,1,High Risk,USA,North America,Retail,Startup,Professional,Monthly,81.67,0.0,36.4,4.1,-13.0,25,180,14,1832.22,1368.75
CUST_002239,0.99952304,1,1,High Risk,Germany,Europe,Other,Startup,Basic,Annual,30.8,3.0,39.7,12.8,3.0,21,617,17,595.0,230.59
CUST_014179,0.9995229,1,1,High Risk,USA,North America,Education,Small Business,Professional,Annual,146.21,4.0,53.5,17.4,5.0,20,315,14,2835.44,2206.97
CUST_019865,0.9995227,1,1,High Risk,USA,North America,Other,Startup,Professional,Monthly,94.66,0.0,33.3,15.1,-18.0,7,118,17,2804.23,2247.0
CUST_003751,0.9995222,1,1,High Risk,USA,North America,Education,Startup,Basic,Monthly,26.41,4.0,67.4,18.7,13.0,3,55,17,913.77,488.11
CUST_007911,0.999522,1,1,High Risk,USA,North America,Manufacturing,Small Business,Professional,Annual,223.66,4.0,21.7,4.4,-12.0,15,390,15,5259.61,4248.88
CUST_014401,0.999522,1,1,High Risk,Canada,North America,Other,Startup,Basic,Annual,37.44,3.0,46.1,12.4,22.0,15,138,20,1224.07,750.38
CUST_005875,0.99952185,1,1,High Risk,UK,Europe,Retail,Startup,Basic,Monthly,25.52,2.0,52.5,13.7,18.0,20,433,16,631.45,318.83
CUST_015791,0.99952173,1,1,High Risk,UK,Europe,Education,Small Business,Professional,Monthly,154.04,7.0,69.6,14.4,-9.0,14,200,14,3376.42,2722.03
CUST_005573,0.9995216,1,1,High Risk,Canada,North America,Other,Startup,Basic,Monthly,34.27,2.0,37.8,9.0,26.0,9,82,18,1002.18,639.01
CUST_011046,0.9995208,1,1,High Risk,Germany,Europe,Healthcare,Startup,Professional,Monthly,77.17,5.0,35.9,9.9,-16.0,31,917,21,1941.2,1469.66
CUST_019431,0.9995208,1,1,High Risk,India,APAC,Healthcare,Startup,Basic,Annual,24.19,7.0,31.0,11.3,-5.0,28,684,22,658.71,284.46
CUST_009357,0.9995204,1,1,High Risk,Australia,APAC,Healthcare,Startup,Basic,Monthly,19.13,1.0,36.0,4.5,5.0,24,335,16,407.82,125.9
CUST_005144,0.9995202,1,1,High Risk,UK,Europe,Technology,Startup,Basic,Monthly,33.89,2.0,59.5,12.2,18.0,16,236,19,1039.08,727.01
CUST_005941,0.99951994,1,1,High Risk,USA,North America,Education,Small Business,Professional,Monthly,158.37,5.0,19.3,11.0,6.0,21,461,14,3000.37,2362.84
CUST_015442,0.99951947,1,1,High Risk,Australia,APAC,Manufacturing,Small Business,Professional,Monthly,153.85,4.0,47.0,11.5,-1.0,12,358,17,4287.42,3375.82
CUST_017140,0.99951947,1,1,High Risk,USA,North America,Manufacturing,Startup,Business,Annual,242.95,4.0,52.1,14.9,-11.0,7,69,18,7284.36,5988.14
CUST_001556,0.99951947,1,1,High Risk,India,APAC,Retail,Startup,Basic,Monthly,31.88,6.0,59.5,9.2,2.0,10,155,14,790.36,495.82
CUST_002828,0.99951935,1,1,High Risk,USA,North America,Retail,Startup,Basic,Monthly,30.66,6.0,5.3,0.0,-9.0,15,247,17,763.26,431.6
CUST_018092,0.999519,1,1,High Risk,USA,North America,Other,Small Business,Professional,Multi-Year,130.39,4.0,34.3,4.1,-28.0,26,334,20,3245.15,2454.19
CUST_012816,0.99951875,1,1,High Risk,USA,North America,Education,Startup,Professional,Monthly,104.52,3.0,60.8,17.5,20.0,5,80,24,4641.57,3626.0
CUST_007177,0.9995183,1,1,High Risk,Germany,Europe,Healthcare,Startup,Basic,Monthly,25.43,7.0,27.4,2.9,-24.0,6,90,19,918.96,575.38
CUST_014007,0.9995183,1,1,High Risk,Germany,Europe,Finance,Startup,Professional,Monthly,100.68,6.0,36.3,18.5,-4.0,10,243,14,2258.22,1805.88
CUST_014946,0.99951804,1,1,High Risk,USA,North America,Education,Small Business,Business,Annual,482.83,8.0,41.1,15.4,-8.0,30,612,18,10581.2,8724.99
CUST_012493,0.99951744,1,1,High Risk,UK,Europe,Technology,Startup,Professional,Monthly,85.47,6.0,40.4,6.9,-29.0,26,269,14,1577.03,1166.98
CUST_008431,0.9995173,1,1,High Risk,USA,North America,Technology,Startup,Professional,Monthly,92.72,5.0,55.0,11.6,3.0,10,105,19,2854.66,2168.93
CUST_019968,0.99951696,1,1,High Risk,Canada,North America,Healthcare,Startup,Basic,Monthly,23.05,4.0,39.9,13.0,0.0,9,255,12,444.28,193.55
CUST_017755,0.9995167,1,1,High Risk,USA,North America,Real Estate,Startup,Basic,Annual,25.07,3.0,48.2,18.5,-19.0,18,290,18,633.15,282.74
CUST_001028,0.9995161,1,1,High Risk,Australia,APAC,Other,Startup,Professional,Monthly,114.41,4.0,53.5,12.7,-11.0,18,355,18,3339.19,2657.09
CUST_018301,0.9995152,1,1,High Risk,UK,Europe,Healthcare,Startup,Business,Monthly,250.98,0.0,47.1,18.1,11.0,23,192,17,6277.23,5191.59
CUST_013141,0.99951494,1,1,High Risk,India,APAC,Technology,Startup,Basic,Annual,28.55,6.0,33.8,11.6,17.0,20,519,14,549.81,297.14
CUST_002142,0.9995148,1,1,High Risk,Germany,Europe,Healthcare,Startup,Basic,Annual,35.03,5.0,56.8,16.2,3.0,7,80,20,1246.47,771.43
CUST_000082,0.9995146,1,1,High Risk,Australia,APAC,Education,Startup,Basic,Annual,27.34,0.0,49.5,11.2,-17.0,18,506,18,681.25,338.83
CUST_001603,0.99951446,1,1,High Risk,Other,LATAM,Other,Startup,Business,Monthly,236.79,3.0,62.4,14.3,7.0,17,418,25,9547.28,7917.52
CUST_010925,0.99951434,1,1,High Risk,India,APAC,Technology,Small Business,Business,Monthly,559.87,3.0,59.4,26.0,-32.0,22,551,14,10459.92,8752.49
CUST_006163,0.9995134,1,1,High Risk,India,APAC,Healthcare,Small Business,Basic,Annual,51.52,4.0,47.4,12.3,2.0,17,280,14,1150.06,816.94
CUST_012349,0.99951327,1,1,High Risk,USA,North America,Healthcare,Startup,Basic,Monthly,24.46,7.0,36.3,6.6,-51.0,23,308,15,552.46,266.41
CUST_008472,0.99951327,1,1,High Risk,Other,MEA,Healthcare,Small Business,Professional,Monthly,115.54,5.0,36.8,15.1,-34.0,14,241,17,3297.45,2617.44
CUST_010595,0.9995116,1,1,High Risk,Other,LATAM,Technology,Small Business,Basic,Annual,53.46,4.0,30.9,5.7,16.0,7,121,16,1548.08,1147.29
CUST_011912,0.99951124,1,1,High Risk,India,APAC,Real Estate,Small Business,Basic,Annual,49.15,10.0,32.7,8.9,-64.0,23,287,16,1054.47,629.72
CUST_000368,0.99951124,1,1,High Risk,USA,North America,Retail,Startup,Basic,Monthly,32.0,2.0,47.7,15.4,31.0,23,355,18,862.62,490.18
CUST_018125,0.9995109,1,1,High Risk,Other,LATAM,Finance,Small Business,Business,Annual,516.54,1.0,73.7,23.2,25.0,23,284,19,14786.94,12337.4
CUST_018918,0.9995104,1,1,High Risk,UK,Europe,Healthcare,Startup,Professional,Monthly,91.96,0.0,24.0,11.7,-35.0,13,328,17,2370.4,1775.63
CUST_000530,0.99950945,1,1,High Risk,UK,Europe,Finance,Startup,Business,Monthly,213.88,4.0,36.7,13.1,15.0,5,118,15,5635.26,4636.58
CUST_006677,0.9995091,1,1,High Risk,USA,North America,Manufacturing,Startup,Basic,Monthly,34.46,8.0,33.3,8.5,11.0,21,393,15,785.73,489.52
CUST_014420,0.9995091,1,1,High Risk,Canada,North America,Real Estate,Startup,Basic,Annual,28.56,7.0,48.4,16.1,-18.0,2,27,18,1102.92,719.9
CUST_003767,0.999509,1,1,High Risk,UK,Europe,Technology,Small Business,Professional,Monthly,199.96,4.0,74.3,16.8,6.0,15,163,17,5236.85,4235.72
CUST_008563,0.99950874,1,1,High Risk,UK,Europe,Technology,Small Business,Business,Annual,417.55,6.0,55.9,18.7,-2.0,3,45,23,18752.92,15621.86
CUST_003616,0.9995085,1,1,High Risk,USA,North America,Retail,Startup,Professional,Monthly,92.19,7.0,45.5,9.4,9.0,11,256,17,2284.81,1739.91
CUST_019885,0.999508,1,1,High Risk,USA,North America,Healthcare,Startup,Basic,Monthly,34.75,10.0,35.5,12.2,-24.0,12,256,17,917.61,596.22
CUST_004038,0.9995079,1,1,High Risk,Australia,APAC,Education,Small Business,Professional,Annual,160.66,6.0,71.1,18.9,-4.0,9,208,12,3110.82,2462.49
CUST_007062,0.9995079,1,1,High Risk,USA,North America,Healthcare,Startup,Basic,Monthly,39.2,6.0,54.1,19.1,36.0,8,106,17,1180.12,738.78
CUST_008767,0.99950624,1,1,High Risk,USA,North America,Manufacturing,Startup,Basic,Monthly,25.17,1.0,28.3,2.0,35.0,26,617,21,693.25,379.93
CUST_004880,0.99950624,1,1,High Risk,UK,Europe,Education,Mid-Market,Basic,Annual,143.45,5.0,69.2,23.8,-10.0,23,602,17,3057.49,2462.22
CUST_003915,0.99950457,1,1,High Risk,UK,Europe,Retail,Startup,Basic,Monthly,33.07,11.0,28.0,11.7,-51.0,16,389,16,910.54,573.83
CUST_005530,0.9995041,1,1,High Risk,Canada,North America,Technology,Startup,Basic,Annual,22.96,8.0,42.6,17.1,-25.0,12,324,16,533.17,247.15
CUST_004954,0.9995035,1,1,High Risk,USA,North America,Retail,Small Business,Professional,Annual,164.94,9.0,32.9,12.2,-38.0,14,257,23,6022.23,4801.49
CUST_008371,0.9995012,1,1,High Risk,USA,North America,Technology,Startup,Professional,Annual,82.13,4.0,66.1,21.8,17.0,15,257,13,1611.31,1077.88
CUST_017845,0.99950016,1,1,High Risk,USA,North America,Other,Startup,Basic,Monthly,29.08,2.0,57.5,21.5,21.0,21,392,17,733.07,453.14
CUST_013181,0.9994999,1,1,High Risk,USA,North America,Technology,Startup,Basic,Monthly,25.44,6.0,37.0,7.8,-28.0,30,214,21,753.81,404.7
CUST_001111,0.99949944,1,1,High Risk,India,APAC,Healthcare,Startup,Professional,Monthly,136.01,6.0,60.6,18.1,-49.0,22,486,15,2460.28,1904.56
CUST_012866,0.99949884,1,1,High Risk,Other,LATAM,Technology,Startup,Basic,Annual,33.26,3.0,44.4,14.9,3.0,18,173,18,969.09,578.21
CUST_002766,0.9994985,1,1,High Risk,Other,MEA,Manufacturing,Startup,Professional,Monthly,92.3,5.0,64.2,12.6,9.0,12,299,16,2298.5,1788.58
CUST_013596,0.999498,1,1,High Risk,USA,North America,Healthcare,Small Business,Business,Multi-Year,529.15,3.0,46.4,15.2,-4.0,11,269,16,11028.83,8999.08
CUST_016076,0.9994979,1,1,High Risk,USA,North America,Technology,Startup,Business,Annual,305.93,6.0,40.9,10.4,-44.0,20,590,18,7827.31,6424.57
CUST_009744,0.9994966,1,1,High Risk,India,APAC,Healthcare,Mid-Market,Business,Multi-Year,689.88,4.0,21.7,2.9,-24.0,20,583,15,12319.98,10226.01
CUST_005497,0.9994955,1,1,High Risk,India,APAC,Technology,Startup,Basic,Monthly,27.82,2.0,49.9,13.7,8.0,3,64,16,907.84,578.86
CUST_006712,0.9994954,1,1,High Risk,USA,North America,Other,Small Business,Professional,Annual,173.01,5.0,43.7,19.8,-24.0,7,110,19,5231.18,4150.26
CUST_016214,0.9994949,1,1,High Risk,Australia,APAC,Retail,Small Business,Basic,Monthly,60.87,5.0,30.6,12.1,-27.0,18,421,16,1166.84,759.42
CUST_019887,0.9994949,1,1,High Risk,Germany,Europe,Other,Startup,Basic,Monthly,31.01,6.0,65.2,17.7,-6.0,6,180,14,814.24,569.38
CUST_001161,0.9994948,1,1,High Risk,Australia,APAC,Healthcare,Startup,Professional,Monthly,80.47,5.0,30.1,4.3,-7.0,26,639,15,1599.67,1201.31
CUST_000817,0.9994948,1,1,High Risk,USA,North America,Education,Startup,Basic,Monthly,22.9,5.0,38.7,12.5,18.0,16,182,17,646.55,357.03
CUST_019979,0.99949455,1,1,High Risk,Other,LATAM,Healthcare,Startup,Professional,Annual,103.17,2.0,41.9,22.3,1.0,14,229,14,2142.93,1643.03
CUST_011977,0.99949455,1,1,High Risk,India,APAC,Manufacturing,Startup,Professional,Annual,102.71,4.0,45.7,14.7,-2.0,2,50,14,2990.78,2383.99
CUST_010883,0.9994943,1,1,High Risk,India,APAC,Education,Startup,Professional,Monthly,95.44,3.0,38.2,15.2,-14.0,10,77,18,3082.92,2369.56
CUST_002686,0.9994935,1,1,High Risk,India,APAC,Healthcare,Small Business,Business,Annual,268.94,4.0,47.4,15.8,29.0,26,533,21,6747.5,5370.45
CUST_011459,0.999493,1,1,High Risk,USA,North America,Healthcare,Small Business,Professional,Annual,137.16,5.0,56.6,21.1,16.0,3,85,15,3455.11,2649.29
CUST_017292,0.99949276,1,1,High Risk,Canada,North America,Education,Startup,Basic,Monthly,23.82,3.0,69.1,21.9,17.0,21,528,16,525.57,263.69
CUST_012482,0.99949276,1,1,High Risk,UK,Europe,Technology,Startup,Basic,Annual,36.15,7.0,54.0,14.6,-26.0,22,420,21,924.48,508.16
CUST_005507,0.9994917,1,1,High Risk,Germany,Europe,Healthcare,Startup,Basic,Monthly,32.0,4.0,37.4,17.3,-35.0,18,364,18,982.26,626.7
CUST_015968,0.9994916,1,1,High Risk,India,APAC,Finance,Mid-Market,Business,Annual,973.13,10.0,56.1,19.3,14.0,16,181,18,26188.55,21960.37
CUST_000798,0.99949133,1,1,High Risk,USA,North America,Retail,Small Business,Professional,Annual,186.01,5.0,36.4,13.6,-42.0,8,82,17,5057.03,3999.85
CUST_009525,0.9994887,1,1,High Risk,USA,North America,Manufacturing,Small Business,Professional,Annual,141.35,3.0,46.6,13.4,23.0,14,399,21,3973.89,2961.75
CUST_004045,0.9994886,1,1,High Risk,UK,Europe,Other,Small Business,Professional,Annual,174.71,5.0,13.6,6.0,-20.0,15,180,16,4433.89,3561.98
CUST_014851,0.9994885,1,1,High Risk,USA,North America,Finance,Small Business,Basic,Monthly,38.63,4.0,51.8,20.5,-21.0,7,190,14,935.01,670.52
CUST_015023,0.99948835,1,1,High Risk,India,APAC,Retail,Small Business,Professional,Monthly,212.13,6.0,62.4,22.7,14.0,6,143,17,6136.97,5029.79
CUST_015577,0.9994879,1,1,High Risk,USA,North America,Manufacturing,Startup,Basic,Monthly,26.61,4.0,51.6,9.3,-4.0,8,230,13,520.57,270.91
CUST_007631,0.99948776,1,1,High Risk,Canada,North America,Real Estate,Startup,Basic,Annual,36.95,3.0,51.7,13.0,3.0,10,183,12,663.68,378.28
CUST_006206,0.99948776,1,1,High Risk,Australia,APAC,Real Estate,Small Business,Professional,Annual,131.45,7.0,51.2,15.7,-36.0,20,230,16,2736.42,2090.56
CUST_018511,0.9994867,1,1,High Risk,USA,North America,Technology,Startup,Basic,Annual,35.5,2.0,48.9,15.2,-1.0,14,325,19,1027.91,545.11
CUST_008052,0.9994867,1,1,High Risk,Other,LATAM,Technology,Startup,Basic,Monthly,32.3,2.0,52.2,18.7,13.0,1,31,17,1198.92,807.37
CUST_013169,0.9994862,1,1,High Risk,USA,North America,Manufacturing,Startup,Basic,Annual,23.63,6.0,35.2,11.6,-49.0,8,135,20,798.31,404.87
CUST_010868,0.9994854,1,1,High Risk,Germany,Europe,Healthcare,Startup,Professional,Monthly,95.88,7.0,20.2,9.6,-28.0,12,122,21,3465.27,2746.4
CUST_012171,0.9994848,1,1,High Risk,Australia,APAC,Technology,Startup,Professional,Monthly,100.86,8.0,63.9,21.5,-11.0,3,71,18,3586.09,2809.52
CUST_005011,0.9994848,1,1,High Risk,UK,Europe,Education,Small Business,Basic,Annual,47.55,5.0,40.5,12.5,-12.0,7,128,15,1186.09,843.16
CUST_002377,0.9994832,1,1,High Risk,USA,North America,Technology,Startup,Basic,Monthly,30.28,3.0,33.0,4.8,23.0,5,68,17,975.1,589.51
CUST_000185,0.99948287,1,1,High Risk,India,APAC,Other,Startup,Basic,Monthly,34.09,6.0,23.6,13.5,0.0,8,193,11,657.28,449.63
CUST_006013,0.99948287,1,1,High Risk,USA,North America,Technology,Small Business,Professional,Annual,140.68,3.0,61.0,16.2,16.0,13,188,13,2905.28,2250.36
CUST_006003,0.99948287,1,1,High Risk,USA,North America,Technology,Startup,Professional,Annual,98.27,0.0,45.2,12.7,14.0,10,133,16,2661.89,2091.43
CUST_017849,0.99948263,1,1,High Risk,Canada,North America,Healthcare,Small Business,Business,Annual,355.65,5.0,44.0,15.6,-19.0,4,106,16,8514.64,6837.96
CUST_006725,0.99948174,1,1,High Risk,USA,North America,Manufacturing,Small Business,Professional,Annual,151.39,6.0,53.1,13.4,7.0,28,590,21,3897.49,3044.22
CUST_019515,0.999481,1,1,High Risk,UK,Europe,Manufacturing,Startup,Professional,Monthly,92.76,7.0,54.3,17.4,-14.0,8,151,14,2274.0,1771.04
CUST_011886,0.9994804,1,1,High Risk,UK,Europe,Technology,Startup,Basic,Monthly,25.66,2.0,59.4,9.5,-7.0,21,431,15,547.87,292.89
CUST_019699,0.9994804,1,1,High Risk,Australia,APAC,Technology,Small Business,Basic,Annual,53.69,4.0,39.9,17.3,-36.0,10,267,16,1257.4,842.09
CUST_010946,0.9994795,1,1,High Risk,Other,MEA,Technology,Startup,Basic,Monthly,29.07,6.0,27.0,11.1,-12.0,30,341,21,823.02,383.41
CUST_013265,0.99947864,1,1,High Risk,Australia,APAC,Finance,Startup,Professional,Monthly,90.56,3.0,41.9,13.4,6.0,1,27,17,3703.4,2941.23
CUST_006756,0.9994783,1,1,High Risk,India,APAC,Real Estate,Small Business,Business,Multi-Year,386.62,2.0,66.7,18.6,45.0,4,96,16,10100.0,8249.82
CUST_005659,0.9994779,1,1,High Risk,USA,North America,Retail,Startup,Professional,Monthly,72.54,3.0,21.4,8.1,-22.0,9,183,14,1681.96,1219.01
CUST_013317,0.9994778,1,1,High Risk,USA,North America,Technology,Startup,Basic,Annual,36.34,6.0,34.6,2.7,-15.0,13,228,12,747.92,493.65
CUST_010823,0.9994771,1,1,High Risk,UK,Europe,Retail,Small Business,Basic,Monthly,50.0,3.0,55.8,16.1,-12.0,26,484,18,1159.39,775.61
CUST_004853,0.9994759,1,1,High Risk,USA,North America,Retail,Small Business,Professional,Monthly,163.16,3.0,46.3,20.0,5.0,18,128,19,4697.93,3686.36
CUST_019343,0.99947506,1,1,High Risk,USA,North America,Healthcare,Startup,Professional,Monthly,88.32,4.0,64.5,20.3,27.0,5,136,14,2221.65,1668.46
CUST_011798,0.99947435,1,1,High Risk,USA,North America,Healthcare,Startup,Basic,Monthly,29.26,7.0,22.9,9.8,-17.0,26,494,16,681.49,422.35
CUST_002326,0.99947435,1,1,High Risk,USA,North America,Healthcare,Small Business,Business,Monthly,416.06,10.0,38.1,16.1,-32.0,5,68,24,19742.25,16563.35
CUST_007454,0.9994742,1,1,High Risk,Canada,North America,Technology,Startup,Basic,Monthly,33.59,6.0,66.3,17.3,21.0,3,75,19,1225.13,802.01
CUST_014169,0.9994742,1,1,High Risk,USA,North America,Technology,Small Business,Professional,Monthly,155.33,3.0,58.4,25.0,35.0,17,461,20,4364.27,3472.63
CUST_010436,0.9994741,1,1,High Risk,USA,North America,Technology,Startup,Basic,Monthly,21.87,8.0,53.9,15.2,-15.0,19,372,16,546.46,249.31
CUST_018424,0.9994733,1,1,High Risk,India,APAC,Real Estate,Startup,Professional,Annual,64.52,2.0,56.0,12.7,11.0,22,490,14,1228.24,884.71
CUST_019312,0.99947196,1,1,High Risk,USA,North America,Finance,Startup,Basic,Annual,42.45,6.0,35.0,1.1,-13.0,22,149,19,1176.65,796.56
CUST_004075,0.999471,1,1,High Risk,USA,North America,Education,Startup,Professional,Annual,109.69,0.0,37.2,9.6,-23.0,11,196,17,2754.96,2121.77
CUST_019595,0.99947053,1,1,High Risk,USA,North America,Education,Small Business,Business,Multi-Year,464.14,5.0,46.8,8.7,-17.0,14,122,17,12221.29,9859.94
CUST_001624,0.9994704,1,1,High Risk,Germany,Europe,Healthcare,Small Business,Professional,Monthly,173.31,5.0,54.5,13.4,44.0,24,466,15,3386.24,2642.36
CUST_002672,0.9994703,1,1,High Risk,Australia,APAC,Healthcare,Startup,Basic,Monthly,25.2,7.0,60.1,24.2,26.0,7,153,15,602.45,374.97
CUST_010264,0.9994703,1,1,High Risk,UK,Europe,Education,Startup,Basic,Monthly,43.88,5.0,36.9,14.9,-19.0,5,101,19,1300.29,833.79
CUST_016564,0.9994698,1,1,High Risk,Germany,Europe,Technology,Startup,Basic,Monthly,33.94,5.0,44.0,9.6,-1.0,3,46,16,1111.28,746.94
CUST_002983,0.9994691,1,1,High Risk,Other,MEA,Technology,Startup,Basic,Monthly,38.5,5.0,40.6,16.2,-8.0,5,58,21,1431.99,957.25
CUST_000466,0.9994691,1,1,High Risk,USA,North America,Finance,Startup,Basic,Monthly,31.52,5.0,37.3,9.5,21.0,19,243,18,910.57,468.92
CUST_015630,0.9994685,1,1,High Risk,Other,LATAM,Finance,Small Business,Professional,Annual,145.88,5.0,55.5,11.7,-30.0,15,374,16,3795.41,3037.81
CUST_009194,0.99946815,1,1,High Risk,Other,MEA,Other,Startup,Professional,Monthly,87.74,5.0,26.8,8.8,-31.0,4,109,16,2424.59,1835.45
CUST_016063,0.99946743,1,1,High Risk,USA,North America,Manufacturing,Startup,Basic,Monthly,26.36,4.0,17.2,7.9,-6.0,20,581,14,486.93,246.64
CUST_011368,0.99946684,1,1,High Risk,Canada,North America,Real Estate,Startup,Professional,Monthly,67.43,5.0,46.9,15.4,-32.0,17,321,19,1994.13,1414.55
CUST_008682,0.99946636,1,1,High Risk,Canada,North America,Manufacturing,Small Business,Business,Annual,427.3,1.0,61.8,24.8,17.0,24,596,16,7589.76,6267.29
CUST_013869,0.99946576,1,1,High Risk,Other,MEA,Finance,Startup,Basic,Monthly,28.92,7.0,37.6,14.8,-18.0,14,179,18,877.29,481.28
CUST_017666,0.9994655,1,1,High Risk,Germany,Europe,Retail,Startup,Basic,Monthly,34.7,3.0,59.7,16.0,7.0,13,115,17,1022.37,607.96
CUST_019905,0.99946445,1,1,High Risk,UK,Europe,Other,Mid-Market,Professional,Multi-Year,348.52,9.0,31.3,8.0,-6.0,15,407,17,8175.96,6699.08
CUST_013615,0.99946374,1,1,High Risk,Other,MEA,Other,Small Business,Professional,Annual,137.32,1.0,59.0,9.2,17.0,6,116,16,3733.96,2895.34
CUST_018172,0.99946326,1,1,High Risk,USA,North America,Manufacturing,Small Business,Business,Annual,409.95,5.0,44.8,13.6,5.0,24,216,12,7162.89,5970.58
CUST_017520,0.99946254,1,1,High Risk,USA,North America,Technology,Startup,Basic,Monthly,32.6,5.0,53.9,22.1,18.0,11,275,15,675.78,374.94
CUST_011924,0.9994624,1,1,High Risk,USA,North America,Education,Startup,Basic,Annual,26.67,1.0,59.0,16.4,27.0,19,359,14,579.98,269.48
CUST_004492,0.9994615,1,1,High Risk,India,APAC,Technology,Startup,Basic,Monthly,23.18,5.0,50.8,21.9,-14.0,11,156,17,683.09,342.83
CUST_019509,0.9994604,1,1,High Risk,Germany,Europe,Healthcare,Startup,Basic,Monthly,28.06,3.0,65.6,22.3,31.0,7,195,15,734.41,444.94
CUST_017535,0.99945945,1,1,High Risk,Germany,Europe,Healthcare,Startup,Basic,Annual,31.14,4.0,66.7,21.1,23.0,3,57,16,903.7,619.41
CUST_012751,0.9994591,1,1,High Risk,UK,Europe,Finance,Mid-Market,Professional,Monthly,237.98,3.0,66.2,8.8,4.0,25,677,15,4226.59,3462.57
CUST_011475,0.9994591,1,1,High Risk,Canada,North America,Healthcare,Startup,Professional,Annual,75.38,10.0,42.5,12.6,-16.0,23,560,15,1409.07,997.89
CUST_012525,0.99945897,1,1,High Risk,USA,North America,Education,Mid-Market,Business,Monthly,915.88,7.0,41.0,12.6,1.0,10,192,17,25719.25,21784.36
CUST_001010,0.9994584,1,1,High Risk,UK,Europe,Manufacturing,Small Business,Basic,Annual,42.16,8.0,56.0,17.5,3.0,22,321,15,909.08,585.3
CUST_004027,0.9994578,1,1,High Risk,Australia,APAC,Healthcare,Startup,Business,Annual,293.25,2.0,62.6,11.6,-9.0,25,404,20,7829.69,6384.51
CUST_010832,0.9994573,1,1,High Risk,USA,North America,Healthcare,Enterprise,Business,Annual,2297.66,5.0,55.8,16.5,6.0,17,470,14,40335.19,33306.48
CUST_017665,0.99945635,1,1,High Risk,Other,LATAM,Education,Small Business,Professional,Monthly,155.89,2.0,23.0,3.2,23.0,26,390,18,4050.76,3233.41
CUST_003329,0.9994561,1,1,High Risk,USA,North America,Manufacturing,Small Business,Professional,Annual,148.73,5.0,38.4,12.1,19.0,8,226,17,3760.29,2855.57
CUST_018715,0.99945503,1,1,High Risk,USA,North America,Healthcare,Mid-Market,Professional,Annual,413.6,6.0,56.5,14.8,29.0,7,153,20,13218.71,11133.92
CUST_009736,0.99945456,1,1,High Risk,Germany,Europe,Technology,Startup,Basic,Annual,33.23,9.0,36.4,12.5,-23.0,8,200,15,873.82,557.61
CUST_004710,0.99945384,1,1,High Risk,USA,North America,Technology,Small Business,Business,Annual,374.2,7.0,66.3,24.5,-3.0,15,197,17,10092.27,8266.65
CUST_006969,0.9994536,1,1,High Risk,Canada,North America,Retail,Startup,Professional,Monthly,74.24,2.0,40.9,12.9,-21.0,14,94,20,2397.89,1705.84
CUST_018741,0.9994531,1,1,High Risk,USA,North America,Retail,Startup,Basic,Monthly,36.73,7.0,45.0,18.3,11.0,18,533,18,926.33,570.58
CUST_007256,0.9994531,1,1,High Risk,USA,North America,Retail,Startup,Professional,Monthly,71.02,2.0,45.8,9.9,4.0,30,200,17,1879.92,1351.57
CUST_018568,0.9994522,1,1,High Risk,UK,Europe,Finance,Startup,Basic,Monthly,34.32,1.0,50.9,19.8,12.0,9,219,13,741.33,464.56
CUST_017377,0.99945194,1,1,High Risk,Australia,APAC,Retail,Small Business,Professional,Annual,226.71,5.0,51.5,12.6,33.0,13,224,18,6217.54,5009.29
CUST_012820,0.99945086,1,1,High Risk,USA,North America,Manufacturing,Startup,Basic,Monthly,32.11,4.0,59.5,17.1,24.0,25,604,21,809.34,386.11
CUST_016630,0.99945074,1,1,High Risk,USA,North America,Finance,Startup,Business,Monthly,181.64,5.0,54.2,10.6,59.0,25,725,16,4685.2,3848.29
CUST_011180,0.9994504,1,1,High Risk,USA,North America,Finance,Startup,Professional,Monthly,101.92,6.0,13.3,3.3,-43.0,7,70,17,3018.52,2367.35
CUST_014848,0.9994504,1,1,High Risk,Other,MEA,Technology,Startup,Professional,Monthly,64.58,2.0,35.5,13.3,-14.0,10,212,17,1845.85,1305.82
CUST_014445,0.99945027,1,1,High Risk,USA,North America,Manufacturing,Mid-Market,Enterprise,Annual,4105.71,6.0,49.5,11.2,34.0,16,378,16,93565.48,78306.6
CUST_007037,0.99944955,1,1,High Risk,USA,North America,Retail,Startup,Basic,Monthly,25.33,7.0,45.2,17.1,16.0,14,172,19,792.76,415.49
CUST_018349,0.99944943,1,1,High Risk,Canada,North America,Education,Startup,Professional,Monthly,122.07,1.0,59.6,22.3,43.0,20,396,17,3052.69,2418.57
CUST_012226,0.99944943,1,1,High Risk,USA,North America,Education,Small Business,Basic,Multi-Year,52.55,7.0,37.8,18.5,-15.0,18,133,17,1201.9,801.09
CUST_013858,0.99944943,1,1,High Risk,USA,North America,Other,Startup,Basic,Monthly,27.56,4.0,41.7,15.1,-16.0,12,144,15,692.74,354.68
CUST_018037,0.9994493,1,1,High Risk,Australia,APAC,Healthcare,Mid-Market,Business,Monthly,1310.08,7.0,65.6,19.7,-5.0,7,209,11,23052.49,19920.85
CUST_015009,0.9994485,1,1,High Risk,Canada,North America,Manufacturing,Small Business,Basic,Monthly,47.97,3.0,48.8,16.7,29.0,23,248,16,1126.79,760.53
CUST_011075,0.9994485,1,1,High Risk,USA,North America,Manufacturing,Startup,Basic,Annual,27.78,5.0,31.2,13.1,-25.0,12,253,12,541.62,268.89
CUST_006669,0.99944836,1,1,High Risk,USA,North America,Other,Startup,Business,Monthly,180.64,2.0,46.4,17.0,20.0,26,685,18,4501.8,3593.56
CUST_019806,0.9994481,1,1,High Risk,USA,North America,Retail,Small Business,Professional,Annual,121.17,4.0,73.6,24.3,31.0,9,168,16,3116.86,2419.65
CUST_009617,0.99944764,1,1,High Risk,UK,Europe,Retail,Small Business,Professional,Annual,173.67,4.0,42.0,4.8,-4.0,2,38,16,5655.42,4525.43
CUST_009008,0.99944717,1,1,High Risk,Germany,Europe,Finance,Startup,Professional,Annual,84.36,3.0,60.4,15.0,-2.0,13,369,15,2237.16,1577.1
CUST_011775,0.99944705,1,1,High Risk,UK,Europe,Education,Small Business,Professional,Monthly,126.41,2.0,54.4,15.8,11.0,19,315,14,2626.01,2057.6
CUST_004553,0.9994467,1,1,High Risk,Canada,North America,Real Estate,Startup,Basic,Annual,29.39,8.0,23.1,8.2,-24.0,3,32,21,1118.63,707.3
CUST_007548,0.9994462,1,1,High Risk,USA,North America,Technology,Small Business,Business,Annual,310.36,1.0,61.0,18.7,23.0,4,95,18,9813.52,8104.22
CUST_019998,0.9994462,1,1,High Risk,USA,North America,Finance,Small Business,Professional,Annual,153.08,6.0,52.8,12.4,17.0,14,123,18,4586.09,3705.24
CUST_010555,0.999446,1,1,High Risk,USA,North America,Retail,Small Business,Basic,Monthly,42.07,2.0,50.4,10.8,0.0,12,133,18,1247.89,794.53
CUST_007281,0.99944574,1,1,High Risk,Canada,North America,Healthcare,Small Business,Professional,Monthly,162.44,7.0,29.6,1.5,-13.0,30,629,18,3628.1,2827.5
CUST_003064,0.9994456,1,1,High Risk,Australia,APAC,Education,Startup,Basic,Annual,30.14,4.0,50.2,19.3,35.0,9,183,16,815.22,492.56
CUST_007950,0.99944526,1,1,High Risk,India,APAC,Manufacturing,Startup,Basic,Annual,24.63,4.0,38.5,7.3,-23.0,2,30,18,887.26,563.05
CUST_004881,0.9994448,1,1,High Risk,USA,North America,Healthcare,Startup,Basic,Monthly,30.0,6.0,54.6,20.4,-16.0,14,351,16,857.83,510.15
CUST_007994,0.99944454,1,1,High Risk,UK,Europe,Healthcare,Mid-Market,Business,Monthly,759.28,7.0,58.5,15.7,9.0,26,467,20,20167.41,17140.04
CUST_019309,0.9994442,1,1,High Risk,USA,North America,Education,Startup,Basic,Monthly,27.62,7.0,28.6,9.0,-21.0,10,236,11,477.37,238.22
CUST_007766,0.99944323,1,1,High Risk,USA,North America,Education,Startup,Basic,Annual,36.2,4.0,35.4,4.0,5.0,20,503,17,833.44,497.56
CUST_005327,0.9994425,1,1,High Risk,UK,Europe,Manufacturing,Startup,Professional,Monthly,82.54,2.0,61.8,19.5,7.0,25,240,21,2731.95,2102.01
CUST_003426,0.99944204,1,1,High Risk,UK,Europe,Real Estate,Startup,Basic,Monthly,30.07,4.0,68.2,22.6,13.0,11,299,16,693.49,430.57
CUST_000556,0.99944156,1,1,High Risk,USA,North America,Technology,Small Business,Business,Annual,407.53,2.0,52.0,8.5,7.0,26,704,15,7371.73,5931.19
CUST_004614,0.9994412,1,1,High Risk,India,APAC,Technology,Small Business,Professional,Annual,153.11,3.0,50.0,21.6,8.0,21,594,21,3985.17,3058.79
CUST_015772,0.9994406,1,1,High Risk,Germany,Europe,Real Estate,Startup,Basic,Annual,21.56,0.0,22.9,5.3,7.0,22,181,14,453.08,246.19
CUST_004409,0.9994405,1,1,High Risk,USA,North America,Other,Startup,Professional,Monthly,74.83,3.0,39.7,15.6,14.0,11,308,15,1622.76,1227.07
CUST_004207,0.9994404,1,1,High Risk,Australia,APAC,Healthcare,Small Business,Professional,Annual,112.31,6.0,72.2,16.9,-4.0,12,121,17,3067.57,2443.42
CUST_006703,0.99943966,1,1,High Risk,Australia,APAC,Technology,Startup,Basic,Monthly,35.2,4.0,37.4,9.0,14.0,19,442,14,760.29,455.82
CUST_012208,0.9994393,1,1,High Risk,Canada,North America,Healthcare,Startup,Business,Annual,222.47,5.0,53.6,12.2,2.0,17,415,16,5518.89,4502.78
CUST_007694,0.99943894,1,1,High Risk,Other,MEA,Retail,Startup,Professional,Annual,70.82,6.0,50.5,16.2,-4.0,2,33,18,2429.28,1893.78
CUST_017001,0.9994388,1,1,High Risk,USA,North America,Technology,Startup,Basic,Monthly,30.12,1.0,47.4,13.3,36.0,8,208,12,623.93,372.82
CUST_014868,0.99943846,1,1,High Risk,USA,North America,Healthcare,Startup,Business,Annual,319.79,9.0,41.6,14.4,-39.0,26,520,20,8319.4,6794.18
CUST_014823,0.99943775,1,1,High Risk,USA,North America,Finance,Startup,Business,Monthly,228.85,9.0,26.3,1.7,-22.0,20,264,17,6125.98,5067.58
CUST_007222,0.9994375,1,1,High Risk,USA,North America,Finance,Small Business,Business,Annual,319.52,2.0,59.3,12.6,35.0,26,263,16,7341.95,6064.01
CUST_009743,0.9994375,1,1,High Risk,USA,North America,Retail,Small Business,Basic,Monthly,41.04,4.0,79.5,22.2,2.0,8,188,18,1279.42,841.02
CUST_009749,0.9994375,1,1,High Risk,USA,North America,Finance,Startup,Basic,Monthly,36.67,3.0,42.8,11.3,-16.0,2,42,16,1274.57,879.52
CUST_002971,0.99943715,1,1,High Risk,UK,Europe,Technology,Mid-Market,Business,Annual,875.35,6.0,56.9,11.5,-5.0,24,350,14,17052.14,14101.27
CUST_006700,0.9994369,1,1,High Risk,USA,North America,Technology,Startup,Basic,Annual,22.06,8.0,37.7,6.7,-34.0,11,124,16,571.2,273.5
CUST_017542,0.9994368,1,1,High Risk,USA,North America,Manufacturing,Small Business,Professional,Monthly,125.71,4.0,37.8,9.3,-13.0,11,143,15,3032.01,2406.73
CUST_008303,0.9994356,1,1,High Risk,Australia,APAC,Finance,Startup,Basic,Multi-Year,24.61,3.0,40.0,10.1,-2.0,22,554,14,404.53,128.35
CUST_019827,0.99943465,1,1,High Risk,India,APAC,Manufacturing,Startup,Basic,Annual,40.67,5.0,56.1,22.0,17.0,18,454,14,823.62,527.91
CUST_001751,0.9994342,1,1,High Risk,Other,MEA,Healthcare,Small Business,Enterprise,Monthly,1718.43,4.0,69.0,31.0,15.0,22,504,21,47927.68,40954.72
CUST_017654,0.99943405,1,1,High Risk,Germany,Europe,Real Estate,Startup,Basic,Annual,33.26,7.0,52.2,14.9,-8.0,23,216,14,639.46,387.59
CUST_011973,0.9994336,1,1,High Risk,Australia,APAC,Technology,Small Business,Business,Multi-Year,419.65,7.0,68.4,19.2,-15.0,9,201,18,11470.48,9315.17
CUST_009570,0.9994332,1,1,High Risk,USA,North America,Manufacturing,Small Business,Business,Multi-Year,430.2,0.0,44.8,18.8,-15.0,16,100,17,11287.74,9274.88
CUST_009754,0.999433,1,1,High Risk,USA,North America,Healthcare,Mid-Market,Enterprise,Annual,4594.58,3.0,70.5,18.9,27.0,22,599,17,86593.0,71852.41
CUST_003788,0.9994311,1,1,High Risk,USA,North America,Finance,Startup,Professional,Monthly,73.31,7.0,48.8,2.2,0.0,26,243,15,1553.35,1075.51
CUST_002654,0.99943036,1,1,High Risk,Germany,Europe,Technology,Mid-Market,Business,Annual,1120.85,5.0,56.1,18.8,-2.0,6,124,19,34405.75,28408.61
CUST_016893,0.9994289,1,1,High Risk,Canada,North America,Real Estate,Startup,Basic,Monthly,19.58,10.0,42.2,6.2,-11.0,4,90,18,654.02,350.76
CUST_014041,0.9994273,1,1,High Risk,Germany,Europe,Retail,Mid-Market,Professional,Annual,338.69,3.0,51.1,17.4,4.0,25,372,18,8143.69,6700.12
CUST_015460,0.99942625,1,1,High Risk,India,APAC,Retail,Startup,Professional,Monthly,68.39,7.0,32.8,8.0,-16.0,24,702,19,1747.26,1310.9
CUST_009769,0.9994261,1,1,High Risk,USA,North America,Real Estate,Startup,Basic,Annual,23.74,5.0,34.9,10.4,-27.0,23,212,13,444.06,185.07
CUST_012124,0.9994259,1,1,High Risk,USA,North America,Real Estate,Small Business,Basic,Annual,54.35,5.0,22.2,17.3,-20.0,18,182,17,1391.43,1004.05
CUST_004909,0.9994254,1,1,High Risk,UK,Europe,Healthcare,Startup,Basic,Monthly,36.71,3.0,54.5,14.7,50.0,11,282,18,979.25,514.83
CUST_018690,0.9994253,1,1,High Risk,USA,North America,Retail,Small Business,Professional,Annual,141.47,4.0,46.2,9.7,-11.0,11,331,12,2150.88,1701.27
CUST_001926,0.99942505,1,1,High Risk,Germany,Europe,Technology,Startup,Professional,Monthly,99.6,2.0,29.3,10.6,-41.0,10,177,17,2676.12,2066.59
CUST_001979,0.99942446,1,1,High Risk,Other,MEA,Finance,Startup,Basic,Annual,24.73,8.0,34.3,13.2,16.0,4,76,17,798.21,444.6
CUST_012645,0.99942446,1,1,High Risk,UK,Europe,Manufacturing,Small Business,Professional,Monthly,139.0,3.0,59.9,16.5,39.0,15,274,12,2749.84,2173.3
CUST_019682,0.99942374,1,1,High Risk,India,APAC,Retail,Mid-Market,Professional,Multi-Year,319.25,2.0,73.3,22.6,38.0,10,185,16,7316.31,5911.94
CUST_016154,0.99942315,1,1,High Risk,USA,North America,Retail,Small Business,Business,Annual,446.12,2.0,82.0,26.4,34.0,10,296,16,10214.03,8518.28
CUST_005095,0.999423,1,1,High Risk,UK,Europe,Technology,Startup,Basic,Monthly,33.01,9.0,32.6,9.3,-15.0,15,169,15,831.22,518.71
CUST_011297,0.9994215,1,1,High Risk,Canada,North America,Technology,Startup,Basic,Annual,40.48,3.0,60.6,12.3,20.0,26,765,22,1149.13,746.49
CUST_005809,0.9994215,1,1,High Risk,UK,Europe,Finance,Mid-Market,Basic,Monthly,113.56,1.0,51.3,16.7,-2.0,15,430,19,3528.0,2894.6
CUST_001009,0.99942136,1,1,High Risk,USA,North America,Manufacturing,Startup,Professional,Monthly,101.53,5.0,48.6,20.7,17.0,13,382,21,3938.02,3045.0
CUST_006379,0.999421,1,1,High Risk,USA,North America,Healthcare,Startup,Professional,Monthly,103.6,2.0,42.8,13.3,8.0,3,68,17,3581.22,2844.49
CUST_014799,0.9994209,1,1,High Risk,USA,North America,Finance,Startup,Basic,Monthly,36.24,5.0,54.7,21.1,3.0,7,159,16,1046.46,684.41
CUST_011463,0.99941945,1,1,High Risk,USA,North America,Real Estate,Small Business,Basic,Annual,50.39,4.0,20.0,2.5,11.0,18,492,16,992.4,657.22
CUST_000776,0.999419,1,1,High Risk,UK,Europe,Finance,Startup,Professional,Monthly,125.47,8.0,28.9,9.7,11.0,21,294,13,2579.95,2057.0
CUST_018709,0.9994185,1,1,High Risk,Canada,North America,Finance,Startup,Basic,Monthly,25.51,5.0,49.2,14.5,4.0,14,201,13,547.34,284.75
CUST_014598,0.99941826,1,1,High Risk,USA,North America,Healthcare,Small Business,Professional,Monthly,149.92,2.0,57.8,15.9,-24.0,16,389,15,3861.37,3040.02
CUST_015342,0.999418,1,1,High Risk,USA,North America,Education,Startup,Basic,Monthly,28.23,2.0,23.3,13.0,11.0,20,557,20,813.69,413.33
CUST_007666,0.99941707,1,1,High Risk,USA,North America,Technology,Startup,Basic,Monthly,39.97,3.0,47.5,12.6,19.0,9,192,14,985.03,679.05
CUST_019586,0.9994168,1,1,High Risk,USA,North America,Retail,Small Business,Business,Annual,451.9,2.0,51.9,26.4,-20.0,4,90,15,12252.0,10194.22
CUST_016213,0.9994165,1,1,High Risk,USA,North America,Retail,Mid-Market,Business,Annual,1028.84,5.0,59.2,19.9,21.0,15,371,16,25089.58,20799.97
CUST_007033,0.9994165,1,1,High Risk,UK,Europe,Healthcare,Small Business,Basic,Annual,56.17,6.0,65.9,15.6,16.0,10,96,21,1911.22,1398.53
CUST_008579,0.99941635,1,1,High Risk,Australia,APAC,Technology,Startup,Business,Monthly,202.43,6.0,32.5,13.0,-32.0,29,350,17,4658.27,3820.7
CUST_018538,0.999416,1,1,High Risk,Canada,North America,Finance,Startup,Professional,Monthly,59.96,2.0,50.8,12.2,36.0,19,350,18,1770.37,1295.49
CUST_019009,0.99941576,1,1,High Risk,USA,North America,Finance,Small Business,Professional,Annual,121.69,5.0,48.8,18.6,-52.0,25,305,15,2452.73,1912.61
CUST_011888,0.9994135,1,1,High Risk,Canada,North America,Technology,Startup,Professional,Monthly,100.38,5.0,69.8,15.1,22.0,11,141,17,2792.97,2175.84
CUST_001770,0.99941325,1,1,High Risk,Other,MEA,Manufacturing,Startup,Basic,Monthly,25.0,4.0,28.2,3.2,-37.0,14,180,17,747.7,434.67
CUST_018543,0.99941313,1,1,High Risk,Germany,Europe,Real Estate,Startup,Basic,Annual,25.71,9.0,24.1,12.6,-34.0,10,264,10,388.84,204.05
CUST_016844,0.999413,1,1,High Risk,Canada,North America,Technology,Startup,Basic,Monthly,29.63,1.0,37.3,7.7,32.0,9,239,18,743.56,387.09
CUST_002336,0.99941254,1,1,High Risk,Other,LATAM,Real Estate,Mid-Market,Professional,Annual,371.43,4.0,70.7,17.1,8.0,14,390,15,9358.29,7818.23
CUST_015531,0.9994122,1,1,High Risk,Germany,Europe,Other,Startup,Basic,Annual,36.6,6.0,33.0,12.3,-18.0,9,147,17,1062.26,739.91
CUST_017768,0.99941194,1,1,High Risk,UK,Europe,Education,Mid-Market,Enterprise,Annual,3502.6,0.0,45.6,13.4,9.0,16,188,20,107012.68,89592.99
CUST_018018,0.9994118,1,1,High Risk,India,APAC,Technology,Startup,Professional,Monthly,86.54,5.0,35.7,8.5,-5.0,18,282,18,2507.38,1915.15
CUST_002921,0.99941146,1,1,High Risk,Germany,Europe,Healthcare,Mid-Market,Business,Annual,939.94,6.0,44.7,7.2,-11.0,7,80,17,25984.19,21665.46
CUST_007638,0.99941134,1,1,High Risk,USA,North America,Manufacturing,Mid-Market,Professional,Multi-Year,347.02,9.0,48.7,7.7,-6.0,30,205,18,7908.41,6471.06
CUST_002579,0.999411,1,1,High Risk,India,APAC,Manufacturing,Small Business,Professional,Monthly,120.25,5.0,47.4,15.2,35.0,9,209,16,3186.22,2475.88
CUST_005047,0.9994105,1,1,High Risk,USA,North America,Other,Small Business,Professional,Multi-Year,167.71,4.0,39.3,7.9,21.0,12,148,16,4197.61,3305.73
CUST_005894,0.9994104,1,1,High Risk,USA,North America,Education,Startup,Professional,Monthly,73.82,9.0,55.6,16.6,12.0,14,271,17,2096.17,1534.07
CUST_013413,0.9994103,1,1,High Risk,USA,North America,Finance,Startup,Basic,Monthly,29.22,10.0,56.9,19.6,-8.0,25,376,17,679.6,326.51
CUST_006016,0.9994093,1,1,High Risk,USA,North America,Manufacturing,Small Business,Professional,Annual,153.93,4.0,59.3,19.2,17.0,26,352,18,3574.09,2705.49
CUST_014107,0.9994085,1,1,High Risk,USA,North America,Education,Small Business,Professional,Annual,154.29,1.0,58.7,14.7,-7.0,21,576,15,2861.77,2238.13
CUST_016574,0.9994085,1,1,High Risk,UK,Europe,Manufacturing,Startup,Basic,Monthly,31.09,4.0,26.4,8.6,23.0,27,268,18,833.5,488.03
CUST_012054,0.9994085,1,1,High Risk,USA,North America,Other,Small Business,Professional,Monthly,141.93,4.0,45.8,15.6,-25.0,6,157,16,3986.96,3145.76
CUST_001029,0.9994081,1,1,High Risk,India,APAC,Technology,Small Business,Professional,Annual,124.88,4.0,38.3,9.2,24.0,4,102,19,3989.64,3143.38
CUST_019455,0.999408,1,1,High Risk,UK,Europe,Other,Startup,Basic,Annual,24.04,6.0,27.7,12.2,-51.0,21,245,19,611.6,274.75
CUST_013493,0.9994073,1,1,High Risk,USA,North America,Technology,Startup,Basic,Monthly,35.62,4.0,49.5,11.6,-7.0,14,192,13,776.67,493.81
CUST_006775,0.9994067,1,1,High Risk,USA,North America,Healthcare,Small Business,Basic,Monthly,44.83,5.0,43.7,13.1,-13.0,19,172,16,1120.85,724.43
CUST_007817,0.999405,1,1,High Risk,USA,North America,Finance,Startup,Professional,Annual,76.12,9.0,26.4,9.0,-34.0,2,32,20,2820.92,2156.32
CUST_014414,0.9994048,1,1,High Risk,USA,North America,Healthcare,Startup,Basic,Annual,32.63,4.0,43.7,12.6,-18.0,10,203,14,705.83,376.81
CUST_004344,0.9994041,1,1,High Risk,Germany,Europe,Technology,Small Business,Business,Annual,297.75,4.0,70.4,18.4,31.0,10,279,13,5765.28,4719.62
CUST_008589,0.9994037,1,1,High Risk,Germany,Europe,Finance,Startup,Basic,Monthly,28.14,0.0,52.0,14.0,29.0,8,96,21,1149.97,754.28
CUST_013826,0.99940336,1,1,High Risk,Canada,North America,Finance,Small Business,Basic,Monthly,49.74,2.0,60.2,21.3,-10.0,13,315,12,903.66,648.09
CUST_019379,0.99940276,1,1,High Risk,Germany,Europe,Manufacturing,Startup,Basic,Annual,28.01,4.0,36.7,3.5,-8.0,7,175,13,569.84,325.34
CUST_015934,0.9994011,1,1,High Risk,USA,North America,Technology,Startup,Basic,Multi-Year,28.25,6.0,43.2,12.4,7.0,16,351,14,570.54,304.71
CUST_002523,0.99940073,1,1,High Risk,UK,Europe,Finance,Small Business,Basic,Annual,49.98,1.0,40.5,10.9,-1.0,17,387,17,1124.42,636.53
CUST_017070,0.99939966,1,1,High Risk,UK,Europe,Technology,Startup,Basic,Monthly,30.11,3.0,42.6,18.2,9.0,17,316,17,793.2,460.43
CUST_017443,0.99939954,1,1,High Risk,USA,North America,Finance,Small Business,Professional,Monthly,193.66,9.0,14.6,5.6,-30.0,25,431,15,4009.21,3256.93
CUST_014896,0.9993975,1,1,High Risk,UK,Europe,Manufacturing,Small Business,Professional,Multi-Year,134.04,7.0,65.3,17.8,11.0,12,243,15,2853.24,2204.93
CUST_013404,0.99939597,1,1,High Risk,India,APAC,Healthcare,Startup,Professional,Annual,109.99,3.0,45.5,15.0,9.0,20,252,21,3466.96,2649.26
CUST_005380,0.9993956,1,1,High Risk,Australia,APAC,Technology,Startup,Basic,Monthly,33.87,7.0,54.0,17.2,23.0,22,550,16,781.26,462.39
CUST_014673,0.99939525,1,1,High Risk,Germany,Europe,Real Estate,Startup,Professional,Multi-Year,96.25,2.0,43.3,7.0,29.0,5,125,15,2254.36,1671.84
CUST_015027,0.99939513,1,1,High Risk,India,APAC,Real Estate,Startup,Professional,Annual,95.14,5.0,49.2,16.1,-4.0,9,244,14,2016.25,1537.6
CUST_012291,0.99939346,1,1,High Risk,Germany,Europe,Other,Small Business,Business,Monthly,380.42,4.0,34.7,11.8,-15.0,15,396,19,11706.71,9733.65
CUST_015893,0.9993931,1,1,High Risk,USA,North America,Education,Startup,Basic,Monthly,31.43,4.0,61.3,14.4,15.0,10,229,11,500.71,280.7
CUST_000399,0.9993923,1,1,High Risk,Australia,APAC,Retail,Small Business,Basic,Annual,49.27,3.0,61.5,18.8,-22.0,6,126,18,1435.69,939.0
CUST_017183,0.9993918,1,1,High Risk,USA,North America,Manufacturing,Startup,Basic,Monthly,21.66,4.0,63.6,20.8,-1.0,19,557,18,531.21,223.34
CUST_010472,0.99939084,1,1,High Risk,Australia,APAC,Retail,Startup,Business,Annual,234.89,4.0,37.0,9.9,-30.0,5,102,20,8387.91,6919.84
CUST_000659,0.9993906,1,1,High Risk,India,APAC,Finance,Startup,Professional,Monthly,74.92,4.0,29.2,9.6,9.0,11,272,19,2189.23,1639.52
CUST_004115,0.9993899,1,1,High Risk,Other,LATAM,Healthcare,Startup,Professional,Monthly,90.92,5.0,42.0,22.6,-2.0,18,333,19,2796.94,2163.07
CUST_018450,0.9993899,1,1,High Risk,USA,North America,Finance,Small Business,Professional,Annual,161.5,4.0,31.7,3.8,-21.0,24,349,13,2944.52,2357.47
CUST_002960,0.99938905,1,1,High Risk,Germany,Europe,Other,Startup,Professional,Monthly,62.05,6.0,60.2,16.6,3.0,23,399,19,1600.58,1123.31
CUST_010004,0.9993882,1,1,High Risk,USA,North America,Finance,Small Business,Professional,Annual,143.67,3.0,44.6,15.8,-3.0,13,365,16,3554.75,2788.65
CUST_018607,0.9993881,1,1,High Risk,Canada,North America,Technology,Startup,Basic,Annual,25.24,0.0,37.4,1.6,11.0,24,510,16,512.18,234.66
CUST_010851,0.99938774,1,1,High Risk,USA,North America,Retail,Startup,Professional,Monthly,87.39,6.0,28.0,11.1,-30.0,17,214,16,2174.85,1651.91
CUST_001207,0.9993875,1,1,High Risk,USA,North America,Education,Mid-Market,Business,Annual,863.62,3.0,44.1,22.1,-9.0,14,287,13,16895.3,14171.11
CUST_002446,0.9993875,1,1,High Risk,USA,North America,Technology,Startup,Professional,Monthly,89.29,6.0,27.7,5.6,10.0,20,564,16,1912.01,1489.46
CUST_018044,0.99938667,1,1,High Risk,UK,Europe,Healthcare,Startup,Basic,Monthly,18.99,6.0,50.0,16.1,-23.0,4,102,16,617.87,337.27
CUST_008080,0.99938655,1,1,High Risk,USA,North America,Education,Startup,Professional,Monthly,64.03,5.0,41.7,5.2,-5.0,18,176,20,2087.47,1574.04
CUST_004613,0.99938655,1,1,High Risk,Germany,Europe,Technology,Small Business,Professional,Monthly,120.85,2.0,46.1,13.0,-3.0,27,586,17,2735.73,2143.6
CUST_013433,0.99938583,1,1,High Risk,USA,North America,Healthcare,Small Business,Professional,Annual,220.42,7.0,31.5,10.7,-40.0,12,292,13,4259.96,3409.83
CUST_002777,0.99938524,1,1,High Risk,UK,Europe,Manufacturing,Small Business,Basic,Annual,50.95,4.0,18.2,5.3,-53.0,24,297,18,1334.24,972.45
CUST_003679,0.9993845,1,1,High Risk,USA,North America,Healthcare,Startup,Professional,Annual,112.87,5.0,47.2,26.1,27.0,16,358,18,2983.7,2291.1
CUST_013673,0.9993839,1,1,High Risk,USA,North America,Technology,Startup,Basic,Annual,26.08,3.0,37.4,3.7,-24.0,19,429,16,591.21,377.09
CUST_016456,0.9993837,1,1,High Risk,UK,Europe,Technology,Startup,Business,Annual,246.92,3.0,30.3,9.3,7.0,8,230,14,5885.22,4813.75
CUST_001003,0.99938345,1,1,High Risk,Canada,North America,Education,Startup,Basic,Monthly,24.43,4.0,53.4,14.0,-11.0,7,133,17,778.74,437.14
CUST_013340,0.9993832,1,1,High Risk,Canada,North America,Technology,Startup,Basic,Annual,23.72,4.0,63.8,16.6,-26.0,4,103,17,710.9,328.74
CUST_016506,0.9993831,1,1,High Risk,India,APAC,Finance,Startup,Basic,Monthly,21.7,3.0,40.6,12.1,14.0,10,249,15,578.57,293.6
CUST_012130,0.9993826,1,1,High Risk,USA,North America,Real Estate,Startup,Professional,Monthly,74.22,3.0,77.5,18.6,10.0,10,183,18,2113.36,1598.14
CUST_001531,0.9993825,1,1,High Risk,Canada,North America,Manufacturing,Startup,Professional,Monthly,104.76,3.0,34.1,14.5,29.0,10,200,14,2478.91,1891.69
CUST_015551,0.99938154,1,1,High Risk,USA,North America,Other,Small Business,Basic,Annual,49.86,2.0,60.1,9.6,18.0,19,160,16,1240.06,857.38
CUST_007540,0.9993812,1,1,High Risk,Canada,North America,Manufacturing,Mid-Market,Professional,Multi-Year,262.25,3.0,56.2,15.2,17.0,23,449,20,6202.44,5062.89
CUST_005423,0.9993807,1,1,High Risk,USA,North America,Technology,Startup,Basic,Annual,29.67,4.0,27.3,5.2,-26.0,15,157,17,769.57,426.97
CUST_010884,0.99937975,1,1,High Risk,India,APAC,Finance,Startup,Basic,Monthly,29.39,4.0,31.8,10.2,-9.0,12,354,15,724.09,430.5
CUST_001274,0.9993783,1,1,High Risk,India,APAC,Other,Small Business,Professional,Annual,145.97,5.0,53.7,12.7,-5.0,13,367,18,4785.92,3854.58
CUST_002172,0.9993782,1,1,High Risk,USA,North America,Healthcare,Startup,Basic,Annual,29.05,3.0,73.7,20.6,15.0,24,326,19,767.87,421.56
CUST_013266,0.9993772,1,1,High Risk,USA,North America,Other,Small Business,Business,Monthly,400.14,1.0,38.4,11.9,3.0,32,952,21,8894.97,7303.81
CUST_016378,0.99937695,1,1,High Risk,USA,North America,Technology,Startup,Basic,Monthly,24.95,4.0,27.1,10.5,2.0,12,197,13,525.17,316.38
CUST_019228,0.9993767,1,1,High Risk,Other,LATAM,Other,Startup,Business,Monthly,285.82,6.0,17.1,2.2,-2.0,24,429,15,5857.71,4779.39
CUST_018822,0.9993766,1,1,High Risk,USA,North America,Healthcare,Mid-Market,Professional,Annual,462.49,2.0,59.6,19.9,56.0,14,303,17,12811.64,10793.16
CUST_015140,0.99937576,1,1,High Risk,USA,North America,Real Estate,Startup,Professional,Monthly,123.41,6.0,39.2,8.1,-12.0,7,202,13,2733.26,2240.6
CUST_008607,0.9993755,1,1,High Risk,UK,Europe,Real Estate,Mid-Market,Professional,Multi-Year,524.23,4.0,53.9,20.8,11.0,21,409,17,11240.74,9176.21
CUST_010145,0.99937505,1,1,High Risk,Germany,Europe,Healthcare,Startup,Basic,Monthly,36.22,6.0,48.6,12.0,3.0,6,114,15,1010.64,703.82
CUST_015273,0.9993748,1,1,High Risk,USA,North America,Finance,Small Business,Professional,Annual,99.26,4.0,39.1,13.7,36.0,6,162,13,2198.13,1631.95
CUST_004452,0.99937445,1,1,High Risk,India,APAC,Retail,Startup,Business,Annual,178.13,3.0,59.2,16.3,7.0,4,106,16,5114.49,4192.88
CUST_011419,0.99937445,1,1,High Risk,Australia,APAC,Finance,Startup,Professional,Monthly,76.63,6.0,56.0,18.5,13.0,12,254,16,1787.89,1270.83
CUST_004443,0.99937433,1,1,High Risk,Other,MEA,Technology,Startup,Professional,Monthly,115.67,3.0,38.4,14.3,16.0,16,307,12,1945.0,1452.5
CUST_013773,0.99937385,1,1,High Risk,Australia,APAC,Healthcare,Startup,Business,Monthly,223.55,8.0,30.2,9.8,-10.0,5,79,16,5824.08,4598.09
CUST_010730,0.99937207,1,1,High Risk,USA,North America,Technology,Startup,Professional,Annual,119.52,6.0,38.0,14.1,-28.0,17,458,16,2533.16,1873.9
CUST_007011,0.9993717,1,1,High Risk,Other,LATAM,Technology,Startup,Basic,Monthly,33.98,5.0,12.8,8.0,13.0,5,98,15,878.58,524.5
CUST_001258,0.9993704,1,1,High Risk,USA,North America,Manufacturing,Small Business,Professional,Annual,186.07,6.0,42.6,8.8,4.0,29,606,18,4007.72,3180.3
CUST_010391,0.9993697,1,1,High Risk,Canada,North America,Retail,Mid-Market,Business,Multi-Year,854.45,5.0,71.8,24.4,8.0,12,296,14,13703.29,11118.52
CUST_012711,0.99936956,1,1,High Risk,Germany,Europe,Other,Startup,Basic,Monthly,28.53,6.0,39.2,12.6,-18.0,24,505,12,453.28,245.92
CUST_003187,0.99936944,1,1,High Risk,USA,North America,Education,Startup,Basic,Annual,36.46,5.0,37.2,9.5,6.0,17,485,17,788.79,428.56
CUST_018085,0.99936944,1,1,High Risk,USA,North America,Finance,Startup,Professional,Monthly,105.61,2.0,56.0,14.9,28.0,14,263,19,3028.72,2324.62
CUST_004777,0.9993692,1,1,High Risk,USA,North America,Retail,Small Business,Basic,Annual,57.42,5.0,81.0,27.7,2.0,19,159,17,1448.96,993.75
CUST_017011,0.99936825,1,1,High Risk,USA,North America,Retail,Startup,Basic,Monthly,44.13,4.0,45.6,14.2,18.0,5,94,15,1253.95,871.78
CUST_013545,0.9993679,1,1,High Risk,Germany,Europe,Finance,Small Business,Business,Annual,496.87,2.0,31.0,13.5,-7.0,8,214,14,11246.08,9329.19
CUST_010913,0.99936754,1,1,High Risk,Germany,Europe,Finance,Mid-Market,Professional,Annual,350.29,3.0,66.3,19.1,13.0,3,74,16,10087.71,8289.81
CUST_014313,0.9993674,1,1,High Risk,India,APAC,Manufacturing,Small Business,Professional,Multi-Year,156.44,1.0,71.5,22.4,29.0,15,222,22,4965.07,3881.46
CUST_017062,0.9993673,1,1,High Risk,Germany,Europe,Healthcare,Small Business,Basic,Annual,42.4,7.0,33.5,7.2,-14.0,3,58,14,1191.04,798.65
CUST_019037,0.9993647,1,1,High Risk,India,APAC,Finance,Startup,Basic,Monthly,31.74,3.0,40.2,12.2,-22.0,11,256,15,758.77,471.49
CUST_011955,0.99936455,1,1,High Risk,Canada,North America,Technology,Small Business,Professional,Annual,212.98,7.0,62.4,20.0,25.0,4,99,17,6060.16,4959.61
CUST_000770,0.99936444,1,1,High Risk,India,APAC,Finance,Startup,Professional,Annual,92.83,2.0,57.4,21.7,18.0,27,672,17,2002.13,1466.16
CUST_013003,0.99936444,1,1,High Risk,USA,North America,Healthcare,Startup,Professional,Monthly,85.93,9.0,16.7,1.8,-13.0,17,489,16,1861.61,1359.25
CUST_000571,0.99936396,1,1,High Risk,USA,North America,Retail,Startup,Basic,Monthly,30.33,5.0,36.7,11.5,-20.0,5,96,15,796.98,467.34
CUST_005968,0.99936324,1,1,High Risk,UK,Europe,Finance,Startup,Basic,Annual,30.52,8.0,46.1,11.0,-33.0,2,29,16,1047.07,659.72
CUST_006481,0.99936277,1,1,High Risk,USA,North America,Healthcare,Small Business,Business,Annual,383.93,1.0,33.6,12.8,9.0,13,320,16,9552.16,7867.3
CUST_012924,0.9993625,1,1,High Risk,Other,LATAM,Finance,Startup,Business,Monthly,254.29,2.0,39.7,11.5,9.0,15,154,15,5960.4,4855.3
CUST_016070,0.99936146,1,1,High Risk,Other,LATAM,Retail,Small Business,Enterprise,Multi-Year,1585.87,3.0,56.0,12.5,40.0,20,162,22,45014.61,36970.04
CUST_002955,0.99936086,1,1,High Risk,USA,North America,Manufacturing,Small Business,Business,Monthly,337.52,2.0,88.2,29.2,47.0,8,145,17,9810.67,8191.38
CUST_019078,0.9993606,1,1,High Risk,Canada,North America,Other,Startup,Basic,Monthly,31.75,7.0,34.1,4.4,2.0,27,370,21,932.28,489.03
CUST_007614,0.99935967,1,1,High Risk,USA,North America,Healthcare,Startup,Business,Monthly,215.71,6.0,38.0,13.7,-16.0,21,208,12,4140.03,3457.27
CUST_002525,0.9993591,1,1,High Risk,UK,Europe,Healthcare,Startup,Business,Monthly,222.48,1.0,44.7,18.3,16.0,20,223,14,4762.57,3906.79
CUST_005586,0.9993586,1,1,High Risk,Canada,North America,Real Estate,Startup,Basic,Monthly,22.1,10.0,35.2,5.2,-45.0,15,129,16,608.87,345.99
CUST_011958,0.99935716,1,1,High Risk,Australia,APAC,Finance,Small Business,Professional,Monthly,187.1,1.0,30.6,9.1,20.0,12,108,22,6656.2,5455.48
CUST_002318,0.99935704,1,1,High Risk,Germany,Europe,Technology,Small Business,Professional,Monthly,171.48,2.0,41.4,9.6,17.0,15,135,21,6401.64,5195.83
CUST_011171,0.9993563,1,1,High Risk,USA,North America,Technology,Enterprise,Enterprise,Monthly,8591.95,0.0,71.8,21.5,28.0,7,200,15,216081.73,180841.31
CUST_019897,0.99935573,1,1,High Risk,India,APAC,Education,Small Business,Professional,Monthly,173.71,4.0,57.4,15.0,24.0,9,177,15,4700.38,3787.7
CUST_001032,0.9993556,1,1,High Risk,India,APAC,Technology,Startup,Basic,Annual,29.86,6.0,47.5,21.4,-9.0,21,572,17,639.7,324.98
CUST_000256,0.9993556,1,1,High Risk,Germany,Europe,Technology,Startup,Business,Monthly,246.02,7.0,39.5,9.3,-23.0,2,34,16,8786.81,7283.03
CUST_011751,0.9993536,1,1,High Risk,UK,Europe,Healthcare,Startup,Basic,Monthly,27.09,4.0,25.9,15.0,30.0,4,50,19,1051.88,672.95
CUST_011411,0.99935144,1,1,High Risk,USA,North America,Manufacturing,Startup,Basic,Annual,23.55,3.0,40.6,10.6,3.0,15,284,16,614.96,292.79
CUST_002665,0.9993512,1,1,High Risk,Germany,Europe,Real Estate,Startup,Basic,Annual,26.32,6.0,63.7,29.6,38.0,19,256,20,750.89,406.63
CUST_018138,0.99935025,1,1,High Risk,Canada,North America,Finance,Startup,Basic,Monthly,25.9,5.0,73.4,27.4,18.0,22,278,15,583.7,338.32
CUST_013245,0.99934965,1,1,High Risk,Other,LATAM,Healthcare,Small Business,Professional,Annual,169.66,1.0,55.9,24.9,6.0,8,103,17,4679.65,3727.14
CUST_012560,0.99934953,1,1,High Risk,UK,Europe,Technology,Startup,Basic,Monthly,31.18,7.0,25.2,9.6,-34.0,6,71,18,1063.96,665.44
CUST_002355,0.9993493,1,1,High Risk,USA,North America,Healthcare,Startup,Basic,Monthly,25.33,0.0,45.2,14.3,7.0,26,211,16,580.59,267.22
CUST_001649,0.9993492,1,1,High Risk,Other,LATAM,Technology,Mid-Market,Business,Multi-Year,1149.69,2.0,45.1,19.8,22.0,7,137,15,27337.56,22439.58
CUST_011552,0.9993488,1,1,High Risk,Germany,Europe,Technology,Startup,Professional,Monthly,74.58,5.0,25.8,5.1,-35.0,5,77,19,2581.75,2017.82
CUST_017773,0.9993482,1,1,High Risk,Germany,Europe,Technology,Startup,Basic,Annual,24.16,0.0,69.6,23.3,43.0,23,506,21,630.11,300.57
CUST_006950,0.99934775,1,1,High Risk,USA,North America,Technology,Startup,Professional,Monthly,109.8,2.0,71.1,17.1,15.0,6,153,19,4033.83,3240.66
CUST_014574,0.99934775,1,1,High Risk,Germany,Europe,Finance,Small Business,Basic,Monthly,47.74,5.0,47.2,7.2,17.0,18,364,22,1533.01,1022.71
CUST_008095,0.99934775,1,1,High Risk,Canada,North America,Other,Small Business,Basic,Annual,47.19,4.0,66.9,13.3,-7.0,3,64,17,1512.14,1048.07
CUST_006447,0.9993469,1,1,High Risk,UK,Europe,Manufacturing,Startup,Basic,Annual,32.5,3.0,32.7,5.0,-11.0,13,299,17,808.56,501.42
CUST_007718,0.9993468,1,1,High Risk,Other,LATAM,Healthcare,Startup,Basic,Monthly,41.82,5.0,57.7,20.1,9.0,15,346,20,1411.06,961.15
CUST_000761,0.9993467,1,1,High Risk,Germany,Europe,Real Estate,Startup,Basic,Monthly,24.8,4.0,42.0,12.4,-17.0,19,198,15,559.37,279.18
CUST_013956,0.9993462,1,1,High Risk,Canada,North America,Technology,Startup,Basic,Monthly,24.02,6.0,30.9,4.8,-29.0,28,307,16,519.3,246.65
CUST_001984,0.9993461,1,1,High Risk,UK,Europe,Manufacturing,Startup,Business,Monthly,374.76,0.0,46.7,15.7,-9.0,26,222,20,10311.28,8318.6
CUST_010922,0.99934596,1,1,High Risk,UK,Europe,Other,Small Business,Business,Monthly,476.47,0.0,41.4,10.4,15.0,18,165,15,11073.32,9149.92
CUST_015857,0.99934524,1,1,High Risk,Australia,APAC,Healthcare,Startup,Basic,Monthly,33.58,4.0,55.7,16.7,10.0,14,279,17,910.69,593.01
CUST_018386,0.99934477,1,1,High Risk,USA,North America,Manufacturing,Startup,Basic,Monthly,25.71,4.0,44.8,18.3,-0.0,12,198,16,657.99,408.31
CUST_007992,0.99934393,1,1,High Risk,USA,North America,Technology,Startup,Professional,Monthly,81.16,10.0,49.0,13.4,-8.0,20,364,12,1450.93,1130.8
CUST_000254,0.9993438,1,1,High Risk,USA,North America,Education,Small Business,Basic,Monthly,41.89,8.0,30.8,11.8,-41.0,24,554,12,618.1,363.55
CUST_001237,0.9993438,1,1,High Risk,Australia,APAC,Finance,Startup,Professional,Monthly,90.33,9.0,50.3,9.6,-11.0,14,114,19,2983.19,2351.9
CUST_009247,0.99934334,1,1,High Risk,UK,Europe,Manufacturing,Startup,Professional,Monthly,94.13,6.0,46.1,14.9,-3.0,14,259,15,2346.2,1889.74
CUST_000996,0.9993426,1,1,High Risk,USA,North America,Technology,Mid-Market,Professional,Annual,290.84,0.0,56.0,12.1,21.0,2,53,17,9169.3,7678.85
CUST_014652,0.99934214,1,1,High Risk,Germany,Europe,Technology,Startup,Basic,Annual,33.05,9.0,58.9,16.7,-7.0,17,255,18,872.07,491.54
CUST_006075,0.9993419,1,1,High Risk,Canada,North America,Finance,Startup,Professional,Annual,125.4,4.0,43.4,9.3,25.0,31,652,21,3150.6,2415.56
CUST_002309,0.9993414,1,1,High Risk,USA,North America,Other,Small Business,Business,Annual,425.95,4.0,30.2,11.1,11.0,17,371,14,9157.62,7669.18
CUST_015177,0.9993411,1,1,High Risk,Australia,APAC,Retail,Small Business,Business,Monthly,392.79,7.0,49.3,16.2,-4.0,19,330,13,7823.26,6546.6
CUST_016104,0.99934024,1,1,High Risk,USA,North America,Technology,Small Business,Professional,Annual,127.28,7.0,64.2,21.1,27.0,6,74,18,3947.62,3140.4
CUST_008097,0.99933976,1,1,High Risk,USA,North America,Healthcare,Startup,Basic,Monthly,22.36,4.0,43.8,12.5,-3.0,23,331,13,443.6,232.25
CUST_002615,0.99933773,1,1,High Risk,Australia,APAC,Retail,Startup,Basic,Annual,31.18,4.0,48.5,13.2,-1.0,27,435,22,835.25,379.54
CUST_019892,0.9993364,1,1,High Risk,USA,North America,Technology,Small Business,Basic,Annual,58.41,2.0,45.3,16.6,7.0,8,143,15,1503.93,1081.31
CUST_010302,0.9993362,1,1,High Risk,USA,North America,Healthcare,Startup,Basic,Monthly,21.57,5.0,12.2,0.0,-32.0,26,720,17,543.25,253.01
CUST_012298,0.99933594,1,1,High Risk,Australia,APAC,Education,Startup,Professional,Annual,93.54,4.0,32.6,11.0,-3.0,27,573,13,1547.55,1165.49
CUST_015196,0.99933594,1,1,High Risk,Germany,Europe,Finance,Small Business,Business,Monthly,428.36,9.0,58.0,12.7,-47.0,5,76,20,17414.38,14753.07
CUST_013640,0.9993337,1,1,High Risk,USA,North America,Healthcare,Startup,Professional,Annual,95.86,4.0,49.1,22.0,0.0,12,286,15,2296.09,1761.61
CUST_015423,0.99933285,1,1,High Risk,USA,North America,Manufacturing,Small Business,Basic,Annual,48.6,8.0,41.6,19.2,-20.0,7,71,18,1508.71,1040.36
CUST_018501,0.9993326,1,1,High Risk,USA,North America,Technology,Startup,Basic,Multi-Year,27.33,5.0,28.9,6.2,-21.0,17,236,17,599.23,255.27
CUST_017958,0.9993319,1,1,High Risk,USA,North America,Education,Small Business,Professional,Annual,156.72,1.0,40.0,13.6,35.0,28,205,18,3945.27,3068.85
CUST_000667,0.9993319,1,1,High Risk,Australia,APAC,Retail,Small Business,Professional,Annual,196.54,2.0,51.3,11.6,14.0,24,700,14,3199.51,2519.06
CUST_007771,0.99933165,1,1,High Risk,UK,Europe,Healthcare,Small Business,Professional,Annual,161.55,5.0,44.8,20.5,-16.0,7,124,18,4559.38,3513.61
CUST_001568,0.9993316,1,1,High Risk,USA,North America,Real Estate,Small Business,Business,Monthly,398.69,2.0,62.1,20.5,-8.0,9,133,19,13814.5,11548.74
CUST_010621,0.99933124,1,1,High Risk,India,APAC,Retail,Startup,Professional,Monthly,62.77,2.0,56.9,15.3,14.0,19,121,21,2059.83,1432.06
CUST_001421,0.99933064,1,1,High Risk,USA,North America,Healthcare,Startup,Basic,Monthly,25.51,6.0,30.9,7.2,-12.0,13,309,17,706.42,371.91
CUST_009174,0.99933016,1,1,High Risk,Other,LATAM,Manufacturing,Startup,Basic,Monthly,29.96,5.0,42.0,12.4,-0.0,20,202,16,773.06,431.94
CUST_018649,0.9993299,1,1,High Risk,Other,LATAM,Retail,Small Business,Basic,Monthly,55.79,2.0,50.4,18.7,13.0,8,124,16,1509.0,1098.35
CUST_006229,0.99932945,1,1,High Risk,USA,North America,Healthcare,Startup,Business,Monthly,314.48,6.0,20.2,6.5,-40.0,16,233,15,7068.38,5742.8
CUST_008187,0.9993291,1,1,High Risk,USA,North America,Healthcare,Small Business,Professional,Multi-Year,154.29,6.0,60.3,20.4,-3.0,2,48,15,4058.19,3194.47
CUST_008966,0.99932873,1,1,High Risk,Australia,APAC,Education,Small Business,Business,Annual,509.16,0.0,73.0,23.8,-19.0,10,139,16,12955.92,10907.63
CUST_001095,0.9993286,1,1,High Risk,Germany,Europe,Real Estate,Startup,Business,Monthly,278.92,0.0,55.0,13.3,39.0,24,580,15,5173.92,4254.34
CUST_015649,0.99932826,1,1,High Risk,Other,MEA,Technology,Startup,Basic,Monthly,21.0,0.0,32.3,10.7,2.0,25,231,14,447.87,183.22
CUST_009505,0.99932814,1,1,High Risk,Other,LATAM,Education,Startup,Basic,Monthly,27.9,3.0,10.5,1.6,-35.0,14,194,11,498.55,263.91
CUST_017241,0.9993274,1,1,High Risk,India,APAC,Technology,Startup,Basic,Monthly,30.13,4.0,44.9,12.3,-7.0,12,181,12,618.89,375.93
CUST_007863,0.9993253,1,1,High Risk,USA,North America,Other,Small Business,Business,Multi-Year,438.55,0.0,35.6,14.4,12.0,9,96,17,10628.01,8531.52
CUST_005441,0.99932504,1,1,High Risk,India,APAC,Manufacturing,Startup,Basic,Annual,31.53,4.0,30.5,13.4,22.0,22,352,14,603.23,368.36
CUST_014094,0.9993247,1,1,High Risk,Germany,Europe,Other,Mid-Market,Professional,Annual,390.06,7.0,54.0,20.4,-30.0,8,170,16,10827.52,9072.88
CUST_001108,0.9993243,1,1,High Risk,USA,North America,Technology,Startup,Basic,Monthly,34.8,7.0,14.8,3.2,-10.0,8,89,19,1283.12,851.24
CUST_008757,0.9993237,1,1,High Risk,UK,Europe,Retail,Small Business,Enterprise,Annual,1106.18,1.0,60.8,11.9,-1.0,18,183,12,20277.66,16651.95
CUST_017935,0.9993235,1,1,High Risk,Australia,APAC,Manufacturing,Small Business,Professional,Multi-Year,207.46,6.0,56.0,10.2,-17.0,5,85,18,5659.87,4501.82
CUST_007200,0.999323,1,1,High Risk,UK,Europe,Technology,Small Business,Basic,Annual,32.07,2.0,44.5,12.8,-4.0,17,186,20,974.42,525.01
CUST_007447,0.9993229,1,1,High Risk,USA,North America,Other,Startup,Professional,Monthly,107.11,8.0,41.5,11.2,-7.0,21,558,12,1763.9,1355.71
CUST_004295,0.99932253,1,1,High Risk,USA,North America,Technology,Mid-Market,Business,Annual,862.05,6.0,57.4,21.8,12.0,19,311,19,25113.01,21444.04
CUST_005779,0.99932206,1,1,High Risk,USA,North America,Finance,Startup,Basic,Monthly,20.99,5.0,27.9,4.9,23.0,21,220,17,550.97,222.86
CUST_009976,0.9993218,1,1,High Risk,India,APAC,Retail,Startup,Business,Monthly,229.26,9.0,48.2,7.1,-17.0,13,312,19,7146.26,5856.55
CUST_005412,0.9993217,1,1,High Risk,USA,North America,Real Estate,Mid-Market,Business,Annual,957.4,1.0,66.2,25.7,42.0,7,146,14,19817.08,16258.63
CUST_011212,0.9993216,1,1,High Risk,USA,North America,Other,Small Business,Basic,Monthly,55.46,3.0,20.3,6.0,-21.0,8,197,12,1103.37,818.78
CUST_003466,0.9993211,1,1,High Risk,Australia,APAC,Other,Mid-Market,Business,Annual,845.67,3.0,56.8,13.0,56.0,14,311,18,23452.99,19964.88
CUST_011429,0.9993206,1,1,High Risk,Germany,Europe,Real Estate,Startup,Basic,Monthly,19.63,5.0,47.8,14.3,9.0,13,281,14,464.99,242.3
CUST_001116,0.9993204,1,1,High Risk,USA,North America,Technology,Small Business,Professional,Annual,103.64,4.0,25.3,2.9,-35.0,28,294,15,2127.34,1605.16
CUST_009154,0.9993179,1,1,High Risk,Australia,APAC,Retail,Startup,Basic,Monthly,27.99,5.0,75.6,30.2,1.0,24,587,15,566.31,332.13
CUST_014404,0.99931705,1,1,High Risk,USA,North America,Real Estate,Startup,Basic,Annual,39.02,3.0,51.5,14.0,-34.0,12,323,15,804.08,483.37
CUST_019003,0.99931586,1,1,High Risk,USA,North America,Finance,Startup,Business,Monthly,183.53,6.0,48.0,19.6,11.0,28,355,24,6586.2,5351.68
CUST_008785,0.9993155,1,1,High Risk,USA,North America,Technology,Startup,Basic,Annual,26.98,1.0,64.4,13.3,27.0,14,256,19,756.02,445.69
CUST_005775,0.99931467,1,1,High Risk,USA,North America,Education,Startup,Professional,Monthly,65.77,4.0,35.6,9.8,27.0,16,196,16,1728.06,1289.36
CUST_013374,0.99931455,1,1,High Risk,India,APAC,Technology,Startup,Professional,Annual,54.89,8.0,71.3,19.3,9.0,14,329,12,1062.35,742.83
CUST_015089,0.9993143,1,1,High Risk,USA,North America,Education,Small Business,Professional,Monthly,140.3,2.0,64.1,14.2,-10.0,18,323,13,2736.61,2128.03
CUST_007667,0.9993142,1,1,High Risk,Other,MEA,Technology,Startup,Professional,Annual,73.79,2.0,48.9,12.6,16.0,8,220,15,1787.02,1307.02
CUST_015622,0.99931335,1,1,High Risk,USA,North America,Technology,Small Business,Business,Annual,304.63,5.0,34.6,17.1,4.0,5,118,14,7075.25,5712.45
CUST_003953,0.99931324,1,1,High Risk,USA,North America,Retail,Startup,Basic,Annual,39.1,3.0,52.7,16.1,-7.0,25,461,15,728.85,414.34
CUST_017220,0.99931157,1,1,High Risk,USA,North America,Education,Startup,Basic,Monthly,21.82,5.0,42.7,6.2,-23.0,31,403,21,616.01,288.39
CUST_014421,0.9993087,1,1,High Risk,UK,Europe,Healthcare,Enterprise,Enterprise,Multi-Year,8763.67,1.0,84.1,23.1,8.0,12,194,17,190316.47,156139.25
CUST_016684,0.99930835,1,1,High Risk,Canada,North America,Other,Startup,Basic,Monthly,27.55,7.0,53.8,25.3,21.0,20,419,19,736.73,356.7
CUST_002452,0.9993068,1,1,High Risk,USA,North America,Technology,Small Business,Business,Monthly,305.58,2.0,65.9,23.7,42.0,11,228,13,5658.38,4591.68
CUST_003976,0.9993061,1,1,High Risk,Australia,APAC,Education,Startup,Professional,Annual,94.56,8.0,15.9,5.5,-44.0,17,230,17,2328.81,1679.01
CUST_000824,0.999305,1,1,High Risk,USA,North America,Education,Small Business,Professional,Annual,146.72,1.0,34.5,8.7,-20.0,12,197,15,3292.89,2557.42
CUST_005452,0.9993048,1,1,High Risk,UK,Europe,Technology,Small Business,Business,Annual,405.37,4.0,50.6,14.4,4.0,22,209,20,11211.31,9303.33
CUST_011209,0.99930453,1,1,High Risk,India,APAC,Retail,Small Business,Business,Annual,335.86,5.0,75.8,25.5,40.0,16,151,17,9172.42,7557.68
CUST_008890,0.999302,1,1,High Risk,Germany,Europe,Other,Small Business,Professional,Monthly,154.3,5.0,70.1,18.7,-29.0,20,553,20,4576.67,3659.38
CUST_016520,0.999302,1,1,High Risk,UK,Europe,Technology,Mid-Market,Business,Multi-Year,1257.78,6.0,48.9,9.8,19.0,24,241,16,24607.79,20079.32
CUST_018753,0.999302,1,1,High Risk,Canada,North America,Other,Startup,Professional,Annual,90.53,5.0,49.2,10.6,-11.0,26,738,20,2501.92,1917.73
CUST_003164,0.9993019,1,1,High Risk,USA,North America,Manufacturing,Mid-Market,Enterprise,Monthly,3808.08,5.0,53.8,13.8,1.0,30,606,14,64451.91,54187.94
CUST_005817,0.9993018,1,1,High Risk,USA,North America,Other,Startup,Professional,Monthly,86.29,2.0,52.8,17.4,5.0,11,225,16,2070.87,1580.71
CUST_016296,0.99930084,1,1,High Risk,USA,North America,Healthcare,Startup,Professional,Monthly,95.77,5.0,48.1,14.4,2.0,21,324,13,1751.53,1350.3
CUST_009322,0.9993007,1,1,High Risk,USA,North America,Finance,Startup,Basic,Annual,41.81,3.0,41.5,16.7,22.0,10,95,18,1086.57,721.06
CUST_009721,0.99929976,1,1,High Risk,USA,North America,Technology,Startup,Professional,Monthly,76.75,1.0,38.5,6.5,16.0,14,92,19,2587.19,1984.16
CUST_001742,0.9992994,1,1,High Risk,Germany,Europe,Education,Small Business,Business,Annual,389.28,5.0,67.9,19.9,17.0,6,112,15,10064.66,8199.65
CUST_015346,0.99929917,1,1,High Risk,Canada,North America,Technology,Startup,Basic,Multi-Year,28.76,6.0,48.8,18.5,-2.0,16,231,19,746.77,406.2
CUST_002770,0.9992988,1,1,High Risk,USA,North America,Retail,Small Business,Business,Monthly,546.34,5.0,33.8,4.6,-8.0,28,552,14,9405.88,7820.28
CUST_014503,0.99929786,1,1,High Risk,USA,North America,Finance,Small Business,Professional,Monthly,203.0,1.0,55.5,13.9,-17.0,12,111,23,7876.45,6403.12
CUST_019746,0.99929786,1,1,High Risk,USA,North America,Technology,Mid-Market,Business,Annual,1115.56,6.0,62.6,18.8,-4.0,3,53,19,38946.3,32358.51
CUST_004708,0.99929774,1,1,High Risk,Canada,North America,Education,Small Business,Business,Annual,549.43,4.0,49.2,14.0,-37.0,5,98,15,14364.44,11958.98
CUST_017371,0.99929726,1,1,High Risk,USA,North America,Healthcare,Small Business,Business,Multi-Year,409.06,8.0,23.4,2.0,-37.0,18,408,16,8530.76,6799.24
CUST_012992,0.9992962,1,1,High Risk,USA,North America,Technology,Small Business,Basic,Annual,49.1,8.0,47.8,12.7,-25.0,29,308,17,1168.78,787.65
CUST_003291,0.9992955,1,1,High Risk,UK,Europe,Manufacturing,Startup,Basic,Monthly,26.44,2.0,52.1,9.5,9.0,3,77,21,1109.16,694.53
CUST_004741,0.99929523,1,1,High Risk,USA,North America,Technology,Startup,Basic,Monthly,36.82,6.0,22.4,5.2,-55.0,27,792,15,699.41,419.55
CUST_016459,0.9992943,1,1,High Risk,USA,North America,Retail,Small Business,Business,Annual,380.86,2.0,46.8,21.2,3.0,8,193,10,6224.15,5212.31
CUST_002389,0.99929416,1,1,High Risk,Canada,North America,Technology,Startup,Basic,Monthly,38.45,3.0,36.3,9.7,-17.0,8,109,15,1034.64,650.89
CUST_010331,0.9992937,1,1,High Risk,USA,North America,Other,Startup,Professional,Monthly,102.61,7.0,58.9,12.7,-3.0,11,180,11,1746.86,1335.61
CUST_007358,0.9992933,1,1,High Risk,USA,North America,Education,Startup,Professional,Monthly,90.85,5.0,19.7,11.1,9.0,23,660,17,1839.95,1401.62
CUST_008609,0.9992933,1,1,High Risk,Australia,APAC,Education,Startup,Professional,Multi-Year,119.05,4.0,53.5,10.1,-6.0,3,75,17,3344.17,2637.0
CUST_018422,0.99929285,1,1,High Risk,Other,MEA,Manufacturing,Startup,Basic,Monthly,21.75,2.0,51.2,19.9,-10.0,10,226,14,507.81,297.17
CUST_018358,0.9992925,1,1,High Risk,India,APAC,Finance,Startup,Basic,Monthly,31.16,8.0,41.0,11.0,-22.0,25,454,14,595.23,297.36
CUST_003643,0.9992925,1,1,High Risk,USA,North America,Healthcare,Small Business,Professional,Annual,141.02,6.0,59.2,24.5,-27.0,14,210,16,3323.59,2489.8
CUST_001759,0.99929225,1,1,High Risk,Canada,North America,Manufacturing,Startup,Basic,Annual,21.71,3.0,35.8,13.3,-23.0,11,260,15,454.66,162.1
CUST_004190,0.99929214,1,1,High Risk,Other,MEA,Technology,Small Business,Basic,Monthly,67.24,2.0,33.6,16.3,18.0,6,96,16,1763.61,1266.49
CUST_007755,0.9992914,1,1,High Risk,Other,LATAM,Finance,Startup,Business,Monthly,230.69,4.0,56.0,12.3,26.0,6,140,19,7592.43,6210.45
CUST_010785,0.9992914,1,1,High Risk,USA,North America,Education,Startup,Basic,Monthly,35.64,3.0,35.8,9.8,4.0,28,406,21,1032.12,669.2
CUST_011805,0.99929106,1,1,High Risk,UK,Europe,Real Estate,Small Business,Business,Monthly,511.86,10.0,56.0,13.8,-28.0,26,220,14,9411.5,7595.25
CUST_010267,0.9992899,1,1,High Risk,UK,Europe,Manufacturing,Startup,Basic,Monthly,23.25,7.0,26.8,0.0,-25.0,16,265,14,532.44,209.03
CUST_002746,0.99928963,1,1,High Risk,Australia,APAC,Technology,Mid-Market,Enterprise,Annual,4003.74,8.0,56.6,11.5,-3.0,11,135,16,100924.17,85035.25
CUST_019429,0.9992889,1,1,High Risk,USA,North America,Retail,Startup,Basic,Monthly,25.98,5.0,44.5,21.3,18.0,8,191,14,551.37,311.46
CUST_018770,0.9992884,1,1,High Risk,Other,MEA,Real Estate,Startup,Basic,Annual,25.34,5.0,35.6,14.0,11.0,10,188,15,626.22,360.66
CUST_011549,0.99928826,1,1,High Risk,Canada,North America,Real Estate,Startup,Professional,Monthly,79.78,7.0,53.3,19.9,-14.0,2,31,16,3111.65,2477.16
CUST_005500,0.99928814,1,1,High Risk,USA,North America,Other,Small Business,Basic,Annual,54.41,7.0,71.6,25.9,23.0,12,314,19,1491.43,991.22
CUST_000813,0.9992853,1,1,High Risk,India,APAC,Healthcare,Startup,Professional,Monthly,80.62,3.0,28.0,4.5,-4.0,2,30,19,3416.51,2727.03
CUST_005353,0.99928516,1,1,High Risk,USA,North America,Real Estate,Mid-Market,Enterprise,Multi-Year,2843.04,5.0,74.8,22.4,-0.0,12,290,14,50413.45,42039.42
CUST_001288,0.9992848,1,1,High Risk,USA,North America,Education,Startup,Basic,Monthly,31.69,6.0,11.4,1.0,-50.0,31,721,19,750.42,449.7
CUST_019685,0.9992847,1,1,High Risk,USA,North America,Technology,Small Business,Professional,Monthly,130.37,8.0,52.5,12.3,3.0,13,208,12,2814.56,2246.43
CUST_007461,0.9992847,1,1,High Risk,Australia,APAC,Technology,Startup,Professional,Annual,89.45,4.0,34.1,8.2,-8.0,17,473,16,1960.59,1538.39
CUST_010182,0.99928457,1,1,High Risk,Australia,APAC,Real Estate,Startup,Basic,Annual,30.36,6.0,51.3,16.1,-24.0,16,163,18,848.41,491.13
CUST_011856,0.99928313,1,1,High Risk,Australia,APAC,Technology,Small Business,Professional,Annual,159.73,9.0,9.4,0.4,-52.0,12,322,15,3842.19,3086.63
CUST_017136,0.99928254,1,1,High Risk,Australia,APAC,Healthcare,Small Business,Business,Annual,335.62,1.0,61.5,22.3,32.0,11,168,20,10108.13,8329.07
CUST_000959,0.99928254,1,1,High Risk,USA,North America,Technology,Startup,Professional,Monthly,87.62,7.0,39.0,7.1,19.0,7,120,17,2704.77,2109.3
CUST_010554,0.9992824,1,1,High Risk,USA,North America,Technology,Startup,Professional,Monthly,101.59,6.0,45.1,14.5,-18.0,6,104,17,2883.86,2235.24
CUST_009722,0.99928206,1,1,High Risk,Canada,North America,Education,Small Business,Business,Multi-Year,416.04,5.0,45.9,17.2,-1.0,7,120,15,9671.13,7835.91
CUST_015030,0.99928147,1,1,High Risk,India,APAC,Healthcare,Mid-Market,Business,Annual,1150.4,3.0,50.7,21.5,21.0,9,230,14,27730.03,23504.6
CUST_012605,0.9992803,1,1,High Risk,India,APAC,Technology,Small Business,Business,Annual,473.08,6.0,43.6,10.0,-26.0,14,155,18,14018.53,11556.39
CUST_001087,0.9992793,1,1,High Risk,UK,Europe,Technology,Mid-Market,Business,Annual,874.91,3.0,53.8,18.9,0.0,24,710,16,15854.56,13314.77
CUST_001141,0.9992786,1,1,High Risk,Other,LATAM,Education,Startup,Basic,Monthly,25.31,4.0,47.5,4.1,21.0,17,514,15,523.53,288.02
CUST_013405,0.9992785,1,1,High Risk,India,APAC,Manufacturing,Small Business,Business,Annual,374.76,7.0,41.2,15.2,-23.0,17,514,13,6785.8,5568.81
CUST_005568,0.99927753,1,1,High Risk,Germany,Europe,Real Estate,Startup,Professional,Annual,92.19,4.0,33.0,5.5,13.0,4,80,14,2195.77,1605.88
CUST_000974,0.9992774,1,1,High Risk,USA,North America,Real Estate,Startup,Professional,Monthly,77.98,9.0,30.4,4.7,-21.0,31,548,20,2006.18,1480.21
CUST_005930,0.99927706,1,1,High Risk,UK,Europe,Retail,Startup,Professional,Annual,87.16,5.0,46.1,11.5,-13.0,28,725,20,2194.08,1608.11
CUST_007648,0.99927706,1,1,High Risk,Australia,APAC,Manufacturing,Small Business,Business,Annual,355.99,4.0,55.0,16.8,26.0,18,274,17,9015.73,7427.74
CUST_007561,0.9992767,1,1,High Risk,Germany,Europe,Manufacturing,Startup,Basic,Annual,29.53,5.0,49.7,17.8,-56.0,8,135,16,831.94,461.79
CUST_017928,0.9992767,1,1,High Risk,UK,Europe,Retail,Mid-Market,Business,Annual,1243.94,7.0,56.0,18.7,16.0,16,247,13,23700.29,19781.61
CUST_006196,0.99927527,1,1,High Risk,India,APAC,Other,Small Business,Basic,Monthly,47.54,4.0,59.8,18.7,33.0,21,391,16,1133.54,801.39
CUST_001862,0.99927527,1,1,High Risk,USA,North America,Real Estate,Small Business,Professional,Annual,147.27,2.0,48.6,14.1,-5.0,24,506,20,3803.02,2984.07
CUST_009872,0.99927515,1,1,High Risk,UK,Europe,Healthcare,Small Business,Professional,Multi-Year,168.91,1.0,56.6,21.9,18.0,20,211,15,3431.9,2584.32
CUST_011236,0.9992742,1,1,High Risk,USA,North America,Technology,Startup,Professional,Monthly,84.06,7.0,36.6,4.9,11.0,12,240,15,2015.47,1568.2
CUST_007248,0.9992741,1,1,High Risk,Germany,Europe,Finance,Small Business,Basic,Annual,42.0,5.0,35.4,11.3,11.0,24,430,15,852.55,565.0
CUST_016439,0.99927396,1,1,High Risk,Other,MEA,Finance,Startup,Basic,Annual,30.97,4.0,22.2,4.9,-18.0,16,216,17,753.21,444.45
CUST_005726,0.9992735,1,1,High Risk,USA,North America,Healthcare,Startup,Professional,Monthly,80.43,1.0,34.6,8.1,13.0,23,361,13,1416.73,1030.9
CUST_003868,0.9992735,1,1,High Risk,USA,North America,Finance,Startup,Basic,Annual,26.71,7.0,55.7,14.1,11.0,9,232,11,483.15,290.89
CUST_000639,0.99927336,1,1,High Risk,USA,North America,Manufacturing,Startup,Business,Monthly,209.22,4.0,47.2,13.1,-0.0,16,320,20,7347.76,6023.31
CUST_008798,0.99927276,1,1,High Risk,USA,North America,Healthcare,Startup,Professional,Annual,69.58,3.0,27.0,8.5,12.0,26,587,14,1239.06,891.68
CUST_003592,0.9992723,1,1,High Risk,USA,North America,Retail,Startup,Business,Annual,246.25,4.0,39.3,9.7,-33.0,11,123,16,6622.67,5363.08
CUST_018051,0.99927205,1,1,High Risk,USA,North America,Technology,Small Business,Professional,Multi-Year,198.48,4.0,57.4,15.9,15.0,5,95,23,7451.1,5928.21
CUST_005546,0.9992717,1,1,High Risk,USA,North America,Retail,Startup,Business,Monthly,334.66,0.0,42.7,11.5,10.0,27,532,14,6241.12,5225.3
CUST_006015,0.99927145,1,1,High Risk,UK,Europe,Finance,Startup,Basic,Annual,33.51,6.0,50.5,7.4,9.0,6,166,13,691.06,412.86
CUST_019156,0.9992705,1,1,High Risk,Germany,Europe,Retail,Startup,Professional,Annual,85.24,4.0,25.7,8.5,2.0,19,483,15,1739.71,1240.17
CUST_015419,0.9992704,1,1,High Risk,USA,North America,Real Estate,Startup,Basic,Annual,23.95,1.0,66.3,18.8,11.0,17,377,16,582.38,248.64
CUST_016939,0.9992704,1,1,High Risk,USA,North America,Real Estate,Startup,Basic,Monthly,16.68,3.0,61.9,17.2,8.0,12,296,12,310.81,152.73
CUST_009582,0.99927,1,1,High Risk,India,APAC,Technology,Small Business,Professional,Monthly,123.19,1.0,82.3,27.8,57.0,25,496,19,3125.21,2425.16
CUST_002222,0.99926955,1,1,High Risk,India,APAC,Healthcare,Startup,Basic,Annual,31.5,7.0,12.2,11.2,-63.0,27,694,15,584.46,261.68
CUST_017029,0.99926907,1,1,High Risk,UK,Europe,Healthcare,Startup,Professional,Annual,110.77,9.0,37.8,8.3,-16.0,18,342,16,2553.28,1995.8
CUST_000307,0.9992681,1,1,High Risk,Germany,Europe,Retail,Startup,Basic,Monthly,33.09,1.0,55.2,23.7,27.0,18,411,16,828.39,437.7
CUST_009634,0.9992673,1,1,High Risk,USA,North America,Finance,Small Business,Professional,Annual,162.72,5.0,48.4,14.0,17.0,19,570,17,3785.4,3007.42
CUST_016079,0.9992668,1,1,High Risk,India,APAC,Education,Startup,Business,Monthly,339.45,5.0,34.9,13.2,-2.0,29,701,16,6879.51,5726.53
CUST_019907,0.99926656,1,1,High Risk,India,APAC,Technology,Small Business,Basic,Annual,47.29,3.0,61.6,21.6,-9.0,7,104,16,1373.89,887.94
CUST_004730,0.9992661,1,1,High Risk,USA,North America,Healthcare,Small Business,Business,Monthly,326.82,6.0,46.4,10.4,-13.0,26,279,13,6275.72,5232.4
CUST_001938,0.99926466,1,1,High Risk,Other,MEA,Finance,Mid-Market,Enterprise,Annual,2818.91,0.0,63.8,17.8,21.0,13,130,18,83529.52,69821.29
CUST_008492,0.9992643,1,1,High Risk,USA,North America,Technology,Small Business,Business,Monthly,461.41,4.0,60.5,20.2,15.0,14,226,16,12767.53,10906.37
CUST_011461,0.9992636,1,1,High Risk,Australia,APAC,Retail,Startup,Basic,Monthly,29.18,7.0,30.5,5.9,-11.0,28,493,20,734.66,323.05
CUST_010763,0.99926347,1,1,High Risk,UK,Europe,Education,Startup,Professional,Monthly,68.07,4.0,44.6,6.2,7.0,22,300,13,1285.03,830.74
CUST_003902,0.99926347,1,1,High Risk,Germany,Europe,Healthcare,Startup,Business,Annual,208.39,5.0,35.8,13.2,13.0,2,28,17,7441.55,6063.06
CUST_019043,0.99926335,1,1,High Risk,Germany,Europe,Other,Small Business,Professional,Monthly,165.82,6.0,46.7,14.1,-6.0,12,356,15,4414.22,3508.94
CUST_018328,0.9992631,1,1,High Risk,Canada,North America,Manufacturing,Startup,Basic,Monthly,37.51,5.0,41.8,10.8,-20.0,27,208,15,882.01,604.46
CUST_009860,0.99926275,1,1,High Risk,USA,North America,Finance,Startup,Professional,Annual,88.91,2.0,38.0,8.8,14.0,4,75,14,2262.59,1721.69
CUST_017763,0.9992613,1,1,High Risk,Canada,North America,Technology,Startup,Basic,Monthly,26.35,2.0,42.0,13.1,-7.0,10,134,18,782.65,501.84
CUST_011680,0.99926096,1,1,High Risk,USA,North America,Retail,Startup,Professional,Monthly,86.12,0.0,52.0,19.2,3.0,24,223,15,1835.2,1395.89
CUST_006434,0.9992599,1,1,High Risk,USA,North America,Other,Mid-Market,Professional,Annual,309.89,7.0,54.7,15.3,-14.0,6,86,21,11192.78,9198.11
CUST_008218,0.99925965,1,1,High Risk,USA,North America,Education,Startup,Basic,Monthly,32.03,2.0,38.6,11.6,25.0,19,541,14,594.44,311.75
CUST_009242,0.99925953,1,1,High Risk,India,APAC,Retail,Mid-Market,Business,Annual,1206.4,9.0,48.8,12.5,0.0,7,178,16,30392.59,25822.99
CUST_007622,0.9992582,1,1,High Risk,USA,North America,Finance,Startup,Basic,Annual,23.74,2.0,33.0,15.5,-27.0,24,200,13,426.41,180.79
CUST_003676,0.9992581,1,1,High Risk,USA,North America,Other,Startup,Basic,Monthly,22.09,8.0,27.7,5.8,-11.0,24,641,15,414.76,207.67
CUST_005077,0.9992581,1,1,High Risk,Canada,North America,Healthcare,Startup,Basic,Annual,31.06,6.0,40.9,11.8,-11.0,21,474,20,794.54,410.71
CUST_019823,0.9992567,1,1,High Risk,USA,North America,Technology,Small Business,Business,Multi-Year,552.45,1.0,49.8,22.9,16.0,12,166,15,12225.81,9926.93
CUST_006020,0.9992563,1,1,High Risk,Germany,Europe,Technology,Small Business,Basic,Annual,54.95,7.0,46.7,5.2,-2.0,15,173,15,1135.26,783.49
CUST_002348,0.9992561,1,1,High Risk,Australia,APAC,Finance,Startup,Basic,Annual,34.65,3.0,15.9,0.0,-16.0,10,158,13,648.83,385.63
CUST_010619,0.9992561,1,1,High Risk,Canada,North America,Retail,Startup,Basic,Multi-Year,28.66,8.0,36.9,11.5,-47.0,24,425,16,570.0,303.21
CUST_018109,0.99925464,1,1,High Risk,USA,North America,Retail,Startup,Professional,Monthly,80.24,4.0,47.6,3.5,-16.0,24,693,18,1858.52,1363.75
CUST_012757,0.9992539,1,1,High Risk,UK,Europe,Technology,Small Business,Professional,Annual,137.45,7.0,34.1,15.9,-15.0,3,37,18,4353.07,3379.49
CUST_003015,0.9992539,1,1,High Risk,USA,North America,Other,Startup,Basic,Annual,32.19,8.0,52.9,15.5,-8.0,18,238,17,826.19,449.77
CUST_002040,0.9992536,1,1,High Risk,USA,North America,Retail,Mid-Market,Business,Annual,1235.03,8.0,62.8,14.4,-12.0,4,106,19,40413.05,33649.37
CUST_014757,0.9992536,1,1,High Risk,India,APAC,Finance,Mid-Market,Business,Monthly,893.78,4.0,58.0,10.7,6.0,10,270,21,27598.78,23470.79
CUST_013497,0.99925333,1,1,High Risk,USA,North America,Finance,Startup,Professional,Monthly,96.23,1.0,40.6,8.6,-6.0,27,348,14,1916.3,1457.78
CUST_013157,0.99925333,1,1,High Risk,USA,North America,Finance,Small Business,Enterprise,Multi-Year,1962.5,5.0,46.2,14.1,2.0,26,243,12,29466.93,24702.79
CUST_001686,0.99925333,1,1,High Risk,Germany,Europe,Real Estate,Startup,Professional,Monthly,92.16,3.0,55.9,12.1,42.0,2,48,16,3127.51,2482.72
CUST_018020,0.999253,1,1,High Risk,Germany,Europe,Manufacturing,Startup,Basic,Monthly,26.89,6.0,64.0,17.4,-3.0,13,191,15,590.91,272.27
CUST_019583,0.99925274,1,1,High Risk,Canada,North America,Healthcare,Startup,Professional,Monthly,83.01,8.0,54.5,12.1,17.0,12,302,13,1922.68,1442.91
CUST_004620,0.99925214,1,1,High Risk,Canada,North America,Manufacturing,Startup,Basic,Monthly,23.29,9.0,50.6,12.6,13.0,4,78,16,755.31,422.0
CUST_009562,0.9992519,1,1,High Risk,Canada,North America,Real Estate,Mid-Market,Professional,Annual,317.12,5.0,51.0,15.0,-16.0,8,77,18,9646.21,8006.67
CUST_004514,0.9992518,1,1,High Risk,USA,North America,Healthcare,Small Business,Professional,Annual,137.18,8.0,45.4,11.7,22.0,11,148,15,3452.33,2716.98
CUST_015527,0.9992514,1,1,High Risk,UK,Europe,Healthcare,Small Business,Professional,Annual,185.3,4.0,57.3,19.1,15.0,7,192,14,4168.01,3349.36
CUST_015325,0.9992508,1,1,High Risk,Germany,Europe,Education,Startup,Basic,Annual,36.27,4.0,41.1,6.5,11.0,11,134,19,1068.89,589.52
CUST_012293,0.99925035,1,1,High Risk,India,APAC,Retail,Mid-Market,Enterprise,Annual,4903.21,2.0,84.3,16.3,63.0,14,228,23,177598.83,150337.38
CUST_009595,0.99925,1,1,High Risk,USA,North America,Other,Startup,Professional,Monthly,140.25,6.0,33.7,10.0,-18.0,16,210,14,3474.32,2796.25
CUST_004229,0.9992487,1,1,High Risk,UK,Europe,Real Estate,Startup,Basic,Monthly,39.8,5.0,47.5,19.5,10.0,23,373,22,1348.14,807.75
CUST_018895,0.9992483,1,1,High Risk,India,APAC,Finance,Small Business,Basic,Annual,45.83,3.0,48.2,10.5,-5.0,8,226,15,1132.09,775.0
CUST_017442,0.99924755,1,1,High Risk,Other,LATAM,Other,Startup,Basic,Monthly,22.45,3.0,55.7,18.1,2.0,3,64,15,708.45,326.03
CUST_015191,0.99924624,1,1,High Risk,India,APAC,Technology,Startup,Basic,Annual,42.29,3.0,56.9,16.4,-5.0,29,727,17,870.33,521.94
CUST_004205,0.99924576,1,1,High Risk,USA,North America,Manufacturing,Small Business,Professional,Annual,149.84,8.0,50.7,11.3,-24.0,13,342,22,5119.42,4074.78
CUST_014602,0.9992449,1,1,High Risk,Canada,North America,Technology,Startup,Basic,Monthly,36.37,4.0,57.1,17.0,6.0,28,591,18,852.03,504.42
CUST_008900,0.9992447,1,1,High Risk,India,APAC,Technology,Startup,Professional,Multi-Year,108.34,5.0,47.5,11.2,-1.0,17,311,19,2860.47,2185.46
CUST_004341,0.9992441,1,1,High Risk,USA,North America,Technology,Startup,Basic,Monthly,25.69,3.0,37.0,14.3,-30.0,30,613,14,470.53,267.34
CUST_019484,0.999244,1,1,High Risk,India,APAC,Finance,Startup,Professional,Monthly,103.25,3.0,33.2,5.9,17.0,21,184,17,2850.11,2188.59
CUST_001788,0.999243,1,1,High Risk,Germany,Europe,Real Estate,Mid-Market,Professional,Annual,407.13,6.0,51.5,14.8,-14.0,29,465,17,8433.37,6972.73
CUST_000965,0.99924254,1,1,High Risk,UK,Europe,Healthcare,Startup,Business,Monthly,250.86,3.0,31.8,11.4,-8.0,17,359,12,4523.78,3754.99
CUST_011471,0.9992418,1,1,High Risk,Other,MEA,Other,Small Business,Business,Annual,421.29,3.0,49.8,22.0,26.0,22,405,16,8976.63,7180.63
CUST_009434,0.9992416,1,1,High Risk,Germany,Europe,Healthcare,Startup,Professional,Monthly,92.69,2.0,61.1,17.4,-11.0,19,466,17,2339.7,1831.27
CUST_003699,0.9992415,1,1,High Risk,USA,North America,Other,Startup,Basic,Monthly,33.65,4.0,45.7,20.3,-0.0,20,351,18,922.59,521.15
CUST_000020,0.99924123,1,1,High Risk,USA,North America,Technology,Startup,Basic,Monthly,25.3,5.0,48.9,10.9,15.0,10,207,12,461.36,198.2
CUST_015102,0.99924076,1,1,High Risk,USA,North America,Education,Small Business,Business,Monthly,426.92,6.0,52.1,18.9,5.0,23,501,14,7153.06,5915.26
CUST_007560,0.99924004,1,1,High Risk,USA,North America,Manufacturing,Startup,Basic,Monthly,25.49,2.0,43.2,11.3,37.0,7,111,16,689.56,339.74
CUST_010968,0.99924004,1,1,High Risk,India,APAC,Manufacturing,Startup,Professional,Annual,78.09,3.0,33.4,13.2,-11.0,9,191,15,1986.24,1493.57
CUST_005405,0.9992385,1,1,High Risk,USA,North America,Education,Startup,Basic,Monthly,29.79,4.0,70.0,18.0,-7.0,3,72,16,954.27,585.46
CUST_002024,0.9992373,1,1,High Risk,India,APAC,Manufacturing,Startup,Basic,Monthly,29.28,2.0,69.3,20.2,-16.0,15,409,21,1034.18,572.96
CUST_004618,0.99923694,1,1,High Risk,Canada,North America,Manufacturing,Startup,Basic,Annual,20.65,4.0,17.0,9.2,-43.0,19,112,17,572.87,252.36
CUST_014253,0.9992368,1,1,High Risk,Australia,APAC,Technology,Startup,Professional,Annual,82.26,8.0,52.7,13.8,6.0,4,51,22,3294.09,2518.05
CUST_016497,0.9992361,1,1,High Risk,Canada,North America,Education,Startup,Professional,Annual,82.42,2.0,45.1,16.7,-9.0,26,463,14,1462.38,1028.01
CUST_006655,0.99923563,1,1,High Risk,USA,North America,Manufacturing,Startup,Basic,Monthly,26.96,7.0,7.7,0.0,-19.0,15,184,11,509.5,296.29
CUST_001726,0.9992348,1,1,High Risk,Other,LATAM,Finance,Small Business,Basic,Monthly,54.68,7.0,49.5,15.1,-15.0,13,260,13,1107.57,782.27
CUST_019561,0.9992343,1,1,High Risk,UK,Europe,Retail,Startup,Basic,Monthly,33.29,4.0,54.7,11.8,-1.0,26,377,17,900.63,603.79
CUST_001676,0.9992342,1,1,High Risk,USA,North America,Education,Startup,Professional,Monthly,82.64,5.0,48.8,11.4,12.0,28,701,15,1548.84,1098.66
CUST_018060,0.99923384,1,1,High Risk,Germany,Europe,Technology,Small Business,Professional,Annual,219.89,3.0,38.7,9.4,24.0,28,445,18,4859.44,3825.25
CUST_006652,0.99923337,1,1,High Risk,India,APAC,Education,Startup,Professional,Annual,95.63,4.0,38.8,6.9,-30.0,18,484,16,2206.54,1653.15
CUST_005670,0.99923253,1,1,High Risk,UK,Europe,Finance,Small Business,Business,Annual,419.03,7.0,18.7,9.7,-26.0,4,54,21,15915.89,13263.43
CUST_001929,0.99923146,1,1,High Risk,India,APAC,Technology,Startup,Professional,Monthly,88.42,4.0,57.4,13.0,11.0,29,578,16,1825.04,1348.18
CUST_008728,0.99923134,1,1,High Risk,UK,Europe,Education,Startup,Professional,Monthly,94.71,1.0,56.7,21.1,-10.0,17,336,17,2507.77,1903.51
CUST_015788,0.9992312,1,1,High Risk,Canada,North America,Education,Small Business,Professional,Monthly,153.83,1.0,98.2,29.3,42.0,18,501,20,4285.82,3411.23
CUST_011611,0.9992311,1,1,High Risk,USA,North America,Finance,Startup,Professional,Monthly,59.96,5.0,21.3,0.0,-33.0,21,249,16,1280.67,898.97
CUST_012446,0.999231,1,1,High Risk,USA,North America,Education,Startup,Professional,Annual,87.33,2.0,27.7,2.4,-10.0,13,149,14,2106.22,1641.75
CUST_008370,0.99922967,1,1,High Risk,USA,North America,Technology,Startup,Basic,Monthly,25.91,7.0,4.9,0.6,-40.0,25,302,14,543.06,297.27
CUST_017976,0.9992291,1,1,High Risk,India,APAC,Real Estate,Mid-Market,Business,Annual,990.63,4.0,26.3,2.8,-3.0,12,233,14,20169.95,16955.85
CUST_004889,0.9992281,1,1,High Risk,USA,North America,Technology,Small Business,Basic,Monthly,39.38,2.0,51.6,12.8,33.0,8,206,14,933.65,582.82
CUST_013166,0.9992279,1,1,High Risk,Other,MEA,Healthcare,Startup,Professional,Monthly,87.04,11.0,39.1,15.7,-25.0,16,460,19,2456.7,1854.68
CUST_005588,0.99922574,1,1,High Risk,India,APAC,Real Estate,Startup,Professional,Monthly,102.17,9.0,44.9,15.4,-16.0,2,40,15,3032.65,2420.25
CUST_007576,0.999225,1,1,High Risk,USA,North America,Technology,Enterprise,Enterprise,Multi-Year,8459.44,2.0,67.6,21.6,26.0,11,203,22,231954.46,187865.89
CUST_010167,0.99922395,1,1,High Risk,USA,North America,Manufacturing,Mid-Market,Business,Annual,1035.11,6.0,56.6,16.6,1.0,17,292,19,28981.03,24384.98
CUST_013919,0.99922335,1,1,High Risk,USA,North America,Other,Startup,Basic,Annual,25.03,8.0,40.2,8.6,-37.0,14,131,19,763.56,397.56
CUST_013394,0.9992231,1,1,High Risk,USA,North America,Healthcare,Startup,Professional,Monthly,92.05,4.0,37.0,2.2,0.0,30,729,14,1677.52,1241.88
CUST_002580,0.9992224,1,1,High Risk,India,APAC,Manufacturing,Small Business,Professional,Monthly,134.46,3.0,64.4,14.5,30.0,26,639,15,2447.65,1885.82
CUST_009958,0.9992223,1,1,High Risk,Other,LATAM,Manufacturing,Startup,Basic,Monthly,26.45,6.0,39.7,13.6,2.0,8,188,13,548.94,316.88
CUST_010716,0.9992219,1,1,High Risk,Other,LATAM,Retail,Startup,Professional,Annual,88.17,2.0,33.1,13.2,14.0,19,190,17,2214.61,1662.93
CUST_010538,0.99922144,1,1,High Risk,UK,Europe,Healthcare,Small Business,Professional,Annual,139.64,5.0,35.5,7.9,21.0,11,182,12,2354.19,1815.44
CUST_012116,0.9992211,1,1,High Risk,USA,North America,Retail,Startup,Basic,Monthly,23.46,7.0,7.3,5.2,-22.0,14,326,12,450.29,221.03
CUST_011174,0.9992204,1,1,High Risk,USA,North America,Technology,Startup,Professional,Annual,78.03,4.0,47.7,9.4,3.0,2,39,15,2447.0,1830.82
CUST_014175,0.99921787,1,1,High Risk,USA,North America,Technology,Small Business,Business,Multi-Year,384.82,1.0,61.5,15.0,0.0,3,45,19,13571.21,11278.94
CUST_006295,0.99921656,1,1,High Risk,Canada,North America,Retail,Small Business,Professional,Multi-Year,119.84,9.0,46.7,15.3,-43.0,3,61,18,3901.52,3035.89
CUST_017607,0.9992162,1,1,High Risk,UK,Europe,Manufacturing,Startup,Basic,Monthly,27.37,6.0,36.8,5.7,-24.0,14,303,15,625.66,391.51
CUST_012262,0.99921596,1,1,High Risk,USA,North America,Retail,Startup,Professional,Monthly,104.57,2.0,51.2,15.5,-29.0,6,110,17,2860.4,2165.25
CUST_001670,0.9992144,1,1,High Risk,USA,North America,Retail,Small Business,Business,Monthly,485.27,3.0,52.4,18.2,12.0,16,265,18,13184.22,10969.91
CUST_019196,0.9992143,1,1,High Risk,Canada,North America,Technology,Startup,Professional,Monthly,103.07,3.0,43.6,16.6,7.0,24,663,13,1594.74,1189.29
CUST_016635,0.999213,1,1,High Risk,UK,Europe,Retail,Startup,Basic,Monthly,31.07,2.0,41.0,7.8,3.0,12,157,17,915.91,590.28
CUST_005063,0.99921215,1,1,High Risk,USA,North America,Technology,Startup,Professional,Monthly,70.72,4.0,49.7,11.4,-8.0,18,160,15,1458.0,1081.15
CUST_017120,0.9992119,1,1,High Risk,India,APAC,Retail,Small Business,Professional,Monthly,120.51,4.0,59.5,29.9,3.0,22,508,13,2313.69,1814.41
CUST_014601,0.99921167,1,1,High Risk,USA,North America,Retail,Startup,Professional,Monthly,71.89,5.0,59.8,10.5,-6.0,21,311,18,1866.47,1320.56
CUST_006463,0.99921167,1,1,High Risk,USA,North America,Other,Startup,Basic,Annual,18.63,6.0,14.3,5.3,5.0,20,360,14,381.4,134.45
CUST_006744,0.9992106,1,1,High Risk,Canada,North America,Real Estate,Small Business,Professional,Monthly,140.96,4.0,45.5,14.7,10.0,13,188,11,2499.96,1995.62
CUST_012870,0.9992099,1,1,High Risk,Germany,Europe,Retail,Startup,Basic,Annual,34.39,3.0,25.5,0.0,-23.0,7,104,18,1112.31,693.77
CUST_004398,0.99920964,1,1,High Risk,UK,Europe,Retail,Startup,Business,Monthly,306.37,2.0,73.9,23.7,47.0,24,461,13,5347.76,4404.59
CUST_016300,0.9992095,1,1,High Risk,UK,Europe,Technology,Startup,Basic,Monthly,26.05,3.0,21.7,6.3,11.0,15,275,13,574.68,359.9
CUST_018989,0.9992085,1,1,High Risk,USA,North America,Technology,Startup,Basic,Annual,31.04,4.0,54.2,13.0,12.0,27,324,16,655.07,369.24
CUST_011191,0.99920756,1,1,High Risk,USA,North America,Retail,Startup,Business,Monthly,181.02,4.0,14.0,0.0,-7.0,25,733,15,4274.24,3444.82
CUST_004195,0.9992072,1,1,High Risk,Germany,Europe,Manufacturing,Small Business,Basic,Monthly,27.46,7.0,56.8,19.2,6.0,23,585,15,483.24,173.41
CUST_017435,0.99920684,1,1,High Risk,Canada,North America,Technology,Small Business,Business,Annual,428.81,2.0,43.8,11.2,3.0,13,278,17,12251.35,10364.56
CUST_004959,0.9992053,1,1,High Risk,USA,North America,Real Estate,Mid-Market,Enterprise,Multi-Year,2679.47,4.0,63.6,15.1,25.0,6,160,16,61227.97,50277.58
CUST_010622,0.99920374,1,1,High Risk,UK,Europe,Retail,Mid-Market,Professional,Multi-Year,297.16,1.0,80.6,24.3,-11.0,10,236,17,6725.1,5494.91
CUST_001291,0.9992036,1,1,High Risk,USA,North America,Education,Startup,Professional,Monthly,71.08,3.0,67.6,15.8,12.0,26,365,14,1339.9,940.79
CUST_001543,0.99920326,1,1,High Risk,USA,North America,Healthcare,Startup,Professional,Monthly,84.8,4.0,35.5,6.9,-33.0,20,451,13,1701.7,1328.4
CUST_015593,0.99920326,1,1,High Risk,USA,North America,Healthcare,Small Business,Professional,Monthly,124.63,0.0,36.1,7.1,0.0,8,164,19,3671.7,2890.14
CUST_006938,0.99920136,1,1,High Risk,USA,North America,Technology,Small Business,Business,Annual,421.26,1.0,45.1,14.0,3.0,13,276,12,7157.79,5790.83
CUST_005005,0.9992009,1,1,High Risk,USA,North America,Manufacturing,Startup,Professional,Annual,88.47,3.0,59.5,17.2,50.0,28,714,17,1814.5,1318.34
CUST_019435,0.9992005,1,1,High Risk,Australia,APAC,Education,Startup,Basic,Monthly,27.96,1.0,64.0,23.1,26.0,6,125,17,894.42,517.42
CUST_019580,0.9992003,1,1,High Risk,Germany,Europe,Manufacturing,Startup,Basic,Monthly,19.46,2.0,57.7,14.2,36.0,7,196,13,452.58,195.13
CUST_016443,0.99920017,1,1,High Risk,Australia,APAC,Finance,Startup,Basic,Monthly,23.73,3.0,56.5,17.3,-19.0,8,146,19,815.49,443.42
CUST_015974,0.99919933,1,1,High Risk,USA,North America,Education,Startup,Basic,Annual,25.55,6.0,32.4,11.7,-8.0,7,115,14,531.51,295.77
CUST_004107,0.99919933,1,1,High Risk,USA,North America,Healthcare,Small Business,Professional,Annual,130.27,4.0,42.6,0.7,8.0,30,204,19,3425.18,2577.85
CUST_018905,0.9991991,1,1,High Risk,Germany,Europe,Technology,Small Business,Business,Monthly,385.31,6.0,53.9,21.0,-10.0,15,114,20,12892.79,10875.62
CUST_000052,0.9991974,1,1,High Risk,USA,North America,Other,Small Business,Professional,Monthly,207.08,6.0,45.8,10.7,6.0,2,40,16,6950.13,5714.89
CUST_006765,0.9991972,1,1,High Risk,Australia,APAC,Technology,Startup,Business,Monthly,325.95,6.0,20.5,2.3,-12.0,3,61,16,9584.93,7924.94
CUST_003314,0.99919695,1,1,High Risk,USA,North America,Finance,Startup,Professional,Monthly,79.6,4.0,44.2,13.1,17.0,22,505,17,1956.65,1374.68
CUST_015701,0.99919647,1,1,High Risk,Germany,Europe,Technology,Startup,Professional,Monthly,79.44,3.0,60.3,22.1,35.0,26,251,16,1742.12,1281.68
CUST_013911,0.999196,1,1,High Risk,USA,North America,Real Estate,Startup,Basic,Annual,32.51,3.0,64.5,14.1,15.0,25,548,15,582.29,262.99
CUST_008267,0.9991959,1,1,High Risk,USA,North America,Real Estate,Startup,Basic,Monthly,25.2,2.0,41.2,12.8,10.0,17,194,16,666.89,367.4
CUST_008507,0.9991959,1,1,High Risk,India,APAC,Technology,Startup,Basic,Monthly,22.14,5.0,39.1,18.0,4.0,10,214,14,468.65,223.19
CUST_006507,0.99919575,1,1,High Risk,India,APAC,Manufacturing,Startup,Basic,Annual,25.59,5.0,42.2,6.8,-13.0,2,41,14,734.86,459.78
CUST_006794,0.9991943,1,1,High Risk,USA,North America,Real Estate,Startup,Professional,Annual,112.34,7.0,44.0,12.2,24.0,14,111,18,3186.87,2504.56
CUST_002924,0.99919385,1,1,High Risk,India,APAC,Technology,Startup,Basic,Annual,27.87,5.0,28.3,8.4,-18.0,17,238,15,605.31,311.81
CUST_010683,0.9991928,1,1,High Risk,UK,Europe,Technology,Small Business,Business,Monthly,426.28,4.0,47.9,8.8,24.0,7,126,17,12383.27,10338.73
CUST_010930,0.99919254,1,1,High Risk,USA,North America,Technology,Startup,Basic,Monthly,26.63,4.0,70.4,24.5,8.0,4,76,16,804.65,474.26
CUST_006344,0.9991922,1,1,High Risk,India,APAC,Finance,Startup,Basic,Monthly,28.37,1.0,39.6,16.5,41.0,15,203,17,759.07,415.23
CUST_009816,0.99919206,1,1,High Risk,UK,Europe,Technology,Startup,Basic,Monthly,34.68,8.0,31.8,15.0,-32.0,10,267,14,779.33,465.19
CUST_009142,0.99919206,1,1,High Risk,UK,Europe,Finance,Mid-Market,Enterprise,Annual,4198.78,8.0,24.8,5.8,-47.0,1,28,19,156724.15,130817.54
CUST_016120,0.99919194,1,1,High Risk,Australia,APAC,Technology,Startup,Professional,Monthly,79.08,5.0,28.7,14.3,-12.0,4,54,16,2392.22,1832.92
CUST_010378,0.9991917,1,1,High Risk,Australia,APAC,Technology,Small Business,Professional,Monthly,110.28,6.0,45.0,13.7,4.0,5,63,17,3673.95,2931.45
CUST_019913,0.99919146,1,1,High Risk,USA,North America,Technology,Startup,Basic,Monthly,20.4,1.0,53.7,10.6,6.0,17,165,17,548.9,223.77
CUST_015626,0.9991885,1,1,High Risk,Australia,APAC,Retail,Startup,Basic,Monthly,25.3,3.0,41.3,9.1,11.0,10,182,17,730.1,430.07
CUST_015921,0.9991875,1,1,High Risk,USA,North America,Education,Startup,Professional,Monthly,92.11,2.0,60.2,17.9,-22.0,2,36,17,3346.92,2697.12
CUST_000850,0.99918693,1,1,High Risk,USA,North America,Technology,Startup,Professional,Annual,65.84,4.0,53.9,19.3,2.0,29,294,17,1583.46,1071.54
CUST_006437,0.9991861,1,1,High Risk,USA,North America,Real Estate,Small Business,Business,Annual,449.71,11.0,40.1,7.0,-5.0,26,566,19,10620.08,8726.17
CUST_018103,0.9991854,1,1,High Risk,USA,North America,Finance,Startup,Professional,Monthly,98.02,2.0,28.6,10.9,17.0,31,800,25,3049.03,2282.14
CUST_006042,0.99918514,1,1,High Risk,USA,North America,Healthcare,Startup,Business,Monthly,238.07,6.0,42.6,11.8,-40.0,15,142,16,5931.27,4820.38
CUST_018975,0.99918514,1,1,High Risk,Germany,Europe,Education,Startup,Professional,Monthly,86.01,4.0,46.2,15.0,15.0,3,35,19,3187.74,2511.19
CUST_015514,0.9991843,1,1,High Risk,USA,North America,Manufacturing,Small Business,Professional,Annual,202.32,8.0,38.7,11.9,-18.0,14,96,22,7468.34,6064.35
CUST_005815,0.9991837,1,1,High Risk,USA,North America,Real Estate,Small Business,Business,Annual,394.86,5.0,61.2,19.0,1.0,30,308,18,8901.88,7216.33
CUST_010131,0.99918336,1,1,High Risk,UK,Europe,Technology,Startup,Professional,Annual,90.94,2.0,17.5,0.5,15.0,21,437,20,2412.85,1734.38
CUST_013170,0.9991829,1,1,High Risk,Australia,APAC,Education,Mid-Market,Business,Annual,812.81,5.0,75.8,20.5,34.0,12,294,15,15990.54,13088.6
CUST_016369,0.99918276,1,1,High Risk,Australia,APAC,Education,Startup,Enterprise,Monthly,846.57,2.0,45.3,17.6,16.0,30,445,20,20701.22,17168.91
CUST_009544,0.99918276,1,1,High Risk,USA,North America,Healthcare,Startup,Professional,Monthly,72.85,5.0,50.2,18.0,12.0,18,506,18,1725.03,1171.05
CUST_015150,0.9991818,1,1,High Risk,Canada,North America,Technology,Mid-Market,Business,Annual,807.66,5.0,49.6,11.9,-12.0,7,72,24,32478.79,27014.8
CUST_008669,0.99918085,1,1,High Risk,USA,North America,Manufacturing,Small Business,Professional,Annual,133.63,1.0,68.5,26.9,19.0,5,98,17,3899.56,3057.81
CUST_001504,0.9991804,1,1,High Risk,Other,MEA,Finance,Mid-Market,Business,Annual,854.76,2.0,81.7,16.0,44.0,16,452,19,22681.87,19083.21
CUST_015066,0.99918014,1,1,High Risk,USA,North America,Finance,Small Business,Business,Monthly,372.66,4.0,44.2,16.3,5.0,32,703,17,7491.3,6163.15
CUST_013297,0.9991788,1,1,High Risk,USA,North America,Technology,Startup,Basic,Annual,36.22,3.0,39.3,14.2,11.0,7,158,13,839.52,546.67
CUST_003589,0.99917847,1,1,High Risk,India,APAC,Healthcare,Startup,Basic,Monthly,35.76,6.0,25.1,5.0,-51.0,23,624,12,548.33,252.8
CUST_004528,0.99917763,1,1,High Risk,USA,North America,Finance,Startup,Basic,Monthly,24.05,6.0,56.0,9.7,34.0,11,171,17,678.2,359.06
CUST_014427,0.9991757,1,1,High Risk,Other,LATAM,Real Estate,Mid-Market,Professional,Annual,314.31,5.0,15.6,4.4,-17.0,31,246,18,7663.73,6272.05
CUST_010411,0.99917406,1,1,High Risk,Germany,Europe,Finance,Startup,Professional,Annual,117.86,5.0,38.2,8.9,-10.0,5,56,17,3428.26,2722.6
CUST_012241,0.9991738,1,1,High Risk,UK,Europe,Education,Small Business,Professional,Annual,134.57,5.0,46.0,10.1,10.0,30,586,18,2701.6,2092.32
CUST_001660,0.9991732,1,1,High Risk,USA,North America,Manufacturing,Startup,Basic,Monthly,23.62,2.0,66.1,23.6,-7.0,10,206,15,603.9,344.2
CUST_017671,0.9991732,1,1,High Risk,USA,North America,Manufacturing,Startup,Basic,Monthly,24.59,8.0,41.5,12.7,-33.0,7,78,16,668.22,361.54
CUST_018212,0.9991725,1,1,High Risk,USA,North America,Finance,Small Business,Basic,Annual,67.2,8.0,30.7,10.3,-36.0,30,461,19,1548.47,1010.57
CUST_017497,0.99917126,1,1,High Risk,Canada,North America,Technology,Startup,Business,Annual,284.78,5.0,44.2,11.1,-21.0,10,187,10,4539.11,3730.64
CUST_019674,0.99917126,1,1,High Risk,Australia,APAC,Education,Startup,Basic,Monthly,24.63,0.0,45.4,14.8,23.0,23,609,16,518.98,248.09
CUST_012613,0.999171,1,1,High Risk,USA,North America,Real Estate,Startup,Basic,Monthly,23.64,4.0,47.7,17.2,-13.0,20,379,19,742.34,412.52
CUST_001627,0.9991704,1,1,High Risk,India,APAC,Healthcare,Mid-Market,Basic,Multi-Year,105.4,3.0,51.6,26.5,17.0,12,311,14,1931.86,1488.28
CUST_000187,0.9991667,1,1,High Risk,USA,North America,Real Estate,Startup,Basic,Monthly,35.7,2.0,47.7,12.6,-15.0,11,158,16,899.7,576.49
CUST_015320,0.9991659,1,1,High Risk,UK,Europe,Finance,Startup,Basic,Monthly,38.19,3.0,44.4,12.5,-0.0,5,68,19,1294.24,817.31
CUST_018186,0.9991652,1,1,High Risk,Canada,North America,Technology,Startup,Professional,Multi-Year,97.3,9.0,36.8,8.4,-1.0,29,202,20,2551.76,1902.61
CUST_007469,0.99916327,1,1,High Risk,India,APAC,Healthcare,Startup,Basic,Monthly,34.97,5.0,15.5,4.5,-16.0,18,241,12,643.38,377.85
CUST_001426,0.99916303,1,1,High Risk,UK,Europe,Real Estate,Startup,Basic,Annual,35.91,7.0,36.3,11.9,-41.0,34,854,20,721.44,374.91
CUST_009625,0.99916255,1,1,High Risk,USA,North America,Retail,Small Business,Basic,Annual,43.96,6.0,43.4,18.3,-1.0,18,272,16,1048.01,709.77
CUST_019137,0.9991623,1,1,High Risk,Germany,Europe,Real Estate,Startup,Business,Monthly,203.39,6.0,22.0,5.8,-42.0,30,482,15,4147.0,3358.12
CUST_008114,0.99916077,1,1,High Risk,Other,LATAM,Finance,Small Business,Basic,Monthly,57.01,4.0,44.4,15.6,4.0,15,262,15,1408.26,994.3
CUST_011642,0.999159,1,1,High Risk,USA,North America,Healthcare,Startup,Basic,Monthly,29.56,5.0,56.8,17.1,-3.0,15,268,17,754.93,417.42
CUST_012283,0.99915886,1,1,High Risk,Other,LATAM,Manufacturing,Small Business,Professional,Annual,133.7,3.0,44.8,16.0,33.0,15,361,19,3903.34,3009.82
CUST_008338,0.99915886,1,1,High Risk,USA,North America,Healthcare,Startup,Professional,Annual,120.94,0.0,49.6,22.1,21.0,14,203,16,3295.35,2599.1
CUST_000363,0.9991584,1,1,High Risk,USA,North America,Other,Enterprise,Business,Annual,2076.26,3.0,74.5,22.4,33.0,12,200,16,45415.63,37965.8
CUST_014145,0.999158,1,1,High Risk,India,APAC,Technology,Startup,Basic,Annual,35.2,5.0,40.6,14.3,36.0,9,144,15,749.41,425.41
CUST_004958,0.9991567,1,1,High Risk,Other,MEA,Education,Small Business,Business,Monthly,358.14,4.0,46.1,13.2,36.0,23,306,13,6834.69,5755.17
CUST_002201,0.9991566,1,1,High Risk,USA,North America,Manufacturing,Startup,Professional,Monthly,74.76,1.0,61.3,14.4,2.0,27,294,14,1478.7,1072.54
CUST_011401,0.99915576,1,1,High Risk,USA,North America,Manufacturing,Startup,Business,Monthly,265.46,2.0,37.5,10.8,29.0,14,208,19,8846.03,7357.93
CUST_007815,0.9991541,1,1,High Risk,USA,North America,Technology,Mid-Market,Enterprise,Multi-Year,3239.5,6.0,81.1,24.2,-29.0,12,187,12,59522.2,49786.82
CUST_016261,0.9991522,1,1,High Risk,USA,North America,Healthcare,Small Business,Business,Multi-Year,295.69,4.0,50.1,20.5,-26.0,5,75,21,9864.84,7949.83
CUST_010414,0.99915135,1,1,High Risk,India,APAC,Finance,Startup,Basic,Annual,25.41,4.0,47.4,23.4,1.0,2,41,21,1064.09,571.1
CUST_000572,0.99915075,1,1,High Risk,USA,North America,Technology,Startup,Basic,Annual,25.51,1.0,22.8,2.9,6.0,16,252,15,592.82,308.7
CUST_014340,0.99914813,1,1,High Risk,UK,Europe,Education,Startup,Basic,Annual,37.68,11.0,23.7,3.3,-17.0,18,527,13,653.93,353.08
CUST_000857,0.9991479,1,1,High Risk,USA,North America,Healthcare,Small Business,Business,Annual,292.39,0.0,53.3,21.2,28.0,14,181,12,5713.85,4693.78
CUST_009516,0.9991478,1,1,High Risk,USA,North America,Other,Small Business,Professional,Annual,141.76,7.0,26.5,20.2,-8.0,14,99,18,4089.48,3241.55
CUST_003169,0.9991473,1,1,High Risk,Germany,Europe,Finance,Small Business,Professional,Annual,163.81,4.0,44.1,12.4,-21.0,15,330,14,3656.4,2955.56
CUST_016229,0.9991466,1,1,High Risk,USA,North America,Finance,Startup,Professional,Annual,88.09,4.0,52.5,16.8,-3.0,5,116,17,2622.94,2004.55
CUST_004690,0.9991462,1,1,High Risk,Germany,Europe,Healthcare,Startup,Professional,Monthly,121.39,7.0,28.6,9.5,-63.0,17,279,14,2522.43,1969.04
CUST_012815,0.9991454,1,1,High Risk,USA,North America,Other,Startup,Professional,Monthly,103.48,3.0,33.1,6.6,13.0,27,784,16,2256.35,1703.41
CUST_014429,0.99914527,1,1,High Risk,Germany,Europe,Healthcare,Startup,Basic,Annual,33.77,11.0,4.0,0.0,-72.0,28,650,18,725.38,435.99
CUST_006009,0.99914515,1,1,High Risk,UK,Europe,Technology,Startup,Basic,Monthly,26.1,3.0,37.5,10.4,-4.0,21,256,15,567.11,258.95
CUST_009467,0.9991449,1,1,High Risk,USA,North America,Education,Small Business,Professional,Monthly,96.64,2.0,40.3,12.5,-2.0,3,50,17,3127.34,2429.16
CUST_014611,0.9991447,1,1,High Risk,UK,Europe,Finance,Startup,Professional,Annual,120.96,2.0,53.3,16.2,40.0,4,57,19,4578.87,3708.88
CUST_004145,0.9991441,1,1,High Risk,UK,Europe,Healthcare,Small Business,Basic,Annual,26.26,5.0,60.0,19.8,4.0,9,180,17,722.46,353.61
CUST_010505,0.9991429,1,1,High Risk,UK,Europe,Other,Startup,Basic,Monthly,22.98,5.0,34.8,16.3,14.0,15,402,25,907.67,438.14
CUST_018347,0.99914277,1,1,High Risk,Germany,Europe,Technology,Small Business,Business,Annual,525.37,4.0,50.0,20.8,-1.0,6,77,15,13681.35,11408.7
CUST_004169,0.99914205,1,1,High Risk,Canada,North America,Retail,Small Business,Business,Monthly,667.24,2.0,57.1,14.3,-5.0,27,510,16,14006.57,11904.36
CUST_005055,0.99914026,1,1,High Risk,USA,North America,Healthcare,Startup,Basic,Monthly,26.56,6.0,40.9,8.1,19.0,9,192,14,531.8,258.42
CUST_004312,0.99913895,1,1,High Risk,Germany,Europe,Finance,Small Business,Professional,Monthly,161.1,3.0,56.0,14.5,-12.0,26,661,13,2805.01,2151.23
CUST_006829,0.99913836,1,1,High Risk,USA,North America,Finance,Startup,Business,Annual,213.81,4.0,69.0,17.6,-20.0,16,349,16,5538.51,4554.99
CUST_001693,0.9991379,1,1,High Risk,Germany,Europe,Real Estate,Startup,Business,Annual,322.96,3.0,42.5,11.6,-17.0,25,351,16,6649.12,5454.92
CUST_006242,0.9991375,1,1,High Risk,USA,North America,Technology,Startup,Professional,Monthly,107.41,3.0,26.8,4.3,1.0,12,107,16,2938.6,2291.73
CUST_004085,0.9991372,1,1,High Risk,India,APAC,Healthcare,Startup,Professional,Monthly,89.77,5.0,55.6,19.2,-55.0,29,262,16,2095.84,1564.07
CUST_009921,0.99913543,1,1,High Risk,Canada,North America,Technology,Startup,Business,Monthly,255.04,1.0,34.7,12.4,-14.0,3,81,16,8006.71,6600.18
CUST_005491,0.9991352,1,1,High Risk,USA,North America,Healthcare,Startup,Basic,Annual,55.95,2.0,52.3,16.7,12.0,6,166,16,1391.51,962.12
CUST_005361,0.9991327,1,1,High Risk,USA,North America,Finance,Small Business,Professional,Multi-Year,159.21,4.0,47.0,7.8,-21.0,22,338,16,3669.87,2866.76
CUST_015985,0.999132,1,1,High Risk,UK,Europe,Healthcare,Small Business,Enterprise,Annual,2397.29,5.0,74.5,21.1,10.0,18,307,16,58870.35,49876.32
CUST_003156,0.9991309,1,1,High Risk,USA,North America,Healthcare,Small Business,Professional,Annual,144.95,3.0,31.8,9.6,-9.0,2,41,15,4268.21,3490.24
CUST_007287,0.9991308,1,1,High Risk,Canada,North America,Technology,Small Business,Business,Monthly,438.25,1.0,46.8,9.4,-6.0,20,278,15,9935.76,8200.55
CUST_013077,0.99912983,1,1,High Risk,UK,Europe,Technology,Startup,Basic,Annual,26.27,4.0,37.5,18.0,-36.0,9,96,15,666.79,360.96
CUST_017142,0.9991283,1,1,High Risk,USA,North America,Technology,Small Business,Basic,Monthly,62.62,3.0,61.4,21.4,-1.0,10,187,16,1669.68,1236.3
CUST_001653,0.99912757,1,1,High Risk,Australia,APAC,Manufacturing,Startup,Professional,Monthly,95.59,3.0,52.0,22.3,23.0,17,301,19,3103.23,2411.39
CUST_005908,0.9991271,1,1,High Risk,USA,North America,Education,Small Business,Basic,Multi-Year,53.81,6.0,51.0,20.3,-16.0,22,177,16,1228.94,869.52
CUST_018609,0.9991252,1,1,High Risk,USA,North America,Manufacturing,Startup,Basic,Annual,33.67,2.0,46.8,10.6,26.0,12,184,15,770.45,418.31
CUST_000081,0.99912494,1,1,High Risk,USA,North America,Finance,Small Business,Business,Annual,439.89,4.0,37.7,14.9,-30.0,9,111,16,10690.25,8789.01
CUST_016577,0.9991239,1,1,High Risk,Canada,North America,Technology,Startup,Professional,Monthly,115.45,8.0,27.5,11.1,4.0,4,81,13,2737.97,2227.46
CUST_018923,0.9991221,1,1,High Risk,Canada,North America,Retail,Small Business,Professional,Monthly,131.06,4.0,55.4,15.7,8.0,30,437,20,3281.92,2469.42
CUST_008364,0.99912065,1,1,High Risk,UK,Europe,Other,Startup,Basic,Monthly,25.73,5.0,62.5,23.2,6.0,12,315,14,526.65,270.52
CUST_005356,0.9991203,1,1,High Risk,Germany,Europe,Technology,Startup,Basic,Monthly,29.84,7.0,34.9,11.6,-5.0,24,598,14,529.67,298.78
CUST_001145,0.99911946,1,1,High Risk,Australia,APAC,Healthcare,Small Business,Professional,Annual,143.91,4.0,31.8,8.1,8.0,3,67,16,4300.35,3487.84
CUST_017087,0.9991192,1,1,High Risk,USA,North America,Education,Startup,Basic,Monthly,28.67,1.0,55.9,16.8,21.0,21,263,19,846.93,483.88
CUST_015364,0.99911886,1,1,High Risk,USA,North America,Education,Small Business,Basic,Annual,44.1,2.0,64.2,22.8,-6.0,4,56,17,1455.91,1028.93
CUST_009346,0.9991171,1,1,High Risk,India,APAC,Manufacturing,Startup,Business,Annual,347.17,3.0,53.6,15.1,40.0,6,151,13,7347.96,6010.82
CUST_001367,0.999116,1,1,High Risk,UK,Europe,Finance,Mid-Market,Professional,Annual,353.79,5.0,66.2,18.4,15.0,3,47,17,11356.2,9336.49
CUST_006124,0.9991148,1,1,High Risk,India,APAC,Retail,Startup,Professional,Monthly,111.2,4.0,50.4,14.8,2.0,5,116,16,3235.27,2587.65
CUST_019395,0.9991147,1,1,High Risk,Germany,Europe,Other,Startup,Professional,Annual,77.97,1.0,66.1,30.5,-3.0,10,257,15,1673.85,1206.75
CUST_007577,0.9991136,1,1,High Risk,USA,North America,Finance,Startup,Basic,Annual,34.62,4.0,55.8,19.2,-4.0,7,92,18,1042.84,624.11
CUST_013877,0.99911267,1,1,High Risk,India,APAC,Healthcare,Startup,Business,Annual,252.85,3.0,76.5,18.4,34.0,17,173,16,6357.84,5249.09
CUST_017526,0.99911183,1,1,High Risk,UK,Europe,Technology,Startup,Enterprise,Monthly,1185.43,6.0,60.4,18.7,20.0,7,164,12,23259.1,19507.7
CUST_000569,0.9991116,1,1,High Risk,USA,North America,Finance,Startup,Professional,Monthly,76.5,2.0,53.2,20.1,29.0,17,225,16,1836.81,1357.13
CUST_006423,0.9991116,1,1,High Risk,USA,North America,Real Estate,Small Business,Basic,Annual,60.26,5.0,33.1,7.0,-25.0,20,547,16,1264.82,832.62
CUST_017532,0.999111,1,1,High Risk,India,APAC,Technology,Startup,Basic,Annual,23.68,11.0,56.0,5.2,-25.0,14,229,15,586.68,252.59
CUST_003931,0.9991109,1,1,High Risk,USA,North America,Manufacturing,Startup,Basic,Monthly,39.6,5.0,43.2,13.6,-11.0,23,418,16,859.32,506.7
CUST_009658,0.9991099,1,1,High Risk,USA,North America,Healthcare,Startup,Professional,Monthly,104.73,3.0,55.9,19.4,11.0,9,247,13,2314.98,1783.68
CUST_007768,0.9991093,1,1,High Risk,USA,North America,Manufacturing,Startup,Professional,Annual,85.24,2.0,41.3,10.4,-1.0,27,560,14,1511.07,1079.78
CUST_014024,0.99910754,1,1,High Risk,USA,North America,Technology,Mid-Market,Business,Annual,951.76,9.0,53.4,22.3,-4.0,10,101,17,26578.02,22230.38
CUST_018151,0.9991068,1,1,High Risk,India,APAC,Technology,Startup,Basic,Annual,34.56,5.0,59.8,19.7,-3.0,3,61,16,983.59,579.59
CUST_017820,0.9991054,1,1,High Risk,Canada,North America,Healthcare,Startup,Basic,Annual,31.44,6.0,40.6,14.0,38.0,5,84,20,1081.7,697.73
CUST_016466,0.9991048,1,1,High Risk,USA,North America,Technology,Startup,Basic,Monthly,27.12,9.0,51.7,17.0,-1.0,13,273,14,632.88,340.87
CUST_005627,0.9991042,1,1,High Risk,Germany,Europe,Education,Small Business,Basic,Monthly,35.35,5.0,55.7,18.5,4.0,18,229,15,781.02,424.67
CUST_000120,0.99910384,1,1,High Risk,UK,Europe,Manufacturing,Small Business,Professional,Monthly,138.94,6.0,49.3,11.3,-3.0,5,63,18,4771.87,3845.84
CUST_016377,0.9991035,1,1,High Risk,UK,Europe,Manufacturing,Startup,Professional,Monthly,83.97,3.0,55.9,14.6,55.0,13,237,14,1880.2,1457.13
CUST_003487,0.9991027,1,1,High Risk,India,APAC,Healthcare,Startup,Professional,Monthly,84.32,6.0,50.5,20.1,-12.0,30,475,14,1782.24,1326.56
CUST_011649,0.9991026,1,1,High Risk,UK,Europe,Real Estate,Small Business,Professional,Monthly,158.19,10.0,21.6,0.0,-31.0,5,97,17,5074.28,4069.1
CUST_002357,0.9991025,1,1,High Risk,Germany,Europe,Real Estate,Startup,Business,Monthly,207.07,7.0,60.5,18.0,-19.0,29,683,14,3899.74,3214.65
CUST_010798,0.9991019,1,1,High Risk,UK,Europe,Technology,Small Business,Basic,Annual,42.5,6.0,26.1,5.2,4.0,6,87,19,1266.14,802.4
CUST_009386,0.99910176,1,1,High Risk,USA,North America,Retail,Startup,Professional,Monthly,85.76,4.0,37.8,10.3,16.0,2,36,15,2523.24,1933.38
CUST_000821,0.9991003,1,1,High Risk,Canada,North America,Education,Startup,Professional,Annual,79.38,3.0,33.6,4.6,2.0,34,274,17,1690.74,1271.59
CUST_015043,0.9991001,1,1,High Risk,Other,LATAM,Real Estate,Mid-Market,Enterprise,Annual,3448.83,2.0,74.5,25.2,28.0,9,143,17,81564.21,67710.09
CUST_000048,0.9990989,1,1,High Risk,Other,LATAM,Education,Small Business,Business,Monthly,423.34,5.0,40.4,15.6,-27.0,11,228,13,8759.69,7394.82
CUST_013023,0.99909794,1,1,High Risk,India,APAC,Real Estate,Startup,Business,Monthly,211.54,6.0,29.6,5.2,-17.0,8,125,17,6459.94,5285.37
CUST_014703,0.99909794,1,1,High Risk,Germany,Europe,Other,Mid-Market,Business,Annual,838.27,1.0,58.7,21.3,46.0,11,171,15,18478.48,15636.96
CUST_014398,0.9990976,1,1,High Risk,Australia,APAC,Real Estate,Startup,Basic,Annual,30.24,3.0,35.5,9.8,1.0,6,73,19,1000.63,591.87
CUST_005236,0.9990972,1,1,High Risk,Australia,APAC,Technology,Small Business,Professional,Monthly,199.76,2.0,49.7,6.3,14.0,8,184,15,4775.1,3791.57
CUST_013977,0.999097,1,1,High Risk,USA,North America,Manufacturing,Startup,Business,Monthly,281.03,5.0,43.6,13.5,21.0,18,221,15,6407.05,5295.0
CUST_010403,0.9990964,1,1,High Risk,USA,North America,Manufacturing,Startup,Basic,Monthly,25.92,5.0,77.8,20.4,30.0,23,450,22,732.7,294.28
CUST_013333,0.99909604,1,1,High Risk,Canada,North America,Other,Startup,Professional,Monthly,99.7,2.0,82.1,26.2,8.0,4,78,17,3316.9,2629.03
CUST_003084,0.99909353,1,1,High Risk,USA,North America,Real Estate,Small Business,Business,Annual,426.18,2.0,34.1,13.8,-12.0,7,99,20,14428.03,11904.5
CUST_004758,0.9990934,1,1,High Risk,Australia,APAC,Technology,Startup,Basic,Annual,25.29,0.0,59.1,16.4,26.0,14,282,12,529.31,278.91
CUST_009268,0.99909306,1,1,High Risk,USA,North America,Manufacturing,Small Business,Basic,Annual,36.09,7.0,44.9,10.8,-33.0,25,562,12,545.76,291.05
CUST_004329,0.9990926,1,1,High Risk,USA,North America,Retail,Startup,Basic,Annual,24.57,2.0,59.1,17.4,12.0,5,116,14,545.66,250.38
CUST_017302,0.9990915,1,1,High Risk,Other,MEA,Healthcare,Small Business,Business,Monthly,527.6,4.0,35.3,7.0,6.0,29,615,15,9594.36,7980.79
CUST_018505,0.9990914,1,1,High Risk,India,APAC,Manufacturing,Small Business,Business,Monthly,458.59,3.0,46.2,11.1,-0.0,6,66,17,15071.07,12648.22
CUST_000699,0.99909127,1,1,High Risk,UK,Europe,Finance,Small Business,Enterprise,Annual,1357.74,9.0,47.8,15.7,0.0,13,258,14,28869.75,24662.14
CUST_008959,0.99909043,1,1,High Risk,USA,North America,Education,Startup,Basic,Monthly,32.96,6.0,44.8,12.5,-26.0,4,68,14,933.47,610.92
CUST_005759,0.9990901,1,1,High Risk,USA,North America,Education,Startup,Professional,Monthly,70.17,7.0,18.1,6.2,-18.0,19,444,11,1090.86,789.51
CUST_010157,0.9990895,1,1,High Risk,UK,Europe,Other,Startup,Basic,Annual,25.34,3.0,46.0,8.3,-16.0,21,591,14,419.66,160.19
CUST_014088,0.9990876,1,1,High Risk,USA,North America,Technology,Startup,Basic,Annual,25.79,4.0,39.5,18.6,15.0,32,967,18,490.62,221.03
CUST_003940,0.9990871,1,1,High Risk,India,APAC,Finance,Mid-Market,Business,Annual,1005.82,2.0,46.0,20.2,4.0,6,107,15,27392.13,23088.57
CUST_018717,0.9990858,1,1,High Risk,Australia,APAC,Finance,Startup,Professional,Monthly,88.92,0.0,56.9,17.2,-13.0,33,235,19,2416.39,1846.13
CUST_006676,0.99908555,1,1,High Risk,USA,North America,Education,Small Business,Professional,Monthly,199.55,8.0,42.6,4.2,-47.0,9,142,17,5991.37,4929.19
CUST_007252,0.99908555,1,1,High Risk,UK,Europe,Technology,Startup,Basic,Monthly,34.38,4.0,30.8,11.8,-7.0,20,489,20,939.43,462.01
CUST_006704,0.99908507,1,1,High Risk,USA,North America,Healthcare,Startup,Business,Annual,208.32,3.0,47.7,20.1,-3.0,14,377,20,7013.65,5713.95
CUST_009615,0.99908435,1,1,High Risk,Canada,North America,Real Estate,Startup,Basic,Monthly,30.96,4.0,34.3,3.0,-35.0,4,67,19,1150.73,722.51
CUST_011229,0.9990827,1,1,High Risk,USA,North America,Healthcare,Small Business,Professional,Annual,142.76,0.0,35.5,5.8,-17.0,15,189,16,3689.13,2943.69
CUST_003254,0.99908173,1,1,High Risk,UK,Europe,Healthcare,Startup,Basic,Monthly,36.97,0.0,62.8,13.6,12.0,18,179,20,1185.4,724.13
CUST_003876,0.99908125,1,1,High Risk,Canada,North America,Technology,Startup,Basic,Annual,40.01,8.0,24.2,9.5,-34.0,24,427,16,819.69,523.54
CUST_001261,0.999081,1,1,High Risk,Canada,North America,Education,Startup,Basic,Annual,34.99,6.0,67.7,20.8,-23.0,5,80,16,996.08,599.37
CUST_017570,0.99908066,1,1,High Risk,USA,North America,Other,Mid-Market,Professional,Monthly,270.62,2.0,60.8,22.5,17.0,2,38,19,9366.52,7622.31
CUST_018361,0.99908054,1,1,High Risk,USA,North America,Healthcare,Startup,Basic,Monthly,49.03,3.0,67.5,21.1,51.0,9,266,15,1191.83,845.9
CUST_012191,0.99908006,1,1,High Risk,USA,North America,Healthcare,Startup,Professional,Monthly,84.73,4.0,23.8,7.2,-12.0,21,550,14,1715.65,1260.09
CUST_011406,0.99907994,1,1,High Risk,Germany,Europe,Real Estate,Startup,Business,Monthly,204.74,4.0,52.0,19.5,30.0,23,617,15,3613.74,2893.82
CUST_016170,0.9990792,1,1,High Risk,USA,North America,Other,Startup,Professional,Monthly,77.57,4.0,55.8,20.4,22.0,30,362,15,1635.12,1240.34
CUST_017009,0.99907804,1,1,High Risk,Other,LATAM,Manufacturing,Startup,Basic,Monthly,32.46,3.0,31.9,10.9,22.0,7,99,18,1080.19,718.25
CUST_008657,0.9990773,1,1,High Risk,Germany,Europe,Retail,Mid-Market,Business,Multi-Year,831.52,5.0,63.7,18.9,22.0,23,433,17,16816.28,13883.98
CUST_015901,0.9990773,1,1,High Risk,India,APAC,Other,Startup,Basic,Monthly,34.56,9.0,12.6,11.5,-42.0,21,399,17,910.31,572.78
CUST_013536,0.9990766,1,1,High Risk,USA,North America,Technology,Startup,Professional,Monthly,103.54,6.0,44.1,10.3,-18.0,17,342,15,2503.92,1919.83
CUST_014924,0.9990765,1,1,High Risk,UK,Europe,Education,Startup,Professional,Multi-Year,95.76,7.0,43.6,9.7,-37.0,12,269,14,1954.16,1392.56
CUST_014360,0.9990759,1,1,High Risk,Germany,Europe,Retail,Startup,Professional,Multi-Year,61.89,3.0,35.5,11.0,-13.0,2,28,21,2364.06,1701.15
CUST_013613,0.9990758,1,1,High Risk,USA,North America,Finance,Startup,Basic,Monthly,26.11,2.0,25.0,11.3,27.0,26,672,18,561.76,244.77
CUST_000891,0.9990752,1,1,High Risk,USA,North America,Other,Small Business,Basic,Annual,56.04,5.0,32.4,12.9,-42.0,4,58,14,1408.61,1009.97
CUST_006520,0.99907446,1,1,High Risk,USA,North America,Manufacturing,Startup,Basic,Monthly,20.8,6.0,39.8,7.3,-13.0,22,474,14,396.47,201.71
CUST_016841,0.9990741,1,1,High Risk,UK,Europe,Healthcare,Startup,Basic,Monthly,41.65,4.0,38.9,11.8,-5.0,4,97,19,1508.04,957.96
CUST_011259,0.9990741,1,1,High Risk,USA,North America,Technology,Startup,Professional,Monthly,125.19,5.0,38.4,6.7,-21.0,20,300,16,3016.89,2418.31
CUST_008027,0.999073,1,1,High Risk,UK,Europe,Manufacturing,Startup,Basic,Annual,22.94,5.0,51.9,15.6,-2.0,22,459,13,440.0,192.43
CUST_007757,0.9990728,1,1,High Risk,USA,North America,Other,Startup,Basic,Monthly,30.14,10.0,35.6,3.1,-53.0,3,67,14,825.45,528.42
CUST_016048,0.99907243,1,1,High Risk,USA,North America,Retail,Small Business,Professional,Multi-Year,177.01,4.0,27.5,4.7,-18.0,11,133,16,4272.89,3364.0
CUST_000969,0.9990721,1,1,High Risk,USA,North America,Technology,Small Business,Professional,Multi-Year,113.72,3.0,35.5,11.2,-11.0,13,206,15,2525.59,1923.96
CUST_013252,0.9990715,1,1,High Risk,USA,North America,Technology,Startup,Professional,Annual,110.85,10.0,21.5,13.7,-53.0,18,236,15,2414.41,1902.18
CUST_019669,0.9990702,1,1,High Risk,India,APAC,Manufacturing,Startup,Professional,Monthly,106.05,3.0,62.1,28.1,22.0,4,59,19,3943.06,3112.51
CUST_019625,0.9990689,1,1,High Risk,UK,Europe,Education,Startup,Basic,Monthly,22.83,5.0,43.4,11.3,-32.0,19,115,17,662.22,332.05
CUST_009445,0.99906737,1,1,High Risk,USA,North America,Education,Startup,Enterprise,Monthly,816.73,0.0,62.9,15.3,-11.0,30,543,16,17578.81,15037.63
CUST_000350,0.99906665,1,1,High Risk,Germany,Europe,Manufacturing,Startup,Basic,Monthly,27.46,4.0,43.5,11.7,-3.0,13,328,12,548.07,345.3
CUST_011922,0.99906665,1,1,High Risk,Australia,APAC,Manufacturing,Startup,Basic,Monthly,17.96,6.0,39.7,7.0,-24.0,27,697,19,418.62,150.55
CUST_016713,0.9990651,1,1,High Risk,Germany,Europe,Retail,Startup,Professional,Annual,111.4,2.0,31.5,15.8,23.0,2,58,14,2666.01,2024.84
CUST_006746,0.99906486,1,1,High Risk,Canada,North America,Other,Small Business,Business,Annual,401.23,7.0,44.0,12.7,-27.0,8,197,11,6387.08,5271.98
CUST_012337,0.9990613,1,1,High Risk,USA,North America,Healthcare,Mid-Market,Professional,Annual,295.82,1.0,75.4,19.3,9.0,13,342,18,8518.63,7089.94
CUST_011374,0.99906045,1,1,High Risk,UK,Europe,Retail,Startup,Basic,Annual,30.55,1.0,66.1,18.2,19.0,2,50,15,1007.93,619.13
CUST_001808,0.9990602,1,1,High Risk,Canada,North America,Retail,Startup,Basic,Monthly,20.37,2.0,45.7,15.2,3.0,24,196,17,514.59,225.89
CUST_008733,0.99905926,1,1,High Risk,Australia,APAC,Healthcare,Startup,Business,Monthly,276.67,4.0,34.6,6.6,-23.0,14,239,15,6765.97,5531.71
CUST_010345,0.9990588,1,1,High Risk,USA,North America,Technology,Startup,Professional,Monthly,60.08,4.0,54.2,17.1,-1.0,15,123,19,2050.15,1552.58
CUST_003978,0.9990584,1,1,High Risk,Australia,APAC,Retail,Small Business,Business,Annual,397.23,4.0,46.0,10.9,-14.0,30,474,16,7662.34,6273.9
CUST_009795,0.9990576,1,1,High Risk,India,APAC,Finance,Mid-Market,Business,Multi-Year,917.24,6.0,45.6,14.8,11.0,11,142,16,19625.7,16163.1
CUST_013737,0.999057,1,1,High Risk,UK,Europe,Education,Startup,Basic,Annual,33.05,5.0,59.3,8.3,0.0,4,84,16,943.84,622.2
CUST_011658,0.99905676,1,1,High Risk,USA,North America,Healthcare,Startup,Professional,Annual,99.12,3.0,43.9,5.5,16.0,17,411,16,2417.0,1825.99
CUST_008291,0.9990565,1,1,High Risk,Canada,North America,Healthcare,Startup,Basic,Monthly,23.84,3.0,56.8,17.9,16.0,8,106,20,798.4,398.98
CUST_011298,0.9990558,1,1,High Risk,Canada,North America,Other,Small Business,Basic,Multi-Year,54.2,6.0,40.7,11.3,-14.0,8,126,16,1382.75,940.13
CUST_017952,0.9990557,1,1,High Risk,USA,North America,Technology,Startup,Professional,Monthly,93.65,5.0,22.6,1.6,-15.0,29,449,16,2049.66,1535.55
CUST_011128,0.9990545,1,1,High Risk,India,APAC,Technology,Startup,Basic,Monthly,29.31,6.0,37.7,19.3,11.0,14,280,15,714.76,444.0
CUST_004567,0.9990545,1,1,High Risk,Australia,APAC,Healthcare,Enterprise,Business,Annual,1923.69,4.0,39.7,3.4,5.0,22,265,12,29085.77,23642.75
CUST_007528,0.99905413,1,1,High Risk,Other,MEA,Manufacturing,Small Business,Basic,Annual,61.2,4.0,44.7,7.9,36.0,9,154,19,1960.72,1391.29
CUST_012740,0.9990538,1,1,High Risk,Germany,Europe,Retail,Small Business,Business,Monthly,474.1,2.0,66.8,18.8,13.0,8,83,18,15060.62,12615.59
CUST_002638,0.9990534,1,1,High Risk,USA,North America,Manufacturing,Startup,Basic,Annual,28.78,4.0,56.5,19.7,34.0,2,32,21,1210.61,733.19
CUST_010209,0.9990534,1,1,High Risk,USA,North America,Retail,Small Business,Business,Monthly,348.3,6.0,53.6,21.4,7.0,9,270,13,7066.39,5921.03
CUST_000921,0.99905306,1,1,High Risk,USA,North America,Manufacturing,Small Business,Basic,Monthly,43.99,8.0,59.3,12.2,19.0,13,310,11,791.85,557.88
CUST_010863,0.9990527,1,1,High Risk,UK,Europe,Technology,Startup,Basic,Monthly,32.74,3.0,31.9,16.7,9.0,13,204,15,800.69,464.18
CUST_016426,0.99905235,1,1,High Risk,USA,North America,Education,Small Business,Business,Multi-Year,428.01,4.0,16.6,10.6,-11.0,20,252,16,8471.93,6701.4
CUST_009540,0.9990522,1,1,High Risk,USA,North America,Healthcare,Startup,Basic,Monthly,27.02,7.0,15.0,0.4,-29.0,23,315,18,662.87,269.93
CUST_008659,0.99905175,1,1,High Risk,USA,North America,Other,Small Business,Professional,Monthly,105.42,6.0,30.7,8.7,-19.0,3,68,13,2975.73,2450.96
CUST_003386,0.99905175,1,1,High Risk,Canada,North America,Retail,Startup,Basic,Monthly,29.62,9.0,41.5,12.0,-7.0,21,170,16,635.73,352.08
CUST_017957,0.99905175,1,1,High Risk,UK,Europe,Healthcare,Startup,Basic,Monthly,29.24,4.0,56.8,18.7,28.0,2,29,21,1303.99,787.7
CUST_009510,0.9990515,1,1,High Risk,UK,Europe,Retail,Mid-Market,Enterprise,Monthly,2782.7,2.0,45.9,15.8,5.0,12,203,19,82022.84,70365.94
CUST_009175,0.99905056,1,1,High Risk,USA,North America,Other,Small Business,Basic,Monthly,47.21,4.0,31.6,4.3,14.0,23,536,19,1230.25,815.29
CUST_005463,0.99905056,1,1,High Risk,USA,North America,Technology,Small Business,Professional,Monthly,140.8,3.0,51.6,11.6,1.0,18,265,15,3119.72,2551.84
CUST_010198,0.9990501,1,1,High Risk,India,APAC,Manufacturing,Mid-Market,Professional,Annual,305.63,2.0,32.4,9.3,-12.0,23,361,13,5428.75,4587.47
CUST_011656,0.99904996,1,1,High Risk,UK,Europe,Healthcare,Startup,Basic,Monthly,27.36,3.0,56.6,22.9,29.0,2,33,20,1219.34,720.39
CUST_003437,0.99904853,1,1,High Risk,UK,Europe,Real Estate,Startup,Basic,Monthly,26.14,6.0,35.3,7.4,-32.0,10,265,13,576.33,320.54
CUST_007897,0.9990484,1,1,High Risk,UK,Europe,Other,Startup,Business,Monthly,337.78,3.0,17.2,11.1,8.0,13,232,16,8805.91,7196.78
CUST_011276,0.9990484,1,1,High Risk,Other,MEA,Manufacturing,Startup,Basic,Monthly,29.25,7.0,38.7,10.8,-1.0,20,458,12,451.29,239.82
CUST_018852,0.9990477,1,1,High Risk,Germany,Europe,Manufacturing,Small Business,Professional,Monthly,132.3,5.0,49.9,20.3,4.0,25,320,13,2319.8,1797.4
CUST_015557,0.99904734,1,1,High Risk,Other,LATAM,Other,Startup,Basic,Annual,28.82,5.0,57.3,17.9,-10.0,3,69,14,733.7,474.02
CUST_011932,0.99904734,1,1,High Risk,USA,North America,Real Estate,Startup,Basic,Monthly,31.55,3.0,42.9,11.9,-7.0,28,745,21,796.61,482.0
CUST_001358,0.99904495,1,1,High Risk,Australia,APAC,Healthcare,Startup,Basic,Annual,31.06,6.0,43.3,20.1,19.0,20,200,13,613.9,387.14
CUST_015432,0.99904495,1,1,High Risk,USA,North America,Education,Mid-Market,Business,Monthly,991.21,6.0,64.6,17.8,24.0,10,235,18,28416.38,23839.35
CUST_003012,0.99904424,1,1,High Risk,UK,Europe,Retail,Startup,Professional,Monthly,97.89,4.0,47.9,15.0,10.0,19,282,15,2091.06,1592.45
CUST_007324,0.999044,1,1,High Risk,USA,North America,Real Estate,Small Business,Professional,Monthly,173.15,3.0,62.2,18.8,50.0,29,573,18,4215.17,3274.67
CUST_019320,0.99904317,1,1,High Risk,USA,North America,Technology,Small Business,Professional,Annual,130.44,4.0,56.6,17.5,22.0,13,230,17,3821.35,3083.87
CUST_019654,0.9990429,1,1,High Risk,UK,Europe,Healthcare,Small Business,Business,Annual,455.4,9.0,50.6,11.0,-3.0,12,319,13,9030.4,7556.64
CUST_003298,0.99904114,1,1,High Risk,Canada,North America,Technology,Startup,Professional,Annual,82.49,5.0,56.0,18.4,15.0,16,188,18,2052.5,1523.37
CUST_003800,0.9990403,1,1,High Risk,USA,North America,Finance,Startup,Basic,Annual,34.57,6.0,40.1,10.6,-25.0,19,341,11,545.54,329.88
CUST_006119,0.9990402,1,1,High Risk,Australia,APAC,Healthcare,Startup,Basic,Monthly,31.62,9.0,15.3,3.7,-20.0,8,105,16,864.55,503.06
CUST_019420,0.9990396,1,1,High Risk,USA,North America,Technology,Startup,Professional,Annual,67.67,6.0,31.6,8.6,25.0,2,38,19,2719.07,2053.19
CUST_013429,0.9990396,1,1,High Risk,UK,Europe,Technology,Mid-Market,Business,Annual,1092.1,6.0,55.2,23.4,24.0,18,356,17,29031.16,24229.15
CUST_005290,0.9990395,1,1,High Risk,Australia,APAC,Real Estate,Startup,Basic,Annual,35.52,7.0,38.6,10.3,-19.0,20,566,17,759.39,435.66
CUST_011198,0.9990386,1,1,High Risk,USA,North America,Technology,Startup,Business,Monthly,211.99,6.0,40.3,11.8,0.0,13,173,17,5821.34,4703.07
CUST_014000,0.9990382,1,1,High Risk,Australia,APAC,Technology,Small Business,Basic,Annual,47.14,4.0,60.6,12.8,24.0,29,563,15,860.03,521.5
CUST_008889,0.9990381,1,1,High Risk,India,APAC,Technology,Startup,Professional,Monthly,77.73,3.0,51.4,12.2,53.0,27,734,17,1732.93,1200.43
CUST_008960,0.99903715,1,1,High Risk,USA,North America,Retail,Mid-Market,Business,Monthly,850.41,3.0,61.9,13.8,6.0,20,323,17,21706.44,18109.14
CUST_015269,0.999035,1,1,High Risk,USA,North America,Education,Small Business,Professional,Monthly,121.95,6.0,56.0,15.3,-5.0,28,190,16,2749.83,2102.81
CUST_015832,0.9990345,1,1,High Risk,Germany,Europe,Education,Mid-Market,Professional,Annual,275.23,2.0,37.8,11.2,-0.0,14,149,18,7509.38,6183.58
CUST_013461,0.9990345,1,1,High Risk,USA,North America,Finance,Small Business,Basic,Monthly,50.04,3.0,57.9,16.1,34.0,23,594,13,756.16,513.54
CUST_010963,0.99903333,1,1,High Risk,UK,Europe,Technology,Startup,Professional,Monthly,110.23,3.0,45.4,22.1,-23.0,17,501,17,2645.13,2104.08
CUST_016442,0.99903333,1,1,High Risk,UK,Europe,Healthcare,Small Business,Enterprise,Annual,1344.8,5.0,57.3,13.5,-36.0,24,312,16,28513.93,23600.31
CUST_001732,0.99903214,1,1,High Risk,USA,North America,Technology,Small Business,Professional,Annual,138.04,3.0,57.0,16.4,-15.0,12,203,14,2905.05,2269.1
CUST_013502,0.99903154,1,1,High Risk,Canada,North America,Manufacturing,Small Business,Basic,Annual,57.33,2.0,56.0,10.7,18.0,24,550,12,878.68,616.42
CUST_008231,0.9990295,1,1,High Risk,USA,North America,Finance,Small Business,Business,Monthly,342.64,3.0,32.2,6.7,-33.0,14,359,15,7784.69,6262.17
CUST_018858,0.9990293,1,1,High Risk,USA,North America,Technology,Startup,Professional,Annual,76.08,7.0,27.2,2.5,11.0,18,455,15,1516.8,1068.28
CUST_008111,0.9990293,1,1,High Risk,Germany,Europe,Technology,Startup,Basic,Annual,29.85,3.0,53.5,16.6,-4.0,19,244,12,532.6,295.85
CUST_014525,0.9990283,1,1,High Risk,USA,North America,Other,Startup,Professional,Annual,112.94,5.0,53.1,14.3,-6.0,17,479,10,1561.48,1246.67
CUST_002713,0.9990281,1,1,High Risk,Canada,North America,Technology,Enterprise,Enterprise,Annual,5850.88,8.0,76.6,24.4,22.0,17,477,20,154448.74,129276.7
CUST_000694,0.9990281,1,1,High Risk,Germany,Europe,Technology,Small Business,Basic,Annual,34.16,6.0,37.3,15.5,-18.0,26,437,16,683.61,336.24
CUST_010698,0.9990269,1,1,High Risk,USA,North America,Technology,Startup,Basic,Monthly,25.35,4.0,41.9,14.0,-7.0,7,70,15,703.92,393.99
CUST_015841,0.9990258,1,1,High Risk,UK,Europe,Technology,Startup,Professional,Monthly,77.92,4.0,25.7,5.7,-0.0,2,26,19,3419.9,2686.94
CUST_018843,0.99902475,1,1,High Risk,USA,North America,Retail,Startup,Basic,Annual,31.43,5.0,22.5,7.3,-36.0,11,170,16,696.55,420.56
CUST_005014,0.9990239,1,1,High Risk,Canada,North America,Healthcare,Startup,Basic,Monthly,32.99,6.0,50.8,14.8,17.0,23,579,13,555.96,287.09
CUST_007708,0.99902284,1,1,High Risk,USA,North America,Other,Small Business,Basic,Monthly,41.79,0.0,64.2,19.4,-1.0,12,94,17,1127.75,780.93
CUST_003221,0.99902236,1,1,High Risk,USA,North America,Healthcare,Startup,Professional,Annual,111.0,5.0,62.2,19.0,-3.0,24,433,15,1985.6,1452.56
CUST_006457,0.99902225,1,1,High Risk,Germany,Europe,Technology,Startup,Basic,Monthly,27.85,4.0,48.7,24.5,3.0,16,145,19,908.54,555.25
CUST_016244,0.9990221,1,1,High Risk,Germany,Europe,Healthcare,Small Business,Business,Annual,358.6,6.0,55.0,12.7,5.0,12,205,16,8622.75,6891.32
CUST_006376,0.99902093,1,1,High Risk,UK,Europe,Other,Mid-Market,Professional,Multi-Year,297.5,5.0,68.4,17.4,10.0,6,97,17,7355.48,5902.51
CUST_010529,0.9990207,1,1,High Risk,UK,Europe,Real Estate,Startup,Business,Monthly,297.8,4.0,51.7,19.3,11.0,31,479,17,6334.68,5142.77
CUST_000442,0.99902034,1,1,High Risk,UK,Europe,Education,Startup,Professional,Monthly,83.9,2.0,23.8,3.7,-22.0,17,486,12,1430.87,1068.77
CUST_003971,0.99902,1,1,High Risk,USA,North America,Finance,Small Business,Professional,Monthly,155.59,2.0,63.1,25.1,26.0,12,322,11,2472.17,1985.02
CUST_016647,0.99901855,1,1,High Risk,Canada,North America,Finance,Startup,Business,Annual,199.89,2.0,59.6,17.1,29.0,17,262,18,5214.18,4174.25
CUST_005148,0.99901843,1,1,High Risk,India,APAC,Retail,Startup,Basic,Annual,39.18,1.0,36.4,8.9,11.0,9,273,11,651.74,429.65
CUST_013697,0.99901795,1,1,High Risk,Canada,North America,Finance,Startup,Professional,Annual,68.6,4.0,48.1,8.2,6.0,19,205,15,1468.88,1075.57
CUST_008801,0.9990159,1,1,High Risk,Germany,Europe,Finance,Startup,Professional,Monthly,140.35,3.0,45.2,14.3,3.0,20,489,17,3178.96,2472.3
CUST_003754,0.9990151,1,1,High Risk,USA,North America,Finance,Startup,Basic,Monthly,36.91,3.0,52.5,16.7,16.0,20,559,16,837.99,530.71
CUST_011306,0.9990139,1,1,High Risk,Canada,North America,Manufacturing,Startup,Professional,Monthly,115.72,7.0,40.5,15.3,-28.0,2,29,17,4515.66,3644.79
CUST_007831,0.9990125,1,1,High Risk,UK,Europe,Retail,Startup,Basic,Monthly,25.51,5.0,46.7,9.5,-16.0,15,79,19,830.15,484.72
CUST_012917,0.9990125,1,1,High Risk,USA,North America,Technology,Mid-Market,Enterprise,Annual,3656.18,3.0,65.3,17.5,15.0,10,165,16,91072.95,77640.5
CUST_010539,0.999012,1,1,High Risk,USA,North America,Finance,Startup,Basic,Annual,28.38,3.0,44.6,3.6,-2.0,13,311,14,625.4,351.85
CUST_014370,0.999012,1,1,High Risk,UK,Europe,Technology,Startup,Professional,Monthly,108.34,5.0,29.6,8.5,-20.0,3,35,16,3701.66,2991.69
CUST_017659,0.99901164,1,1,High Risk,USA,North America,Technology,Startup,Basic,Monthly,31.05,1.0,50.2,9.6,6.0,2,41,16,1072.78,729.9
CUST_008711,0.9990103,1,1,High Risk,India,APAC,Finance,Startup,Basic,Monthly,25.67,4.0,31.7,14.8,-40.0,19,510,11,441.58,251.73
CUST_004753,0.9990101,1,1,High Risk,Other,LATAM,Finance,Startup,Business,Monthly,203.68,2.0,32.8,8.3,6.0,13,328,13,4563.54,3765.56
CUST_010135,0.99900985,1,1,High Risk,USA,North America,Technology,Startup,Professional,Monthly,88.02,4.0,70.8,17.3,-6.0,33,575,18,2053.2,1530.47
CUST_015735,0.9990094,1,1,High Risk,Australia,APAC,Technology,Startup,Professional,Monthly,118.17,3.0,45.9,19.5,23.0,17,498,18,2958.88,2258.65
CUST_013799,0.999009,1,1,High Risk,Other,MEA,Other,Startup,Basic,Monthly,27.61,2.0,62.8,19.3,2.0,5,88,22,1204.6,720.63
CUST_016694,0.9990081,1,1,High Risk,UK,Europe,Retail,Startup,Basic,Annual,25.24,2.0,50.8,10.4,-0.0,5,124,14,597.87,364.66
CUST_013319,0.999008,1,1,High Risk,USA,North America,Other,Enterprise,Enterprise,Annual,7920.51,0.0,89.0,15.9,63.0,11,296,21,212538.44,179424.08
CUST_000302,0.99900776,1,1,High Risk,USA,North America,Retail,Small Business,Basic,Annual,51.1,6.0,37.5,11.4,11.0,12,252,14,1119.59,687.39
CUST_015170,0.9990069,1,1,High Risk,USA,North America,Real Estate,Startup,Professional,Annual,104.27,5.0,39.1,11.0,7.0,24,459,11,1537.32,1200.39
CUST_009150,0.9990068,1,1,High Risk,Other,LATAM,Manufacturing,Mid-Market,Business,Annual,858.01,2.0,63.7,20.3,14.0,12,282,14,17577.15,14680.24
CUST_014252,0.99900573,1,1,High Risk,USA,North America,Manufacturing,Startup,Enterprise,Annual,789.59,4.0,33.6,11.4,16.0,13,149,18,22249.4,18598.4
CUST_014995,0.9990055,1,1,High Risk,UK,Europe,Retail,Small Business,Enterprise,Monthly,1676.39,3.0,56.0,13.6,27.0,9,145,16,48066.26,41043.04
CUST_009619,0.9990054,1,1,High Risk,USA,North America,Technology,Small Business,Professional,Annual,108.95,5.0,50.3,17.0,13.0,23,302,13,2038.78,1599.73
CUST_006403,0.9990049,1,1,High Risk,Other,LATAM,Finance,Small Business,Professional,Annual,141.54,4.0,36.9,7.6,37.0,3,49,17,4669.43,3760.53
CUST_010793,0.9990049,1,1,High Risk,UK,Europe,Technology,Startup,Basic,Annual,45.25,5.0,49.8,13.9,34.0,26,748,17,1043.91,644.26
CUST_014325,0.99900347,1,1,High Risk,USA,North America,Technology,Startup,Business,Monthly,248.14,3.0,46.2,15.8,56.0,3,43,20,9343.47,7687.82
CUST_016294,0.99900204,1,1,High Risk,Other,LATAM,Manufacturing,Small Business,Professional,Annual,138.58,4.0,47.3,7.2,-10.0,20,178,14,2832.7,2210.0
CUST_015540,0.9990018,1,1,High Risk,India,APAC,Finance,Startup,Professional,Annual,79.32,4.0,50.9,14.5,-4.0,15,413,12,1541.02,1118.85
CUST_007947,0.9990017,1,1,High Risk,USA,North America,Healthcare,Startup,Business,Monthly,301.91,6.0,34.3,10.0,-29.0,7,167,11,5474.36,4542.73
CUST_002956,0.99900085,1,1,High Risk,Canada,North America,Healthcare,Startup,Basic,Monthly,42.53,5.0,47.2,12.8,11.0,7,179,15,1165.38,824.28
CUST_004810,0.99900013,1,1,High Risk,USA,North America,Manufacturing,Startup,Professional,Monthly,77.51,6.0,37.1,15.1,4.0,24,202,14,1599.4,1179.52
CUST_018572,0.999,1,1,High Risk,USA,North America,Retail,Startup,Business,Annual,154.11,6.0,42.2,11.2,1.0,25,585,17,3494.26,2750.07
CUST_018177,0.9989993,1,1,High Risk,Australia,APAC,Technology,Small Business,Basic,Multi-Year,48.74,4.0,26.9,5.6,-10.0,16,366,14,984.78,705.81
CUST_010859,0.9989993,1,1,High Risk,USA,North America,Technology,Small Business,Professional,Annual,129.77,6.0,62.2,9.6,23.0,10,112,16,3288.59,2638.17
CUST_001017,0.9989982,1,1,High Risk,India,APAC,Technology,Small Business,Professional,Annual,157.33,5.0,33.8,7.5,-1.0,11,307,14,2895.31,2240.95
CUST_019178,0.9989982,1,1,High Risk,Australia,APAC,Healthcare,Startup,Basic,Annual,24.42,7.0,19.2,1.3,-35.0,7,113,14,550.69,339.38
CUST_011651,0.99899775,1,1,High Risk,Germany,Europe,Manufacturing,Startup,Basic,Monthly,25.13,3.0,58.8,21.0,32.0,11,106,20,853.35,460.92
CUST_013720,0.9989974,1,1,High Risk,USA,North America,Technology,Startup,Basic,Annual,29.71,6.0,51.3,17.0,14.0,14,91,17,919.61,581.7
CUST_018991,0.99899715,1,1,High Risk,UK,Europe,Manufacturing,Mid-Market,Business,Monthly,1293.99,5.0,42.9,8.7,15.0,33,520,21,31681.97,26789.34
CUST_005861,0.9989945,1,1,High Risk,USA,North America,Healthcare,Startup,Business,Monthly,189.14,6.0,57.3,15.3,32.0,12,106,17,5662.09,4640.4
CUST_003054,0.9989925,1,1,High Risk,Germany,Europe,Manufacturing,Startup,Professional,Annual,86.75,3.0,19.6,5.8,5.0,9,223,10,1317.74,1012.15
CUST_003986,0.998992,1,1,High Risk,USA,North America,Healthcare,Startup,Professional,Monthly,92.85,2.0,27.0,6.9,2.0,27,691,13,1490.85,1056.32
CUST_011690,0.9989907,1,1,High Risk,Other,MEA,Real Estate,Startup,Basic,Monthly,29.19,5.0,57.6,14.7,-10.0,20,527,11,480.28,235.21
CUST_000935,0.9989906,1,1,High Risk,USA,North America,Other,Startup,Professional,Monthly,79.78,1.0,56.0,11.2,17.0,20,440,18,2006.02,1444.97
CUST_007100,0.9989905,1,1,High Risk,Germany,Europe,Real Estate,Startup,Business,Annual,201.95,3.0,38.8,12.6,2.0,34,486,18,4546.23,3597.42
CUST_007808,0.99898976,1,1,High Risk,Canada,North America,Technology,Startup,Professional,Monthly,63.44,4.0,29.8,3.9,-42.0,20,470,14,1245.99,876.41
CUST_013769,0.99898976,1,1,High Risk,Canada,North America,Education,Startup,Professional,Annual,81.09,5.0,47.8,13.5,11.0,23,473,16,1764.51,1306.02
CUST_011202,0.99898833,1,1,High Risk,USA,North America,Retail,Enterprise,Enterprise,Multi-Year,8023.32,7.0,68.9,15.3,-5.0,10,165,16,173888.75,140830.5
CUST_004964,0.99898726,1,1,High Risk,Germany,Europe,Healthcare,Small Business,Business,Annual,372.86,5.0,29.7,7.2,0.0,13,180,15,8959.8,7322.7
CUST_017447,0.99898666,1,1,High Risk,USA,North America,Education,Startup,Professional,Monthly,77.17,2.0,55.9,18.0,29.0,12,321,15,1994.72,1573.32
CUST_001391,0.998985,1,1,High Risk,Canada,North America,Manufacturing,Startup,Professional,Monthly,80.97,7.0,38.0,11.4,-9.0,29,535,16,1799.2,1310.99
CUST_015899,0.9989837,1,1,High Risk,Australia,APAC,Manufacturing,Mid-Market,Professional,Annual,434.16,1.0,67.5,19.0,9.0,29,243,16,8414.94,6804.8
CUST_016585,0.99898344,1,1,High Risk,Australia,APAC,Real Estate,Startup,Basic,Monthly,30.88,8.0,42.6,12.8,10.0,4,107,15,813.82,481.33
CUST_005816,0.9989833,1,1,High Risk,USA,North America,Finance,Mid-Market,Professional,Multi-Year,358.87,3.0,62.3,8.5,29.0,26,485,16,6629.17,5411.62
CUST_009827,0.99898285,1,1,High Risk,Other,MEA,Healthcare,Startup,Business,Monthly,230.65,8.0,52.6,15.4,-14.0,12,122,17,6714.86,5571.92
CUST_019868,0.9989807,1,1,High Risk,USA,North America,Technology,Startup,Professional,Annual,66.31,5.0,19.2,14.9,-40.0,9,162,15,1612.9,1199.29
CUST_002449,0.9989806,1,1,High Risk,Australia,APAC,Education,Mid-Market,Enterprise,Monthly,3911.32,4.0,71.5,14.3,-21.0,18,239,12,74041.51,63057.14
CUST_014203,0.99898046,1,1,High Risk,USA,North America,Finance,Small Business,Business,Annual,319.63,3.0,50.7,23.4,14.0,5,68,25,14761.48,12124.6
CUST_008026,0.9989791,1,1,High Risk,India,APAC,Manufacturing,Startup,Basic,Annual,29.48,4.0,44.6,7.8,-18.0,4,110,12,596.38,312.4
CUST_013264,0.99897826,1,1,High Risk,Germany,Europe,Healthcare,Startup,Professional,Monthly,121.81,4.0,24.2,5.3,-25.0,11,291,13,2382.72,1884.75
CUST_010821,0.9989766,1,1,High Risk,USA,North America,Technology,Small Business,Basic,Annual,48.92,5.0,28.3,5.0,8.0,30,700,13,706.61,439.15
CUST_013815,0.99897647,1,1,High Risk,USA,North America,Manufacturing,Small Business,Business,Monthly,420.73,3.0,44.2,17.6,-9.0,21,227,17,11095.89,9304.14
CUST_010655,0.99897647,1,1,High Risk,USA,North America,Healthcare,Startup,Basic,Monthly,25.96,3.0,40.0,13.1,-22.0,2,40,16,868.97,583.88
CUST_010955,0.99897623,1,1,High Risk,India,APAC,Retail,Startup,Business,Monthly,260.46,5.0,56.0,11.8,-14.0,4,89,15,7397.77,6118.13
CUST_013751,0.99897563,1,1,High Risk,USA,North America,Healthcare,Startup,Basic,Monthly,23.72,3.0,39.0,15.0,15.0,20,456,16,557.41,296.07
CUST_007181,0.9989747,1,1,High Risk,USA,North America,Education,Small Business,Professional,Annual,119.07,4.0,44.6,11.4,-35.0,15,440,14,2433.15,1817.59
CUST_002107,0.99897444,1,1,High Risk,India,APAC,Retail,Small Business,Basic,Annual,65.76,4.0,45.6,17.2,-19.0,3,64,19,2481.62,1835.19
CUST_004008,0.99897397,1,1,High Risk,Other,MEA,Finance,Startup,Professional,Monthly,116.21,2.0,45.8,15.9,10.0,8,192,9,1995.94,1573.28
CUST_009509,0.99897385,1,1,High Risk,Australia,APAC,Manufacturing,Small Business,Professional,Monthly,160.97,4.0,32.0,9.1,13.0,24,649,15,3073.99,2456.18
CUST_000428,0.99897325,1,1,High Risk,Australia,APAC,Retail,Startup,Basic,Annual,29.27,4.0,47.3,22.8,-17.0,17,354,13,492.93,256.81
CUST_004447,0.99897265,1,1,High Risk,Australia,APAC,Manufacturing,Startup,Basic,Monthly,27.59,4.0,53.5,15.4,-15.0,5,107,16,834.17,492.73
CUST_011460,0.9989716,1,1,High Risk,USA,North America,Manufacturing,Startup,Basic,Monthly,37.28,9.0,50.0,18.4,-31.0,21,445,17,899.17,500.36
CUST_011380,0.99897146,1,1,High Risk,USA,North America,Healthcare,Mid-Market,Professional,Annual,440.2,5.0,60.7,18.9,5.0,15,319,15,9792.01,8150.11
CUST_014990,0.99897134,1,1,High Risk,USA,North America,Finance,Startup,Basic,Annual,33.58,0.0,47.2,16.9,3.0,2,38,17,1042.28,681.53
CUST_011879,0.998971,1,1,High Risk,UK,Europe,Technology,Startup,Business,Annual,220.85,4.0,22.0,11.6,-42.0,4,71,14,5498.68,4520.74
CUST_004670,0.99897075,1,1,High Risk,UK,Europe,Finance,Startup,Basic,Annual,41.51,5.0,45.6,18.7,-21.0,17,134,14,851.19,548.87
CUST_018728,0.9989697,1,1,High Risk,Canada,North America,Retail,Small Business,Basic,Multi-Year,36.83,4.0,56.0,22.3,-16.0,22,412,16,722.35,400.88
CUST_015276,0.99896955,1,1,High Risk,Canada,North America,Retail,Small Business,Basic,Monthly,49.92,6.0,55.4,19.7,11.0,16,141,18,1466.22,1027.93
CUST_006968,0.9989693,1,1,High Risk,USA,North America,Healthcare,Startup,Basic,Monthly,41.94,3.0,53.2,7.6,8.0,8,155,13,1011.61,673.02
CUST_014180,0.9989692,1,1,High Risk,USA,North America,Healthcare,Startup,Basic,Annual,20.33,5.0,59.1,17.3,15.0,27,225,13,361.37,200.3
CUST_012382,0.99896896,1,1,High Risk,Canada,North America,Technology,Small Business,Business,Monthly,455.37,2.0,63.2,22.9,43.0,13,294,14,9957.79,8399.28
CUST_000800,0.9989687,1,1,High Risk,USA,North America,Healthcare,Small Business,Business,Annual,652.11,0.0,54.2,16.0,52.0,7,213,10,11245.29,9397.45
CUST_001260,0.9989679,1,1,High Risk,India,APAC,Manufacturing,Startup,Professional,Monthly,85.35,7.0,37.7,9.7,-13.0,20,377,17,2072.6,1466.9
CUST_004455,0.9989667,1,1,High Risk,USA,North America,Real Estate,Startup,Basic,Annual,26.56,4.0,41.3,14.4,-24.0,29,719,15,511.49,251.97
CUST_001490,0.9989613,1,1,High Risk,Germany,Europe,Technology,Small Business,Professional,Monthly,166.76,1.0,45.6,18.1,33.0,21,432,14,3323.39,2616.43
CUST_011963,0.9989612,1,1,High Risk,USA,North America,Finance,Small Business,Basic,Monthly,42.69,3.0,52.9,19.1,-1.0,23,603,14,711.34,410.5
CUST_011597,0.99896085,1,1,High Risk,Canada,North America,Technology,Startup,Professional,Monthly,96.6,9.0,23.0,6.4,-57.0,26,473,14,1882.74,1507.48
CUST_016487,0.99896026,1,1,High Risk,UK,Europe,Real Estate,Mid-Market,Professional,Annual,495.77,3.0,67.6,23.7,29.0,12,236,16,10223.53,8202.28
CUST_004888,0.99896,1,1,High Risk,UK,Europe,Finance,Enterprise,Business,Annual,1766.53,6.0,64.6,13.5,2.0,32,895,18,32540.32,27430.4
CUST_015959,0.99895823,1,1,High Risk,USA,North America,Technology,Small Business,Basic,Annual,53.64,9.0,52.6,15.9,5.0,29,515,14,952.39,627.7
CUST_005478,0.99895775,1,1,High Risk,Other,MEA,Manufacturing,Startup,Professional,Monthly,81.93,8.0,47.9,16.7,3.0,6,89,17,2744.13,2150.72
CUST_002657,0.9989555,1,1,High Risk,USA,North America,Technology,Startup,Basic,Annual,29.42,5.0,46.7,7.7,12.0,4,93,16,819.5,488.86
CUST_012024,0.9989544,1,1,High Risk,USA,North America,Healthcare,Startup,Professional,Monthly,79.82,3.0,51.1,13.6,14.0,15,375,13,1749.56,1322.5
CUST_003839,0.99895406,1,1,High Risk,USA,North America,Healthcare,Small Business,Professional,Annual,134.25,5.0,58.0,24.5,-6.0,8,69,19,4083.39,3208.28
CUST_013774,0.9989537,1,1,High Risk,Germany,Europe,Technology,Startup,Basic,Monthly,28.76,4.0,15.8,7.6,5.0,3,34,16,994.96,592.25
CUST_017531,0.9989531,1,1,High Risk,USA,North America,Technology,Startup,Business,Monthly,184.1,2.0,29.5,14.7,-25.0,16,365,14,4352.42,3543.77
CUST_009244,0.9989531,1,1,High Risk,Canada,North America,Real Estate,Startup,Basic,Multi-Year,27.57,6.0,36.7,9.6,33.0,13,293,16,665.44,351.63
CUST_015895,0.998953,1,1,High Risk,USA,North America,Real Estate,Startup,Basic,Monthly,36.8,4.0,26.2,9.8,17.0,16,172,18,1043.44,683.93
CUST_012172,0.99895287,1,1,High Risk,Canada,North America,Education,Startup,Professional,Monthly,87.4,6.0,41.7,13.9,-17.0,31,723,16,1787.98,1358.67
CUST_012019,0.9989525,1,1,High Risk,USA,North America,Real Estate,Startup,Basic,Monthly,27.97,6.0,55.7,12.6,9.0,29,472,16,594.93,273.14
CUST_009970,0.99895203,1,1,High Risk,USA,North America,Healthcare,Small Business,Professional,Annual,149.67,4.0,41.8,9.5,13.0,29,413,23,4286.53,3323.49
CUST_018532,0.99895006,1,1,High Risk,Australia,APAC,Other,Startup,Basic,Annual,30.35,5.0,49.3,10.4,12.0,14,338,15,712.93,418.92
CUST_010986,0.99894994,1,1,High Risk,Canada,North America,Education,Startup,Professional,Annual,79.86,4.0,42.1,11.7,17.0,31,431,18,1829.08,1364.06
CUST_004454,0.9989491,1,1,High Risk,Germany,Europe,Education,Small Business,Basic,Annual,58.86,5.0,63.7,15.7,-12.0,4,88,22,2282.07,1662.41
CUST_018531,0.9989479,1,1,High Risk,UK,Europe,Retail,Startup,Basic,Annual,26.99,5.0,47.5,16.2,22.0,22,351,13,467.93,256.28
CUST_000301,0.9989471,1,1,High Risk,Canada,North America,Manufacturing,Startup,Basic,Monthly,36.57,2.0,28.7,10.0,1.0,12,79,17,1119.96,795.0
CUST_001211,0.9989467,1,1,High Risk,USA,North America,Healthcare,Small Business,Business,Monthly,409.34,1.0,48.4,8.0,11.0,14,316,14,8890.55,7434.88
CUST_016908,0.99894613,1,1,High Risk,USA,North America,Technology,Startup,Basic,Monthly,22.92,5.0,44.7,14.4,-3.0,3,31,17,813.32,560.17
CUST_001049,0.9989454,1,1,High Risk,India,APAC,Other,Startup,Basic,Monthly,30.09,2.0,38.4,7.8,3.0,32,844,19,632.94,316.44
CUST_015824,0.9989446,1,1,High Risk,USA,North America,Finance,Startup,Business,Monthly,339.3,2.0,53.4,19.2,40.0,28,529,14,6093.51,4927.54
CUST_009289,0.9989446,1,1,High Risk,India,APAC,Healthcare,Small Business,Professional,Monthly,122.82,3.0,33.7,9.9,-14.0,22,442,17,2921.66,2327.45
CUST_000865,0.9989442,1,1,High Risk,Canada,North America,Other,Startup,Business,Monthly,232.73,4.0,57.8,17.4,12.0,11,301,14,4770.98,3889.97
CUST_000565,0.9989442,1,1,High Risk,USA,North America,Retail,Small Business,Enterprise,Annual,1686.73,3.0,39.1,9.7,2.0,10,191,13,37129.47,31454.43
CUST_015802,0.99894315,1,1,High Risk,USA,North America,Technology,Startup,Professional,Monthly,107.21,1.0,51.5,18.6,15.0,11,76,17,3236.22,2619.62
CUST_009959,0.99894184,1,1,High Risk,UK,Europe,Finance,Small Business,Business,Monthly,471.92,6.0,8.4,0.0,-11.0,21,311,17,12019.19,10044.36
CUST_004790,0.9989415,1,1,High Risk,Australia,APAC,Education,Startup,Basic,Monthly,31.3,2.0,37.1,15.8,28.0,27,552,14,547.81,249.98
CUST_014527,0.9989415,1,1,High Risk,Canada,North America,Technology,Small Business,Business,Annual,531.12,7.0,16.4,2.9,0.0,17,195,11,8758.02,7219.99
CUST_006513,0.99894136,1,1,High Risk,USA,North America,Technology,Small Business,Professional,Monthly,151.84,6.0,54.0,15.7,-12.0,5,55,19,5393.81,4264.89
CUST_019664,0.99893993,1,1,High Risk,India,APAC,Retail,Startup,Basic,Monthly,34.18,10.0,40.0,8.8,-43.0,10,151,19,1107.19,687.67
CUST_013765,0.9989398,1,1,High Risk,USA,North America,Technology,Startup,Basic,Annual,39.37,9.0,48.4,12.1,-26.0,13,373,13,871.43,574.1
CUST_012900,0.9989385,1,1,High Risk,Australia,APAC,Other,Startup,Enterprise,Annual,726.69,4.0,23.7,9.7,9.0,3,68,14,15718.63,12594.89
CUST_010697,0.99893767,1,1,High Risk,USA,North America,Retail,Startup,Basic,Annual,17.15,4.0,45.7,7.2,34.0,13,371,16,475.4,198.24
CUST_006262,0.9989374,1,1,High Risk,UK,Europe,Manufacturing,Startup,Basic,Monthly,25.49,2.0,32.2,6.1,9.0,24,703,15,506.9,209.01
CUST_002869,0.9989374,1,1,High Risk,Canada,North America,Finance,Startup,Basic,Monthly,30.45,7.0,30.1,3.1,-28.0,17,172,16,769.67,423.85
CUST_018390,0.9989371,1,1,High Risk,UK,Europe,Manufacturing,Startup,Basic,Monthly,29.63,3.0,33.7,7.8,9.0,24,645,15,579.85,225.54
CUST_016357,0.99893683,1,1,High Risk,USA,North America,Education,Mid-Market,Business,Annual,855.17,3.0,68.1,24.1,18.0,11,88,18,25342.63,21248.69
CUST_014081,0.99893445,1,1,High Risk,Other,LATAM,Other,Small Business,Basic,Monthly,40.64,5.0,39.0,8.3,-22.0,5,121,14,1001.47,654.8
CUST_013638,0.99893326,1,1,High Risk,USA,North America,Education,Startup,Professional,Monthly,71.98,4.0,46.0,10.0,-0.0,10,113,19,2378.02,1784.86
CUST_013631,0.9989328,1,1,High Risk,Germany,Europe,Real Estate,Startup,Professional,Monthly,78.08,2.0,55.4,16.4,29.0,26,212,13,1453.29,1105.69
CUST_008127,0.9989328,1,1,High Risk,UK,Europe,Manufacturing,Mid-Market,Business,Multi-Year,955.38,9.0,57.0,11.1,-13.0,2,40,21,34975.37,28680.21
CUST_005887,0.99893266,1,1,High Risk,Canada,North America,Finance,Startup,Professional,Annual,79.05,4.0,59.0,23.0,-4.0,2,40,15,2468.36,1907.25
CUST_018135,0.99893206,1,1,High Risk,Other,MEA,Retail,Startup,Professional,Annual,99.09,7.0,50.8,14.8,-33.0,6,164,13,1980.93,1492.84
CUST_006425,0.9989317,1,1,High Risk,UK,Europe,Retail,Small Business,Basic,Monthly,45.0,8.0,36.3,10.7,-54.0,24,249,14,880.43,541.69
CUST_000404,0.9989312,1,1,High Risk,Australia,APAC,Education,Small Business,Business,Monthly,432.39,3.0,57.9,14.9,4.0,18,377,17,11200.23,9520.19
CUST_008722,0.9989299,1,1,High Risk,Australia,APAC,Manufacturing,Startup,Basic,Monthly,36.86,4.0,48.8,12.2,12.0,22,438,16,895.25,528.17
CUST_009151,0.99892837,1,1,High Risk,India,APAC,Technology,Small Business,Basic,Monthly,61.11,5.0,73.1,24.9,2.0,13,154,16,1577.12,1121.11
CUST_010664,0.9989281,1,1,High Risk,USA,North America,Retail,Small Business,Business,Annual,319.94,2.0,28.7,6.7,10.0,10,289,14,6184.78,5046.15
CUST_004001,0.99892706,1,1,High Risk,USA,North America,Real Estate,Small Business,Business,Monthly,411.79,4.0,52.2,13.1,-0.0,5,94,17,11943.84,9913.54
CUST_001677,0.99892694,1,1,High Risk,Canada,North America,Real Estate,Small Business,Professional,Annual,169.28,0.0,58.3,17.7,-8.0,16,432,11,2968.94,2394.39
CUST_018627,0.99892646,1,1,High Risk,USA,North America,Education,Startup,Basic,Monthly,25.78,1.0,38.9,12.1,7.0,22,491,13,458.59,217.97
CUST_000990,0.99892634,1,1,High Risk,Australia,APAC,Education,Small Business,Basic,Annual,43.15,3.0,47.6,22.0,23.0,5,134,18,1203.46,728.6
CUST_007904,0.9989261,1,1,High Risk,Canada,North America,Manufacturing,Startup,Professional,Monthly,95.91,5.0,44.1,10.5,10.0,30,903,20,2185.55,1568.56
CUST_008557,0.9989254,1,1,High Risk,USA,North America,Healthcare,Small Business,Business,Annual,504.7,3.0,68.2,18.2,31.0,10,277,15,12046.27,10127.24
CUST_015127,0.99892503,1,1,High Risk,Australia,APAC,Technology,Small Business,Basic,Monthly,60.44,6.0,43.1,8.2,-27.0,14,381,13,1347.85,926.49
CUST_016880,0.9989229,1,1,High Risk,Germany,Europe,Technology,Startup,Basic,Monthly,31.35,7.0,60.2,19.7,6.0,13,127,20,1017.23,623.38
CUST_011234,0.9989215,1,1,High Risk,India,APAC,Technology,Startup,Basic,Monthly,28.12,3.0,15.5,12.6,12.0,23,532,17,630.01,332.72
CUST_010046,0.9989202,1,1,High Risk,USA,North America,Healthcare,Startup,Basic,Monthly,31.34,3.0,46.9,12.5,19.0,21,250,15,777.1,478.29
CUST_015738,0.99891996,1,1,High Risk,Canada,North America,Healthcare,Startup,Basic,Monthly,25.93,0.0,56.0,15.0,24.0,18,252,12,469.94,227.22
CUST_010114,0.99891937,1,1,High Risk,USA,North America,Finance,Small Business,Professional,Annual,128.68,8.0,49.7,11.8,-19.0,27,751,16,2758.77,2136.76
CUST_006025,0.9989184,1,1,High Risk,USA,North America,Technology,Startup,Basic,Monthly,30.44,3.0,44.2,9.8,-6.0,20,493,15,601.16,319.17
CUST_003802,0.9989183,1,1,High Risk,UK,Europe,Retail,Startup,Basic,Annual,30.31,5.0,52.8,11.2,-3.0,5,80,16,880.17,583.03
CUST_004883,0.9989182,1,1,High Risk,USA,North America,Retail,Startup,Business,Annual,319.19,2.0,58.2,13.5,9.0,24,187,16,6830.83,5582.51
CUST_003281,0.9989171,1,1,High Risk,Australia,APAC,Education,Startup,Professional,Monthly,71.75,4.0,56.0,16.2,-11.0,23,562,17,1647.71,1178.96
CUST_011965,0.9989166,1,1,High Risk,USA,North America,Education,Small Business,Professional,Annual,155.0,6.0,42.6,11.3,-8.0,14,277,16,3900.68,3062.72
CUST_003882,0.9989157,1,1,High Risk,USA,North America,Healthcare,Small Business,Professional,Monthly,172.98,3.0,19.9,13.5,3.0,1,26,16,5386.01,4319.67
CUST_012036,0.99891543,1,1,High Risk,Germany,Europe,Healthcare,Startup,Basic,Annual,23.06,3.0,39.9,14.9,2.0,21,222,22,770.67,335.76
CUST_001402,0.9989152,1,1,High Risk,Germany,Europe,Technology,Startup,Basic,Monthly,35.83,9.0,21.2,10.8,-21.0,31,191,15,758.07,440.93
CUST_018230,0.998914,1,1,High Risk,Canada,North America,Manufacturing,Startup,Professional,Monthly,73.57,10.0,29.6,5.9,-20.0,23,286,13,1262.75,883.51
CUST_019006,0.9989135,1,1,High Risk,Canada,North America,Technology,Startup,Professional,Monthly,97.85,2.0,36.8,19.4,8.0,7,169,15,2745.85,2151.3
CUST_015425,0.9989135,1,1,High Risk,USA,North America,Retail,Small Business,Professional,Annual,193.41,0.0,67.8,18.8,11.0,11,134,19,6032.96,4855.5
CUST_009408,0.99891293,1,1,High Risk,Australia,APAC,Healthcare,Startup,Basic,Monthly,31.02,8.0,41.4,12.4,-6.0,23,434,15,657.34,367.11
CUST_011383,0.9989126,1,1,High Risk,USA,North America,Retail,Startup,Professional,Annual,91.08,8.0,49.7,13.7,10.0,8,227,10,1418.0,1092.39
CUST_017631,0.99891233,1,1,High Risk,USA,North America,Retail,Mid-Market,Enterprise,Annual,3472.42,3.0,63.4,19.2,-31.0,13,182,14,68985.78,57019.9
CUST_009622,0.9989108,1,1,High Risk,UK,Europe,Manufacturing,Startup,Basic,Annual,33.8,2.0,48.6,11.7,3.0,16,197,14,684.72,365.45
CUST_012607,0.9989103,1,1,High Risk,UK,Europe,Retail,Startup,Basic,Monthly,38.37,5.0,13.1,5.1,-49.0,3,29,18,1382.61,872.44
CUST_002793,0.9989103,1,1,High Risk,Canada,North America,Technology,Startup,Professional,Monthly,92.23,6.0,42.1,13.4,20.0,20,536,15,1628.26,1219.79
CUST_002564,0.9989095,1,1,High Risk,India,APAC,Healthcare,Small Business,Professional,Monthly,137.85,5.0,52.5,13.9,16.0,16,439,15,3381.57,2739.28
CUST_013648,0.9989095,1,1,High Risk,UK,Europe,Healthcare,Mid-Market,Basic,Monthly,104.08,1.0,69.7,26.7,-20.0,12,267,17,2479.73,1977.78
CUST_000029,0.9989089,1,1,High Risk,USA,North America,Finance,Startup,Professional,Annual,85.83,3.0,70.6,22.6,11.0,30,468,23,2414.68,1749.04
CUST_010341,0.99890864,1,1,High Risk,Germany,Europe,Retail,Mid-Market,Enterprise,Annual,3254.9,5.0,62.2,15.1,48.0,11,164,17,80918.31,67967.84
CUST_011555,0.99890506,1,1,High Risk,Australia,APAC,Education,Small Business,Professional,Annual,138.4,4.0,37.3,10.6,-3.0,11,291,10,2067.01,1639.78
CUST_015945,0.99890304,1,1,High Risk,UK,Europe,Technology,Startup,Basic,Monthly,30.37,4.0,41.8,6.9,-9.0,12,222,14,661.71,428.62
CUST_017193,0.9989011,1,1,High Risk,USA,North America,Technology,Startup,Professional,Annual,86.35,3.0,43.7,10.4,-3.0,14,121,17,2231.44,1671.16
CUST_007827,0.99889755,1,1,High Risk,USA,North America,Technology,Startup,Professional,Annual,94.38,5.0,49.4,10.2,17.0,18,330,10,1330.17,944.53
CUST_014923,0.99889624,1,1,High Risk,Canada,North America,Retail,Startup,Basic,Annual,26.07,4.0,46.1,16.8,-2.0,12,82,20,819.26,445.62
CUST_008631,0.99889576,1,1,High Risk,USA,North America,Manufacturing,Small Business,Basic,Annual,41.66,6.0,59.7,20.1,-15.0,22,252,19,1107.98,768.22
CUST_013873,0.9988943,1,1,High Risk,Germany,Europe,Retail,Small Business,Basic,Annual,49.0,6.0,57.1,17.7,26.0,3,47,14,1333.08,942.05
CUST_015724,0.99889344,1,1,High Risk,USA,North America,Real Estate,Startup,Professional,Monthly,120.14,6.0,32.7,10.8,18.0,2,30,21,5269.0,4185.76
CUST_016993,0.99889284,1,1,High Risk,Germany,Europe,Manufacturing,Startup,Professional,Monthly,75.74,5.0,47.3,14.0,-14.0,28,311,19,2127.95,1614.16
CUST_013194,0.9988926,1,1,High Risk,Canada,North America,Retail,Startup,Basic,Annual,29.25,5.0,41.7,21.0,-28.0,11,190,14,605.88,375.95
CUST_000670,0.9988914,1,1,High Risk,USA,North America,Retail,Startup,Basic,Annual,34.98,12.0,47.1,16.9,-47.0,24,624,14,572.64,314.45
CUST_011378,0.9988906,1,1,High Risk,USA,North America,Technology,Startup,Basic,Annual,44.08,7.0,31.7,5.6,-11.0,22,289,15,902.45,594.93
CUST_002292,0.99889034,1,1,High Risk,Germany,Europe,Manufacturing,Small Business,Basic,Annual,46.11,10.0,36.9,12.6,-51.0,22,535,15,838.13,536.11
CUST_009450,0.99889,1,1,High Risk,Australia,APAC,Manufacturing,Small Business,Professional,Annual,117.76,1.0,56.2,15.1,33.0,14,194,13,2698.95,2157.96
CUST_017856,0.9988896,1,1,High Risk,India,APAC,Manufacturing,Startup,Basic,Annual,36.34,6.0,47.6,13.4,-22.0,11,88,20,1094.36,693.75
CUST_000983,0.9988883,1,1,High Risk,India,APAC,Finance,Mid-Market,Enterprise,Multi-Year,4560.5,7.0,32.0,4.8,-18.0,29,447,15,82149.8,69795.92
CUST_001994,0.99888784,1,1,High Risk,USA,North America,Healthcare,Startup,Basic,Monthly,27.83,4.0,35.4,6.6,-10.0,6,172,13,642.74,394.68
CUST_001411,0.99888736,1,1,High Risk,USA,North America,Technology,Startup,Basic,Annual,32.48,6.0,30.0,2.4,-21.0,27,796,17,670.19,337.89
CUST_002549,0.99888676,1,1,High Risk,USA,North America,Finance,Small Business,Professional,Multi-Year,195.31,5.0,58.0,14.1,-16.0,29,501,14,3110.32,2433.68
CUST_014316,0.99888486,1,1,High Risk,USA,North America,Finance,Startup,Basic,Annual,21.75,6.0,32.9,9.1,-3.0,26,672,18,522.83,209.78
CUST_011983,0.99888355,1,1,High Risk,USA,North America,Retail,Small Business,Professional,Annual,174.63,6.0,49.8,15.3,-12.0,27,571,12,2494.96,1985.89
CUST_008259,0.9988833,1,1,High Risk,USA,North America,Retail,Startup,Basic,Monthly,27.21,7.0,52.3,12.6,35.0,5,87,17,855.46,478.15
CUST_008334,0.9988827,1,1,High Risk,USA,North America,Real Estate,Startup,Basic,Monthly,32.05,7.0,68.8,17.3,8.0,5,134,16,986.79,618.29
CUST_011149,0.9988825,1,1,High Risk,USA,North America,Manufacturing,Startup,Professional,Multi-Year,88.23,3.0,41.3,13.5,15.0,4,85,18,2541.89,1857.35
CUST_010984,0.9988825,1,1,High Risk,UK,Europe,Technology,Startup,Professional,Annual,97.71,6.0,58.9,26.0,22.0,19,367,20,3053.02,2235.28
CUST_006007,0.99888235,1,1,High Risk,UK,Europe,Education,Small Business,Professional,Monthly,137.7,3.0,45.7,16.9,-27.0,29,747,18,3242.8,2548.3
CUST_013564,0.9988819,1,1,High Risk,Australia,APAC,Technology,Small Business,Professional,Monthly,147.13,3.0,68.2,21.5,29.0,16,292,16,3709.22,2955.95
CUST_012690,0.9988815,1,1,High Risk,Australia,APAC,Education,Small Business,Business,Monthly,568.04,2.0,64.4,14.4,43.0,10,256,15,13642.99,11457.85
CUST_016003,0.99888104,1,1,High Risk,Australia,APAC,Education,Startup,Professional,Monthly,58.44,4.0,52.0,15.1,-8.0,32,864,15,1012.05,668.31
CUST_003772,0.9988796,1,1,High Risk,USA,North America,Retail,Small Business,Professional,Annual,199.04,1.0,45.4,13.4,12.0,17,168,18,5234.23,4225.97
CUST_013580,0.9988794,1,1,High Risk,Canada,North America,Other,Startup,Basic,Monthly,33.71,0.0,38.3,13.2,39.0,25,185,17,774.71,402.02
CUST_006026,0.99887925,1,1,High Risk,India,APAC,Retail,Startup,Business,Annual,256.91,7.0,29.0,5.3,-19.0,3,33,21,11296.62,9347.01
CUST_008572,0.9988789,1,1,High Risk,Australia,APAC,Retail,Small Business,Professional,Annual,153.85,4.0,56.1,11.3,-16.0,19,493,11,2127.82,1690.21
CUST_019752,0.99887866,1,1,High Risk,Germany,Europe,Technology,Small Business,Professional,Annual,184.72,4.0,63.1,23.0,2.0,30,545,17,3316.39,2498.34
CUST_000892,0.9988783,1,1,High Risk,UK,Europe,Healthcare,Startup,Basic,Annual,24.64,3.0,35.6,6.8,-3.0,4,51,17,789.18,424.57
CUST_007606,0.9988782,1,1,High Risk,Germany,Europe,Healthcare,Small Business,Basic,Monthly,71.68,5.0,19.3,4.9,-23.0,23,483,17,1765.85,1325.59
CUST_001656,0.99887806,1,1,High Risk,USA,North America,Real Estate,Small Business,Business,Annual,367.61,10.0,44.0,12.0,-36.0,11,71,19,10549.05,8808.77
CUST_001477,0.99887794,1,1,High Risk,USA,North America,Finance,Startup,Enterprise,Monthly,877.9,6.0,19.5,0.0,-24.0,6,79,23,35836.42,30599.9
CUST_016692,0.9988765,1,1,High Risk,USA,North America,Manufacturing,Mid-Market,Professional,Monthly,395.54,5.0,69.2,14.0,-3.0,5,107,15,10761.65,8959.86
CUST_002266,0.9988765,1,1,High Risk,UK,Europe,Real Estate,Small Business,Professional,Monthly,151.43,6.0,49.4,22.1,-5.0,10,218,13,3203.15,2584.75
CUST_002566,0.9988763,1,1,High Risk,USA,North America,Manufacturing,Startup,Professional,Monthly,107.58,2.0,75.4,22.2,-33.0,21,453,12,1752.66,1394.85
CUST_013061,0.99887615,1,1,High Risk,India,APAC,Real Estate,Small Business,Basic,Annual,41.42,6.0,33.5,9.7,-26.0,19,408,12,707.26,400.09
CUST_005503,0.99887604,1,1,High Risk,Canada,North America,Manufacturing,Startup,Basic,Monthly,24.92,4.0,31.5,9.0,4.0,13,350,13,512.93,237.4
CUST_013688,0.998874,1,1,High Risk,USA,North America,Real Estate,Mid-Market,Business,Monthly,831.64,2.0,60.8,12.2,60.0,19,408,19,23459.38,19655.68
CUST_010502,0.9988734,1,1,High Risk,UK,Europe,Education,Startup,Professional,Annual,89.7,4.0,58.7,18.0,-19.0,7,172,13,1600.04,1135.56
CUST_000097,0.9988734,1,1,High Risk,UK,Europe,Technology,Small Business,Professional,Monthly,135.06,1.0,29.8,6.2,3.0,15,333,14,3227.7,2545.59
CUST_016142,0.99887294,1,1,High Risk,Australia,APAC,Healthcare,Small Business,Basic,Annual,59.85,7.0,27.9,11.9,-21.0,3,72,17,1957.21,1448.48
CUST_008463,0.99887186,1,1,High Risk,Other,MEA,Education,Startup,Basic,Monthly,26.53,4.0,58.3,14.7,41.0,5,82,15,718.31,440.02
CUST_007611,0.9988716,1,1,High Risk,USA,North America,Other,Mid-Market,Business,Monthly,1078.07,2.0,44.2,16.0,-6.0,24,377,16,26450.64,22494.84
CUST_010366,0.9988714,1,1,High Risk,USA,North America,Technology,Startup,Basic,Monthly,35.07,2.0,49.4,14.8,3.0,5,57,21,1317.9,865.38
CUST_009884,0.9988703,1,1,High Risk,Other,LATAM,Technology,Startup,Basic,Monthly,26.38,5.0,35.6,15.2,5.0,30,467,16,519.94,275.86
CUST_009832,0.9988695,1,1,High Risk,UK,Europe,Education,Startup,Professional,Monthly,88.47,11.0,25.3,6.6,-31.0,24,398,17,1943.95,1421.9
CUST_006033,0.998869,1,1,High Risk,USA,North America,Other,Startup,Professional,Annual,75.76,1.0,42.2,11.2,8.0,21,333,18,1764.48,1236.62
CUST_007260,0.998868,1,1,High Risk,Germany,Europe,Real Estate,Small Business,Business,Monthly,449.43,3.0,63.2,20.7,20.0,21,472,13,8689.69,7334.72
CUST_012052,0.998868,1,1,High Risk,Other,MEA,Healthcare,Small Business,Basic,Annual,58.8,4.0,59.3,19.8,7.0,9,196,14,1298.27,910.61
CUST_019762,0.9988651,1,1,High Risk,USA,North America,Technology,Startup,Basic,Annual,22.41,4.0,50.1,8.7,32.0,3,72,19,734.55,333.94
CUST_017478,0.9988642,1,1,High Risk,UK,Europe,Education,Small Business,Professional,Annual,174.24,2.0,45.5,14.6,34.0,8,75,16,4801.08,3829.42
CUST_006535,0.9988601,1,1,High Risk,USA,North America,Real Estate,Startup,Professional,Monthly,96.94,4.0,48.9,8.9,-1.0,21,327,15,2237.56,1676.71
CUST_016649,0.99886,1,1,High Risk,USA,North America,Healthcare,Startup,Professional,Annual,99.98,3.0,57.3,20.8,29.0,18,353,14,2180.06,1672.09
CUST_011532,0.99885964,1,1,High Risk,USA,North America,Finance,Startup,Basic,Annual,19.85,4.0,51.7,16.1,-1.0,3,61,15,575.81,313.6
CUST_000346,0.9988543,1,1,High Risk,Australia,APAC,Other,Small Business,Basic,Monthly,56.87,1.0,45.0,8.2,21.0,9,189,15,1340.86,901.32
CUST_000601,0.99885416,1,1,High Risk,Germany,Europe,Healthcare,Startup,Professional,Annual,72.88,7.0,65.2,19.7,-8.0,20,441,14,1368.63,989.9
CUST_018488,0.9988519,1,1,High Risk,UK,Europe,Finance,Small Business,Professional,Monthly,151.48,8.0,53.1,19.2,-1.0,6,112,14,3964.98,3207.68
CUST_005784,0.99885106,1,1,High Risk,Australia,APAC,Technology,Startup,Professional,Annual,86.63,3.0,46.1,15.5,5.0,33,888,19,1780.77,1226.49
CUST_007274,0.9988506,1,1,High Risk,Australia,APAC,Manufacturing,Startup,Basic,Annual,31.23,6.0,52.7,11.5,2.0,15,152,15,760.3,429.12
CUST_014691,0.99885,1,1,High Risk,USA,North America,Technology,Startup,Professional,Monthly,99.66,3.0,68.7,18.6,16.0,23,425,15,2076.13,1607.56
CUST_017785,0.9988495,1,1,High Risk,India,APAC,Real Estate,Startup,Basic,Annual,28.8,6.0,61.8,16.5,20.0,19,120,19,827.89,432.38
CUST_014587,0.99884915,1,1,High Risk,USA,North America,Technology,Startup,Business,Annual,304.67,3.0,48.5,18.1,-17.0,23,627,18,6479.42,5267.76
CUST_003596,0.99884915,1,1,High Risk,Germany,Europe,Healthcare,Startup,Professional,Monthly,121.43,3.0,56.9,24.2,10.0,21,363,17,2534.38,1884.69
CUST_015137,0.99884844,1,1,High Risk,USA,North America,Manufacturing,Startup,Professional,Annual,91.68,4.0,25.6,6.4,-57.0,20,197,12,1725.94,1304.32
CUST_014287,0.99884546,1,1,High Risk,USA,North America,Finance,Startup,Basic,Monthly,39.63,8.0,32.2,10.3,-30.0,4,38,18,1337.15,899.72
CUST_012501,0.9988424,1,1,High Risk,Australia,APAC,Education,Startup,Basic,Monthly,30.48,3.0,56.0,9.8,3.0,33,590,17,628.83,290.6
CUST_017943,0.9988381,1,1,High Risk,USA,North America,Education,Startup,Professional,Monthly,76.19,2.0,42.2,13.5,7.0,11,293,12,1352.76,1009.86
CUST_008135,0.99883705,1,1,High Risk,USA,North America,Technology,Startup,Basic,Monthly,36.31,5.0,31.9,8.7,-2.0,29,595,12,578.65,361.83
CUST_002628,0.99883646,1,1,High Risk,UK,Europe,Other,Small Business,Professional,Monthly,129.02,7.0,33.7,5.6,-2.0,13,125,17,3554.52,2873.7
CUST_000870,0.998836,1,1,High Risk,Australia,APAC,Real Estate,Small Business,Business,Annual,404.79,3.0,73.5,17.0,35.0,17,159,14,9310.92,7565.38
CUST_011316,0.9988354,1,1,High Risk,USA,North America,Manufacturing,Small Business,Business,Monthly,511.3,4.0,40.2,15.5,33.0,10,148,19,16432.96,13744.63
CUST_013452,0.9988341,1,1,High Risk,UK,Europe,Finance,Startup,Professional,Multi-Year,80.97,3.0,52.4,18.6,2.0,3,41,17,2413.49,1837.51
CUST_003011,0.998833,1,1,High Risk,USA,North America,Retail,Small Business,Business,Monthly,556.4,2.0,62.7,9.7,32.0,19,447,15,12455.5,10494.92
CUST_001716,0.9988306,1,1,High Risk,USA,North America,Technology,Startup,Basic,Monthly,23.2,8.0,8.0,3.6,11.0,30,501,17,495.84,161.53
CUST_015031,0.9988305,1,1,High Risk,Canada,North America,Education,Startup,Business,Monthly,236.21,5.0,47.4,16.5,20.0,2,37,15,7641.42,6335.66
CUST_008736,0.9988293,1,1,High Risk,India,APAC,Education,Small Business,Business,Monthly,395.48,0.0,46.5,10.2,4.0,16,250,16,10317.4,8649.01
CUST_007421,0.99882907,1,1,High Risk,Other,LATAM,Retail,Small Business,Professional,Annual,166.39,5.0,35.7,6.3,11.0,8,75,21,5771.27,4603.54
CUST_006145,0.9988287,1,1,High Risk,Other,LATAM,Finance,Startup,Basic,Annual,29.16,3.0,60.3,16.1,-7.0,24,718,20,769.89,405.58
CUST_003124,0.9988286,1,1,High Risk,USA,North America,Finance,Startup,Professional,Monthly,67.21,4.0,45.3,19.6,-4.0,7,125,11,1352.25,1034.32
CUST_015317,0.99882704,1,1,High Risk,USA,North America,Finance,Startup,Basic,Monthly,26.52,5.0,35.3,9.5,12.0,21,390,18,735.81,388.13
CUST_002483,0.9988267,1,1,High Risk,USA,North America,Finance,Startup,Professional,Monthly,91.6,7.0,28.9,3.4,-32.0,25,427,17,2107.33,1539.43
CUST_009857,0.99882513,1,1,High Risk,UK,Europe,Healthcare,Startup,Professional,Annual,86.0,7.0,62.3,17.4,-9.0,11,161,13,1828.14,1349.66
CUST_014131,0.9988248,1,1,High Risk,Other,MEA,Retail,Small Business,Professional,Monthly,137.77,1.0,57.4,17.0,-5.0,15,100,19,4575.37,3681.65
CUST_009837,0.9988243,1,1,High Risk,Germany,Europe,Education,Startup,Professional,Monthly,132.03,5.0,35.1,10.3,-30.0,21,213,14,2961.36,2391.0
CUST_016044,0.99882346,1,1,High Risk,Australia,APAC,Finance,Startup,Basic,Monthly,24.22,3.0,42.4,14.6,6.0,17,231,20,719.92,320.2
CUST_018050,0.9988232,1,1,High Risk,USA,North America,Healthcare,Small Business,Business,Annual,410.8,4.0,83.8,28.0,31.0,25,551,16,8021.04,6535.17
CUST_010048,0.9988225,1,1,High Risk,Australia,APAC,Manufacturing,Small Business,Business,Annual,408.92,4.0,55.8,20.9,27.0,6,132,16,10795.09,9011.78
CUST_007828,0.99882203,1,1,High Risk,India,APAC,Manufacturing,Startup,Basic,Annual,32.85,8.0,35.8,8.3,-1.0,11,143,14,683.81,388.87
CUST_009257,0.9988219,1,1,High Risk,USA,North America,Manufacturing,Mid-Market,Business,Annual,1056.84,8.0,46.1,19.2,-22.0,24,211,17,23735.05,19907.22
CUST_008604,0.99881905,1,1,High Risk,USA,North America,Retail,Mid-Market,Basic,Monthly,98.75,3.0,38.0,12.6,11.0,14,410,13,2125.83,1681.26
CUST_007330,0.99881846,1,1,High Risk,Australia,APAC,Real Estate,Startup,Professional,Monthly,82.56,5.0,51.1,14.8,3.0,22,481,14,1637.17,1212.31
CUST_002049,0.99881697,1,1,High Risk,India,APAC,Other,Startup,Basic,Monthly,30.07,4.0,44.1,12.4,1.0,28,394,18,719.16,409.78
CUST_004712,0.99881625,1,1,High Risk,USA,North America,Technology,Small Business,Business,Monthly,376.18,4.0,61.4,13.5,18.0,20,378,18,11036.14,9208.82
CUST_010524,0.99881554,1,1,High Risk,USA,North America,Manufacturing,Small Business,Professional,Multi-Year,178.98,8.0,57.0,24.3,-42.0,15,394,19,5288.71,4171.36
CUST_009252,0.99881315,1,1,High Risk,Australia,APAC,Healthcare,Startup,Basic,Monthly,31.18,7.0,34.4,7.5,7.0,21,471,14,643.78,350.15
CUST_002731,0.9988122,1,1,High Risk,Canada,North America,Finance,Startup,Basic,Annual,33.97,4.0,42.4,10.9,-2.0,14,183,17,1003.38,619.5
CUST_005839,0.998811,1,1,High Risk,USA,North America,Manufacturing,Startup,Professional,Annual,99.67,2.0,50.8,18.5,36.0,9,226,12,2029.37,1489.08
CUST_008327,0.99881065,1,1,High Risk,UK,Europe,Education,Startup,Professional,Monthly,92.88,8.0,13.9,0.0,-27.0,3,32,19,3798.53,2998.08
CUST_009798,0.9988103,1,1,High Risk,USA,North America,Retail,Small Business,Basic,Multi-Year,32.02,5.0,45.9,19.5,-5.0,15,312,20,972.28,556.44
CUST_013529,0.99880755,1,1,High Risk,USA,North America,Education,Mid-Market,Business,Annual,761.76,5.0,65.0,17.3,25.0,28,672,13,12558.45,10533.07
CUST_006429,0.9988071,1,1,High Risk,Australia,APAC,Technology,Small Business,Professional,Multi-Year,106.37,7.0,45.8,16.0,-13.0,10,180,18,2623.09,1945.99
CUST_004815,0.99880683,1,1,High Risk,Other,LATAM,Manufacturing,Mid-Market,Basic,Multi-Year,138.85,3.0,59.1,21.0,12.0,2,41,18,4400.65,3540.77
CUST_004491,0.9988067,1,1,High Risk,USA,North America,Technology,Startup,Basic,Annual,31.66,2.0,47.9,17.0,16.0,8,196,12,551.64,309.12
CUST_016042,0.99880505,1,1,High Risk,UK,Europe,Real Estate,Startup,Basic,Annual,33.22,9.0,32.4,11.2,-13.0,31,217,18,807.05,502.51
CUST_017349,0.99880457,1,1,High Risk,Germany,Europe,Retail,Small Business,Basic,Annual,54.16,3.0,63.2,15.8,25.0,26,259,12,831.5,550.64
CUST_000741,0.9988035,1,1,High Risk,Australia,APAC,Technology,Small Business,Basic,Annual,50.0,2.0,50.2,12.7,6.0,19,196,16,1218.95,854.25
CUST_000586,0.9988034,1,1,High Risk,India,APAC,Manufacturing,Startup,Basic,Monthly,29.52,8.0,45.3,17.3,-21.0,28,753,15,528.74,142.01
CUST_004426,0.998803,1,1,High Risk,UK,Europe,Retail,Startup,Professional,Annual,84.18,5.0,56.0,18.0,0.0,21,369,20,2431.69,1834.03
CUST_013514,0.9988024,1,1,High Risk,USA,North America,Retail,Startup,Professional,Multi-Year,94.04,4.0,36.1,8.8,-26.0,30,728,13,1321.78,927.5
CUST_012631,0.9988022,1,1,High Risk,USA,North America,Real Estate,Startup,Basic,Monthly,42.76,3.0,43.8,13.2,-21.0,32,752,17,930.27,576.98
CUST_010021,0.9988017,1,1,High Risk,USA,North America,Manufacturing,Small Business,Professional,Annual,136.64,5.0,37.4,2.9,-23.0,32,937,15,2335.23,1769.24
CUST_002499,0.9988016,1,1,High Risk,India,APAC,Retail,Startup,Basic,Monthly,24.41,5.0,55.9,19.0,-2.0,16,388,16,671.7,355.01
CUST_007524,0.99880135,1,1,High Risk,India,APAC,Real Estate,Startup,Basic,Annual,35.23,3.0,42.3,6.5,10.0,17,430,16,813.16,480.76
CUST_010059,0.99880123,1,1,High Risk,Germany,Europe,Finance,Mid-Market,Business,Monthly,1395.02,3.0,56.0,17.8,-1.0,18,215,18,38411.83,32578.63
CUST_005734,0.9988005,1,1,High Risk,Germany,Europe,Other,Startup,Basic,Annual,30.64,4.0,39.5,9.4,0.0,8,166,15,749.41,467.34
CUST_011659,0.99879956,1,1,High Risk,Germany,Europe,Finance,Startup,Basic,Monthly,27.4,2.0,67.6,23.1,13.0,19,443,13,564.88,316.96
CUST_017361,0.9987993,1,1,High Risk,India,APAC,Technology,Startup,Basic,Annual,25.72,6.0,43.5,7.2,26.0,22,251,11,438.97,278.26
CUST_015511,0.99879813,1,1,High Risk,UK,Europe,Finance,Small Business,Business,Annual,471.71,2.0,71.7,21.1,5.0,6,86,19,15723.12,13107.45
CUST_000721,0.9987974,1,1,High Risk,USA,North America,Retail,Startup,Professional,Monthly,97.27,6.0,47.2,22.8,15.0,23,441,13,1633.79,1238.79
CUST_015529,0.9987972,1,1,High Risk,USA,North America,Retail,Startup,Basic,Monthly,24.72,0.0,42.1,8.7,-32.0,12,159,16,656.55,400.19
CUST_005624,0.9987968,1,1,High Risk,USA,North America,Finance,Startup,Basic,Monthly,24.89,2.0,41.9,12.3,0.0,30,712,14,416.77,164.96
CUST_008893,0.9987961,1,1,High Risk,Other,MEA,Technology,Small Business,Professional,Annual,151.73,3.0,57.6,16.3,44.0,13,323,11,2402.98,1892.59
CUST_007129,0.99879515,1,1,High Risk,USA,North America,Real Estate,Small Business,Professional,Monthly,208.18,3.0,59.5,22.2,16.0,2,35,16,7188.15,5901.22
CUST_003807,0.99879515,1,1,High Risk,Germany,Europe,Technology,Startup,Basic,Annual,29.06,3.0,52.1,15.9,17.0,17,502,12,450.61,190.53
CUST_004817,0.9987941,1,1,High Risk,USA,North America,Technology,Startup,Basic,Monthly,22.07,6.0,43.2,9.2,12.0,5,72,16,678.02,382.25
CUST_014638,0.9987937,1,1,High Risk,USA,North America,Education,Startup,Business,Monthly,175.47,3.0,33.5,13.3,16.0,7,145,14,3820.45,2945.06
CUST_000995,0.9987937,1,1,High Risk,UK,Europe,Healthcare,Startup,Basic,Monthly,32.04,0.0,36.4,8.5,-7.0,28,489,16,699.06,424.02
CUST_015898,0.99879336,1,1,High Risk,Canada,North America,Education,Startup,Basic,Annual,48.2,2.0,12.5,6.5,-5.0,31,299,21,1306.98,871.0
CUST_004294,0.998793,1,1,High Risk,Germany,Europe,Finance,Startup,Professional,Annual,86.34,3.0,49.6,19.1,7.0,16,229,17,2161.65,1581.8
CUST_018664,0.99879164,1,1,High Risk,Other,LATAM,Manufacturing,Startup,Basic,Monthly,23.6,0.0,41.7,14.4,28.0,26,675,13,369.52,172.95
CUST_009712,0.9987915,1,1,High Risk,USA,North America,Technology,Mid-Market,Business,Multi-Year,908.31,4.0,52.6,8.4,31.0,20,450,18,21191.67,17448.17
CUST_002779,0.9987909,1,1,High Risk,USA,North America,Healthcare,Mid-Market,Business,Annual,1033.51,5.0,42.5,11.3,-15.0,22,477,19,23005.04,18870.48
CUST_005989,0.99879044,1,1,High Risk,Other,MEA,Retail,Startup,Professional,Monthly,96.22,9.0,56.6,14.7,-27.0,5,115,13,2298.54,1803.28
CUST_017080,0.99879044,1,1,High Risk,Canada,North America,Finance,Startup,Basic,Monthly,26.48,8.0,30.6,9.5,-6.0,14,379,14,659.21,371.25
CUST_017722,0.998789,1,1,High Risk,Australia,APAC,Technology,Startup,Basic,Monthly,28.46,4.0,62.7,15.0,-10.0,23,239,13,519.98,299.38
CUST_011554,0.9987883,1,1,High Risk,Other,MEA,Other,Small Business,Business,Monthly,469.63,7.0,57.2,18.3,-34.0,10,80,21,17346.32,14643.55
CUST_019705,0.99878794,1,1,High Risk,USA,North America,Technology,Startup,Professional,Monthly,100.42,8.0,48.3,16.6,22.0,15,288,15,2440.66,1901.64
CUST_000287,0.9987877,1,1,High Risk,UK,Europe,Retail,Startup,Basic,Annual,28.99,7.0,43.9,19.4,24.0,12,321,11,424.71,186.26
CUST_006511,0.9987876,1,1,High Risk,USA,North America,Retail,Small Business,Professional,Annual,153.0,3.0,53.0,15.9,-0.0,5,127,13,3226.0,2547.34
CUST_017205,0.99878734,1,1,High Risk,USA,North America,Healthcare,Mid-Market,Business,Multi-Year,1512.98,2.0,51.2,17.0,43.0,12,200,12,23295.95,19034.54
CUST_011779,0.99878496,1,1,High Risk,Australia,APAC,Technology,Small Business,Basic,Annual,46.08,0.0,88.0,31.0,2.0,8,147,14,1095.42,709.5
CUST_006578,0.998784,1,1,High Risk,USA,North America,Technology,Mid-Market,Business,Multi-Year,867.76,6.0,42.0,13.2,-19.0,17,296,12,11838.95,9430.11
CUST_012928,0.9987827,1,1,High Risk,Australia,APAC,Real Estate,Small Business,Business,Annual,343.66,5.0,70.6,19.9,16.0,9,91,17,10017.07,8363.31
CUST_005332,0.99878246,1,1,High Risk,USA,North America,Manufacturing,Startup,Professional,Monthly,80.57,3.0,24.3,1.6,15.0,28,205,15,1850.21,1349.43
CUST_013058,0.9987821,1,1,High Risk,UK,Europe,Real Estate,Startup,Professional,Monthly,124.22,3.0,27.5,8.0,-8.0,5,63,15,3437.48,2669.57
CUST_009165,0.9987802,1,1,High Risk,USA,North America,Finance,Startup,Basic,Monthly,33.05,6.0,43.5,16.2,9.0,5,61,18,1065.2,633.81
CUST_015902,0.9987785,1,1,High Risk,USA,North America,Technology,Small Business,Business,Annual,378.71,4.0,75.0,16.7,26.0,20,477,17,8763.0,7231.23
CUST_009195,0.9987765,1,1,High Risk,Germany,Europe,Healthcare,Startup,Basic,Monthly,23.24,4.0,39.7,9.5,7.0,28,573,16,494.77,175.13
CUST_010065,0.998776,1,1,High Risk,India,APAC,Technology,Startup,Basic,Annual,26.23,0.0,63.7,24.4,7.0,9,94,16,701.53,424.82
CUST_019308,0.9987741,1,1,High Risk,USA,North America,Healthcare,Startup,Professional,Annual,107.13,7.0,43.5,7.9,8.0,3,35,17,3444.68,2717.58
CUST_009650,0.9987739,1,1,High Risk,USA,North America,Manufacturing,Small Business,Business,Annual,572.99,2.0,59.0,20.8,45.0,19,206,14,11114.74,9234.96
CUST_006917,0.99877244,1,1,High Risk,USA,North America,Education,Startup,Basic,Annual,33.16,5.0,43.7,15.2,-19.0,2,27,16,1115.42,725.21
CUST_010631,0.9987721,1,1,High Risk,Germany,Europe,Education,Small Business,Professional,Multi-Year,149.71,9.0,23.0,1.6,-13.0,6,150,16,3730.23,2907.48
CUST_012730,0.99877137,1,1,High Risk,USA,North America,Healthcare,Startup,Basic,Annual,26.61,4.0,46.4,13.2,-0.0,22,330,19,755.55,418.13
CUST_013886,0.99877125,1,1,High Risk,Canada,North America,Retail,Startup,Basic,Annual,23.15,8.0,36.2,7.1,-25.0,8,109,21,766.97,344.03
CUST_004103,0.99877125,1,1,High Risk,USA,North America,Technology,Small Business,Business,Annual,332.82,5.0,46.1,14.2,20.0,24,658,11,4437.67,3640.42
CUST_003379,0.99876994,1,1,High Risk,Canada,North America,Technology,Startup,Basic,Monthly,31.3,3.0,62.7,15.2,-6.0,7,152,13,718.19,443.44
CUST_012343,0.9987691,1,1,High Risk,Australia,APAC,Education,Startup,Professional,Monthly,69.27,3.0,47.0,17.5,-17.0,8,74,15,2008.27,1547.81
CUST_005602,0.99876785,1,1,High Risk,Canada,North America,Finance,Small Business,Basic,Annual,71.58,3.0,51.9,9.1,-2.0,26,713,17,1539.51,1068.3
CUST_014836,0.99876785,1,1,High Risk,Canada,North America,Education,Small Business,Basic,Annual,52.73,0.0,52.6,17.4,-12.0,15,419,12,1033.8,766.68
CUST_012046,0.99876726,1,1,High Risk,Australia,APAC,Healthcare,Mid-Market,Business,Annual,916.2,2.0,84.6,24.5,48.0,16,242,19,25667.32,21394.95
CUST_012168,0.998767,1,1,High Risk,Canada,North America,Technology,Startup,Professional,Monthly,68.81,4.0,52.9,10.3,-23.0,11,319,13,1188.22,792.73
CUST_017204,0.99876654,1,1,High Risk,USA,North America,Education,Startup,Basic,Annual,32.57,8.0,13.0,1.4,-20.0,27,242,18,834.41,507.62
CUST_007258,0.99876654,1,1,High Risk,USA,North America,Healthcare,Small Business,Professional,Annual,136.32,6.0,46.2,14.7,-8.0,7,137,14,3310.16,2652.35
CUST_011000,0.9987643,1,1,High Risk,USA,North America,Technology,Startup,Business,Monthly,184.97,7.0,24.4,8.7,-17.0,12,346,13,3625.23,2886.62
CUST_009834,0.9987619,1,1,High Risk,Australia,APAC,Real Estate,Small Business,Business,Monthly,443.27,4.0,12.1,5.2,-17.0,26,451,16,10101.36,8454.01
CUST_012582,0.9987607,1,1,High Risk,USA,North America,Finance,Startup,Basic,Monthly,42.09,7.0,50.4,9.0,11.0,6,74,17,1426.56,1017.48
CUST_003140,0.99875987,1,1,High Risk,India,APAC,Healthcare,Startup,Professional,Annual,88.34,4.0,61.1,12.1,16.0,17,372,19,2690.91,2009.46
CUST_000682,0.99875677,1,1,High Risk,Germany,Europe,Healthcare,Small Business,Basic,Annual,37.0,9.0,38.4,11.2,2.0,24,268,15,729.93,412.31
CUST_006170,0.9987564,1,1,High Risk,Australia,APAC,Healthcare,Startup,Basic,Annual,21.25,4.0,50.2,12.6,14.0,30,716,17,433.84,99.24
CUST_017920,0.99875605,1,1,High Risk,Germany,Europe,Technology,Startup,Basic,Annual,16.45,3.0,32.6,13.4,0.0,30,529,15,292.93,86.14
CUST_009380,0.998755,1,1,High Risk,USA,North America,Finance,Small Business,Business,Monthly,442.84,7.0,42.6,13.6,-20.0,33,350,16,9377.61,7715.02
CUST_017907,0.99875355,1,1,High Risk,Germany,Europe,Finance,Startup,Professional,Monthly,113.8,4.0,31.2,10.2,-3.0,15,422,16,2959.63,2318.23
CUST_017652,0.9987534,1,1,High Risk,USA,North America,Retail,Startup,Professional,Annual,85.93,3.0,63.0,17.9,11.0,11,196,13,1788.96,1330.78
CUST_007516,0.9987532,1,1,High Risk,USA,North America,Real Estate,Startup,Professional,Monthly,81.2,6.0,38.0,5.4,2.0,19,396,16,1768.74,1280.69
CUST_006698,0.99875116,1,1,High Risk,USA,North America,Technology,Startup,Basic,Monthly,29.5,6.0,51.0,10.7,-25.0,5,70,14,786.5,529.58
CUST_003780,0.99874914,1,1,High Risk,UK,Europe,Manufacturing,Small Business,Basic,Multi-Year,55.26,2.0,37.4,18.1,-15.0,16,215,14,1033.46,745.94
CUST_009895,0.99874747,1,1,High Risk,Canada,North America,Retail,Mid-Market,Basic,Annual,90.23,2.0,73.5,24.7,-2.0,27,800,17,1789.96,1374.97
CUST_002491,0.99874747,1,1,High Risk,India,APAC,Healthcare,Startup,Professional,Monthly,100.93,4.0,56.0,10.3,-34.0,23,218,15,2422.33,1909.45
CUST_001990,0.9987453,1,1,High Risk,Germany,Europe,Technology,Small Business,Professional,Monthly,128.34,7.0,38.7,10.9,-10.0,6,128,11,2561.3,2079.17
CUST_005319,0.99874,1,1,High Risk,Germany,Europe,Education,Small Business,Basic,Monthly,40.47,6.0,41.1,13.2,-23.0,11,298,12,761.97,497.3
CUST_004597,0.99873644,1,1,High Risk,Australia,APAC,Technology,Mid-Market,Professional,Monthly,422.52,3.0,25.5,7.8,-0.0,21,467,14,7449.03,6240.32
CUST_003226,0.99873537,1,1,High Risk,UK,Europe,Technology,Small Business,Professional,Monthly,177.5,3.0,44.9,7.0,-28.0,21,228,15,3766.86,2996.84
CUST_004646,0.99873537,1,1,High Risk,Germany,Europe,Manufacturing,Mid-Market,Business,Annual,1003.74,3.0,48.7,17.3,15.0,8,156,17,28206.46,23778.11
CUST_004720,0.99873525,1,1,High Risk,USA,North America,Manufacturing,Small Business,Business,Annual,413.33,3.0,73.3,27.9,25.0,17,308,12,7048.38,5746.33
CUST_013881,0.9987331,1,1,High Risk,USA,North America,Technology,Startup,Basic,Monthly,31.45,6.0,43.1,8.1,7.0,14,307,11,536.72,305.23
CUST_007388,0.998733,1,1,High Risk,India,APAC,Manufacturing,Small Business,Business,Monthly,367.96,5.0,47.6,8.8,-1.0,19,198,15,9205.95,7672.21
CUST_004902,0.998733,1,1,High Risk,USA,North America,Healthcare,Startup,Basic,Annual,29.33,4.0,41.2,8.1,-14.0,26,249,20,806.07,417.05
CUST_011908,0.99873286,1,1,High Risk,USA,North America,Retail,Small Business,Business,Annual,342.95,3.0,41.9,17.2,2.0,15,420,15,8417.57,7006.75
CUST_006849,0.9987325,1,1,High Risk,UK,Europe,Retail,Startup,Basic,Annual,16.82,6.0,45.4,13.0,16.0,29,319,17,400.18,87.99
CUST_005860,0.99873227,1,1,High Risk,USA,North America,Retail,Small Business,Basic,Annual,47.29,7.0,19.3,7.5,-18.0,14,264,13,1005.01,671.98
CUST_015410,0.9987318,1,1,High Risk,USA,North America,Technology,Startup,Basic,Monthly,47.43,2.0,71.2,26.0,31.0,6,149,17,1380.41,919.7
CUST_016530,0.9987286,1,1,High Risk,Germany,Europe,Technology,Small Business,Professional,Monthly,179.62,7.0,50.5,8.2,-28.0,6,72,16,5185.66,4206.74
CUST_010323,0.9987281,1,1,High Risk,UK,Europe,Technology,Startup,Basic,Monthly,22.79,10.0,49.7,13.3,12.0,32,912,14,403.64,151.81
CUST_002458,0.9987269,1,1,High Risk,USA,North America,Education,Small Business,Basic,Annual,52.32,3.0,56.8,18.1,16.0,13,267,10,797.16,573.97
CUST_016599,0.9987268,1,1,High Risk,UK,Europe,Education,Small Business,Business,Annual,362.98,0.0,70.5,21.2,11.0,6,90,15,8571.33,7117.94
CUST_017214,0.99872595,1,1,High Risk,UK,Europe,Manufacturing,Small Business,Basic,Multi-Year,50.23,1.0,43.2,19.6,13.0,8,211,15,1206.05,793.93
CUST_011714,0.9987244,1,1,High Risk,UK,Europe,Retail,Startup,Basic,Annual,36.07,4.0,63.7,19.1,6.0,22,628,12,517.74,305.61
CUST_011722,0.9987239,1,1,High Risk,Australia,APAC,Technology,Startup,Basic,Monthly,35.55,5.0,48.2,15.9,16.0,13,156,16,947.97,608.91
CUST_000347,0.99872154,1,1,High Risk,USA,North America,Education,Startup,Professional,Monthly,102.63,2.0,51.0,22.3,0.0,30,637,14,1802.79,1342.23
CUST_013518,0.9987213,1,1,High Risk,Germany,Europe,Real Estate,Startup,Professional,Annual,67.13,0.0,51.3,18.1,39.0,20,577,16,1452.37,1037.45
CUST_017516,0.9987178,1,1,High Risk,Australia,APAC,Real Estate,Startup,Professional,Annual,111.23,2.0,34.0,13.0,17.0,7,131,15,2788.52,2169.51
CUST_002441,0.9987174,1,1,High Risk,Canada,North America,Finance,Small Business,Business,Monthly,310.98,7.0,43.9,8.8,-27.0,12,307,13,6356.8,5372.74
CUST_017256,0.9987174,1,1,High Risk,UK,Europe,Healthcare,Startup,Professional,Annual,94.72,5.0,41.0,7.9,-1.0,32,608,12,1377.38,955.72
CUST_003122,0.9987167,1,1,High Risk,USA,North America,Healthcare,Startup,Basic,Annual,21.93,4.0,47.4,15.3,-15.0,29,592,14,335.91,113.03
CUST_002655,0.9987161,1,1,High Risk,USA,North America,Manufacturing,Startup,Professional,Monthly,87.64,7.0,40.9,18.1,-1.0,15,418,17,2249.96,1734.73
CUST_002420,0.998716,1,1,High Risk,UK,Europe,Real Estate,Startup,Basic,Annual,32.9,0.0,69.0,18.1,6.0,24,424,16,749.78,465.44
CUST_011078,0.99871576,1,1,High Risk,USA,North America,Technology,Mid-Market,Business,Multi-Year,1173.42,3.0,57.0,10.0,15.0,26,241,18,26084.62,21397.61
CUST_001165,0.9987148,1,1,High Risk,Canada,North America,Technology,Startup,Business,Monthly,214.42,4.0,43.7,7.1,14.0,5,62,20,8331.91,6832.32
CUST_016539,0.9987143,1,1,High Risk,USA,North America,Healthcare,Startup,Basic,Monthly,24.51,4.0,36.1,6.8,-35.0,5,117,14,612.84,396.2
CUST_009351,0.9987142,1,1,High Risk,USA,North America,Manufacturing,Mid-Market,Professional,Annual,443.1,4.0,69.4,23.1,8.0,17,466,15,8461.32,7017.09
CUST_010578,0.9987141,1,1,High Risk,UK,Europe,Real Estate,Mid-Market,Business,Annual,763.07,4.0,61.2,12.6,25.0,26,203,16,15678.53,12922.74
CUST_005971,0.9987136,1,1,High Risk,UK,Europe,Manufacturing,Mid-Market,Professional,Annual,502.19,6.0,67.5,19.8,-5.0,23,349,19,12151.36,9941.0
CUST_006530,0.99871266,1,1,High Risk,USA,North America,Healthcare,Startup,Professional,Monthly,82.52,9.0,45.9,10.9,-5.0,11,97,20,2736.93,2078.26
CUST_016807,0.99871254,1,1,High Risk,India,APAC,Real Estate,Small Business,Professional,Annual,128.76,3.0,54.2,13.0,-19.0,2,32,15,3729.26,2922.52
CUST_003956,0.9987118,1,1,High Risk,UK,Europe,Manufacturing,Small Business,Basic,Annual,44.93,3.0,34.6,11.1,3.0,2,28,19,1599.5,1070.75
CUST_011855,0.9987103,1,1,High Risk,USA,North America,Healthcare,Startup,Basic,Annual,35.65,3.0,28.9,9.3,-7.0,26,554,13,594.23,360.23
CUST_016960,0.99870837,1,1,High Risk,Germany,Europe,Education,Small Business,Enterprise,Monthly,2171.33,2.0,52.1,14.5,7.0,10,92,19,73997.97,62985.33
CUST_015275,0.99870634,1,1,High Risk,UK,Europe,Finance,Startup,Professional,Monthly,108.63,5.0,44.0,11.7,-37.0,13,174,18,3213.27,2524.36
CUST_019854,0.9987055,1,1,High Risk,USA,North America,Other,Startup,Basic,Monthly,33.04,5.0,26.4,4.3,9.0,20,306,12,664.06,428.29
CUST_014498,0.9987048,1,1,High Risk,India,APAC,Retail,Small Business,Professional,Monthly,216.69,3.0,51.1,16.3,8.0,17,161,14,4868.52,4034.92
CUST_006558,0.9987047,1,1,High Risk,USA,North America,Other,Startup,Basic,Monthly,25.46,2.0,41.6,11.2,9.0,6,172,13,495.08,220.76
CUST_003086,0.99870443,1,1,High Risk,USA,North America,Other,Startup,Basic,Monthly,37.12,8.0,46.5,13.5,-4.0,15,165,16,1026.25,701.0
CUST_011614,0.9987037,1,1,High Risk,USA,North America,Manufacturing,Startup,Professional,Monthly,94.81,3.0,54.7,12.1,33.0,32,913,15,1636.67,1219.98
CUST_002289,0.99870324,1,1,High Risk,USA,North America,Manufacturing,Small Business,Basic,Annual,48.04,6.0,30.8,4.8,10.0,23,655,17,915.84,550.12
CUST_009415,0.99870276,1,1,High Risk,USA,North America,Real Estate,Small Business,Professional,Monthly,131.5,1.0,44.5,14.5,11.0,29,202,16,3100.54,2436.0
CUST_014480,0.99870014,1,1,High Risk,USA,North America,Education,Startup,Basic,Annual,30.04,3.0,62.1,23.5,1.0,28,615,15,587.89,307.61
CUST_006739,0.99869907,1,1,High Risk,India,APAC,Retail,Small Business,Professional,Annual,134.55,2.0,49.0,13.9,35.0,2,29,19,4560.61,3628.14
CUST_019567,0.9986985,1,1,High Risk,Germany,Europe,Other,Startup,Professional,Annual,108.42,6.0,22.0,7.9,-16.0,7,95,20,3488.81,2656.04
CUST_005374,0.99869835,1,1,High Risk,Germany,Europe,Finance,Startup,Basic,Annual,31.61,4.0,38.7,12.7,-17.0,13,381,11,624.88,425.61
CUST_018932,0.99869823,1,1,High Risk,India,APAC,Finance,Startup,Basic,Monthly,36.67,5.0,64.6,19.9,-1.0,13,185,13,836.94,604.03
CUST_012473,0.99869746,1,1,High Risk,Other,LATAM,Finance,Startup,Basic,Monthly,25.33,0.0,37.3,0.9,30.0,18,113,17,786.25,462.68
CUST_004973,0.9986971,1,1,High Risk,USA,North America,Technology,Startup,Basic,Monthly,35.24,5.0,62.0,12.7,-1.0,7,85,19,1275.65,856.13
CUST_009705,0.99869686,1,1,High Risk,Germany,Europe,Education,Enterprise,Enterprise,Multi-Year,5669.89,4.0,38.4,9.0,-3.0,24,663,16,94220.33,77700.74
CUST_012011,0.9986964,1,1,High Risk,UK,Europe,Technology,Startup,Business,Monthly,238.21,2.0,45.2,14.3,10.0,18,428,17,6171.11,5083.05
CUST_013144,0.9986941,1,1,High Risk,India,APAC,Real Estate,Small Business,Basic,Multi-Year,46.36,6.0,60.7,20.6,10.0,27,623,20,1057.58,611.7
CUST_011586,0.998694,1,1,High Risk,India,APAC,Technology,Small Business,Enterprise,Multi-Year,1318.23,5.0,54.4,11.7,41.0,15,213,18,32593.86,26820.01
CUST_011304,0.9986902,1,1,High Risk,UK,Europe,Healthcare,Startup,Professional,Monthly,98.74,4.0,31.5,8.8,-10.0,32,677,17,2131.4,1597.01
CUST_001831,0.9986877,1,1,High Risk,Canada,North America,Other,Startup,Basic,Monthly,25.85,3.0,44.9,4.0,27.0,10,197,9,394.17,264.5
CUST_011214,0.9986872,1,1,High Risk,UK,Europe,Healthcare,Startup,Basic,Annual,36.79,4.0,56.0,8.2,-26.0,4,90,13,776.02,473.48
CUST_001289,0.9986852,1,1,High Risk,Other,MEA,Real Estate,Startup,Business,Monthly,217.86,3.0,46.2,14.2,-10.0,28,288,13,4160.84,3391.9
CUST_004944,0.9986822,1,1,High Risk,Australia,APAC,Retail,Startup,Basic,Monthly,38.05,6.0,23.0,3.1,-0.0,5,83,14,1001.81,673.82
CUST_002962,0.99868137,1,1,High Risk,Other,LATAM,Education,Small Business,Professional,Multi-Year,119.72,4.0,38.7,14.1,19.0,18,387,14,2349.87,1844.67
CUST_019751,0.9986808,1,1,High Risk,Other,MEA,Healthcare,Small Business,Professional,Monthly,141.81,8.0,48.2,17.3,-38.0,24,283,19,4048.25,3257.71
CUST_009401,0.9986791,1,1,High Risk,India,APAC,Healthcare,Small Business,Basic,Annual,54.6,3.0,55.0,23.8,5.0,19,380,20,1606.31,1168.69
CUST_014650,0.9986778,1,1,High Risk,Germany,Europe,Other,Startup,Basic,Monthly,24.18,4.0,34.4,6.4,-16.0,22,504,11,345.65,180.75
CUST_018240,0.99867755,1,1,High Risk,India,APAC,Real Estate,Startup,Professional,Monthly,84.85,5.0,21.9,5.9,1.0,10,120,17,2324.96,1806.04
CUST_015393,0.9986754,1,1,High Risk,Other,MEA,Other,Startup,Professional,Annual,106.99,5.0,52.6,18.9,7.0,5,134,11,1857.67,1410.06
CUST_000890,0.99867463,1,1,High Risk,USA,North America,Technology,Mid-Market,Professional,Multi-Year,369.3,3.0,51.9,16.8,38.0,7,111,15,8887.43,7189.0
CUST_004565,0.9986726,1,1,High Risk,UK,Europe,Finance,Startup,Professional,Annual,73.83,4.0,55.1,11.7,-10.0,3,44,15,2433.48,1916.88
CUST_014754,0.99867225,1,1,High Risk,India,APAC,Education,Small Business,Business,Annual,407.03,3.0,9.7,2.8,-52.0,15,370,19,11674.56,9524.97
CUST_006858,0.99867046,1,1,High Risk,USA,North America,Manufacturing,Startup,Professional,Monthly,58.29,7.0,13.9,2.9,-32.0,3,36,16,2004.41,1522.37
CUST_005268,0.99867,1,1,High Risk,Canada,North America,Other,Startup,Professional,Monthly,72.48,8.0,19.6,7.3,-16.0,4,71,14,1836.79,1337.58
CUST_002758,0.9986694,1,1,High Risk,USA,North America,Healthcare,Startup,Professional,Monthly,126.04,4.0,39.6,14.7,2.0,7,132,15,3458.33,2801.22
CUST_003368,0.9986683,1,1,High Risk,Australia,APAC,Education,Startup,Basic,Annual,31.37,6.0,40.8,15.2,9.0,23,263,19,805.27,475.14
CUST_017754,0.9986675,1,1,High Risk,USA,North America,Retail,Startup,Professional,Monthly,93.37,4.0,40.4,15.6,31.0,26,451,12,1579.82,1199.49
CUST_019139,0.99866605,1,1,High Risk,Australia,APAC,Healthcare,Small Business,Business,Annual,487.35,3.0,63.3,17.4,-28.0,3,54,17,16465.34,13739.44
CUST_008737,0.9986645,1,1,High Risk,USA,North America,Retail,Mid-Market,Enterprise,Monthly,4102.11,5.0,56.0,14.7,-18.0,28,824,16,72620.81,60904.99
CUST_015198,0.9986644,1,1,High Risk,Germany,Europe,Technology,Small Business,Basic,Annual,50.83,9.0,48.8,10.5,11.0,23,663,10,563.66,338.5
CUST_012567,0.99866414,1,1,High Risk,USA,North America,Technology,Startup,Basic,Monthly,42.53,3.0,39.9,4.4,-22.0,29,795,18,957.89,625.8
CUST_004315,0.99866354,1,1,High Risk,USA,North America,Technology,Startup,Basic,Monthly,42.55,8.0,33.1,13.4,-10.0,24,309,16,985.68,563.39
CUST_017887,0.99866235,1,1,High Risk,Canada,North America,Finance,Startup,Basic,Annual,28.75,4.0,43.6,6.6,-17.0,12,313,10,368.68,187.82
CUST_012120,0.99866223,1,1,High Risk,UK,Europe,Real Estate,Mid-Market,Professional,Annual,386.49,6.0,45.8,14.1,5.0,17,403,20,10502.32,8694.24
CUST_005318,0.99866176,1,1,High Risk,USA,North America,Real Estate,Startup,Basic,Monthly,32.22,2.0,51.9,16.1,-4.0,25,599,11,453.52,170.86
CUST_005383,0.9986594,1,1,High Risk,Canada,North America,Technology,Startup,Basic,Monthly,22.75,7.0,60.7,17.3,-7.0,34,651,17,486.46,218.87
CUST_018214,0.99865806,1,1,High Risk,India,APAC,Healthcare,Startup,Enterprise,Monthly,720.17,8.0,56.0,11.1,16.0,8,168,15,19369.76,16325.78
CUST_012534,0.9986558,1,1,High Risk,Canada,North America,Retail,Mid-Market,Business,Multi-Year,870.67,7.0,46.0,3.5,-20.0,25,225,16,17372.95,14097.26
CUST_011819,0.9986557,1,1,High Risk,India,APAC,Finance,Startup,Business,Monthly,233.01,5.0,44.5,21.1,-10.0,19,345,14,4890.34,3989.87
CUST_016023,0.99865496,1,1,High Risk,Australia,APAC,Manufacturing,Startup,Business,Monthly,232.02,2.0,46.2,8.6,0.0,14,132,18,6730.91,5505.45
CUST_002895,0.9986541,1,1,High Risk,Canada,North America,Technology,Startup,Professional,Monthly,113.11,8.0,38.1,8.7,6.0,3,57,15,3373.42,2703.25
CUST_003534,0.9986534,1,1,High Risk,Other,LATAM,Healthcare,Startup,Business,Monthly,218.19,2.0,31.4,5.2,3.0,21,600,16,5027.68,4192.88
CUST_015194,0.9986534,1,1,High Risk,USA,North America,Finance,Startup,Professional,Monthly,77.06,7.0,54.7,21.2,-8.0,21,244,13,1503.14,1096.73
CUST_017764,0.9986526,1,1,High Risk,India,APAC,Real Estate,Small Business,Basic,Annual,41.22,6.0,33.1,12.1,7.0,24,280,15,852.73,525.13
CUST_004800,0.99865216,1,1,High Risk,Other,MEA,Other,Small Business,Professional,Monthly,186.21,4.0,70.7,14.9,21.0,26,496,12,3217.28,2608.9
CUST_019503,0.9986513,1,1,High Risk,Australia,APAC,Real Estate,Small Business,Professional,Monthly,138.8,2.0,51.9,8.4,47.0,16,228,12,2682.81,2095.37
CUST_009718,0.9986493,1,1,High Risk,Canada,North America,Finance,Small Business,Business,Annual,351.91,2.0,56.0,6.0,4.0,24,658,14,5565.33,4485.21
CUST_008065,0.99864846,1,1,High Risk,USA,North America,Finance,Startup,Basic,Annual,26.46,4.0,39.8,13.1,23.0,33,968,19,517.88,120.83
CUST_016524,0.99864775,1,1,High Risk,UK,Europe,Real Estate,Startup,Professional,Monthly,120.35,2.0,41.8,9.9,-11.0,11,93,15,3231.22,2612.09
CUST_001970,0.9986468,1,1,High Risk,India,APAC,Technology,Startup,Professional,Annual,85.22,2.0,48.6,9.7,20.0,32,483,19,1992.16,1395.89
CUST_015954,0.99864477,1,1,High Risk,USA,North America,Finance,Mid-Market,Business,Annual,930.74,4.0,56.0,7.6,13.0,25,531,15,17078.25,14137.25
CUST_003415,0.99864334,1,1,High Risk,USA,North America,Healthcare,Mid-Market,Basic,Annual,107.12,1.0,63.6,26.1,-7.0,11,279,16,2460.17,1959.24
CUST_010829,0.9986431,1,1,High Risk,Germany,Europe,Technology,Small Business,Business,Multi-Year,356.29,4.0,51.6,9.3,-10.0,12,356,14,7267.64,5915.22
CUST_015579,0.99864227,1,1,High Risk,USA,North America,Real Estate,Small Business,Business,Annual,496.96,0.0,70.3,19.8,-17.0,6,123,16,12231.88,10059.39
CUST_000409,0.9986412,1,1,High Risk,USA,North America,Healthcare,Small Business,Business,Multi-Year,373.95,2.0,41.7,13.1,-24.0,28,796,14,5554.74,4555.51
CUST_000506,0.9986395,1,1,High Risk,India,APAC,Healthcare,Small Business,Professional,Annual,196.3,4.0,39.3,13.0,5.0,2,26,16,6140.4,4965.08
CUST_002819,0.9986386,1,1,High Risk,India,APAC,Finance,Enterprise,Enterprise,Multi-Year,10258.17,8.0,43.3,11.0,-0.0,17,502,16,194330.99,160093.03
CUST_018101,0.9986364,1,1,High Risk,USA,North America,Finance,Startup,Basic,Monthly,34.72,3.0,56.0,19.4,3.0,11,208,12,697.51,417.66
CUST_017696,0.9986363,1,1,High Risk,USA,North America,Technology,Mid-Market,Enterprise,Monthly,4335.03,7.0,56.0,11.4,-4.0,26,212,17,102316.11,86209.37
CUST_017638,0.9986357,1,1,High Risk,USA,North America,Real Estate,Startup,Business,Monthly,272.71,0.0,45.6,21.1,24.0,13,149,18,8070.28,6687.13
CUST_005991,0.9986349,1,1,High Risk,UK,Europe,Other,Startup,Basic,Annual,36.32,3.0,58.7,18.1,7.0,12,283,13,625.31,360.51
CUST_016428,0.9986343,1,1,High Risk,Germany,Europe,Education,Startup,Basic,Monthly,25.18,5.0,35.5,8.3,-21.0,14,108,17,727.05,399.28
CUST_008810,0.99863416,1,1,High Risk,Other,MEA,Finance,Mid-Market,Business,Annual,957.32,2.0,60.5,16.8,21.0,23,373,16,18579.33,15262.47
CUST_008516,0.99863154,1,1,High Risk,USA,North America,Education,Startup,Basic,Annual,23.85,5.0,45.1,8.3,-8.0,1,21,19,1011.49,652.17
CUST_013731,0.99863106,1,1,High Risk,USA,North America,Education,Startup,Professional,Monthly,89.18,6.0,60.1,15.3,-36.0,18,429,10,1361.19,1085.35
CUST_011125,0.99863017,1,1,High Risk,India,APAC,Finance,Small Business,Business,Multi-Year,366.99,3.0,70.1,26.4,-11.0,7,90,19,9943.67,8024.5
CUST_014612,0.9986299,1,1,High Risk,USA,North America,Technology,Small Business,Business,Annual,458.32,1.0,56.0,6.2,12.0,8,70,21,16724.02,13912.44
CUST_018235,0.9986286,1,1,High Risk,Other,MEA,Manufacturing,Startup,Basic,Annual,39.27,8.0,37.7,10.8,-18.0,7,79,17,1187.09,840.57
CUST_005279,0.9986278,1,1,High Risk,Germany,Europe,Manufacturing,Small Business,Professional,Annual,155.36,3.0,39.6,9.5,16.0,18,474,15,3161.13,2434.85
CUST_017409,0.99862754,1,1,High Risk,Canada,North America,Retail,Startup,Basic,Monthly,30.56,6.0,42.6,12.7,18.0,14,193,13,651.98,372.22
CUST_000734,0.9986268,1,1,High Risk,USA,North America,Retail,Startup,Basic,Monthly,36.87,6.0,40.2,8.3,-10.0,17,115,16,1030.6,603.72
CUST_012288,0.998626,1,1,High Risk,USA,North America,Technology,Small Business,Basic,Monthly,52.44,3.0,38.8,17.8,-14.0,28,743,15,1050.77,706.2
CUST_019943,0.9986243,1,1,High Risk,USA,North America,Healthcare,Small Business,Professional,Multi-Year,174.25,3.0,42.2,13.9,-28.0,5,65,16,4915.46,3923.04
CUST_006346,0.9986242,1,1,High Risk,India,APAC,Technology,Startup,Basic,Monthly,36.04,3.0,30.2,2.7,2.0,20,449,13,760.47,502.97
CUST_007534,0.9986217,1,1,High Risk,USA,North America,Technology,Mid-Market,Enterprise,Multi-Year,4270.92,6.0,46.8,13.9,32.0,4,49,20,144690.32,119973.83
CUST_003984,0.9986216,1,1,High Risk,Australia,APAC,Manufacturing,Startup,Professional,Monthly,84.65,7.0,56.0,5.5,-7.0,5,48,18,3065.95,2407.07
CUST_017707,0.9986191,1,1,High Risk,Australia,APAC,Retail,Small Business,Professional,Annual,139.62,1.0,67.3,27.5,16.0,33,694,18,2931.04,2223.13
CUST_011453,0.9986154,1,1,High Risk,India,APAC,Healthcare,Startup,Basic,Annual,27.47,7.0,26.2,6.6,-26.0,16,155,16,604.73,278.21
CUST_016962,0.9986149,1,1,High Risk,Australia,APAC,Retail,Startup,Professional,Monthly,99.17,1.0,49.0,20.5,2.0,6,108,13,2420.85,1902.31
CUST_012245,0.99861467,1,1,High Risk,USA,North America,Technology,Small Business,Business,Annual,413.78,6.0,21.4,11.2,-22.0,26,765,13,7441.16,6276.83
CUST_015363,0.99861443,1,1,High Risk,USA,North America,Retail,Mid-Market,Business,Annual,1012.85,5.0,51.5,12.3,4.0,28,691,19,22603.03,18608.88
CUST_005505,0.9986136,1,1,High Risk,Germany,Europe,Technology,Startup,Basic,Monthly,32.08,1.0,39.7,5.3,-22.0,23,368,14,610.34,331.69
CUST_004132,0.99861324,1,1,High Risk,Germany,Europe,Healthcare,Startup,Professional,Monthly,86.73,2.0,62.3,18.4,33.0,8,114,18,2667.29,2046.09
CUST_017154,0.99861276,1,1,High Risk,USA,North America,Manufacturing,Small Business,Professional,Monthly,149.96,7.0,49.7,16.0,-6.0,5,125,15,3708.01,2995.16
CUST_011815,0.99861217,1,1,High Risk,Other,MEA,Real Estate,Startup,Basic,Monthly,19.99,7.0,40.3,11.7,-24.0,12,332,9,295.42,144.27
CUST_007496,0.99861133,1,1,High Risk,USA,North America,Real Estate,Small Business,Business,Annual,352.09,2.0,60.0,8.7,4.0,29,374,15,7704.3,6389.08
CUST_006922,0.99860954,1,1,High Risk,India,APAC,Finance,Startup,Basic,Monthly,37.19,7.0,22.9,9.2,-31.0,22,301,14,748.74,460.07
CUST_002857,0.99860877,1,1,High Risk,UK,Europe,Finance,Startup,Basic,Monthly,24.26,5.0,27.7,0.0,-14.0,31,356,16,533.14,294.29
CUST_010219,0.99860805,1,1,High Risk,USA,North America,Real Estate,Startup,Professional,Monthly,101.63,4.0,39.4,3.8,11.0,28,344,17,2564.35,1998.66
CUST_013038,0.99860674,1,1,High Risk,USA,North America,Healthcare,Small Business,Professional,Annual,145.84,1.0,51.0,10.0,21.0,9,228,13,2711.06,2125.73
CUST_019894,0.9986066,1,1,High Risk,Other,MEA,Education,Small Business,Business,Annual,480.87,2.0,48.5,14.8,-15.0,26,233,18,11508.74,9249.52
CUST_010690,0.99860626,1,1,High Risk,Australia,APAC,Healthcare,Startup,Professional,Monthly,87.85,5.0,31.5,4.4,16.0,7,94,17,2733.02,2081.92
CUST_011342,0.9986059,1,1,High Risk,USA,North America,Healthcare,Startup,Professional,Monthly,97.55,7.0,61.5,21.3,-2.0,16,419,14,2128.66,1681.99
CUST_019837,0.9986045,1,1,High Risk,India,APAC,Education,Startup,Professional,Annual,79.01,6.0,45.5,7.4,-15.0,16,293,14,1796.65,1341.74
CUST_002081,0.9986021,1,1,High Risk,UK,Europe,Healthcare,Small Business,Business,Monthly,538.64,5.0,32.1,10.8,27.0,29,374,21,16503.4,13969.8
CUST_018362,0.9986009,1,1,High Risk,Australia,APAC,Education,Small Business,Business,Annual,482.98,6.0,76.3,27.7,6.0,17,255,21,14254.12,11714.46
CUST_005197,0.9986008,1,1,High Risk,India,APAC,Healthcare,Startup,Business,Multi-Year,197.06,6.0,41.7,21.1,-22.0,29,841,18,3657.88,2815.91
CUST_003517,0.99860054,1,1,High Risk,Australia,APAC,Finance,Startup,Basic,Monthly,33.56,9.0,56.0,9.9,-6.0,16,120,15,895.34,592.14
CUST_016731,0.99860007,1,1,High Risk,Canada,North America,Manufacturing,Startup,Professional,Monthly,90.29,2.0,59.2,14.8,24.0,30,310,12,1437.69,1078.84
CUST_005587,0.99859947,1,1,High Risk,USA,North America,Other,Startup,Professional,Annual,79.25,7.0,38.1,9.4,4.0,14,335,12,1455.75,1029.65
CUST_003283,0.9985979,1,1,High Risk,Germany,Europe,Retail,Startup,Basic,Monthly,31.78,4.0,41.0,11.5,-6.0,3,30,19,1256.26,889.02
CUST_005642,0.99859744,1,1,High Risk,UK,Europe,Retail,Small Business,Business,Annual,327.7,3.0,42.2,12.5,3.0,18,380,13,5714.16,4692.82
CUST_006144,0.99859697,1,1,High Risk,Australia,APAC,Technology,Startup,Basic,Monthly,22.08,4.0,46.6,13.5,24.0,5,114,14,513.04,225.07
CUST_000885,0.99859613,1,1,High Risk,USA,North America,Healthcare,Startup,Basic,Monthly,26.17,7.0,49.5,17.2,-27.0,24,220,14,465.63,215.6
CUST_008511,0.9985946,1,1,High Risk,Germany,Europe,Technology,Small Business,Basic,Monthly,39.26,4.0,73.0,24.5,5.0,9,90,17,1190.39,792.84
CUST_018694,0.998594,1,1,High Risk,USA,North America,Healthcare,Startup,Basic,Annual,32.22,3.0,61.4,20.2,13.0,14,106,18,915.88,525.41
CUST_009469,0.9985915,1,1,High Risk,India,APAC,Healthcare,Startup,Professional,Monthly,86.93,6.0,38.0,15.5,-32.0,17,103,21,3025.16,2325.97
CUST_006432,0.9985905,1,1,High Risk,UK,Europe,Retail,Startup,Basic,Annual,40.11,6.0,29.6,12.4,-28.0,3,49,13,1122.66,760.99
CUST_010901,0.998589,1,1,High Risk,USA,North America,Healthcare,Small Business,Business,Annual,437.69,4.0,82.3,26.1,11.0,10,118,18,12785.33,10480.96
CUST_017351,0.99858886,1,1,High Risk,USA,North America,Healthcare,Small Business,Professional,Annual,131.31,7.0,75.6,12.0,-9.0,7,85,17,4328.56,3522.57
CUST_012317,0.9985877,1,1,High Risk,UK,Europe,Retail,Small Business,Basic,Annual,47.99,6.0,55.7,14.8,8.0,23,609,15,880.64,515.55
CUST_009776,0.9985856,1,1,High Risk,Canada,North America,Retail,Startup,Basic,Monthly,54.06,2.0,53.2,12.7,6.0,12,206,13,1114.43,784.56
CUST_015827,0.99858534,1,1,High Risk,USA,North America,Manufacturing,Startup,Basic,Monthly,36.96,5.0,76.4,21.7,9.0,11,112,17,1053.84,614.63
CUST_006100,0.9985845,1,1,High Risk,USA,North America,Finance,Startup,Basic,Annual,26.13,5.0,12.3,8.4,-9.0,17,258,12,452.89,202.6
CUST_007030,0.9985825,1,1,High Risk,Canada,North America,Technology,Mid-Market,Professional,Monthly,416.97,5.0,48.7,17.5,-13.0,8,103,15,10690.13,8859.36
CUST_002570,0.9985794,1,1,High Risk,USA,North America,Retail,Startup,Basic,Monthly,25.53,4.0,61.9,13.0,27.0,16,193,14,546.42,328.08
CUST_008141,0.9985776,1,1,High Risk,USA,North America,Technology,Small Business,Business,Annual,378.2,3.0,52.8,14.4,13.0,7,126,14,8709.73,7065.81
CUST_009481,0.99857485,1,1,High Risk,Canada,North America,Technology,Startup,Professional,Monthly,82.62,6.0,52.0,10.4,-10.0,19,95,21,2522.34,1797.32
CUST_017681,0.9985744,1,1,High Risk,UK,Europe,Retail,Startup,Professional,Monthly,82.41,6.0,20.9,10.7,11.0,6,137,12,1776.24,1354.52
CUST_008110,0.99857354,1,1,High Risk,Canada,North America,Real Estate,Mid-Market,Business,Annual,901.23,6.0,50.5,10.4,-32.0,13,230,17,24271.4,20608.34
CUST_008651,0.99857175,1,1,High Risk,UK,Europe,Technology,Small Business,Enterprise,Multi-Year,1402.65,6.0,50.6,10.6,-21.0,15,102,23,46467.91,38540.44
CUST_008458,0.99856913,1,1,High Risk,Canada,North America,Technology,Small Business,Basic,Annual,45.7,4.0,29.1,3.3,14.0,1,25,19,1600.82,1029.09
CUST_017651,0.99856794,1,1,High Risk,USA,North America,Other,Startup,Professional,Annual,74.91,6.0,36.4,11.2,-30.0,21,561,13,1353.03,987.62
CUST_002797,0.9985676,1,1,High Risk,Canada,North America,Education,Startup,Professional,Annual,59.71,4.0,58.9,16.0,-21.0,9,136,12,1169.16,782.48
CUST_008391,0.998566,1,1,High Risk,Other,MEA,Finance,Startup,Basic,Annual,26.56,2.0,18.4,6.3,-50.0,28,554,18,614.39,337.37
CUST_009599,0.998565,1,1,High Risk,Canada,North America,Healthcare,Startup,Professional,Monthly,68.24,11.0,41.2,7.7,-38.0,16,233,12,1388.24,1059.71
CUST_012189,0.99856454,1,1,High Risk,USA,North America,Healthcare,Small Business,Professional,Monthly,150.11,5.0,48.6,18.5,31.0,15,242,17,4261.61,3443.54
CUST_015594,0.99856406,1,1,High Risk,Germany,Europe,Finance,Startup,Professional,Annual,82.53,6.0,26.3,9.4,-27.0,26,404,13,1236.41,882.94
CUST_013001,0.9985637,1,1,High Risk,Australia,APAC,Retail,Startup,Professional,Monthly,95.66,7.0,49.9,16.5,11.0,33,986,15,1435.29,1072.31
CUST_017600,0.99856323,1,1,High Risk,USA,North America,Technology,Startup,Professional,Monthly,102.34,2.0,51.7,14.6,6.0,18,305,14,2200.39,1654.76
CUST_009358,0.9985617,1,1,High Risk,Germany,Europe,Retail,Small Business,Basic,Monthly,52.4,4.0,48.6,14.4,3.0,4,48,16,1586.18,1156.93
CUST_004239,0.9985612,1,1,High Risk,Australia,APAC,Technology,Small Business,Basic,Monthly,39.65,4.0,51.6,15.3,-16.0,18,358,18,1177.31,850.2
CUST_005408,0.99856025,1,1,High Risk,USA,North America,Technology,Small Business,Business,Annual,379.98,0.0,73.4,24.8,53.0,18,510,15,7614.95,6251.83
CUST_000657,0.9985599,1,1,High Risk,USA,North America,Real Estate,Small Business,Business,Monthly,433.95,6.0,19.1,8.2,14.0,17,402,15,10096.41,8397.52
CUST_009320,0.9985593,1,1,High Risk,Other,LATAM,Technology,Small Business,Business,Annual,316.14,7.0,54.4,6.9,-20.0,22,646,18,6406.75,5114.08
CUST_018199,0.99855894,1,1,High Risk,Australia,APAC,Other,Small Business,Professional,Annual,128.24,4.0,73.0,20.7,6.0,14,384,16,3339.55,2662.56
CUST_017376,0.99855787,1,1,High Risk,USA,North America,Retail,Startup,Basic,Monthly,25.0,3.0,47.0,6.5,8.0,17,425,15,607.16,356.87
CUST_013271,0.9985569,1,1,High Risk,Germany,Europe,Other,Startup,Basic,Annual,28.46,7.0,33.4,7.8,-26.0,18,225,12,472.04,217.04
CUST_011612,0.99855644,1,1,High Risk,Australia,APAC,Retail,Startup,Professional,Monthly,78.44,6.0,55.4,18.8,-12.0,22,397,11,1266.75,926.65
CUST_011261,0.998555,1,1,High Risk,USA,North America,Healthcare,Small Business,Professional,Annual,140.71,4.0,51.0,12.9,-17.0,19,551,14,2676.3,2131.83
CUST_003263,0.9985549,1,1,High Risk,Australia,APAC,Technology,Startup,Professional,Monthly,88.72,2.0,49.4,21.0,32.0,33,555,17,2031.57,1529.84
CUST_000975,0.99855465,1,1,High Risk,USA,North America,Finance,Startup,Professional,Annual,129.96,3.0,38.2,10.8,4.0,20,404,15,2707.45,2139.0
CUST_009455,0.99855465,1,1,High Risk,Canada,North America,Other,Small Business,Basic,Annual,49.75,7.0,29.2,9.8,-16.0,21,482,15,993.55,666.73
CUST_010085,0.9985543,1,1,High Risk,India,APAC,Healthcare,Startup,Basic,Monthly,22.01,0.0,56.4,11.9,-10.0,10,166,15,588.95,266.08
CUST_002290,0.99855393,1,1,High Risk,UK,Europe,Technology,Startup,Professional,Annual,82.23,2.0,67.0,21.7,27.0,10,82,21,2848.77,2192.99
CUST_014339,0.99855345,1,1,High Risk,USA,North America,Education,Enterprise,Professional,Multi-Year,630.24,4.0,86.7,26.8,39.0,14,141,18,14562.83,11521.86
CUST_000764,0.99855095,1,1,High Risk,USA,North America,Healthcare,Startup,Professional,Monthly,91.6,8.0,60.3,14.0,-22.0,31,927,19,1995.19,1495.18
CUST_001253,0.99855036,1,1,High Risk,USA,North America,Manufacturing,Small Business,Basic,Annual,57.79,4.0,45.2,13.6,-21.0,26,176,22,1743.76,1232.23
CUST_006609,0.99854904,1,1,High Risk,UK,Europe,Education,Small Business,Business,Annual,366.88,2.0,39.6,6.3,-19.0,19,445,14,6770.22,5504.03
CUST_017737,0.99854773,1,1,High Risk,UK,Europe,Retail,Startup,Basic,Annual,28.4,5.0,56.5,14.8,-3.0,14,157,12,583.84,372.41
CUST_009057,0.99854726,1,1,High Risk,Germany,Europe,Education,Startup,Basic,Monthly,32.57,2.0,56.0,14.7,-19.0,22,400,18,867.37,471.27
CUST_002125,0.9985468,1,1,High Risk,UK,Europe,Education,Startup,Basic,Annual,24.61,5.0,39.8,8.0,19.0,8,72,16,663.2,384.33
CUST_007829,0.9985468,1,1,High Risk,Canada,North America,Retail,Startup,Basic,Monthly,22.16,8.0,40.1,10.6,-10.0,27,438,13,367.87,140.13
CUST_018666,0.9985454,1,1,High Risk,USA,North America,Other,Startup,Basic,Monthly,35.59,3.0,53.3,14.2,27.0,10,100,15,920.82,580.06
CUST_012553,0.9985446,1,1,High Risk,UK,Europe,Technology,Startup,Professional,Monthly,84.7,6.0,38.1,17.3,17.0,8,64,21,3206.96,2521.07
CUST_010773,0.9985415,1,1,High Risk,Australia,APAC,Healthcare,Startup,Basic,Annual,27.49,6.0,25.4,5.0,-48.0,23,587,12,417.15,203.22
CUST_014528,0.99854136,1,1,High Risk,USA,North America,Technology,Startup,Basic,Annual,24.42,6.0,32.0,9.7,24.0,4,63,16,721.08,434.39
CUST_004376,0.9985404,1,1,High Risk,USA,North America,Technology,Small Business,Basic,Monthly,29.82,0.0,45.3,18.3,-9.0,16,368,22,1030.31,551.92
CUST_013313,0.9985399,1,1,High Risk,USA,North America,Other,Small Business,Business,Multi-Year,362.64,4.0,31.8,15.7,-36.0,9,162,14,7538.88,6044.03
CUST_010567,0.9985393,1,1,High Risk,Canada,North America,Real Estate,Startup,Business,Monthly,203.36,5.0,38.4,17.8,-6.0,15,327,13,4660.65,3887.32
CUST_003717,0.9985367,1,1,High Risk,USA,North America,Manufacturing,Startup,Basic,Monthly,24.9,5.0,53.4,18.6,35.0,28,810,16,497.6,254.67
CUST_019986,0.99853516,1,1,High Risk,Germany,Europe,Education,Startup,Basic,Monthly,31.94,5.0,77.0,24.0,8.0,15,120,18,970.75,634.64
CUST_014907,0.99853265,1,1,High Risk,USA,North America,Technology,Startup,Professional,Monthly,98.19,7.0,42.8,0.8,-9.0,13,283,11,1811.23,1419.05
CUST_002385,0.9985322,1,1,High Risk,Canada,North America,Retail,Startup,Business,Monthly,220.28,3.0,37.4,15.3,-4.0,11,184,13,4264.74,3425.64
CUST_019392,0.9985311,1,1,High Risk,USA,North America,Real Estate,Startup,Business,Monthly,165.74,6.0,43.6,12.3,30.0,26,397,20,4634.06,3542.0
CUST_002653,0.9985311,1,1,High Risk,USA,North America,Real Estate,Mid-Market,Business,Annual,1012.63,3.0,68.1,26.5,30.0,30,644,16,17378.2,14268.5
CUST_011561,0.99852943,1,1,High Risk,USA,North America,Manufacturing,Startup,Basic,Annual,31.33,10.0,45.5,18.5,-36.0,21,209,17,792.7,468.64
CUST_010917,0.9985292,1,1,High Risk,UK,Europe,Manufacturing,Small Business,Professional,Multi-Year,148.57,4.0,45.8,8.7,7.0,13,292,18,3855.76,3086.18
CUST_004114,0.99852896,1,1,High Risk,Germany,Europe,Technology,Startup,Basic,Annual,32.63,3.0,30.1,8.4,-3.0,10,118,15,699.66,440.44
CUST_015997,0.9985281,1,1,High Risk,India,APAC,Manufacturing,Mid-Market,Business,Annual,1069.66,1.0,56.8,12.0,45.0,7,146,13,22116.56,18782.53
CUST_008478,0.9985273,1,1,High Risk,Australia,APAC,Retail,Small Business,Professional,Multi-Year,135.62,5.0,68.8,18.9,18.0,9,190,17,3650.25,2842.67
CUST_004099,0.9985261,1,1,High Risk,USA,North America,Other,Startup,Basic,Monthly,38.13,2.0,20.8,9.0,5.0,32,298,16,824.64,513.75
CUST_010573,0.99852365,1,1,High Risk,Canada,North America,Manufacturing,Startup,Professional,Annual,92.98,1.0,47.1,15.5,24.0,17,208,11,1604.73,1227.67
CUST_005253,0.99852103,1,1,High Risk,USA,North America,Technology,Small Business,Professional,Multi-Year,108.81,1.0,49.0,12.4,-0.0,28,600,16,1849.43,1285.62
CUST_012901,0.9985207,1,1,High Risk,UK,Europe,Manufacturing,Small Business,Professional,Monthly,150.75,3.0,48.0,9.6,-9.0,20,581,16,3025.9,2368.76
CUST_006212,0.9985207,1,1,High Risk,USA,North America,Healthcare,Startup,Basic,Monthly,31.81,5.0,70.1,23.3,3.0,16,304,17,838.24,479.04
CUST_008175,0.9985191,1,1,High Risk,USA,North America,Real Estate,Small Business,Basic,Annual,61.26,1.0,53.6,14.0,28.0,19,253,15,1425.95,1001.45
CUST_004625,0.998519,1,1,High Risk,Germany,Europe,Technology,Startup,Basic,Annual,30.19,3.0,61.2,20.7,18.0,8,108,18,865.51,418.62
CUST_016947,0.9985178,1,1,High Risk,Germany,Europe,Education,Startup,Basic,Annual,33.08,5.0,37.9,14.0,11.0,2,31,14,998.65,683.05
CUST_007012,0.9985177,1,1,High Risk,USA,North America,Technology,Small Business,Enterprise,Annual,1268.66,7.0,56.4,18.4,-25.0,20,575,14,21697.27,17936.65
CUST_015111,0.9985154,1,1,High Risk,USA,North America,Manufacturing,Startup,Basic,Multi-Year,34.99,5.0,46.1,7.9,38.0,6,129,15,752.31,423.16
CUST_010386,0.99851483,1,1,High Risk,Other,LATAM,Technology,Startup,Business,Monthly,147.12,5.0,38.3,13.8,24.0,26,551,15,3150.01,2464.96
CUST_018581,0.9985146,1,1,High Risk,USA,North America,Real Estate,Small Business,Business,Multi-Year,545.77,4.0,50.2,15.4,8.0,7,128,16,13671.45,11324.51
CUST_014605,0.998514,1,1,High Risk,Canada,North America,Real Estate,Startup,Basic,Monthly,33.9,6.0,25.5,4.6,1.0,4,60,14,926.27,618.29
CUST_019829,0.9985129,1,1,High Risk,UK,Europe,Technology,Startup,Enterprise,Monthly,810.1,9.0,48.3,15.1,-2.0,8,213,9,13409.25,11345.2
CUST_016243,0.99851257,1,1,High Risk,Canada,North America,Manufacturing,Small Business,Professional,Annual,183.57,2.0,57.5,15.9,45.0,23,232,16,4195.1,3361.15
CUST_017857,0.99850947,1,1,High Risk,USA,North America,Finance,Mid-Market,Business,Annual,967.99,5.0,48.4,16.6,-2.0,7,121,16,25237.21,21119.51
CUST_015880,0.99850947,1,1,High Risk,USA,North America,Retail,Startup,Professional,Monthly,120.85,2.0,50.9,9.8,1.0,31,674,19,2913.09,2286.73
CUST_004865,0.9985078,1,1,High Risk,USA,North America,Other,Startup,Basic,Monthly,30.53,2.0,30.7,7.0,-5.0,9,179,15,758.14,466.76
CUST_002216,0.9985077,1,1,High Risk,Germany,Europe,Finance,Startup,Professional,Monthly,66.28,9.0,50.8,6.8,6.0,4,112,14,1745.43,1277.12
CUST_004562,0.99850756,1,1,High Risk,Other,LATAM,Manufacturing,Startup,Basic,Multi-Year,32.71,5.0,39.5,8.9,-29.0,3,73,15,872.87,542.58
CUST_008686,0.9985071,1,1,High Risk,USA,North America,Finance,Small Business,Professional,Annual,129.71,6.0,29.8,2.6,8.0,18,252,12,2213.26,1752.74
CUST_001007,0.9985055,1,1,High Risk,USA,North America,Manufacturing,Startup,Professional,Annual,90.36,3.0,45.4,17.4,-26.0,4,40,19,3347.47,2610.0
CUST_005288,0.998505,1,1,High Risk,USA,North America,Healthcare,Startup,Basic,Monthly,37.35,8.0,34.2,11.2,-13.0,27,545,15,755.19,472.75
CUST_002468,0.99850404,1,1,High Risk,USA,North America,Real Estate,Startup,Basic,Monthly,32.16,5.0,45.5,8.7,-6.0,13,382,17,1033.94,598.11
CUST_001712,0.9985037,1,1,High Risk,India,APAC,Technology,Mid-Market,Professional,Annual,446.5,3.0,62.0,21.5,28.0,5,88,17,13629.44,11283.17
CUST_000222,0.99850273,1,1,High Risk,USA,North America,Manufacturing,Small Business,Professional,Annual,117.38,4.0,24.2,13.1,-23.0,28,195,18,3052.72,2369.58
CUST_011601,0.99850273,1,1,High Risk,India,APAC,Real Estate,Startup,Professional,Annual,96.22,4.0,42.8,5.8,5.0,4,113,15,2566.73,1979.84
CUST_015126,0.9985018,1,1,High Risk,USA,North America,Technology,Mid-Market,Business,Multi-Year,1030.44,4.0,64.9,20.0,10.0,9,175,19,25512.75,20775.92
CUST_007038,0.99850094,1,1,High Risk,USA,North America,Healthcare,Startup,Basic,Monthly,30.44,6.0,35.4,11.4,-3.0,12,297,13,498.48,282.83
CUST_008283,0.9984994,1,1,High Risk,USA,North America,Real Estate,Small Business,Professional,Monthly,134.68,9.0,33.6,5.2,11.0,18,295,13,2595.74,2064.5
CUST_004587,0.99849916,1,1,High Risk,USA,North America,Healthcare,Startup,Basic,Annual,42.14,3.0,30.5,4.3,-13.0,26,335,10,598.5,390.09
CUST_017683,0.9984977,1,1,High Risk,Germany,Europe,Healthcare,Mid-Market,Business,Multi-Year,1123.66,5.0,69.9,18.9,8.0,26,388,20,28883.07,23955.0
CUST_017339,0.9984968,1,1,High Risk,USA,North America,Education,Startup,Basic,Monthly,29.59,2.0,57.9,22.5,0.0,33,919,21,737.01,376.19
CUST_002808,0.9984939,1,1,High Risk,USA,North America,Real Estate,Startup,Business,Monthly,331.9,1.0,24.8,4.6,1.0,13,372,14,9123.63,7603.52
CUST_004372,0.9984933,1,1,High Risk,Australia,APAC,Education,Startup,Basic,Monthly,43.99,7.0,24.4,10.4,-49.0,30,545,14,783.12,456.75
CUST_005828,0.9984884,1,1,High Risk,Germany,Europe,Technology,Startup,Basic,Monthly,27.55,4.0,41.0,9.1,14.0,17,172,20,912.29,498.21
CUST_016069,0.9984882,1,1,High Risk,UK,Europe,Real Estate,Startup,Business,Monthly,204.38,3.0,46.2,2.7,32.0,29,748,15,3916.46,3111.75
CUST_007408,0.99848527,1,1,High Risk,USA,North America,Other,Startup,Professional,Monthly,107.24,3.0,38.6,22.1,-23.0,24,551,15,2025.62,1549.02
CUST_019417,0.9984816,1,1,High Risk,India,APAC,Real Estate,Startup,Professional,Multi-Year,86.42,1.0,64.8,10.8,23.0,3,45,18,3012.34,2274.27
CUST_019686,0.9984804,1,1,High Risk,USA,North America,Education,Startup,Basic,Monthly,23.34,6.0,13.3,5.0,-56.0,14,397,11,435.79,185.26
CUST_000131,0.9984781,1,1,High Risk,Canada,North America,Healthcare,Startup,Basic,Monthly,36.05,2.0,67.4,24.3,20.0,22,218,17,873.33,542.33
CUST_006415,0.99847716,1,1,High Risk,Germany,Europe,Manufacturing,Startup,Basic,Monthly,35.89,3.0,52.3,6.8,5.0,15,409,10,627.92,450.71
CUST_013010,0.9984769,1,1,High Risk,USA,North America,Real Estate,Small Business,Professional,Annual,156.65,3.0,38.4,11.1,14.0,11,265,11,2319.58,1768.39
CUST_008585,0.99847597,1,1,High Risk,UK,Europe,Education,Small Business,Business,Monthly,359.23,5.0,43.3,16.5,-25.0,14,222,12,6879.22,5737.14
CUST_014448,0.998475,1,1,High Risk,Canada,North America,Technology,Startup,Basic,Monthly,25.02,2.0,26.5,7.1,-12.0,12,270,11,370.31,210.88
CUST_011523,0.99847466,1,1,High Risk,India,APAC,Manufacturing,Startup,Basic,Annual,31.49,0.0,49.9,6.1,32.0,29,378,23,981.71,543.04
CUST_018938,0.99847454,1,1,High Risk,USA,North America,Manufacturing,Startup,Professional,Monthly,86.24,11.0,58.5,19.0,-11.0,31,849,20,2046.53,1520.84
CUST_014297,0.9984738,1,1,High Risk,USA,North America,Retail,Small Business,Basic,Monthly,60.27,3.0,40.2,15.0,30.0,34,442,21,1546.88,1027.77
CUST_015829,0.9984737,1,1,High Risk,USA,North America,Healthcare,Startup,Basic,Annual,25.47,7.0,29.6,10.7,-18.0,29,340,13,432.91,167.31
CUST_014787,0.99847335,1,1,High Risk,USA,North America,Technology,Startup,Basic,Monthly,35.56,3.0,72.4,25.1,-10.0,12,294,15,824.43,557.86
CUST_015359,0.99846834,1,1,High Risk,USA,North America,Technology,Startup,Basic,Monthly,35.73,6.0,55.1,18.2,-31.0,18,236,12,676.76,427.47
CUST_002678,0.9984666,1,1,High Risk,Australia,APAC,Retail,Small Business,Basic,Multi-Year,41.54,1.0,40.0,11.4,-6.0,27,776,18,901.46,476.65
CUST_003439,0.9984652,1,1,High Risk,USA,North America,Real Estate,Small Business,Professional,Monthly,152.94,4.0,56.0,19.4,8.0,2,29,20,6330.13,5147.78
CUST_001462,0.9984628,1,1,High Risk,Canada,North America,Education,Mid-Market,Enterprise,Multi-Year,3432.23,6.0,62.9,16.3,-4.0,27,749,16,63294.78,52481.08
CUST_011113,0.99846244,1,1,High Risk,Canada,North America,Technology,Mid-Market,Business,Multi-Year,933.98,4.0,33.6,9.3,26.0,15,296,17,21191.65,17451.16
CUST_011434,0.9984603,1,1,High Risk,UK,Europe,Real Estate,Small Business,Basic,Monthly,57.68,3.0,56.1,23.1,13.0,5,84,16,1776.96,1362.18
CUST_005610,0.9984591,1,1,High Risk,USA,North America,Technology,Startup,Basic,Annual,23.94,4.0,37.8,5.8,42.0,28,213,16,558.09,249.9
CUST_002948,0.99845743,1,1,High Risk,Australia,APAC,Healthcare,Startup,Professional,Annual,91.65,4.0,42.8,13.0,3.0,17,329,15,2033.85,1450.51
CUST_008432,0.99845684,1,1,High Risk,USA,North America,Real Estate,Small Business,Professional,Multi-Year,196.08,10.0,38.8,19.7,3.0,29,190,14,3348.16,2632.03
CUST_009898,0.99845517,1,1,High Risk,Australia,APAC,Finance,Small Business,Professional,Annual,164.87,0.0,26.3,8.1,-5.0,4,118,13,3583.4,2839.89
CUST_007056,0.99845374,1,1,High Risk,USA,North America,Healthcare,Startup,Basic,Monthly,24.28,6.0,21.3,9.0,-21.0,5,108,13,530.98,268.23
CUST_008872,0.99845004,1,1,High Risk,USA,North America,Technology,Small Business,Professional,Annual,108.41,3.0,30.9,8.6,-5.0,8,164,15,2422.12,1823.53
CUST_013892,0.99844897,1,1,High Risk,Germany,Europe,Healthcare,Mid-Market,Business,Annual,1040.98,0.0,58.4,20.3,10.0,19,382,15,22347.0,18552.17
CUST_010506,0.99844736,1,1,High Risk,USA,North America,Education,Startup,Basic,Monthly,29.81,3.0,53.0,13.7,9.0,14,288,14,667.95,381.16
CUST_002481,0.99844724,1,1,High Risk,UK,Europe,Manufacturing,Small Business,Professional,Annual,148.37,2.0,53.6,17.1,56.0,3,50,15,4337.15,3510.45
CUST_005886,0.99844724,1,1,High Risk,Australia,APAC,Retail,Startup,Basic,Monthly,24.45,5.0,50.5,16.0,-12.0,11,135,16,662.07,380.53
CUST_000190,0.9984421,1,1,High Risk,USA,North America,Finance,Startup,Basic,Monthly,23.77,2.0,37.2,12.6,-18.0,28,733,14,463.99,273.99
CUST_001200,0.99844176,1,1,High Risk,USA,North America,Manufacturing,Startup,Business,Monthly,257.86,3.0,59.3,16.7,18.0,6,106,16,6926.69,5649.0
CUST_019533,0.9984409,1,1,High Risk,UK,Europe,Education,Startup,Professional,Annual,84.03,3.0,45.0,21.6,33.0,3,71,14,2060.43,1571.77
CUST_008974,0.99843913,1,1,High Risk,USA,North America,Technology,Startup,Professional,Monthly,93.37,0.0,50.3,15.3,41.0,15,230,14,2152.67,1675.9
CUST_004016,0.99843913,1,1,High Risk,Germany,Europe,Technology,Startup,Basic,Monthly,38.14,5.0,59.3,20.0,-11.0,3,52,16,1255.35,867.57
CUST_019385,0.99843913,1,1,High Risk,Germany,Europe,Real Estate,Small Business,Business,Annual,381.47,4.0,64.6,26.5,-10.0,3,35,18,12050.17,9768.12
CUST_018376,0.99843794,1,1,High Risk,India,APAC,Retail,Small Business,Basic,Monthly,58.61,7.0,61.0,17.2,-28.0,4,49,16,1726.26,1236.6
CUST_016865,0.99843735,1,1,High Risk,India,APAC,Other,Startup,Basic,Annual,33.5,6.0,45.5,7.4,-1.0,9,167,16,790.85,426.33
CUST_016742,0.9984371,1,1,High Risk,USA,North America,Finance,Startup,Basic,Annual,32.83,3.0,52.5,18.5,14.0,5,64,21,1047.71,646.26
CUST_019378,0.9984346,1,1,High Risk,Germany,Europe,Retail,Small Business,Professional,Monthly,146.77,1.0,56.0,13.9,-10.0,19,358,14,3160.42,2569.97
CUST_007896,0.9984334,1,1,High Risk,Other,LATAM,Manufacturing,Startup,Basic,Monthly,31.86,3.0,31.5,15.9,-6.0,7,123,14,826.82,538.35
CUST_016896,0.9984333,1,1,High Risk,UK,Europe,Healthcare,Small Business,Business,Annual,365.69,0.0,22.1,7.3,-23.0,29,567,18,8200.26,6765.04
CUST_009849,0.998432,1,1,High Risk,USA,North America,Retail,Startup,Business,Annual,266.55,3.0,70.7,26.8,30.0,13,212,14,5587.46,4533.61
CUST_012647,0.9984309,1,1,High Risk,Australia,APAC,Education,Startup,Basic,Annual,24.33,3.0,56.0,2.8,5.0,23,444,11,347.06,162.82
CUST_009073,0.9984302,1,1,High Risk,USA,North America,Finance,Startup,Professional,Annual,122.71,5.0,38.5,0.8,-14.0,12,137,13,2561.3,2007.74
CUST_008748,0.99842995,1,1,High Risk,USA,North America,Finance,Startup,Basic,Annual,35.29,7.0,32.9,11.4,3.0,26,779,13,640.0,392.65
CUST_000391,0.99842876,1,1,High Risk,Australia,APAC,Technology,Startup,Basic,Monthly,29.34,1.0,47.3,13.1,2.0,15,297,15,650.92,331.42
CUST_004296,0.9984281,1,1,High Risk,UK,Europe,Retail,Small Business,Basic,Monthly,44.98,2.0,71.4,24.9,22.0,25,722,19,1215.16,811.44
CUST_007211,0.99842787,1,1,High Risk,UK,Europe,Retail,Startup,Enterprise,Monthly,846.03,3.0,34.3,5.0,24.0,24,507,12,14609.37,12274.72
CUST_010328,0.9984268,1,1,High Risk,USA,North America,Technology,Startup,Business,Monthly,234.81,4.0,25.3,8.7,-12.0,13,353,10,4331.58,3637.81
CUST_000164,0.9984267,1,1,High Risk,India,APAC,Education,Startup,Basic,Monthly,27.72,6.0,29.6,13.2,-22.0,28,230,14,626.84,346.52
CUST_007071,0.9984263,1,1,High Risk,USA,North America,Manufacturing,Small Business,Business,Annual,393.03,7.0,50.5,7.9,0.0,15,231,12,7010.83,5749.8
CUST_009249,0.99842525,1,1,High Risk,UK,Europe,Real Estate,Small Business,Basic,Multi-Year,42.43,1.0,50.0,17.1,23.0,19,500,18,974.85,606.94
CUST_016205,0.9984231,1,1,High Risk,Other,MEA,Technology,Mid-Market,Business,Annual,1152.5,2.0,93.6,26.5,7.0,28,352,22,33110.67,27819.29
CUST_015650,0.99842024,1,1,High Risk,Australia,APAC,Manufacturing,Small Business,Professional,Monthly,116.44,7.0,19.5,0.6,7.0,32,817,13,1786.37,1340.05
CUST_001579,0.99842,1,1,High Risk,Germany,Europe,Finance,Startup,Professional,Annual,89.95,6.0,28.7,7.2,-2.0,11,87,16,2411.75,1847.53
CUST_004165,0.99841726,1,1,High Risk,USA,North America,Finance,Startup,Business,Annual,192.35,1.0,62.4,21.7,11.0,16,403,16,4455.72,3563.32
CUST_013656,0.99841535,1,1,High Risk,USA,North America,Finance,Startup,Basic,Annual,27.79,3.0,41.4,6.2,-14.0,17,417,15,565.8,199.34
CUST_015542,0.99841523,1,1,High Risk,USA,North America,Technology,Startup,Professional,Annual,92.95,5.0,27.0,11.6,-18.0,30,279,16,2055.15,1442.96
CUST_005404,0.9984144,1,1,High Risk,Other,LATAM,Healthcare,Mid-Market,Enterprise,Monthly,2970.29,3.0,68.4,17.9,14.0,17,160,15,73505.07,62481.19
CUST_015434,0.99841285,1,1,High Risk,Canada,North America,Finance,Small Business,Professional,Monthly,156.74,6.0,21.3,4.3,-15.0,14,301,9,2224.21,1831.12
CUST_012287,0.998412,1,1,High Risk,USA,North America,Retail,Mid-Market,Enterprise,Annual,2853.7,0.0,64.6,18.9,20.0,19,306,16,68036.04,57605.48
CUST_015418,0.9984092,1,1,High Risk,UK,Europe,Retail,Small Business,Basic,Annual,44.87,10.0,34.7,14.5,-46.0,13,89,19,1306.02,867.14
CUST_003651,0.9984091,1,1,High Risk,USA,North America,Real Estate,Startup,Professional,Monthly,95.92,1.0,62.9,18.8,18.0,16,265,14,2310.68,1822.58
CUST_004091,0.99840885,1,1,High Risk,USA,North America,Finance,Small Business,Basic,Monthly,43.45,2.0,36.2,14.9,21.0,18,139,14,964.24,639.8
CUST_000094,0.9984086,1,1,High Risk,USA,North America,Technology,Small Business,Business,Multi-Year,359.98,1.0,64.1,28.8,37.0,6,136,17,9759.6,7953.47
CUST_008926,0.9984066,1,1,High Risk,USA,North America,Healthcare,Small Business,Business,Annual,441.52,2.0,41.4,13.4,17.0,10,155,12,7882.39,6325.96
CUST_014156,0.998406,1,1,High Risk,Canada,North America,Manufacturing,Small Business,Basic,Monthly,55.45,3.0,53.6,16.3,13.0,3,44,18,2213.42,1637.82
CUST_001137,0.9984049,1,1,High Risk,Australia,APAC,Manufacturing,Small Business,Professional,Monthly,199.9,2.0,40.5,18.7,-8.0,13,218,13,4246.08,3443.84
CUST_009048,0.99840266,1,1,High Risk,UK,Europe,Technology,Small Business,Professional,Monthly,132.6,4.0,59.3,22.2,-7.0,2,28,17,4594.18,3717.46
CUST_003893,0.9984012,1,1,High Risk,Germany,Europe,Other,Startup,Basic,Monthly,27.19,3.0,45.4,13.8,40.0,15,336,13,611.36,366.46
CUST_010370,0.9983992,1,1,High Risk,UK,Europe,Healthcare,Mid-Market,Business,Annual,749.25,5.0,56.0,19.4,23.0,17,431,15,15830.25,12892.18
CUST_018571,0.99839836,1,1,High Risk,India,APAC,Healthcare,Startup,Professional,Monthly,90.31,10.0,51.5,12.5,-28.0,18,536,13,1683.2,1330.32
CUST_001977,0.998398,1,1,High Risk,UK,Europe,Other,Startup,Business,Monthly,207.28,4.0,14.4,3.1,-20.0,15,132,16,5516.25,4475.83
CUST_006169,0.9983944,1,1,High Risk,Canada,North America,Education,Startup,Basic,Annual,30.35,3.0,47.0,12.5,-12.0,25,626,19,632.16,327.22
CUST_013624,0.9983889,1,1,High Risk,India,APAC,Healthcare,Small Business,Business,Monthly,452.09,2.0,61.2,17.7,35.0,14,189,15,11246.12,9334.78
CUST_003005,0.9983884,1,1,High Risk,USA,North America,Other,Startup,Professional,Monthly,96.47,9.0,23.4,6.3,8.0,4,47,15,2805.51,2197.51
CUST_019834,0.99838734,1,1,High Risk,Germany,Europe,Technology,Small Business,Enterprise,Annual,1191.29,7.0,60.4,19.2,-24.0,18,368,14,22083.4,17858.05
CUST_000469,0.9983866,1,1,High Risk,UK,Europe,Real Estate,Startup,Professional,Annual,103.14,3.0,29.2,7.1,27.0,1,23,21,4778.44,3745.22
CUST_017555,0.9983851,1,1,High Risk,UK,Europe,Healthcare,Small Business,Professional,Monthly,137.22,4.0,49.4,13.1,-20.0,21,442,15,2823.06,2207.71
CUST_007379,0.99838483,1,1,High Risk,USA,North America,Real Estate,Startup,Basic,Monthly,26.04,6.0,56.1,17.6,-3.0,28,628,18,617.48,258.13
CUST_015237,0.9983816,1,1,High Risk,USA,North America,Other,Startup,Basic,Monthly,24.82,2.0,40.9,13.5,-5.0,11,93,20,837.82,414.52
CUST_005613,0.99838114,1,1,High Risk,Australia,APAC,Retail,Startup,Basic,Annual,33.48,4.0,42.4,11.1,-4.0,21,519,14,667.41,416.15
CUST_007214,0.9983796,1,1,High Risk,UK,Europe,Technology,Startup,Basic,Monthly,27.79,3.0,65.7,18.4,14.0,25,293,14,581.26,315.9
CUST_018228,0.9983796,1,1,High Risk,USA,North America,Technology,Mid-Market,Business,Annual,761.18,10.0,39.1,16.2,-31.0,5,49,18,25041.31,21192.1
CUST_004978,0.99837935,1,1,High Risk,USA,North America,Retail,Small Business,Professional,Monthly,142.15,5.0,58.6,17.5,-2.0,35,821,18,2642.96,2025.12
CUST_014469,0.99837875,1,1,High Risk,UK,Europe,Education,Startup,Basic,Monthly,26.86,5.0,41.9,10.9,-15.0,22,163,16,683.12,389.07
CUST_010975,0.9983777,1,1,High Risk,UK,Europe,Education,Mid-Market,Enterprise,Annual,3430.17,7.0,35.7,8.8,-8.0,14,328,15,79723.51,67750.27
CUST_002234,0.9983765,1,1,High Risk,Germany,Europe,Finance,Startup,Professional,Monthly,93.49,2.0,59.6,15.9,13.0,8,95,14,2121.94,1620.78
CUST_009177,0.99837554,1,1,High Risk,Canada,North America,Healthcare,Startup,Professional,Monthly,100.86,4.0,32.1,10.7,3.0,5,105,14,2588.75,2098.45
CUST_011427,0.99837494,1,1,High Risk,USA,North America,Retail,Startup,Basic,Annual,22.47,4.0,46.6,15.1,15.0,8,201,9,334.49,180.74
CUST_006189,0.99837434,1,1,High Risk,UK,Europe,Finance,Small Business,Business,Annual,432.98,2.0,38.4,5.6,22.0,25,313,14,7213.5,5855.36
CUST_012712,0.9983736,1,1,High Risk,USA,North America,Retail,Startup,Basic,Monthly,28.81,8.0,50.7,18.8,-20.0,8,72,17,914.7,562.72
CUST_012981,0.9983734,1,1,High Risk,UK,Europe,Finance,Startup,Business,Monthly,216.35,3.0,57.2,10.1,22.0,12,125,17,5909.94,4839.81
CUST_003962,0.99837327,1,1,High Risk,India,APAC,Retail,Small Business,Professional,Annual,150.15,2.0,53.7,21.1,53.0,32,266,19,3465.38,2648.11
CUST_000713,0.9983718,1,1,High Risk,USA,North America,Retail,Small Business,Basic,Annual,64.45,3.0,26.5,9.2,-12.0,15,277,13,1319.15,1014.74
CUST_002626,0.99836975,1,1,High Risk,Australia,APAC,Technology,Small Business,Business,Annual,463.09,10.0,33.4,11.5,16.0,28,461,17,10898.49,9055.85
CUST_001335,0.99836904,1,1,High Risk,Australia,APAC,Technology,Small Business,Basic,Multi-Year,53.05,6.0,50.7,9.9,19.0,9,124,14,1105.28,791.44
CUST_019122,0.9983677,1,1,High Risk,India,APAC,Manufacturing,Startup,Basic,Monthly,28.69,2.0,60.3,10.7,50.0,21,613,12,447.39,234.08
CUST_008422,0.9983669,1,1,High Risk,Other,MEA,Technology,Startup,Professional,Annual,78.43,6.0,27.2,5.3,37.0,22,308,14,1544.89,1131.12
CUST_005966,0.9983646,1,1,High Risk,Canada,North America,Manufacturing,Startup,Professional,Annual,79.92,4.0,63.6,21.9,0.0,3,61,13,2002.91,1579.91
CUST_014029,0.9983632,1,1,High Risk,USA,North America,Retail,Mid-Market,Enterprise,Annual,3310.49,0.0,45.2,14.3,10.0,27,809,17,62229.5,52038.5
CUST_014410,0.99836224,1,1,High Risk,Other,MEA,Education,Small Business,Professional,Multi-Year,112.81,6.0,40.2,13.5,14.0,11,78,19,3212.91,2451.66
CUST_018338,0.99835974,1,1,High Risk,USA,North America,Finance,Startup,Basic,Annual,29.68,2.0,63.5,25.1,40.0,16,404,12,557.23,330.17
CUST_017502,0.99835914,1,1,High Risk,USA,North America,Finance,Startup,Professional,Annual,108.12,2.0,72.1,22.2,2.0,2,41,16,3334.77,2538.5
CUST_010503,0.9983576,1,1,High Risk,Other,MEA,Real Estate,Enterprise,Professional,Annual,856.18,1.0,100.0,27.0,59.0,18,312,16,19423.23,16121.99
CUST_006345,0.99835724,1,1,High Risk,USA,North America,Manufacturing,Startup,Basic,Monthly,32.03,6.0,50.8,11.9,34.0,29,307,16,766.27,406.24
CUST_019639,0.99835616,1,1,High Risk,USA,North America,Manufacturing,Startup,Business,Monthly,325.46,3.0,38.4,9.3,-1.0,22,375,12,5384.35,4459.9
CUST_017876,0.9983541,1,1,High Risk,Germany,Europe,Technology,Startup,Basic,Annual,34.0,1.0,41.9,15.4,-9.0,21,241,14,772.84,428.63
CUST_009889,0.99835384,1,1,High Risk,USA,North America,Finance,Startup,Basic,Monthly,23.76,7.0,44.4,19.3,-9.0,19,225,13,480.04,232.82
CUST_005390,0.9983537,1,1,High Risk,Other,MEA,Manufacturing,Startup,Basic,Multi-Year,28.03,6.0,60.6,18.5,-13.0,25,440,18,654.03,395.93
CUST_008950,0.99835217,1,1,High Risk,USA,North America,Healthcare,Small Business,Basic,Monthly,75.78,4.0,55.5,17.5,3.0,20,575,17,1864.39,1350.98
CUST_003115,0.9983516,1,1,High Risk,Germany,Europe,Technology,Startup,Professional,Monthly,103.52,1.0,46.4,14.6,-34.0,3,70,14,2869.56,2326.9
CUST_001089,0.99835026,1,1,High Risk,Other,MEA,Finance,Small Business,Professional,Monthly,146.05,4.0,59.7,20.3,9.0,21,217,15,3413.08,2730.86
CUST_013419,0.99834895,1,1,High Risk,USA,North America,Manufacturing,Small Business,Professional,Annual,181.72,2.0,18.4,1.7,-30.0,6,75,20,6022.87,4805.98
CUST_006118,0.9983463,1,1,High Risk,USA,North America,Retail,Startup,Basic,Monthly,31.32,4.0,49.1,12.6,-22.0,20,167,16,710.77,396.67
CUST_012000,0.9983444,1,1,High Risk,UK,Europe,Technology,Startup,Professional,Monthly,92.87,1.0,35.4,6.9,-2.0,9,140,13,2125.44,1611.03
CUST_011431,0.99834406,1,1,High Risk,USA,North America,Manufacturing,Small Business,Professional,Monthly,131.11,3.0,42.2,11.5,3.0,9,65,21,4466.87,3466.23
CUST_006723,0.9983432,1,1,High Risk,Canada,North America,Retail,Startup,Enterprise,Monthly,844.37,7.0,49.8,18.7,4.0,15,408,14,19010.56,16161.46
CUST_011646,0.9983432,1,1,High Risk,India,APAC,Real Estate,Small Business,Basic,Annual,43.33,7.0,56.0,8.5,-11.0,17,244,14,956.75,648.69
CUST_009823,0.99834156,1,1,High Risk,Germany,Europe,Healthcare,Startup,Business,Monthly,277.84,2.0,48.7,9.1,30.0,23,479,14,5124.75,4163.25
CUST_008937,0.99833715,1,1,High Risk,USA,North America,Healthcare,Small Business,Professional,Annual,102.71,6.0,63.4,14.7,9.0,3,45,15,2953.94,2321.24
CUST_005025,0.9983368,1,1,High Risk,Canada,North America,Education,Small Business,Professional,Annual,180.75,3.0,71.1,29.0,33.0,12,137,17,4723.18,3832.05
CUST_011617,0.9983365,1,1,High Risk,UK,Europe,Technology,Startup,Basic,Annual,29.68,7.0,30.3,13.2,11.0,31,481,19,721.23,369.36
CUST_006899,0.998336,1,1,High Risk,USA,North America,Technology,Startup,Business,Monthly,256.72,2.0,42.3,12.4,-2.0,15,419,13,5478.39,4466.05
CUST_015996,0.9983352,1,1,High Risk,USA,North America,Manufacturing,Startup,Basic,Monthly,23.13,7.0,35.6,5.7,-5.0,11,123,13,505.35,262.03
CUST_000638,0.9983341,1,1,High Risk,USA,North America,Healthcare,Mid-Market,Professional,Multi-Year,393.69,6.0,56.0,11.9,-33.0,20,268,14,7785.88,6396.27
CUST_018582,0.99833316,1,1,High Risk,USA,North America,Retail,Mid-Market,Enterprise,Annual,2807.9,1.0,60.6,16.9,-7.0,26,554,16,52559.59,43417.33
CUST_003854,0.9983329,1,1,High Risk,UK,Europe,Healthcare,Startup,Professional,Monthly,90.35,3.0,56.0,12.5,30.0,8,136,16,2417.13,1782.03
CUST_010985,0.9983322,1,1,High Risk,USA,North America,Finance,Startup,Basic,Annual,26.72,2.0,36.4,5.9,10.0,22,368,16,564.38,290.16
CUST_010897,0.9983303,1,1,High Risk,UK,Europe,Manufacturing,Startup,Professional,Annual,73.31,5.0,45.2,18.3,-26.0,22,579,15,1389.11,969.18
CUST_012955,0.99833006,1,1,High Risk,Canada,North America,Healthcare,Mid-Market,Professional,Annual,441.18,3.0,78.9,21.9,13.0,7,142,14,9652.51,8020.9
CUST_003132,0.99832994,1,1,High Risk,Canada,North America,Education,Startup,Professional,Monthly,118.89,6.0,56.2,15.6,-10.0,2,31,14,3870.56,3165.58
CUST_017202,0.9983297,1,1,High Risk,USA,North America,Education,Mid-Market,Professional,Annual,356.98,1.0,65.5,27.7,7.0,15,123,16,9172.77,7650.34
CUST_009051,0.9983297,1,1,High Risk,UK,Europe,Retail,Startup,Professional,Monthly,73.29,2.0,33.3,3.8,15.0,11,215,9,1043.82,789.18
CUST_004331,0.99832886,1,1,High Risk,USA,North America,Finance,Startup,Professional,Annual,67.85,4.0,51.4,18.9,8.0,26,216,18,1713.44,1155.47
CUST_014046,0.99832755,1,1,High Risk,Germany,Europe,Retail,Small Business,Professional,Monthly,133.81,5.0,35.9,16.7,-42.0,28,685,15,2456.51,1896.59
CUST_011437,0.99832743,1,1,High Risk,UK,Europe,Technology,Startup,Professional,Monthly,76.47,5.0,49.9,14.4,-13.0,2,37,14,2151.51,1565.13
CUST_005157,0.9983229,1,1,High Risk,USA,North America,Healthcare,Startup,Professional,Monthly,82.51,5.0,48.4,14.9,3.0,6,109,15,2282.69,1796.19
CUST_018269,0.9983228,1,1,High Risk,UK,Europe,Retail,Small Business,Professional,Monthly,112.9,4.0,73.7,15.7,49.0,9,239,14,2544.14,1996.99
CUST_010936,0.9983223,1,1,High Risk,Germany,Europe,Finance,Startup,Basic,Annual,26.54,2.0,62.8,15.9,-7.0,3,63,14,721.29,480.99
CUST_011333,0.9983211,1,1,High Risk,USA,North America,Healthcare,Startup,Professional,Monthly,67.38,1.0,32.2,5.1,41.0,7,134,15,1838.42,1393.39
CUST_000194,0.998321,1,1,High Risk,UK,Europe,Other,Startup,Professional,Monthly,107.49,7.0,22.4,4.4,-42.0,18,395,13,2185.26,1662.52
CUST_011731,0.9983183,1,1,High Risk,Germany,Europe,Technology,Small Business,Business,Annual,391.65,3.0,59.6,6.1,-3.0,22,584,10,5009.71,4156.06
CUST_010846,0.9983146,1,1,High Risk,USA,North America,Manufacturing,Small Business,Professional,Monthly,156.38,4.0,43.2,12.6,-14.0,10,189,9,2493.47,2020.67
CUST_002735,0.99830997,1,1,High Risk,UK,Europe,Retail,Startup,Professional,Annual,104.85,2.0,78.8,26.8,44.0,5,122,17,2907.29,2255.49
CUST_008554,0.9983095,1,1,High Risk,UK,Europe,Finance,Small Business,Professional,Annual,130.29,2.0,47.8,9.5,30.0,16,415,16,3213.86,2564.59
CUST_001389,0.998309,1,1,High Risk,UK,Europe,Technology,Startup,Business,Monthly,227.24,6.0,45.1,19.1,-9.0,14,187,12,4223.68,3462.91
CUST_007677,0.9983064,1,1,High Risk,USA,North America,Healthcare,Small Business,Professional,Annual,174.91,4.0,23.3,10.2,-22.0,1,26,16,5915.22,4747.19
CUST_014099,0.9983032,1,1,High Risk,USA,North America,Education,Small Business,Professional,Monthly,156.91,2.0,37.0,11.5,-11.0,3,32,18,5081.86,4062.16
CUST_007698,0.9983028,1,1,High Risk,USA,North America,Education,Startup,Business,Monthly,215.09,8.0,14.7,4.1,-14.0,17,453,13,3838.82,3044.87
CUST_004041,0.9983005,1,1,High Risk,USA,North America,Healthcare,Startup,Professional,Monthly,86.51,7.0,45.4,14.4,-47.0,19,252,11,1440.84,1117.57
CUST_013982,0.99829966,1,1,High Risk,USA,North America,Education,Startup,Basic,Monthly,29.94,1.0,58.3,15.5,16.0,20,203,18,794.52,432.8
CUST_010673,0.99829954,1,1,High Risk,USA,North America,Retail,Small Business,Basic,Monthly,35.81,3.0,41.6,9.1,-6.0,23,323,14,693.84,382.87
CUST_000928,0.9982992,1,1,High Risk,Other,LATAM,Real Estate,Startup,Business,Monthly,292.74,0.0,45.4,13.9,-29.0,9,90,15,7644.12,6409.88
CUST_012486,0.9982973,1,1,High Risk,Canada,North America,Finance,Small Business,Professional,Monthly,210.49,4.0,53.3,21.8,-19.0,16,117,18,6518.46,5386.03
CUST_003166,0.99829644,1,1,High Risk,Australia,APAC,Retail,Small Business,Basic,Annual,55.4,2.0,42.4,12.5,20.0,2,42,14,1552.45,1137.21
CUST_008346,0.99829274,1,1,High Risk,India,APAC,Healthcare,Startup,Basic,Annual,40.87,3.0,43.7,13.2,43.0,5,113,16,1128.76,796.62
CUST_009156,0.9982919,1,1,High Risk,USA,North America,Manufacturing,Startup,Basic,Annual,26.21,7.0,39.0,15.7,-21.0,2,34,15,759.07,428.71
CUST_002977,0.9982906,1,1,High Risk,India,APAC,Technology,Startup,Professional,Monthly,103.98,5.0,43.7,21.7,3.0,33,507,14,1717.2,1250.22
CUST_016464,0.99828964,1,1,High Risk,Other,LATAM,Education,Startup,Basic,Monthly,35.21,4.0,55.1,11.8,-3.0,22,375,18,871.83,528.27
CUST_000749,0.99828726,1,1,High Risk,USA,North America,Retail,Small Business,Professional,Monthly,99.68,6.0,42.6,15.7,-12.0,9,71,16,2852.29,2217.08
CUST_018319,0.9982856,1,1,High Risk,USA,North America,Healthcare,Small Business,Business,Monthly,460.4,1.0,59.6,22.4,9.0,24,250,18,10828.98,8941.61
CUST_006104,0.9982836,1,1,High Risk,UK,Europe,Technology,Small Business,Basic,Multi-Year,50.77,3.0,59.3,22.9,2.0,26,646,16,897.55,577.3
CUST_005453,0.9982815,1,1,High Risk,UK,Europe,Real Estate,Small Business,Professional,Monthly,176.17,9.0,30.4,6.7,10.0,15,291,16,4223.55,3415.37
CUST_018118,0.9982804,1,1,High Risk,UK,Europe,Finance,Startup,Professional,Monthly,108.83,1.0,43.0,10.3,22.0,7,116,12,2291.11,1838.78
CUST_006946,0.998278,1,1,High Risk,USA,North America,Education,Small Business,Business,Annual,510.63,6.0,56.7,9.8,-19.0,25,543,14,8602.92,6808.6
CUST_002110,0.998278,1,1,High Risk,India,APAC,Healthcare,Startup,Professional,Annual,114.69,3.0,62.3,18.6,21.0,25,615,16,2366.15,1795.51
CUST_006168,0.99827635,1,1,High Risk,Germany,Europe,Technology,Small Business,Basic,Monthly,61.47,0.0,38.2,9.5,-31.0,30,566,19,1527.35,994.16
CUST_011639,0.9982753,1,1,High Risk,India,APAC,Technology,Startup,Basic,Annual,23.25,3.0,40.3,13.9,-40.0,16,373,14,589.87,360.17
CUST_013888,0.99827456,1,1,High Risk,Germany,Europe,Retail,Startup,Professional,Annual,65.0,3.0,45.4,15.8,41.0,23,568,14,1212.45,875.06
CUST_010380,0.99827445,1,1,High Risk,USA,North America,Retail,Startup,Basic,Monthly,30.17,7.0,38.4,16.4,10.0,5,105,14,796.54,549.9
CUST_003313,0.99827254,1,1,High Risk,Other,LATAM,Finance,Startup,Professional,Monthly,81.07,5.0,59.9,12.3,8.0,34,692,11,997.76,720.72
CUST_006043,0.9982724,1,1,High Risk,Other,MEA,Technology,Small Business,Basic,Multi-Year,67.72,3.0,50.9,11.5,0.0,24,493,19,1575.78,1077.67
CUST_002171,0.9982705,1,1,High Risk,USA,North America,Manufacturing,Small Business,Business,Monthly,445.9,4.0,33.8,0.4,22.0,29,717,13,7442.6,6190.41
CUST_018576,0.9982685,1,1,High Risk,USA,North America,Finance,Startup,Professional,Monthly,89.77,7.0,23.6,6.7,-45.0,8,98,14,2237.37,1725.27
CUST_012743,0.99826765,1,1,High Risk,Germany,Europe,Manufacturing,Small Business,Professional,Monthly,135.03,7.0,65.3,16.9,21.0,23,178,18,3395.96,2672.64
CUST_018510,0.998264,1,1,High Risk,USA,North America,Retail,Small Business,Professional,Multi-Year,169.09,5.0,40.0,11.6,-30.0,12,289,10,2231.34,1722.67
CUST_004393,0.99826354,1,1,High Risk,USA,North America,Retail,Startup,Basic,Monthly,34.12,4.0,50.2,19.1,20.0,30,731,17,758.29,398.55
CUST_007925,0.9982626,1,1,High Risk,USA,North America,Real Estate,Startup,Business,Monthly,285.14,3.0,37.8,12.2,-17.0,20,431,14,5721.29,4749.14
CUST_005212,0.99826175,1,1,High Risk,USA,North America,Retail,Startup,Professional,Annual,90.33,3.0,62.0,18.0,60.0,18,298,17,2150.23,1576.71
CUST_016816,0.9982614,1,1,High Risk,Canada,North America,Technology,Small Business,Professional,Annual,120.81,5.0,11.0,2.9,-19.0,18,147,18,3248.65,2535.6
CUST_010819,0.99825937,1,1,High Risk,UK,Europe,Healthcare,Startup,Basic,Monthly,19.23,3.0,56.4,12.1,-9.0,15,353,11,352.87,179.23
CUST_010459,0.99825794,1,1,High Risk,Canada,North America,Manufacturing,Mid-Market,Business,Monthly,867.18,5.0,53.4,17.1,-18.0,12,298,12,14495.51,12119.54
CUST_006876,0.99825734,1,1,High Risk,India,APAC,Finance,Small Business,Business,Monthly,463.02,6.0,30.8,5.5,-41.0,23,340,15,9683.56,7993.86
CUST_015374,0.9982502,1,1,High Risk,USA,North America,Healthcare,Startup,Basic,Monthly,39.96,3.0,38.0,11.2,-4.0,31,195,13,732.28,494.87
CUST_010802,0.9982497,1,1,High Risk,USA,North America,Education,Startup,Basic,Annual,28.0,5.0,26.7,7.1,-5.0,29,729,16,541.53,251.48
CUST_019953,0.99824846,1,1,High Risk,UK,Europe,Healthcare,Startup,Business,Monthly,308.52,7.0,25.0,7.7,-40.0,10,150,14,6754.93,5533.32
CUST_010168,0.9982468,1,1,High Risk,UK,Europe,Finance,Mid-Market,Business,Annual,1130.87,7.0,56.0,17.2,-13.0,13,314,13,20950.86,17713.29
CUST_005174,0.9982468,1,1,High Risk,USA,North America,Retail,Small Business,Professional,Monthly,149.22,4.0,63.6,22.7,-24.0,14,412,15,3763.28,3077.95
CUST_008746,0.99824655,1,1,High Risk,USA,North America,Education,Small Business,Business,Annual,642.36,5.0,37.4,18.4,3.0,25,564,15,11423.23,9199.19
CUST_006649,0.9982462,1,1,High Risk,Other,MEA,Manufacturing,Mid-Market,Professional,Monthly,420.27,6.0,83.4,26.0,-12.0,4,70,22,18461.87,15493.66
CUST_005531,0.9982399,1,1,High Risk,UK,Europe,Education,Small Business,Business,Monthly,401.75,4.0,54.2,23.0,4.0,26,352,16,9317.72,7745.26
CUST_002676,0.99823654,1,1,High Risk,Canada,North America,Technology,Startup,Business,Multi-Year,306.41,3.0,40.3,12.3,24.0,17,330,15,5481.25,4321.49
CUST_019304,0.9982357,1,1,High Risk,Other,MEA,Manufacturing,Small Business,Professional,Monthly,170.48,5.0,53.4,16.4,-23.0,7,118,15,4306.48,3476.77
CUST_007169,0.9982339,1,1,High Risk,USA,North America,Finance,Small Business,Professional,Multi-Year,143.87,5.0,26.1,11.6,11.0,21,584,11,1987.64,1555.66
CUST_002923,0.9982303,1,1,High Risk,USA,North America,Technology,Startup,Professional,Monthly,131.79,4.0,44.2,16.9,14.0,23,678,16,2307.84,1733.42
CUST_011273,0.9982287,1,1,High Risk,Australia,APAC,Retail,Startup,Professional,Monthly,89.04,6.0,31.4,14.1,-13.0,26,207,16,2140.1,1539.58
CUST_002649,0.99822825,1,1,High Risk,USA,North America,Manufacturing,Small Business,Professional,Annual,144.51,10.0,60.1,14.9,-42.0,14,294,12,2349.02,1789.64
CUST_017956,0.9982261,1,1,High Risk,India,APAC,Retail,Startup,Basic,Monthly,32.29,7.0,50.0,10.2,-22.0,18,456,13,590.15,274.31
CUST_003908,0.9982253,1,1,High Risk,Canada,North America,Retail,Small Business,Professional,Annual,130.11,2.0,71.4,20.7,6.0,11,168,13,2505.01,1985.93
CUST_019073,0.99822444,1,1,High Risk,Canada,North America,Healthcare,Small Business,Business,Monthly,544.08,3.0,38.7,14.9,-24.0,14,272,14,12692.92,10602.34
CUST_000594,0.998223,1,1,High Risk,UK,Europe,Education,Startup,Professional,Monthly,114.08,8.0,49.1,14.3,-5.0,3,32,17,4210.18,3437.22
CUST_005540,0.9982204,1,1,High Risk,USA,North America,Education,Small Business,Basic,Monthly,51.9,5.0,35.2,6.3,11.0,27,658,12,758.46,444.09
CUST_014561,0.99822,1,1,High Risk,USA,North America,Technology,Small Business,Basic,Annual,44.27,8.0,33.1,14.4,-39.0,29,878,17,852.09,507.3
CUST_000880,0.9982152,1,1,High Risk,USA,North America,Other,Startup,Business,Monthly,208.93,3.0,56.0,6.9,-19.0,21,132,15,5003.83,4117.84
CUST_009818,0.99821496,1,1,High Risk,USA,North America,Technology,Startup,Basic,Annual,32.41,8.0,32.0,10.5,-11.0,17,245,11,533.11,357.11
CUST_004413,0.99821067,1,1,High Risk,Australia,APAC,Education,Small Business,Professional,Multi-Year,171.88,2.0,55.0,9.8,10.0,9,69,20,5676.35,4486.74
CUST_016185,0.9982053,1,1,High Risk,Canada,North America,Education,Small Business,Basic,Annual,44.99,4.0,34.2,12.1,-13.0,8,111,16,1215.47,762.93
CUST_001004,0.99820065,1,1,High Risk,USA,North America,Education,Startup,Basic,Monthly,36.02,5.0,45.8,15.0,-29.0,5,67,18,1186.18,787.23
CUST_018406,0.99819916,1,1,High Risk,USA,North America,Retail,Mid-Market,Basic,Multi-Year,103.07,2.0,58.1,20.5,17.0,3,52,16,2855.62,2205.64
CUST_019957,0.99819857,1,1,High Risk,USA,North America,Real Estate,Startup,Professional,Monthly,99.2,4.0,30.3,9.1,18.0,3,63,15,3043.99,2424.5
CUST_010776,0.99819857,1,1,High Risk,USA,North America,Healthcare,Startup,Basic,Monthly,22.56,7.0,41.6,19.0,-19.0,19,232,11,404.86,186.44
CUST_011376,0.99819845,1,1,High Risk,UK,Europe,Other,Mid-Market,Professional,Multi-Year,351.02,5.0,61.3,14.0,32.0,6,149,16,8492.59,6890.16
CUST_017749,0.99819595,1,1,High Risk,Canada,North America,Finance,Small Business,Basic,Monthly,58.9,3.0,46.8,11.6,14.0,17,376,17,1699.39,1154.14
CUST_017289,0.99819463,1,1,High Risk,Germany,Europe,Technology,Startup,Basic,Monthly,22.69,4.0,37.9,9.0,-10.0,11,185,10,312.41,114.02
CUST_015501,0.9981938,1,1,High Risk,UK,Europe,Technology,Startup,Professional,Monthly,81.67,7.0,29.6,7.5,-20.0,8,151,15,2268.6,1798.23
CUST_004718,0.99818856,1,1,High Risk,Canada,North America,Education,Small Business,Basic,Multi-Year,36.28,7.0,18.2,10.9,-38.0,15,123,17,860.11,481.37
CUST_014670,0.99818844,1,1,High Risk,USA,North America,Manufacturing,Startup,Professional,Monthly,121.52,8.0,38.4,11.8,-3.0,13,175,15,3042.97,2416.54
CUST_007203,0.9981877,1,1,High Risk,Germany,Europe,Real Estate,Small Business,Business,Monthly,289.1,4.0,60.4,18.3,33.0,27,382,13,5470.68,4497.23
CUST_014679,0.9981864,1,1,High Risk,Germany,Europe,Real Estate,Small Business,Business,Annual,339.52,1.0,51.0,14.8,27.0,3,59,17,10447.82,8724.72
CUST_018873,0.99818546,1,1,High Risk,UK,Europe,Manufacturing,Startup,Professional,Annual,82.84,3.0,35.5,16.1,-14.0,28,417,14,1431.1,991.44
CUST_013695,0.99817955,1,1,High Risk,USA,North America,Retail,Small Business,Professional,Annual,149.03,4.0,43.6,15.5,-1.0,28,680,16,2842.86,2252.56
CUST_019971,0.99817777,1,1,High Risk,USA,North America,Manufacturing,Startup,Basic,Monthly,28.47,4.0,61.9,14.0,-3.0,5,63,18,942.4,550.41
CUST_007477,0.99817634,1,1,High Risk,UK,Europe,Technology,Startup,Professional,Monthly,92.68,4.0,15.9,0.0,-29.0,33,313,16,2023.85,1525.44
CUST_016316,0.9981741,1,1,High Risk,USA,North America,Manufacturing,Startup,Professional,Monthly,91.61,6.0,36.7,20.0,-32.0,15,159,14,2160.76,1651.1
CUST_001013,0.99817216,1,1,High Risk,Australia,APAC,Other,Startup,Basic,Monthly,25.54,4.0,56.0,12.0,6.0,31,315,13,440.17,220.13
CUST_014901,0.9981686,1,1,High Risk,Germany,Europe,Manufacturing,Small Business,Basic,Annual,38.92,4.0,55.0,14.3,3.0,24,640,16,755.0,431.73
CUST_006854,0.99816763,1,1,High Risk,USA,North America,Finance,Startup,Professional,Monthly,107.39,4.0,43.9,20.7,-17.0,32,189,19,2810.68,2169.17
CUST_015692,0.9981673,1,1,High Risk,Australia,APAC,Retail,Small Business,Basic,Monthly,58.05,0.0,58.2,20.2,15.0,12,74,17,1866.74,1388.91
CUST_010669,0.9981646,1,1,High Risk,Germany,Europe,Real Estate,Startup,Basic,Annual,32.31,6.0,36.7,13.2,10.0,27,787,20,793.59,441.42
CUST_008323,0.9981629,1,1,High Risk,India,APAC,Technology,Startup,Basic,Monthly,28.84,4.0,50.1,13.0,28.0,14,128,14,600.17,305.21
CUST_016297,0.998162,1,1,High Risk,USA,North America,Education,Small Business,Professional,Annual,116.18,6.0,9.4,2.7,-13.0,3,42,14,3071.53,2408.46
CUST_012078,0.9981597,1,1,High Risk,Australia,APAC,Manufacturing,Startup,Basic,Monthly,34.22,3.0,49.4,10.9,-5.0,32,229,16,820.81,443.93
CUST_003063,0.9981583,1,1,High Risk,UK,Europe,Technology,Small Business,Business,Monthly,364.44,6.0,68.0,19.4,-1.0,9,146,15,8913.83,7419.0
CUST_005936,0.9981565,1,1,High Risk,India,APAC,Other,Startup,Basic,Monthly,45.61,2.0,25.5,13.0,-74.0,8,49,20,1676.48,1129.93
CUST_006886,0.99815613,1,1,High Risk,Canada,North America,Real Estate,Startup,Basic,Annual,20.67,2.0,63.1,20.1,1.0,22,650,15,349.79,121.97
CUST_003403,0.9981554,1,1,High Risk,Germany,Europe,Education,Mid-Market,Enterprise,Annual,4543.61,4.0,46.9,14.0,22.0,18,265,13,87039.76,73506.67
CUST_002845,0.9981516,1,1,High Risk,USA,North America,Other,Startup,Basic,Monthly,26.64,9.0,20.7,7.5,-46.0,17,446,11,426.09,229.04
CUST_001795,0.9981509,1,1,High Risk,UK,Europe,Manufacturing,Small Business,Basic,Annual,47.48,4.0,37.4,12.7,7.0,28,196,17,1095.9,727.4
CUST_010511,0.99814785,1,1,High Risk,USA,North America,Retail,Small Business,Professional,Annual,161.43,4.0,50.9,16.6,-0.0,11,204,13,2989.11,2370.77
CUST_010044,0.99814594,1,1,High Risk,USA,North America,Retail,Startup,Basic,Monthly,36.39,6.0,39.8,8.9,10.0,6,93,12,836.65,545.97
CUST_003998,0.9981431,1,1,High Risk,USA,North America,Retail,Startup,Basic,Monthly,31.08,6.0,35.2,8.9,4.0,12,132,15,785.47,382.92
CUST_017981,0.99814284,1,1,High Risk,Germany,Europe,Technology,Small Business,Professional,Annual,168.9,0.0,45.7,14.5,-4.0,25,516,17,3809.59,2992.09
CUST_019470,0.9981414,1,1,High Risk,USA,North America,Retail,Startup,Basic,Annual,35.26,2.0,40.8,6.5,2.0,27,277,15,700.56,359.4
CUST_017987,0.99814117,1,1,High Risk,USA,North America,Technology,Startup,Basic,Monthly,25.53,4.0,45.2,14.5,-15.0,4,48,16,735.58,404.66
CUST_012649,0.99813986,1,1,High Risk,USA,North America,Healthcare,Startup,Professional,Annual,99.16,1.0,50.3,15.0,44.0,2,29,19,3892.48,3055.64
CUST_012826,0.99813867,1,1,High Risk,USA,North America,Real Estate,Small Business,Business,Annual,394.41,4.0,77.4,24.4,40.0,6,111,19,12283.14,10097.01
CUST_017225,0.9981384,1,1,High Risk,Canada,North America,Technology,Mid-Market,Enterprise,Annual,3286.1,2.0,46.0,13.1,23.0,25,389,13,59076.63,49346.32
CUST_016664,0.9981376,1,1,High Risk,UK,Europe,Retail,Startup,Professional,Multi-Year,108.29,7.0,55.4,15.0,11.0,21,350,16,2501.82,1934.86
CUST_013259,0.99813724,1,1,High Risk,Germany,Europe,Healthcare,Small Business,Basic,Annual,54.52,9.0,39.5,17.3,-24.0,23,664,13,835.4,525.22
CUST_013556,0.9981357,1,1,High Risk,Australia,APAC,Healthcare,Small Business,Business,Monthly,360.63,5.0,39.0,5.6,-8.0,23,271,14,7267.58,6097.83
CUST_008152,0.99813443,1,1,High Risk,USA,North America,Manufacturing,Startup,Basic,Annual,26.32,4.0,85.0,18.5,29.0,27,250,16,482.73,192.48
CUST_011861,0.9981329,1,1,High Risk,Germany,Europe,Retail,Startup,Basic,Monthly,31.73,4.0,54.2,18.3,-14.0,33,867,15,523.96,214.32
CUST_015411,0.9981306,1,1,High Risk,USA,North America,Technology,Small Business,Business,Annual,467.69,3.0,31.5,10.2,-25.0,11,309,11,6691.81,5582.06
CUST_006475,0.99812835,1,1,High Risk,Australia,APAC,Retail,Startup,Basic,Annual,27.65,3.0,35.7,13.6,-0.0,2,22,22,1213.75,737.07
CUST_018537,0.99812454,1,1,High Risk,Canada,North America,Technology,Small Business,Enterprise,Annual,1622.63,5.0,59.3,12.5,13.0,3,57,18,53389.39,45304.13
CUST_005843,0.99812,1,1,High Risk,USA,North America,Healthcare,Startup,Basic,Monthly,30.52,9.0,16.6,5.5,-9.0,33,985,13,412.88,181.32
CUST_007213,0.9981183,1,1,High Risk,USA,North America,Manufacturing,Mid-Market,Business,Multi-Year,764.48,7.0,36.1,13.8,-9.0,13,80,22,23866.1,19509.9
CUST_017970,0.9981171,1,1,High Risk,UK,Europe,Technology,Startup,Professional,Monthly,83.46,0.0,18.4,8.0,-13.0,30,377,20,2305.02,1738.17
CUST_005572,0.9981134,1,1,High Risk,UK,Europe,Education,Startup,Professional,Monthly,111.71,0.0,29.1,12.7,-44.0,5,109,16,3293.52,2697.9
CUST_018657,0.99811184,1,1,High Risk,USA,North America,Finance,Small Business,Basic,Annual,48.34,5.0,32.2,5.0,-30.0,6,101,19,1528.24,1028.43
CUST_000567,0.9981098,1,1,High Risk,USA,North America,Technology,Startup,Business,Annual,198.37,7.0,53.3,20.0,13.0,15,350,13,4033.2,3211.43
CUST_010865,0.9981096,1,1,High Risk,Australia,APAC,Technology,Startup,Basic,Monthly,35.29,6.0,38.9,9.3,12.0,1,24,16,1367.27,949.54
CUST_009498,0.9981071,1,1,High Risk,UK,Europe,Healthcare,Small Business,Business,Annual,426.29,9.0,38.3,15.7,-13.0,1,28,16,14719.72,12407.09
CUST_000359,0.99810684,1,1,High Risk,USA,North America,Technology,Startup,Professional,Monthly,108.26,4.0,51.7,20.4,-2.0,11,147,17,2814.5,2190.47
CUST_001075,0.998106,1,1,High Risk,USA,North America,Finance,Startup,Professional,Monthly,106.61,1.0,48.7,12.5,28.0,15,404,16,2635.04,2016.53
CUST_018296,0.99810517,1,1,High Risk,Other,MEA,Manufacturing,Small Business,Basic,Multi-Year,49.62,3.0,24.4,12.4,-19.0,29,632,14,770.53,446.08
CUST_019872,0.9981048,1,1,High Risk,USA,North America,Retail,Startup,Basic,Annual,32.24,7.0,27.4,13.7,-47.0,17,422,10,466.69,266.76
CUST_000109,0.9981029,1,1,High Risk,Germany,Europe,Other,Small Business,Professional,Annual,158.86,7.0,53.3,22.3,3.0,28,505,13,2423.06,1895.05
CUST_007529,0.9981018,1,1,High Risk,Canada,North America,Healthcare,Startup,Basic,Monthly,29.67,6.0,30.8,7.3,-8.0,20,392,10,418.06,262.67
CUST_016260,0.99809927,1,1,High Risk,Germany,Europe,Technology,Startup,Professional,Monthly,106.25,6.0,41.3,21.9,3.0,15,74,17,2811.23,2149.5
CUST_014021,0.9980926,1,1,High Risk,USA,North America,Manufacturing,Startup,Basic,Monthly,27.23,5.0,55.8,16.4,30.0,20,220,17,696.96,391.21
CUST_019445,0.998092,1,1,High Risk,Canada,North America,Retail,Mid-Market,Business,Annual,1147.2,2.0,64.5,17.9,30.0,15,254,10,16996.39,14297.76
CUST_006533,0.99808866,1,1,High Risk,USA,North America,Manufacturing,Mid-Market,Business,Annual,1132.79,3.0,62.3,20.3,31.0,34,326,17,23279.2,19430.35
CUST_006811,0.99808806,1,1,High Risk,UK,Europe,Technology,Startup,Basic,Monthly,27.58,7.0,27.7,16.7,-19.0,30,403,16,609.74,329.76
CUST_003990,0.9980877,1,1,High Risk,UK,Europe,Finance,Startup,Basic,Annual,32.71,3.0,71.2,13.6,43.0,28,829,20,780.96,431.94
CUST_013037,0.99808747,1,1,High Risk,UK,Europe,Manufacturing,Startup,Professional,Annual,92.28,5.0,31.0,0.0,-18.0,14,125,18,2589.53,1935.09
CUST_014486,0.9980868,1,1,High Risk,USA,North America,Manufacturing,Startup,Business,Monthly,215.0,3.0,41.8,11.8,-11.0,31,445,18,5140.65,4148.45
CUST_012357,0.99808466,1,1,High Risk,USA,North America,Finance,Startup,Professional,Annual,77.66,1.0,83.0,28.4,11.0,6,100,19,2426.1,1836.9
CUST_018823,0.9980819,1,1,High Risk,USA,North America,Healthcare,Startup,Professional,Monthly,116.93,4.0,31.0,6.2,-1.0,3,27,17,4522.8,3694.66
CUST_011964,0.9980805,1,1,High Risk,USA,North America,Technology,Mid-Market,Basic,Multi-Year,112.13,5.0,49.1,7.0,8.0,11,226,15,2239.83,1735.74
CUST_008792,0.9980804,1,1,High Risk,Germany,Europe,Real Estate,Small Business,Basic,Monthly,53.68,5.0,51.6,16.3,21.0,25,637,16,1163.3,809.86
CUST_005926,0.9980793,1,1,High Risk,USA,North America,Technology,Startup,Professional,Monthly,89.35,4.0,56.1,14.1,-10.0,6,98,18,2843.21,2196.34
CUST_018153,0.9980773,1,1,High Risk,USA,North America,Technology,Small Business,Professional,Monthly,147.71,5.0,59.6,16.8,33.0,24,589,17,3049.47,2336.83
CUST_000212,0.99807656,1,1,High Risk,UK,Europe,Other,Startup,Professional,Monthly,65.14,4.0,36.4,15.0,11.0,9,135,14,1534.39,1124.82
CUST_007721,0.9980757,1,1,High Risk,Germany,Europe,Real Estate,Small Business,Professional,Annual,138.87,5.0,44.6,17.1,8.0,2,45,15,4123.1,3297.56
CUST_009056,0.9980731,1,1,High Risk,Canada,North America,Manufacturing,Small Business,Basic,Annual,51.98,6.0,49.9,13.3,22.0,4,50,22,2203.23,1605.86
CUST_002684,0.9980716,1,1,High Risk,Canada,North America,Education,Small Business,Professional,Annual,140.88,6.0,28.4,4.1,-20.0,18,390,15,2996.8,2316.85
CUST_005780,0.99807113,1,1,High Risk,Germany,Europe,Technology,Small Business,Professional,Annual,200.19,3.0,61.5,19.3,25.0,9,120,16,5218.0,4256.06
CUST_008534,0.99807113,1,1,High Risk,USA,North America,Other,Startup,Professional,Monthly,81.13,6.0,37.9,7.7,-17.0,12,148,15,1954.16,1478.5
CUST_016755,0.99806947,1,1,High Risk,USA,North America,Manufacturing,Startup,Professional,Annual,68.34,3.0,51.0,14.4,-22.0,9,129,16,1631.55,1189.91
CUST_016818,0.99806565,1,1,High Risk,USA,North America,Education,Startup,Basic,Annual,24.06,9.0,45.8,12.5,-6.0,12,91,14,558.02,304.07
CUST_016346,0.9980634,1,1,High Risk,USA,North America,Technology,Mid-Market,Business,Annual,1074.73,6.0,33.3,3.1,25.0,17,320,11,12922.03,10130.66
CUST_017247,0.99806327,1,1,High Risk,USA,North America,Retail,Small Business,Basic,Monthly,55.6,2.0,33.3,9.3,-13.0,6,53,21,2131.25,1565.46
CUST_001278,0.9980629,1,1,High Risk,Germany,Europe,Real Estate,Startup,Professional,Annual,101.86,2.0,39.2,8.6,43.0,25,581,14,1699.55,1192.15
CUST_017388,0.9980616,1,1,High Risk,USA,North America,Real Estate,Small Business,Business,Monthly,389.38,7.0,51.0,11.7,-36.0,6,98,13,8809.68,7414.83
CUST_008693,0.99806005,1,1,High Risk,UK,Europe,Finance,Startup,Business,Monthly,222.47,5.0,34.2,10.3,-34.0,33,994,13,3093.5,2443.46
CUST_009867,0.998059,1,1,High Risk,USA,North America,Retail,Small Business,Business,Annual,444.13,6.0,44.3,8.0,-14.0,23,363,13,8452.8,7009.89
CUST_014270,0.9980585,1,1,High Risk,USA,North America,Manufacturing,Startup,Basic,Annual,24.52,7.0,31.9,8.1,-34.0,13,123,19,660.41,246.48
CUST_017859,0.99805546,1,1,High Risk,UK,Europe,Finance,Startup,Basic,Monthly,25.55,8.0,10.4,0.0,-28.0,11,114,16,650.92,357.42
CUST_011433,0.9980545,1,1,High Risk,Canada,North America,Manufacturing,Startup,Basic,Monthly,24.89,4.0,74.3,24.6,-16.0,14,141,14,577.5,339.29
CUST_010740,0.99805284,1,1,High Risk,USA,North America,Education,Startup,Basic,Monthly,30.74,1.0,27.0,9.4,7.0,24,551,12,483.5,283.22
CUST_016328,0.99805176,1,1,High Risk,UK,Europe,Technology,Small Business,Professional,Annual,170.92,6.0,63.3,15.3,29.0,7,189,13,3367.35,2629.46
CUST_008835,0.9980507,1,1,High Risk,Australia,APAC,Manufacturing,Startup,Basic,Monthly,28.46,1.0,61.4,12.1,5.0,31,658,20,789.6,441.41
CUST_002182,0.9980507,1,1,High Risk,UK,Europe,Retail,Startup,Business,Annual,317.38,5.0,50.9,13.8,-7.0,31,204,15,5628.32,4521.71
CUST_000677,0.99805,1,1,High Risk,USA,North America,Education,Startup,Basic,Monthly,29.71,7.0,29.4,10.3,-26.0,16,93,16,773.27,381.13
CUST_019242,0.99804807,1,1,High Risk,USA,North America,Manufacturing,Small Business,Professional,Annual,147.81,3.0,35.5,13.9,16.0,12,217,11,2473.53,1908.08
CUST_005616,0.9980478,1,1,High Risk,UK,Europe,Healthcare,Startup,Basic,Annual,31.06,5.0,26.7,0.0,-9.0,3,38,14,802.34,504.3
CUST_013887,0.9980477,1,1,High Risk,UK,Europe,Technology,Startup,Professional,Monthly,102.76,6.0,72.7,25.6,-8.0,33,193,16,2262.44,1724.1
CUST_009270,0.99804604,1,1,High Risk,USA,North America,Retail,Small Business,Basic,Multi-Year,58.22,6.0,42.0,11.2,-13.0,19,398,16,1115.73,734.11
CUST_017209,0.9980434,1,1,High Risk,Australia,APAC,Retail,Startup,Business,Monthly,211.71,3.0,38.0,10.3,11.0,4,99,14,4996.46,4076.45
CUST_014546,0.9980428,1,1,High Risk,USA,North America,Education,Small Business,Professional,Monthly,176.6,10.0,38.9,9.2,-10.0,12,326,9,2500.31,2049.01
CUST_018047,0.9980416,1,1,High Risk,USA,North America,Technology,Mid-Market,Business,Annual,906.47,2.0,38.5,4.1,10.0,25,691,13,14928.23,12495.08
CUST_003142,0.9980405,1,1,High Risk,Australia,APAC,Finance,Small Business,Enterprise,Monthly,1366.6,4.0,56.3,15.8,29.0,10,90,17,38065.81,32092.21
CUST_000438,0.99803895,1,1,High Risk,Other,LATAM,Other,Startup,Basic,Monthly,27.64,5.0,28.6,6.1,17.0,7,99,16,749.03,441.7
CUST_003438,0.99803776,1,1,High Risk,USA,North America,Finance,Startup,Basic,Monthly,35.54,5.0,38.7,14.1,-7.0,2,40,12,916.17,612.12
CUST_013772,0.9980362,1,1,High Risk,India,APAC,Manufacturing,Startup,Basic,Monthly,27.06,0.0,46.4,10.9,36.0,6,125,14,671.27,399.15
CUST_001999,0.99803597,1,1,High Risk,India,APAC,Retail,Startup,Basic,Monthly,24.83,3.0,38.8,8.9,19.0,20,367,15,581.74,333.13
CUST_001247,0.99803215,1,1,High Risk,USA,North America,Finance,Startup,Basic,Monthly,34.44,1.0,56.7,23.6,9.0,31,721,21,871.49,530.95
CUST_004448,0.99803215,1,1,High Risk,USA,North America,Other,Startup,Professional,Monthly,76.92,7.0,34.8,15.4,-63.0,18,147,16,1879.87,1404.31
CUST_002877,0.998027,1,1,High Risk,India,APAC,Technology,Small Business,Enterprise,Annual,2152.59,4.0,68.6,22.5,5.0,23,380,17,50059.55,42298.16
CUST_014331,0.998027,1,1,High Risk,USA,North America,Healthcare,Startup,Professional,Monthly,63.6,2.0,61.0,15.2,12.0,26,295,15,1401.23,968.25
CUST_013970,0.9980268,1,1,High Risk,USA,North America,Education,Small Business,Business,Annual,271.37,4.0,70.5,20.4,10.0,23,561,16,5461.49,4435.17
CUST_006605,0.99802446,1,1,High Risk,Australia,APAC,Real Estate,Startup,Business,Monthly,310.62,1.0,53.5,16.7,18.0,26,269,19,8772.0,7226.79
CUST_014672,0.9980235,1,1,High Risk,USA,North America,Education,Small Business,Professional,Annual,179.77,1.0,76.2,27.4,22.0,27,209,17,4389.46,3514.8
CUST_007986,0.9980204,1,1,High Risk,USA,North America,Healthcare,Small Business,Professional,Annual,110.72,3.0,34.4,9.7,23.0,5,134,14,2394.9,1851.67
CUST_004366,0.99801767,1,1,High Risk,USA,North America,Healthcare,Startup,Basic,Monthly,35.48,4.0,39.5,11.1,-13.0,28,496,10,460.89,248.54
CUST_019808,0.99801767,1,1,High Risk,Australia,APAC,Technology,Startup,Professional,Multi-Year,80.55,7.0,24.5,7.5,-48.0,10,252,12,1368.05,963.06
CUST_017961,0.9980171,1,1,High Risk,USA,North America,Finance,Startup,Professional,Monthly,99.95,2.0,29.8,7.1,-6.0,34,690,14,1783.74,1256.26
CUST_003041,0.99801576,1,1,High Risk,Canada,North America,Retail,Startup,Professional,Annual,91.7,4.0,51.3,16.7,20.0,1,23,21,4324.48,3382.37
CUST_012183,0.998014,1,1,High Risk,USA,North America,Manufacturing,Startup,Basic,Annual,31.51,0.0,34.2,11.4,-30.0,15,400,11,558.41,337.09
CUST_017930,0.99801254,1,1,High Risk,USA,North America,Technology,Startup,Business,Monthly,242.61,2.0,46.1,12.4,14.0,6,85,15,6653.17,5429.35
CUST_017017,0.9980108,1,1,High Risk,UK,Europe,Education,Mid-Market,Business,Monthly,700.39,0.0,62.5,19.9,36.0,28,373,17,16548.19,14100.35
CUST_012197,0.99800986,1,1,High Risk,UK,Europe,Finance,Startup,Basic,Annual,37.98,3.0,45.1,10.2,25.0,24,188,12,744.83,494.37
CUST_006988,0.9980096,1,1,High Risk,USA,North America,Technology,Mid-Market,Professional,Annual,443.05,4.0,73.3,20.8,19.0,24,219,15,8072.05,6610.83
CUST_002967,0.99800736,1,1,High Risk,Australia,APAC,Technology,Small Business,Business,Annual,302.82,4.0,74.1,18.5,17.0,11,172,16,7910.37,6531.84
CUST_012931,0.99800414,1,1,High Risk,UK,Europe,Technology,Small Business,Professional,Annual,133.91,5.0,42.7,15.3,16.0,5,128,14,3114.55,2384.59
CUST_005149,0.998004,1,1,High Risk,Other,LATAM,Other,Startup,Professional,Monthly,89.54,2.0,67.2,14.9,19.0,26,493,16,1938.54,1452.3
CUST_002030,0.998004,1,1,High Risk,Canada,North America,Real Estate,Startup,Professional,Annual,99.37,8.0,39.0,12.9,-25.0,23,122,17,2542.18,1957.13
CUST_012599,0.998002,1,1,High Risk,USA,North America,Education,Small Business,Basic,Annual,46.91,7.0,32.8,17.0,17.0,11,112,18,1320.13,925.86
CUST_008868,0.99800044,1,1,High Risk,Canada,North America,Manufacturing,Mid-Market,Professional,Multi-Year,274.25,4.0,61.8,24.0,23.0,9,75,22,9488.1,7688.88
CUST_009049,0.9979984,1,1,High Risk,Canada,North America,Technology,Startup,Business,Monthly,178.13,4.0,46.8,18.8,-18.0,12,103,16,5374.09,4425.5
CUST_003464,0.9979965,1,1,High Risk,Australia,APAC,Finance,Startup,Basic,Annual,21.95,6.0,29.4,1.4,-22.0,24,399,15,437.96,176.75
CUST_005026,0.9979938,1,1,High Risk,USA,North America,Technology,Small Business,Business,Annual,352.03,5.0,61.2,13.6,11.0,20,287,15,6678.62,5443.8
CUST_004896,0.9979937,1,1,High Risk,USA,North America,Retail,Small Business,Professional,Monthly,157.23,4.0,48.4,20.0,-41.0,25,417,19,4534.24,3550.68
CUST_005849,0.9979936,1,1,High Risk,USA,North America,Manufacturing,Startup,Basic,Monthly,28.21,4.0,9.0,9.4,-11.0,13,105,23,1115.78,614.56
CUST_003957,0.99799323,1,1,High Risk,USA,North America,Retail,Startup,Basic,Monthly,30.32,4.0,49.4,21.0,11.0,15,160,15,745.94,492.67
CUST_007644,0.9979931,1,1,High Risk,Germany,Europe,Technology,Startup,Professional,Monthly,106.79,3.0,43.9,10.1,11.0,24,660,14,2003.35,1592.82
CUST_007036,0.99799,1,1,High Risk,UK,Europe,Healthcare,Small Business,Professional,Annual,148.12,4.0,28.3,9.7,-22.0,20,114,18,4273.28,3356.94
CUST_018587,0.9979893,1,1,High Risk,Australia,APAC,Healthcare,Startup,Basic,Annual,26.73,6.0,50.9,17.4,22.0,8,89,17,786.85,390.23
CUST_014213,0.9979888,1,1,High Risk,USA,North America,Technology,Enterprise,Enterprise,Annual,7390.47,7.0,64.9,20.4,11.0,3,52,16,209571.39,175677.83
CUST_018982,0.99798775,1,1,High Risk,USA,North America,Technology,Startup,Basic,Monthly,28.38,3.0,50.3,15.0,3.0,26,606,14,523.55,257.95
CUST_017582,0.99798524,1,1,High Risk,Other,LATAM,Technology,Startup,Basic,Monthly,28.23,7.0,55.9,16.0,11.0,27,718,18,663.64,371.85
CUST_008010,0.997985,1,1,High Risk,UK,Europe,Manufacturing,Startup,Professional,Annual,110.15,5.0,65.7,19.6,4.0,4,103,13,2390.14,1807.98
CUST_009974,0.99797755,1,1,High Risk,Australia,APAC,Technology,Startup,Basic,Monthly,21.76,3.0,41.5,13.6,17.0,14,164,13,454.13,232.71
CUST_015590,0.99797565,1,1,High Risk,USA,North America,Technology,Startup,Basic,Monthly,30.42,3.0,10.0,0.0,-5.0,9,114,14,784.1,490.33
CUST_018350,0.99797446,1,1,High Risk,Canada,North America,Manufacturing,Startup,Basic,Monthly,30.35,4.0,62.5,18.6,23.0,20,538,15,617.78,312.08
CUST_017190,0.9979741,1,1,High Risk,UK,Europe,Retail,Startup,Basic,Monthly,28.88,4.0,50.4,13.5,-18.0,23,418,18,730.97,340.51
CUST_013856,0.9979736,1,1,High Risk,India,APAC,Other,Mid-Market,Professional,Multi-Year,317.01,4.0,51.3,16.9,-25.0,29,408,17,6200.7,4957.61
CUST_011812,0.99797016,1,1,High Risk,India,APAC,Technology,Startup,Business,Monthly,234.4,6.0,57.2,18.2,7.0,23,224,14,4935.41,4053.78
CUST_018641,0.99796826,1,1,High Risk,Germany,Europe,Other,Startup,Business,Monthly,321.86,5.0,59.3,16.9,-16.0,5,92,17,9291.11,7761.96
CUST_014411,0.99796766,1,1,High Risk,UK,Europe,Finance,Small Business,Professional,Monthly,141.53,3.0,68.6,16.3,11.0,5,53,18,5169.88,4174.19
CUST_017818,0.9979646,1,1,High Risk,USA,North America,Real Estate,Startup,Basic,Monthly,29.75,1.0,33.5,5.4,13.0,4,104,14,808.5,459.09
CUST_014306,0.9979633,1,1,High Risk,USA,North America,Manufacturing,Startup,Basic,Multi-Year,27.4,3.0,34.5,9.5,20.0,25,658,11,307.45,64.21
CUST_004683,0.99796283,1,1,High Risk,USA,North America,Technology,Startup,Basic,Annual,32.55,5.0,50.7,11.5,13.0,19,214,12,566.78,291.56
CUST_006332,0.99795926,1,1,High Risk,Australia,APAC,Healthcare,Startup,Professional,Monthly,88.21,3.0,55.5,14.4,18.0,12,313,10,1338.0,1027.46
CUST_002992,0.9979572,1,1,High Risk,USA,North America,Finance,Startup,Basic,Annual,45.06,5.0,54.4,15.3,16.0,11,112,14,1005.71,694.38
CUST_004804,0.997957,1,1,High Risk,Germany,Europe,Manufacturing,Small Business,Professional,Monthly,119.1,4.0,61.1,17.1,-7.0,5,75,18,3821.15,2957.36
CUST_003633,0.9979499,1,1,High Risk,USA,North America,Retail,Small Business,Business,Monthly,427.76,7.0,54.3,16.4,0.0,17,207,12,7826.25,6595.16
CUST_000899,0.9979468,1,1,High Risk,USA,North America,Finance,Small Business,Business,Multi-Year,254.74,2.0,53.1,15.3,47.0,28,415,15,4887.09,3911.58
CUST_016549,0.99794465,1,1,High Risk,USA,North America,Finance,Small Business,Business,Annual,413.36,6.0,30.7,10.3,-3.0,28,194,14,7813.68,6373.38
CUST_004434,0.9979438,1,1,High Risk,USA,North America,Technology,Startup,Basic,Annual,32.01,4.0,52.8,22.5,-31.0,29,671,11,436.24,224.05
CUST_004929,0.99794275,1,1,High Risk,Other,LATAM,Technology,Startup,Basic,Monthly,33.32,2.0,71.1,18.6,15.0,2,49,14,937.74,560.58
CUST_013380,0.9979418,1,1,High Risk,UK,Europe,Healthcare,Startup,Basic,Monthly,25.9,3.0,31.3,5.1,-8.0,28,447,17,594.84,322.44
CUST_007085,0.9979341,1,1,High Risk,USA,North America,Technology,Startup,Professional,Monthly,71.18,7.0,34.1,7.2,16.0,33,789,16,1401.6,993.13
CUST_000896,0.9979329,1,1,High Risk,Germany,Europe,Other,Mid-Market,Enterprise,Annual,2845.78,4.0,77.7,25.8,8.0,19,209,11,40582.71,32865.28
CUST_017823,0.9979315,1,1,High Risk,Germany,Europe,Healthcare,Small Business,Professional,Annual,131.98,6.0,47.6,6.3,1.0,15,309,13,2416.72,1860.26
CUST_001027,0.9979303,1,1,High Risk,UK,Europe,Retail,Small Business,Business,Annual,309.26,5.0,56.1,17.9,26.0,4,81,15,7833.79,6338.41
CUST_018773,0.9979291,1,1,High Risk,UK,Europe,Healthcare,Startup,Basic,Annual,41.9,4.0,53.6,20.2,-1.0,11,307,10,596.34,344.83
CUST_018915,0.9979285,1,1,High Risk,Other,LATAM,Retail,Small Business,Professional,Annual,179.53,2.0,56.5,14.4,10.0,13,354,10,2994.83,2424.6
CUST_011991,0.9979234,1,1,High Risk,USA,North America,Retail,Small Business,Professional,Annual,201.94,3.0,53.7,15.1,30.0,25,446,15,3799.43,3071.62
CUST_008189,0.9979225,1,1,High Risk,Canada,North America,Retail,Small Business,Basic,Annual,38.8,7.0,48.3,12.9,-12.0,17,90,17,1104.24,714.19
CUST_010368,0.99792,1,1,High Risk,Canada,North America,Finance,Mid-Market,Business,Multi-Year,674.65,2.0,93.0,31.0,37.0,10,251,20,18689.4,15384.8
CUST_003078,0.9979169,1,1,High Risk,Canada,North America,Healthcare,Mid-Market,Enterprise,Monthly,2902.65,2.0,80.1,29.3,30.0,25,527,16,61873.97,52439.96
CUST_006254,0.9979133,1,1,High Risk,Other,MEA,Technology,Startup,Professional,Annual,72.51,4.0,49.1,11.0,-8.0,16,278,11,1340.83,1025.04
CUST_003161,0.997912,1,1,High Risk,USA,North America,Retail,Startup,Basic,Monthly,30.46,2.0,58.8,12.9,72.0,32,222,17,683.01,410.17
CUST_012840,0.9979097,1,1,High Risk,USA,North America,Finance,Startup,Professional,Monthly,98.73,0.0,41.4,4.0,13.0,4,68,16,2805.0,2178.31
CUST_000788,0.9979096,1,1,High Risk,USA,North America,Technology,Startup,Basic,Annual,29.81,5.0,47.5,10.6,-14.0,14,151,12,632.23,358.15
CUST_005418,0.99790925,1,1,High Risk,Germany,Europe,Finance,Small Business,Professional,Multi-Year,138.11,3.0,53.8,19.1,-5.0,13,351,12,2825.14,2187.81
CUST_004818,0.99790925,1,1,High Risk,USA,North America,Finance,Small Business,Business,Monthly,380.82,4.0,33.3,3.6,-25.0,3,51,14,9883.2,8216.16
CUST_012280,0.9979063,1,1,High Risk,USA,North America,Retail,Startup,Professional,Monthly,81.89,2.0,57.4,19.6,-11.0,13,311,12,1574.69,1216.58
CUST_007250,0.9979061,1,1,High Risk,USA,North America,Manufacturing,Startup,Professional,Annual,92.74,3.0,46.0,17.2,31.0,4,36,18,3116.98,2482.86
CUST_012101,0.9979048,1,1,High Risk,USA,North America,Education,Small Business,Basic,Annual,43.79,2.0,54.8,12.3,3.0,20,372,22,1268.83,772.91
CUST_010249,0.9979037,1,1,High Risk,USA,North America,Technology,Small Business,Professional,Annual,137.72,5.0,28.6,12.4,7.0,32,188,16,2986.19,2351.73
CUST_018549,0.99790144,1,1,High Risk,USA,North America,Manufacturing,Small Business,Professional,Monthly,149.94,7.0,56.6,15.6,10.0,30,274,13,2564.18,1978.78
CUST_011104,0.99790096,1,1,High Risk,Canada,North America,Technology,Small Business,Professional,Monthly,149.15,3.0,42.3,21.2,2.0,7,59,20,5486.41,4328.87
CUST_000765,0.9979006,1,1,High Risk,USA,North America,Finance,Startup,Basic,Monthly,37.44,4.0,60.8,21.8,16.0,11,99,17,1063.45,752.0
CUST_004722,0.9978993,1,1,High Risk,India,APAC,Manufacturing,Small Business,Professional,Annual,123.19,1.0,64.6,21.7,41.0,23,594,16,2435.79,1872.33
CUST_007063,0.99789846,1,1,High Risk,UK,Europe,Manufacturing,Small Business,Professional,Annual,128.97,3.0,50.4,9.5,9.0,6,103,18,3752.72,2852.09
CUST_009645,0.9978976,1,1,High Risk,USA,North America,Technology,Startup,Business,Monthly,176.93,5.0,40.6,7.9,30.0,8,120,11,3478.92,2859.55
CUST_018711,0.99789727,1,1,High Risk,USA,North America,Finance,Startup,Basic,Annual,22.09,6.0,33.4,11.5,-7.0,7,83,16,618.33,327.53
CUST_007386,0.99789315,1,1,High Risk,USA,North America,Education,Small Business,Basic,Annual,55.62,7.0,32.8,4.8,-21.0,27,323,14,1000.81,626.18
CUST_002350,0.99789244,1,1,High Risk,Australia,APAC,Technology,Startup,Basic,Monthly,24.6,4.0,43.5,18.3,-5.0,9,58,22,1017.18,482.42
CUST_009294,0.9978886,1,1,High Risk,Germany,Europe,Manufacturing,Startup,Professional,Monthly,75.58,5.0,41.2,16.1,19.0,2,26,15,2619.01,1988.4
CUST_004002,0.99788034,1,1,High Risk,USA,North America,Education,Startup,Business,Monthly,316.02,1.0,56.9,16.1,48.0,6,105,20,10504.19,8598.27
CUST_006027,0.9978764,1,1,High Risk,USA,North America,Manufacturing,Small Business,Business,Monthly,533.26,4.0,54.5,17.7,33.0,26,457,11,8126.64,6935.02
CUST_007962,0.9978715,1,1,High Risk,Other,LATAM,Technology,Startup,Professional,Monthly,104.46,8.0,26.2,11.1,-26.0,26,493,13,1907.03,1467.62
CUST_012324,0.99786973,1,1,High Risk,USA,North America,Other,Startup,Business,Annual,218.07,5.0,24.9,6.6,11.0,23,126,19,6091.8,4962.76
CUST_017148,0.9978696,1,1,High Risk,USA,North America,Other,Mid-Market,Enterprise,Annual,3694.35,6.0,65.1,17.9,-19.0,17,153,13,73735.08,62557.55
CUST_002041,0.9978661,1,1,High Risk,Australia,APAC,Real Estate,Small Business,Professional,Monthly,127.03,7.0,10.9,0.0,-58.0,11,95,18,3713.65,2952.35
CUST_010882,0.9978635,1,1,High Risk,USA,North America,Other,Small Business,Enterprise,Monthly,1608.36,1.0,35.4,14.2,-27.0,16,165,18,47362.82,40182.58
CUST_018241,0.9978604,1,1,High Risk,Australia,APAC,Technology,Startup,Basic,Annual,30.0,6.0,23.5,7.5,-44.0,17,94,20,862.19,451.52
CUST_012001,0.99785894,1,1,High Risk,Other,LATAM,Other,Startup,Basic,Annual,23.75,6.0,33.7,11.1,4.0,28,790,18,542.89,259.95
CUST_002058,0.9978522,1,1,High Risk,Australia,APAC,Technology,Small Business,Professional,Multi-Year,149.54,4.0,53.2,17.8,-19.0,9,169,14,3453.92,2722.96
CUST_018967,0.9978498,1,1,High Risk,USA,North America,Education,Startup,Basic,Monthly,33.14,6.0,42.2,18.2,21.0,22,644,13,527.57,266.7
CUST_001838,0.9978442,1,1,High Risk,USA,North America,Technology,Small Business,Professional,Monthly,155.9,5.0,29.3,6.0,-2.0,2,26,16,5231.53,4304.11
CUST_008018,0.99784243,1,1,High Risk,India,APAC,Healthcare,Enterprise,Enterprise,Annual,13897.68,3.0,53.7,21.1,19.0,14,256,12,207040.28,173407.09
CUST_015867,0.9978409,1,1,High Risk,USA,North America,Finance,Startup,Basic,Annual,36.9,5.0,69.0,19.8,-13.0,2,27,23,1702.93,1051.48
CUST_000396,0.9978397,1,1,High Risk,USA,North America,Healthcare,Startup,Professional,Monthly,80.49,3.0,85.4,16.0,56.0,4,79,14,2025.88,1562.78
CUST_009900,0.99783736,1,1,High Risk,Canada,North America,Real Estate,Small Business,Professional,Monthly,129.19,6.0,22.1,9.8,1.0,32,281,10,1668.11,1267.13
CUST_013610,0.9978356,1,1,High Risk,USA,North America,Healthcare,Small Business,Professional,Annual,161.55,6.0,54.2,23.6,-21.0,11,137,12,2936.86,2322.45
CUST_017708,0.9978356,1,1,High Risk,India,APAC,Education,Small Business,Professional,Monthly,197.58,10.0,59.7,22.1,23.0,3,31,20,7661.85,6276.33
CUST_001226,0.99783427,1,1,High Risk,Other,LATAM,Retail,Small Business,Professional,Annual,199.55,8.0,73.9,15.8,28.0,16,370,19,6082.36,4928.17
CUST_003937,0.99783295,1,1,High Risk,USA,North America,Healthcare,Small Business,Business,Annual,381.74,3.0,69.9,22.0,24.0,24,629,15,7320.62,6066.59
CUST_019427,0.997832,1,1,High Risk,USA,North America,Real Estate,Mid-Market,Enterprise,Annual,4611.89,3.0,60.1,15.2,33.0,14,107,14,97101.93,80417.41
CUST_000330,0.99782515,1,1,High Risk,USA,North America,Technology,Startup,Professional,Annual,93.01,3.0,35.3,12.4,-3.0,17,175,12,1644.31,1208.36
CUST_006382,0.99781907,1,1,High Risk,USA,North America,Technology,Small Business,Basic,Monthly,61.33,8.0,25.5,1.8,-28.0,32,586,14,1072.41,664.19
CUST_007794,0.9978173,1,1,High Risk,UK,Europe,Healthcare,Small Business,Business,Annual,390.61,4.0,23.6,6.2,-26.0,7,127,15,9332.38,7563.78
CUST_006871,0.9978169,1,1,High Risk,Canada,North America,Technology,Startup,Basic,Monthly,23.41,2.0,53.2,13.6,33.0,28,457,18,590.94,316.0
CUST_000093,0.99780256,1,1,High Risk,UK,Europe,Education,Small Business,Professional,Annual,130.0,5.0,37.5,13.2,-13.0,11,152,14,2645.76,2076.57
CUST_002972,0.9977998,1,1,High Risk,USA,North America,Technology,Startup,Professional,Annual,100.05,4.0,42.3,9.8,-23.0,5,63,15,2697.41,1999.54
CUST_001156,0.99779713,1,1,High Risk,Germany,Europe,Retail,Small Business,Business,Annual,557.82,4.0,46.7,9.1,24.0,24,383,16,11881.96,9896.34
CUST_015473,0.9977958,1,1,High Risk,India,APAC,Healthcare,Startup,Professional,Annual,68.4,7.0,41.9,8.0,-22.0,29,394,11,1121.91,787.15
CUST_016444,0.9977906,1,1,High Risk,USA,North America,Healthcare,Mid-Market,Business,Monthly,837.27,7.0,59.6,19.8,-7.0,28,241,16,17814.08,14840.35
CUST_000267,0.997789,1,1,High Risk,USA,North America,Education,Startup,Basic,Monthly,24.3,2.0,56.0,16.5,21.0,7,139,14,612.9,366.56
CUST_016557,0.99778146,1,1,High Risk,USA,North America,Healthcare,Small Business,Professional,Annual,113.81,6.0,82.5,23.8,9.0,12,99,17,2803.06,2211.3
CUST_008081,0.99777824,1,1,High Risk,USA,North America,Finance,Small Business,Business,Monthly,374.43,3.0,66.1,26.7,22.0,25,219,15,8148.41,6752.02
CUST_011791,0.99777824,1,1,High Risk,India,APAC,Technology,Small Business,Professional,Annual,173.64,6.0,45.9,14.0,-3.0,34,1016,17,2665.73,2131.09
CUST_011527,0.99777764,1,1,High Risk,USA,North America,Manufacturing,Small Business,Business,Annual,601.57,7.0,38.6,12.2,-17.0,4,41,14,15126.41,12509.18
CUST_000175,0.99777466,1,1,High Risk,UK,Europe,Real Estate,Startup,Business,Monthly,221.84,5.0,37.4,5.2,-6.0,24,260,10,3555.93,2940.7
CUST_012196,0.9977724,1,1,High Risk,Other,LATAM,Finance,Mid-Market,Professional,Annual,352.42,6.0,31.4,13.0,-25.0,5,43,19,11658.68,9534.49
CUST_014636,0.99776757,1,1,High Risk,Australia,APAC,Technology,Startup,Professional,Annual,61.16,3.0,82.2,19.7,42.0,20,482,19,1526.71,1047.94
CUST_004319,0.9977628,1,1,High Risk,USA,North America,Other,Small Business,Basic,Monthly,55.39,2.0,48.6,15.5,-10.0,12,193,9,857.19,660.15
CUST_005893,0.9977538,1,1,High Risk,USA,North America,Technology,Mid-Market,Professional,Monthly,431.25,3.0,71.5,18.8,14.0,23,330,13,7585.28,6232.79
CUST_000643,0.99775285,1,1,High Risk,Canada,North America,Education,Startup,Professional,Monthly,75.22,2.0,50.7,16.8,9.0,18,209,15,1931.27,1476.65
CUST_012713,0.99775165,1,1,High Risk,Canada,North America,Finance,Startup,Basic,Monthly,23.71,6.0,55.3,16.9,16.0,11,81,19,789.95,413.19
CUST_011250,0.9977502,1,1,High Risk,Germany,Europe,Education,Startup,Professional,Monthly,100.45,0.0,61.3,17.5,16.0,11,169,13,2056.95,1583.6
CUST_010608,0.9977483,1,1,High Risk,India,APAC,Real Estate,Small Business,Basic,Multi-Year,54.49,6.0,64.9,20.1,50.0,6,172,14,1052.18,690.54
CUST_012315,0.9977469,1,1,High Risk,Other,LATAM,Education,Startup,Basic,Annual,22.53,2.0,67.7,14.8,8.0,22,145,16,496.05,227.46
CUST_015455,0.99774665,1,1,High Risk,UK,Europe,Manufacturing,Startup,Professional,Annual,81.41,3.0,58.1,19.4,22.0,13,123,12,1715.25,1333.09
CUST_016349,0.9977423,1,1,High Risk,Australia,APAC,Education,Small Business,Basic,Annual,48.83,4.0,41.7,7.0,-12.0,26,720,14,863.68,471.12
CUST_012240,0.99773717,1,1,High Risk,Canada,North America,Retail,Small Business,Professional,Monthly,141.77,6.0,56.1,15.4,32.0,27,297,15,3185.83,2546.05
CUST_015661,0.9977367,1,1,High Risk,USA,North America,Retail,Startup,Basic,Monthly,34.35,5.0,42.5,8.8,-3.0,27,780,17,775.92,457.82
CUST_014623,0.997735,1,1,High Risk,USA,North America,Manufacturing,Mid-Market,Professional,Multi-Year,318.72,3.0,56.0,23.1,-19.0,3,59,14,7117.36,5776.08
CUST_010333,0.9977349,1,1,High Risk,USA,North America,Education,Small Business,Basic,Monthly,46.97,9.0,27.7,7.8,-11.0,8,67,18,1518.82,1082.43
CUST_008250,0.9977323,1,1,High Risk,Canada,North America,Manufacturing,Startup,Professional,Monthly,117.46,7.0,62.5,25.0,21.0,2,30,17,4380.75,3510.64
CUST_012918,0.9977319,1,1,High Risk,USA,North America,Technology,Startup,Basic,Annual,30.27,7.0,37.8,18.9,-35.0,30,849,15,545.81,296.82
CUST_008255,0.99773175,1,1,High Risk,USA,North America,Other,Startup,Professional,Annual,74.91,4.0,36.2,10.4,-9.0,4,79,14,1881.35,1396.99
CUST_016084,0.99773115,1,1,High Risk,USA,North America,Education,Startup,Basic,Monthly,22.4,3.0,26.3,4.0,-2.0,6,56,18,767.83,440.43
CUST_014681,0.99772817,1,1,High Risk,USA,North America,Technology,Startup,Professional,Annual,96.2,4.0,39.3,23.1,-1.0,32,499,20,2242.34,1563.07
CUST_007853,0.9977272,1,1,High Risk,UK,Europe,Healthcare,Mid-Market,Professional,Annual,379.52,2.0,81.3,26.6,4.0,19,385,17,9799.37,8178.49
CUST_002150,0.997727,1,1,High Risk,Germany,Europe,Retail,Small Business,Basic,Multi-Year,54.25,2.0,65.9,30.0,21.0,18,251,16,1240.67,807.41
CUST_014818,0.99772364,1,1,High Risk,USA,North America,Technology,Mid-Market,Professional,Monthly,316.16,3.0,65.8,16.9,41.0,33,742,17,6558.77,5477.57
CUST_005857,0.9977222,1,1,High Risk,USA,North America,Finance,Small Business,Professional,Annual,160.13,6.0,32.0,12.0,-2.0,34,583,13,2437.73,1920.44
CUST_013658,0.997721,1,1,High Risk,Other,MEA,Other,Startup,Professional,Monthly,79.04,6.0,28.7,4.1,-33.0,23,430,13,1397.03,1093.22
CUST_013549,0.9977209,1,1,High Risk,Germany,Europe,Finance,Mid-Market,Enterprise,Multi-Year,4163.76,5.0,47.6,14.8,-5.0,27,583,17,66890.77,54372.73
CUST_010225,0.9977175,1,1,High Risk,USA,North America,Finance,Startup,Business,Monthly,215.53,3.0,43.5,2.2,6.0,12,139,16,5202.62,4205.06
CUST_019637,0.99771667,1,1,High Risk,Australia,APAC,Manufacturing,Small Business,Basic,Annual,38.3,2.0,56.0,12.1,2.0,26,398,14,697.26,446.43
CUST_011082,0.9977149,1,1,High Risk,USA,North America,Retail,Startup,Professional,Monthly,94.63,7.0,38.9,8.9,-24.0,16,69,21,3230.62,2460.18
CUST_000772,0.9977137,1,1,High Risk,Germany,Europe,Real Estate,Small Business,Professional,Annual,117.45,7.0,23.5,11.1,11.0,26,771,16,2521.15,1919.51
CUST_012248,0.9977131,1,1,High Risk,USA,North America,Technology,Startup,Professional,Monthly,67.6,1.0,75.7,27.5,44.0,22,553,14,1254.43,890.34
CUST_015064,0.9977126,1,1,High Risk,India,APAC,Manufacturing,Startup,Professional,Monthly,129.46,4.0,58.6,9.8,11.0,27,160,21,3688.53,2880.17
CUST_000248,0.9977108,1,1,High Risk,Germany,Europe,Education,Mid-Market,Business,Monthly,722.23,4.0,43.2,14.9,-32.0,1,26,16,24318.97,20492.8
CUST_007127,0.99770796,1,1,High Risk,USA,North America,Real Estate,Small Business,Basic,Monthly,61.44,0.0,51.3,11.7,36.0,20,591,10,819.48,603.97
CUST_008256,0.9977023,1,1,High Risk,India,APAC,Education,Small Business,Business,Multi-Year,358.47,2.0,28.6,8.4,-6.0,21,145,16,7224.36,5757.02
CUST_006236,0.9977012,1,1,High Risk,Canada,North America,Finance,Startup,Enterprise,Monthly,701.16,4.0,60.7,12.5,36.0,9,114,13,15278.42,12781.07
CUST_015165,0.9976985,1,1,High Risk,USA,North America,Manufacturing,Mid-Market,Professional,Annual,259.51,3.0,45.2,10.5,8.0,24,536,14,4020.77,3200.95
CUST_016381,0.9976973,1,1,High Risk,Canada,North America,Healthcare,Small Business,Business,Annual,340.01,5.0,50.0,8.5,-3.0,10,100,14,7611.24,6314.86
CUST_002477,0.9976961,1,1,High Risk,USA,North America,Healthcare,Small Business,Business,Annual,498.63,10.0,20.8,9.2,-42.0,5,65,14,12239.81,10069.81
CUST_012552,0.99768984,1,1,High Risk,India,APAC,Manufacturing,Startup,Basic,Monthly,31.32,3.0,50.5,16.3,30.0,19,421,15,706.5,397.92
CUST_013837,0.9976878,1,1,High Risk,Australia,APAC,Technology,Startup,Basic,Monthly,23.78,5.0,34.2,5.8,4.0,4,78,12,562.89,337.58
CUST_008439,0.99768686,1,1,High Risk,Australia,APAC,Real Estate,Small Business,Basic,Monthly,45.13,7.0,54.9,18.1,27.0,15,415,14,1057.0,714.78
CUST_015625,0.9976866,1,1,High Risk,UK,Europe,Retail,Enterprise,Business,Annual,2425.06,4.0,70.9,25.8,-7.0,18,446,17,53001.1,44073.96
CUST_011587,0.9976864,1,1,High Risk,UK,Europe,Manufacturing,Mid-Market,Business,Multi-Year,805.56,3.0,82.1,12.1,5.0,30,593,15,13367.97,10935.64
CUST_002402,0.9976768,1,1,High Risk,Germany,Europe,Retail,Small Business,Professional,Monthly,138.07,3.0,56.0,15.7,36.0,15,331,12,2445.53,1951.17
CUST_004050,0.9976744,1,1,High Risk,USA,North America,Technology,Startup,Basic,Annual,20.92,3.0,46.5,14.7,22.0,2,44,15,625.52,289.66
CUST_009153,0.997673,1,1,High Risk,Other,MEA,Finance,Small Business,Enterprise,Monthly,1579.11,4.0,44.7,18.8,22.0,13,100,18,49495.59,42466.57
CUST_000128,0.99766773,1,1,High Risk,Canada,North America,Other,Startup,Basic,Monthly,22.97,6.0,49.1,16.6,-9.0,34,602,11,301.99,136.14
CUST_019653,0.9976647,1,1,High Risk,Germany,Europe,Retail,Startup,Professional,Monthly,62.02,4.0,41.4,12.1,6.0,21,368,11,902.82,654.01
CUST_018963,0.99766374,1,1,High Risk,India,APAC,Finance,Small Business,Professional,Monthly,147.17,3.0,66.8,15.4,29.0,23,518,14,2632.52,2117.03
CUST_008408,0.9976635,1,1,High Risk,Germany,Europe,Education,Startup,Professional,Monthly,70.75,1.0,58.5,20.8,-15.0,13,91,17,2086.96,1574.16
CUST_012986,0.9976615,1,1,High Risk,USA,North America,Retail,Small Business,Professional,Multi-Year,178.06,0.0,44.8,10.6,15.0,2,35,16,5173.88,4146.78
CUST_009691,0.99766135,1,1,High Risk,Germany,Europe,Technology,Small Business,Basic,Annual,72.5,2.0,36.3,9.4,8.0,15,255,12,1380.17,1008.52
CUST_015463,0.9976609,1,1,High Risk,USA,North America,Finance,Mid-Market,Business,Annual,728.67,5.0,56.0,11.5,-40.0,19,331,15,15592.63,13058.74
CUST_016688,0.9976579,1,1,High Risk,Canada,North America,Finance,Startup,Professional,Monthly,103.53,2.0,25.3,11.3,31.0,12,176,13,2242.09,1802.06
CUST_011873,0.99765766,1,1,High Risk,USA,North America,Retail,Startup,Professional,Multi-Year,79.91,5.0,43.1,10.7,12.0,9,140,14,1726.93,1281.91
CUST_009879,0.9976433,1,1,High Risk,Canada,North America,Healthcare,Startup,Basic,Annual,29.56,3.0,75.3,27.2,9.0,11,117,18,792.26,403.65
CUST_005904,0.9976412,1,1,High Risk,Germany,Europe,Manufacturing,Small Business,Professional,Monthly,163.76,5.0,53.6,15.2,30.0,27,696,16,3674.19,3029.88
CUST_000768,0.99764097,1,1,High Risk,USA,North America,Manufacturing,Small Business,Professional,Multi-Year,173.78,1.0,23.8,10.0,-13.0,18,271,13,3191.23,2519.38
CUST_013229,0.9976381,1,1,High Risk,Canada,North America,Healthcare,Startup,Basic,Monthly,30.83,5.0,46.5,13.6,1.0,20,211,12,563.4,338.51
CUST_017741,0.99762976,1,1,High Risk,Other,MEA,Technology,Mid-Market,Professional,Multi-Year,408.51,1.0,67.3,12.0,11.0,32,256,21,10182.9,8176.36
CUST_011245,0.99762696,1,1,High Risk,USA,North America,Healthcare,Small Business,Professional,Annual,113.72,6.0,48.9,15.2,2.0,6,107,14,2821.29,2205.6
CUST_017072,0.99762315,1,1,High Risk,UK,Europe,Technology,Small Business,Professional,Monthly,102.37,6.0,30.9,5.4,-28.0,10,103,17,3088.41,2433.21
CUST_016028,0.9976223,1,1,High Risk,UK,Europe,Technology,Startup,Basic,Monthly,28.27,6.0,43.8,17.7,13.0,21,490,12,438.23,214.68
CUST_013928,0.99762076,1,1,High Risk,USA,North America,Technology,Enterprise,Enterprise,Multi-Year,7148.76,2.0,87.7,18.8,25.0,4,105,17,176908.69,145681.61
CUST_003669,0.9976151,1,1,High Risk,USA,North America,Retail,Small Business,Basic,Multi-Year,48.82,3.0,57.1,16.6,8.0,14,184,12,878.13,576.93
CUST_013155,0.997612,1,1,High Risk,Germany,Europe,Retail,Startup,Basic,Monthly,29.86,5.0,35.3,12.2,15.0,29,292,11,433.3,241.22
CUST_009610,0.99761164,1,1,High Risk,USA,North America,Technology,Small Business,Professional,Monthly,109.0,1.0,62.4,18.2,22.0,7,153,14,2809.11,2279.53
CUST_012219,0.9976109,1,1,High Risk,USA,North America,Education,Startup,Basic,Annual,42.43,4.0,31.9,15.5,-24.0,18,475,10,579.19,337.49
CUST_003980,0.9976102,1,1,High Risk,UK,Europe,Education,Startup,Professional,Monthly,106.42,6.0,65.0,22.9,-31.0,4,60,19,3956.68,3112.72
CUST_004204,0.997609,1,1,High Risk,USA,North America,Finance,Small Business,Basic,Multi-Year,62.16,8.0,43.3,9.6,-33.0,27,683,17,1190.04,769.9
CUST_004612,0.99760866,1,1,High Risk,USA,North America,Technology,Small Business,Basic,Monthly,55.56,2.0,46.4,16.2,29.0,13,91,16,1498.55,1053.96
CUST_009318,0.99760735,1,1,High Risk,India,APAC,Finance,Startup,Professional,Monthly,80.68,4.0,57.5,24.2,9.0,9,141,14,2012.97,1516.32
CUST_010519,0.99760735,1,1,High Risk,USA,North America,Real Estate,Startup,Professional,Annual,80.38,5.0,68.6,20.4,20.0,7,62,19,2526.24,1935.54
CUST_000938,0.99760604,1,1,High Risk,USA,North America,Education,Startup,Basic,Monthly,30.36,3.0,59.4,8.3,29.0,26,407,13,548.22,293.09
CUST_016863,0.99760556,1,1,High Risk,USA,North America,Technology,Startup,Professional,Annual,93.8,5.0,47.5,16.6,25.0,15,88,15,2357.19,1854.5
CUST_009862,0.99760556,1,1,High Risk,USA,North America,Technology,Startup,Professional,Monthly,99.43,7.0,50.5,10.3,-34.0,2,37,13,2697.54,2135.63
CUST_006696,0.9976031,1,1,High Risk,USA,North America,Real Estate,Startup,Basic,Monthly,29.35,6.0,28.6,6.1,-4.0,8,115,13,622.67,329.47
CUST_009112,0.9976012,1,1,High Risk,India,APAC,Education,Startup,Professional,Monthly,68.56,5.0,30.1,5.4,-48.0,12,77,20,2402.24,1814.43
CUST_000486,0.997598,1,1,High Risk,Canada,North America,Technology,Startup,Professional,Monthly,82.19,4.0,50.5,21.3,20.0,30,429,16,1671.16,1194.63
CUST_016622,0.9975975,1,1,High Risk,India,APAC,Healthcare,Small Business,Business,Annual,465.29,3.0,44.8,14.8,29.0,15,174,12,9047.34,7443.05
CUST_004914,0.99759465,1,1,High Risk,Germany,Europe,Education,Small Business,Basic,Multi-Year,35.69,2.0,44.9,10.5,55.0,24,663,11,398.17,187.98
CUST_001041,0.9975924,1,1,High Risk,Canada,North America,Other,Small Business,Basic,Annual,42.94,5.0,41.2,12.0,2.0,5,94,12,889.13,604.34
CUST_018393,0.9975923,1,1,High Risk,UK,Europe,Real Estate,Startup,Basic,Annual,23.99,3.0,44.1,10.2,21.0,14,162,12,472.08,214.51
CUST_005188,0.9975915,1,1,High Risk,Canada,North America,Technology,Startup,Professional,Monthly,71.29,3.0,36.9,12.3,30.0,2,33,15,2143.74,1624.51
CUST_008704,0.9975909,1,1,High Risk,UK,Europe,Technology,Startup,Basic,Annual,26.11,5.0,45.0,14.6,5.0,20,229,13,481.18,252.65
CUST_010330,0.99759054,1,1,High Risk,UK,Europe,Retail,Startup,Professional,Monthly,92.74,6.0,53.4,15.0,21.0,7,90,17,2853.03,2216.93
CUST_012745,0.9975896,1,1,High Risk,USA,North America,Education,Small Business,Professional,Annual,147.64,5.0,67.4,15.2,4.0,21,605,14,2538.75,1978.07
CUST_012944,0.99758804,1,1,High Risk,USA,North America,Technology,Startup,Professional,Annual,66.98,2.0,42.9,10.2,-8.0,20,502,12,1108.43,785.78
CUST_011852,0.99758613,1,1,High Risk,Australia,APAC,Manufacturing,Startup,Basic,Monthly,32.26,3.0,28.7,2.1,-3.0,3,61,14,937.51,645.81
CUST_007359,0.9975817,1,1,High Risk,USA,North America,Manufacturing,Small Business,Basic,Monthly,45.17,4.0,58.2,20.2,-8.0,3,57,13,1214.33,889.37
CUST_016305,0.9975816,1,1,High Risk,Australia,APAC,Finance,Startup,Professional,Annual,99.02,3.0,45.4,11.6,5.0,10,114,17,2841.24,2157.21
CUST_017283,0.99758077,1,1,High Risk,Australia,APAC,Retail,Small Business,Professional,Annual,143.11,0.0,44.9,1.5,-22.0,5,92,17,4006.84,3150.31
CUST_002707,0.99758077,1,1,High Risk,USA,North America,Real Estate,Startup,Professional,Annual,75.49,0.0,59.1,14.7,14.0,20,572,10,1006.98,709.68
CUST_002851,0.9975804,1,1,High Risk,Canada,North America,Healthcare,Startup,Basic,Monthly,28.22,4.0,53.9,10.0,8.0,21,395,15,660.19,393.87
CUST_013008,0.9975799,1,1,High Risk,USA,North America,Technology,Startup,Professional,Monthly,91.76,3.0,78.8,27.0,2.0,24,338,17,2393.17,1812.06
CUST_007575,0.99757904,1,1,High Risk,USA,North America,Technology,Startup,Basic,Monthly,31.84,3.0,46.0,20.2,11.0,24,180,18,857.22,510.88
CUST_010418,0.99757665,1,1,High Risk,India,APAC,Healthcare,Mid-Market,Professional,Annual,548.36,1.0,86.9,27.9,60.0,15,340,10,8633.55,7260.77
CUST_018584,0.99757355,1,1,High Risk,USA,North America,Healthcare,Small Business,Basic,Multi-Year,45.44,1.0,31.9,9.3,37.0,6,97,17,1252.33,838.02
CUST_000822,0.99756086,1,1,High Risk,Other,MEA,Retail,Mid-Market,Enterprise,Annual,3707.43,5.0,51.9,19.7,28.0,18,441,14,62808.94,51823.3
CUST_010710,0.9975581,1,1,High Risk,USA,North America,Technology,Enterprise,Enterprise,Annual,10204.9,3.0,50.9,16.6,6.0,11,154,16,226673.32,186889.44
CUST_005094,0.99755573,1,1,High Risk,USA,North America,Technology,Small Business,Professional,Annual,185.06,4.0,31.0,7.2,11.0,30,251,17,4257.48,3390.55
CUST_010215,0.99755174,1,1,High Risk,USA,North America,Technology,Startup,Professional,Monthly,78.11,4.0,90.3,23.7,7.0,5,79,15,2047.48,1538.23
CUST_003116,0.9975514,1,1,High Risk,USA,North America,Other,Small Business,Business,Monthly,597.0,6.0,67.3,24.2,-11.0,7,83,15,16608.02,13978.5
CUST_014902,0.99755055,1,1,High Risk,USA,North America,Other,Small Business,Professional,Multi-Year,149.54,4.0,54.8,8.7,-16.0,28,603,17,2585.07,1896.89
CUST_010672,0.9975489,1,1,High Risk,Australia,APAC,Healthcare,Startup,Basic,Monthly,23.63,5.0,55.1,14.9,-7.0,23,597,11,323.0,113.06
CUST_004164,0.997547,1,1,High Risk,UK,Europe,Technology,Small Business,Professional,Annual,150.94,7.0,48.2,4.8,7.0,10,149,17,4188.78,3317.01
CUST_008272,0.9975446,1,1,High Risk,Canada,North America,Education,Small Business,Business,Annual,305.27,5.0,40.6,6.9,14.0,29,468,16,6468.12,5291.49
CUST_016853,0.9975441,1,1,High Risk,Germany,Europe,Manufacturing,Startup,Basic,Monthly,32.47,5.0,47.4,19.1,-15.0,2,24,16,1157.4,785.07
CUST_007526,0.99754167,1,1,High Risk,Canada,North America,Healthcare,Small Business,Basic,Annual,39.31,0.0,46.1,15.6,-17.0,10,170,11,715.52,459.27
CUST_017219,0.99754107,1,1,High Risk,USA,North America,Technology,Small Business,Professional,Monthly,156.32,5.0,48.7,16.6,-18.0,17,250,11,2647.6,2101.71
CUST_001413,0.99753976,1,1,High Risk,USA,North America,Education,Mid-Market,Professional,Annual,334.63,7.0,47.9,8.0,-20.0,30,880,18,6503.59,5316.06
CUST_000833,0.9975394,1,1,High Risk,UK,Europe,Healthcare,Mid-Market,Professional,Annual,334.8,3.0,47.5,15.9,8.0,24,291,12,5363.95,4447.9
CUST_007818,0.99753857,1,1,High Risk,Canada,North America,Healthcare,Small Business,Basic,Annual,45.64,4.0,65.6,20.0,13.0,3,56,14,1215.01,905.61
CUST_001704,0.9975339,1,1,High Risk,USA,North America,Technology,Mid-Market,Business,Multi-Year,1301.96,3.0,67.9,16.9,35.0,15,311,13,25104.71,20783.68
CUST_004179,0.9975318,1,1,High Risk,USA,North America,Finance,Small Business,Professional,Monthly,136.54,1.0,41.8,9.6,7.0,19,135,14,3163.34,2518.38
CUST_017687,0.9975305,1,1,High Risk,Other,MEA,Retail,Small Business,Business,Annual,323.95,2.0,37.7,16.5,21.0,4,91,16,8781.67,7145.18
CUST_011041,0.9975304,1,1,High Risk,USA,North America,Healthcare,Startup,Basic,Monthly,34.04,5.0,29.5,6.0,-45.0,8,67,15,938.73,611.87
CUST_002443,0.99753004,1,1,High Risk,USA,North America,Other,Mid-Market,Business,Annual,1193.77,5.0,56.7,20.8,18.0,4,59,16,34925.52,29332.49
CUST_007449,0.99752516,1,1,High Risk,USA,North America,Finance,Startup,Business,Monthly,169.69,5.0,36.0,10.2,1.0,26,140,17,4236.06,3420.1
CUST_006636,0.9975249,1,1,High Risk,India,APAC,Finance,Small Business,Professional,Annual,114.06,4.0,64.8,16.4,-3.0,3,50,14,3179.92,2565.62
CUST_009608,0.997519,1,1,High Risk,UK,Europe,Education,Small Business,Professional,Monthly,140.5,4.0,56.0,15.4,-17.0,23,651,13,2008.8,1486.77
CUST_003060,0.99751484,1,1,High Risk,USA,North America,Manufacturing,Small Business,Professional,Monthly,179.92,6.0,28.8,6.3,-25.0,19,367,13,3644.74,2939.64
CUST_009012,0.9975141,1,1,High Risk,USA,North America,Education,Startup,Business,Monthly,257.39,2.0,46.6,16.6,-9.0,28,525,15,5406.78,4494.38
CUST_013377,0.9975108,1,1,High Risk,USA,North America,Retail,Startup,Basic,Monthly,29.89,5.0,23.7,11.5,-53.0,1,24,14,885.33,581.02
CUST_019115,0.99751043,1,1,High Risk,UK,Europe,Manufacturing,Startup,Basic,Monthly,26.41,6.0,18.0,12.2,-35.0,14,174,12,567.17,352.1
CUST_015775,0.9975103,1,1,High Risk,Other,LATAM,Other,Startup,Professional,Monthly,76.26,2.0,56.2,15.2,-12.0,9,79,14,1872.07,1458.0
CUST_000687,0.9975096,1,1,High Risk,USA,North America,Other,Startup,Professional,Monthly,87.0,2.0,59.1,19.6,19.0,20,213,11,1462.55,1124.09
CUST_014698,0.99750644,1,1,High Risk,USA,North America,Technology,Mid-Market,Enterprise,Multi-Year,3160.02,7.0,52.6,14.5,-40.0,23,481,12,43464.34,35906.9
CUST_000004,0.9975043,1,1,High Risk,USA,North America,Technology,Small Business,Professional,Monthly,166.13,2.0,29.6,7.0,-17.0,25,591,11,2467.93,1955.02
CUST_009695,0.9975012,1,1,High Risk,USA,North America,Other,Small Business,Business,Monthly,477.14,4.0,56.4,16.0,-19.0,11,136,17,14065.06,11777.2
CUST_009836,0.9974993,1,1,High Risk,Australia,APAC,Technology,Startup,Basic,Monthly,32.16,5.0,51.3,12.6,22.0,3,70,12,736.31,435.67
CUST_008288,0.99749583,1,1,High Risk,India,APAC,Healthcare,Mid-Market,Business,Annual,620.85,0.0,51.6,9.6,-16.0,29,782,12,8533.9,7219.1
CUST_013239,0.9974946,1,1,High Risk,India,APAC,Technology,Small Business,Business,Annual,315.71,5.0,41.6,14.2,-32.0,1,20,16,10365.39,8445.2
CUST_012051,0.99749446,1,1,High Risk,USA,North America,Manufacturing,Small Business,Business,Annual,387.22,10.0,61.7,22.0,-11.0,18,253,13,7515.48,6241.79
CUST_015358,0.9974936,1,1,High Risk,India,APAC,Real Estate,Mid-Market,Business,Annual,1112.66,0.0,69.3,17.2,48.0,16,270,16,25852.33,22017.56
CUST_011936,0.997491,1,1,High Risk,UK,Europe,Real Estate,Mid-Market,Basic,Multi-Year,131.75,1.0,54.6,14.0,27.0,5,124,21,3979.06,3126.11
CUST_012129,0.9974898,1,1,High Risk,USA,North America,Retail,Startup,Basic,Monthly,34.38,5.0,35.4,8.5,12.0,14,96,18,1046.27,693.03
CUST_009364,0.9974884,1,1,High Risk,India,APAC,Retail,Startup,Basic,Monthly,18.93,6.0,62.4,18.0,30.0,19,376,18,504.87,205.16
CUST_001147,0.99748623,1,1,High Risk,India,APAC,Real Estate,Mid-Market,Business,Annual,864.6,3.0,73.9,19.4,-10.0,9,167,17,23358.85,19393.42
CUST_008446,0.9974861,1,1,High Risk,USA,North America,Manufacturing,Mid-Market,Professional,Annual,356.58,5.0,62.4,18.2,5.0,11,289,9,4094.34,3413.71
CUST_012973,0.9974802,1,1,High Risk,Germany,Europe,Technology,Startup,Professional,Monthly,87.83,5.0,75.6,21.2,-6.0,18,483,13,1632.03,1208.66
CUST_010477,0.99747354,1,1,High Risk,USA,North America,Manufacturing,Small Business,Professional,Annual,170.72,2.0,49.3,11.5,14.0,30,340,19,4612.13,3661.12
CUST_012925,0.9974717,1,1,High Risk,Canada,North America,Retail,Small Business,Professional,Annual,142.59,1.0,58.5,18.2,49.0,17,392,16,3328.51,2576.97
CUST_010749,0.9974699,1,1,High Risk,USA,North America,Education,Startup,Business,Monthly,245.56,4.0,29.6,9.2,19.0,33,254,16,4717.51,3756.06
CUST_005961,0.99746776,1,1,High Risk,UK,Europe,Healthcare,Mid-Market,Business,Multi-Year,826.11,4.0,68.3,20.0,3.0,2,37,14,23389.93,19562.88
CUST_014402,0.9974674,1,1,High Risk,Canada,North America,Retail,Startup,Basic,Annual,34.21,5.0,54.5,16.1,4.0,29,476,19,819.9,400.83
CUST_015290,0.99746203,1,1,High Risk,USA,North America,Manufacturing,Startup,Professional,Monthly,86.37,4.0,37.8,15.6,2.0,17,232,11,1549.39,1170.28
CUST_010143,0.9974567,1,1,High Risk,UK,Europe,Finance,Small Business,Business,Annual,421.69,3.0,59.9,18.4,19.0,16,395,16,9453.47,7723.28
CUST_015270,0.99745256,1,1,High Risk,Australia,APAC,Finance,Small Business,Business,Annual,473.22,4.0,73.2,20.7,31.0,35,613,18,8838.66,7271.31
CUST_019881,0.9974502,1,1,High Risk,India,APAC,Technology,Small Business,Basic,Annual,39.89,3.0,55.5,14.7,-26.0,6,62,15,1030.35,702.73
CUST_011526,0.99744654,1,1,High Risk,Germany,Europe,Technology,Mid-Market,Professional,Annual,342.64,5.0,56.2,4.5,18.0,27,292,13,6157.75,5026.9
CUST_006754,0.99744153,1,1,High Risk,USA,North America,Education,Small Business,Business,Annual,381.43,8.0,32.7,5.6,-46.0,35,637,13,5311.34,4317.96
CUST_017104,0.99743986,1,1,High Risk,Canada,North America,Education,Startup,Business,Annual,215.56,6.0,25.6,11.8,26.0,28,685,12,2785.28,2200.05
CUST_016589,0.99743915,1,1,High Risk,USA,North America,Manufacturing,Startup,Professional,Monthly,82.92,3.0,29.1,14.7,-12.0,17,439,13,1484.19,1127.47
CUST_011500,0.997439,1,1,High Risk,USA,North America,Education,Startup,Basic,Monthly,27.5,4.0,51.5,21.8,25.0,19,129,18,766.97,388.67
CUST_018946,0.9974336,1,1,High Risk,USA,North America,Retail,Startup,Basic,Annual,24.2,4.0,47.8,21.3,-25.0,30,876,14,352.46,91.54
CUST_005840,0.9974316,1,1,High Risk,USA,North America,Healthcare,Mid-Market,Professional,Multi-Year,377.99,6.0,37.7,4.7,-30.0,15,160,21,11048.2,8891.49
CUST_016352,0.9974311,1,1,High Risk,USA,North America,Healthcare,Small Business,Professional,Monthly,127.95,8.0,64.4,20.7,-3.0,34,489,17,2949.47,2294.34
CUST_018392,0.9974261,1,1,High Risk,Canada,North America,Manufacturing,Startup,Basic,Monthly,43.2,5.0,75.1,21.7,4.0,22,194,13,880.53,543.94
CUST_016108,0.99741983,1,1,High Risk,Canada,North America,Other,Startup,Professional,Annual,73.31,4.0,48.1,16.6,-7.0,30,801,17,1379.27,897.32
CUST_009845,0.99741876,1,1,High Risk,USA,North America,Technology,Startup,Basic,Monthly,34.17,6.0,29.9,7.5,-4.0,16,407,13,659.61,440.26
CUST_001739,0.99741554,1,1,High Risk,USA,North America,Real Estate,Startup,Business,Monthly,212.25,3.0,45.4,10.6,-7.0,15,439,11,3481.69,2884.33
CUST_019284,0.9974146,1,1,High Risk,USA,North America,Manufacturing,Small Business,Professional,Annual,169.44,5.0,45.9,8.0,11.0,7,173,10,2721.44,2154.55
CUST_009803,0.9974126,1,1,High Risk,Australia,APAC,Finance,Startup,Basic,Annual,26.32,8.0,24.9,6.9,-17.0,8,115,12,511.09,270.69
CUST_000484,0.99740785,1,1,High Risk,India,APAC,Real Estate,Mid-Market,Business,Annual,890.92,3.0,58.2,19.6,-3.0,10,156,14,17015.48,13755.68
CUST_003849,0.99740404,1,1,High Risk,Germany,Europe,Healthcare,Startup,Basic,Monthly,25.58,1.0,60.4,17.6,10.0,29,306,10,362.65,170.77
CUST_000648,0.99740124,1,1,High Risk,UK,Europe,Healthcare,Startup,Professional,Monthly,81.67,3.0,10.4,8.4,-25.0,5,111,10,1492.45,1128.17
CUST_000739,0.99740076,1,1,High Risk,USA,North America,Technology,Startup,Basic,Annual,29.85,3.0,45.6,13.3,49.0,16,400,16,651.47,327.6
CUST_007801,0.99739873,1,1,High Risk,USA,North America,Technology,Mid-Market,Business,Monthly,1178.58,2.0,58.5,20.0,-9.0,26,523,17,25162.3,21376.73
CUST_008550,0.9973984,1,1,High Risk,USA,North America,Technology,Mid-Market,Business,Annual,1157.71,3.0,80.0,19.6,17.0,2,35,17,39560.52,33493.62
CUST_007464,0.99739754,1,1,High Risk,Australia,APAC,Technology,Small Business,Business,Monthly,407.96,3.0,52.7,16.4,15.0,17,112,16,10925.87,9070.57
CUST_011053,0.9973961,1,1,High Risk,USA,North America,Retail,Startup,Professional,Annual,106.14,2.0,49.0,16.8,1.0,5,88,16,3006.28,2312.96
CUST_016367,0.9973923,1,1,High Risk,USA,North America,Other,Small Business,Business,Annual,381.21,7.0,47.2,12.8,7.0,21,185,12,6727.22,5450.21
CUST_010223,0.9973883,1,1,High Risk,USA,North America,Finance,Startup,Professional,Monthly,85.27,1.0,56.0,21.9,36.0,20,355,12,1729.48,1320.37
CUST_016124,0.9973883,1,1,High Risk,Australia,APAC,Education,Small Business,Professional,Annual,157.37,1.0,63.0,17.6,45.0,13,219,13,3079.39,2480.86
CUST_009734,0.9973882,1,1,High Risk,USA,North America,Education,Small Business,Professional,Annual,162.46,4.0,56.0,19.3,-10.0,6,174,15,4280.41,3402.78
CUST_018619,0.99738616,1,1,High Risk,UK,Europe,Healthcare,Small Business,Professional,Annual,141.85,5.0,69.0,15.3,-4.0,22,330,13,2098.81,1484.4
CUST_014412,0.99738556,1,1,High Risk,USA,North America,Real Estate,Startup,Professional,Annual,73.41,3.0,40.6,16.5,16.0,10,213,9,1028.35,774.86
CUST_000249,0.99738365,1,1,High Risk,USA,North America,Manufacturing,Small Business,Business,Annual,422.64,6.0,44.8,12.3,11.0,4,34,17,14086.78,11611.85
CUST_006320,0.99738246,1,1,High Risk,USA,North America,Technology,Startup,Basic,Annual,30.41,6.0,29.9,7.9,-10.0,10,87,14,702.14,384.15
CUST_017527,0.99737644,1,1,High Risk,USA,North America,Retail,Small Business,Business,Annual,349.56,4.0,31.6,5.5,-15.0,3,38,14,9816.05,8131.84
CUST_019874,0.9973757,1,1,High Risk,Canada,North America,Finance,Startup,Basic,Annual,23.55,3.0,19.3,9.3,-19.0,20,139,16,529.43,276.53
CUST_010712,0.99737453,1,1,High Risk,USA,North America,Technology,Small Business,Professional,Annual,156.58,4.0,42.7,15.2,-1.0,2,35,12,3817.9,3018.42
CUST_001651,0.9973738,1,1,High Risk,USA,North America,Manufacturing,Small Business,Basic,Monthly,30.87,5.0,27.6,5.8,-22.0,19,123,19,874.71,536.53
CUST_019676,0.997373,1,1,High Risk,Other,LATAM,Technology,Small Business,Basic,Monthly,33.77,7.0,77.9,22.3,-11.0,8,130,16,906.89,564.39
CUST_018724,0.99737215,1,1,High Risk,Germany,Europe,Real Estate,Mid-Market,Professional,Multi-Year,492.28,3.0,56.7,17.7,8.0,33,670,16,7986.48,6528.97
CUST_018249,0.99736625,1,1,High Risk,USA,North America,Real Estate,Small Business,Professional,Multi-Year,140.98,6.0,29.0,12.0,-16.0,22,322,13,2567.5,2024.41
CUST_007296,0.9973585,1,1,High Risk,Canada,North America,Real Estate,Mid-Market,Enterprise,Annual,4737.59,1.0,60.8,15.3,31.0,24,461,18,103800.39,86996.87
CUST_014346,0.9973571,1,1,High Risk,USA,North America,Retail,Startup,Professional,Monthly,75.84,4.0,77.8,25.1,20.0,25,681,17,1719.22,1238.31
CUST_015104,0.99735403,1,1,High Risk,Canada,North America,Education,Mid-Market,Business,Multi-Year,907.62,7.0,56.3,15.0,-2.0,4,64,14,24499.66,20449.0
CUST_017095,0.9973521,1,1,High Risk,UK,Europe,Healthcare,Small Business,Professional,Monthly,122.93,3.0,26.7,5.3,-27.0,2,32,13,3322.05,2725.22
CUST_006112,0.9973476,1,1,High Risk,UK,Europe,Healthcare,Small Business,Business,Monthly,329.24,6.0,42.9,21.9,-5.0,2,43,11,7560.16,6319.08
CUST_002210,0.99734616,1,1,High Risk,Australia,APAC,Retail,Small Business,Professional,Annual,181.95,4.0,56.3,20.5,6.0,6,63,16,4832.99,3842.0
CUST_013330,0.9973447,1,1,High Risk,UK,Europe,Retail,Small Business,Basic,Annual,57.65,3.0,49.6,16.6,-7.0,23,514,15,1047.65,703.33
CUST_002883,0.9973437,1,1,High Risk,USA,North America,Healthcare,Mid-Market,Professional,Annual,339.89,1.0,74.3,25.8,31.0,29,394,16,6600.12,5369.75
CUST_018656,0.99734145,1,1,High Risk,USA,North America,Technology,Small Business,Professional,Monthly,114.61,6.0,31.9,10.3,-23.0,4,65,14,2756.99,2059.87
CUST_005263,0.9973347,1,1,High Risk,Other,MEA,Healthcare,Small Business,Professional,Annual,189.33,5.0,33.9,15.3,-11.0,30,262,15,4133.85,3359.41
CUST_000003,0.99733126,1,1,High Risk,USA,North America,Technology,Small Business,Professional,Annual,185.71,5.0,46.6,14.1,11.0,10,175,14,4090.32,3325.06
CUST_001903,0.99733067,1,1,High Risk,UK,Europe,Finance,Small Business,Professional,Monthly,124.68,1.0,43.1,14.0,31.0,31,456,15,2865.39,2323.14
CUST_007866,0.9973297,1,1,High Risk,India,APAC,Finance,Startup,Basic,Annual,28.69,1.0,39.7,10.4,16.0,23,181,13,524.0,294.07
CUST_010270,0.9973278,1,1,High Risk,Germany,Europe,Technology,Startup,Business,Monthly,153.9,4.0,36.5,13.2,-9.0,16,152,17,4279.05,3335.21
CUST_006353,0.9973212,1,1,High Risk,Canada,North America,Other,Small Business,Professional,Annual,140.05,10.0,24.8,8.3,-45.0,11,119,16,3317.08,2557.68
CUST_018483,0.9973188,1,1,High Risk,USA,North America,Healthcare,Mid-Market,Business,Monthly,803.07,6.0,46.6,9.7,-20.0,6,106,13,18974.94,16047.32
CUST_017726,0.9973182,1,1,High Risk,UK,Europe,Finance,Mid-Market,Enterprise,Annual,3527.86,4.0,44.8,12.4,-31.0,24,638,17,69807.99,58896.97
CUST_008749,0.9973174,1,1,High Risk,UK,Europe,Other,Startup,Professional,Monthly,89.98,0.0,63.5,16.1,8.0,27,272,13,1716.84,1260.86
CUST_010792,0.9973132,1,1,High Risk,USA,North America,Retail,Small Business,Basic,Annual,49.59,6.0,49.0,15.7,-10.0,5,91,15,1234.76,863.77
CUST_011400,0.9973127,1,1,High Risk,UK,Europe,Retail,Small Business,Professional,Monthly,113.64,3.0,55.7,14.7,25.0,25,493,13,1860.61,1417.74
CUST_014866,0.9973117,1,1,High Risk,Other,LATAM,Other,Startup,Basic,Monthly,35.32,2.0,37.7,16.8,-13.0,8,53,22,1370.99,865.39
CUST_013578,0.9973091,1,1,High Risk,India,APAC,Retail,Startup,Basic,Annual,32.43,4.0,16.6,0.0,10.0,1,20,16,1070.63,676.9
CUST_014582,0.9973054,1,1,High Risk,Germany,Europe,Technology,Small Business,Business,Multi-Year,356.0,3.0,59.2,20.7,12.0,14,127,13,6659.07,5362.19
CUST_009659,0.9973036,1,1,High Risk,India,APAC,Technology,Small Business,Professional,Annual,144.17,7.0,43.4,9.0,36.0,5,55,16,4236.23,3450.0
CUST_008310,0.9972963,1,1,High Risk,USA,North America,Other,Startup,Basic,Monthly,32.59,2.0,36.0,15.5,-1.0,13,100,18,960.55,625.94
CUST_019842,0.99729615,1,1,High Risk,India,APAC,Other,Small Business,Professional,Annual,141.57,5.0,55.8,20.3,16.0,6,63,18,4318.42,3436.04
CUST_011608,0.99729365,1,1,High Risk,India,APAC,Technology,Small Business,Business,Multi-Year,466.88,7.0,41.3,10.0,-12.0,31,408,13,7286.89,6011.74
CUST_002589,0.9972932,1,1,High Risk,USA,North America,Finance,Enterprise,Enterprise,Multi-Year,10496.25,7.0,71.5,21.0,42.0,7,143,24,356746.7,289225.41
CUST_002867,0.99729234,1,1,High Risk,India,APAC,Technology,Small Business,Business,Annual,392.93,1.0,58.6,15.5,15.0,6,75,18,10976.68,8900.05
CUST_004750,0.997288,1,1,High Risk,UK,Europe,Finance,Small Business,Professional,Multi-Year,80.31,3.0,62.1,25.5,26.0,18,382,13,1439.92,1094.14
CUST_016252,0.99728787,1,1,High Risk,Canada,North America,Finance,Small Business,Professional,Monthly,157.68,0.0,66.6,17.4,8.0,27,275,13,2862.4,2285.74
CUST_005765,0.9972873,1,1,High Risk,USA,North America,Finance,Startup,Basic,Annual,37.81,6.0,37.8,10.2,-30.0,7,154,12,713.41,399.86
CUST_009233,0.9972831,1,1,High Risk,Canada,North America,Retail,Enterprise,Enterprise,Annual,9627.72,6.0,73.0,30.9,-11.0,14,323,19,262132.58,221161.71
CUST_019893,0.9972728,1,1,High Risk,UK,Europe,Education,Mid-Market,Business,Annual,867.44,10.0,56.8,15.1,-7.0,27,555,12,13038.91,10902.26
CUST_011030,0.9972727,1,1,High Risk,USA,North America,Finance,Startup,Professional,Monthly,72.61,4.0,43.0,19.6,1.0,20,420,14,1446.39,1077.55
CUST_012133,0.99727124,1,1,High Risk,USA,North America,Finance,Startup,Professional,Annual,97.46,3.0,40.6,15.5,13.0,26,781,15,1994.04,1481.34
CUST_019909,0.9972692,1,1,High Risk,UK,Europe,Technology,Startup,Basic,Monthly,29.48,4.0,29.2,7.4,-34.0,5,120,12,566.51,354.87
CUST_009524,0.9972677,1,1,High Risk,Canada,North America,Finance,Startup,Business,Monthly,177.01,3.0,62.7,19.0,7.0,29,792,22,4937.53,3957.22
CUST_015524,0.99725866,1,1,High Risk,USA,North America,Retail,Small Business,Business,Annual,326.92,7.0,40.5,8.7,-1.0,12,115,18,9417.03,7843.28
CUST_004317,0.99725777,1,1,High Risk,USA,North America,Education,Startup,Business,Monthly,262.1,5.0,49.3,16.9,11.0,31,891,15,4550.57,3749.39
CUST_006731,0.9972543,1,1,High Risk,USA,North America,Finance,Small Business,Professional,Monthly,130.22,5.0,43.0,7.8,21.0,22,139,18,3376.66,2670.92
CUST_013760,0.9972541,1,1,High Risk,USA,North America,Other,Startup,Basic,Monthly,23.06,5.0,41.2,8.3,-23.0,33,265,13,389.59,182.75
CUST_008723,0.99725395,1,1,High Risk,UK,Europe,Healthcare,Mid-Market,Enterprise,Annual,4673.08,2.0,96.8,25.8,49.0,16,354,16,106020.1,89378.49
CUST_003317,0.9972536,1,1,High Risk,UK,Europe,Technology,Small Business,Business,Monthly,474.97,4.0,44.0,11.0,9.0,34,619,14,7964.4,6685.48
CUST_001983,0.99725217,1,1,High Risk,USA,North America,Education,Small Business,Professional,Monthly,165.95,3.0,62.0,22.5,6.0,13,172,15,3832.1,3024.0
CUST_017434,0.99724436,1,1,High Risk,Australia,APAC,Healthcare,Small Business,Basic,Annual,41.06,2.0,55.1,15.9,-23.0,28,606,14,672.61,407.28
CUST_013968,0.99724185,1,1,High Risk,USA,North America,Other,Small Business,Professional,Annual,176.36,10.0,46.6,17.0,-13.0,6,60,18,5436.55,4403.4
CUST_002996,0.9972402,1,1,High Risk,USA,North America,Healthcare,Mid-Market,Business,Monthly,914.07,4.0,49.5,18.6,2.0,24,590,9,11412.54,9788.42
CUST_016828,0.9972402,1,1,High Risk,USA,North America,Technology,Small Business,Professional,Annual,150.12,3.0,61.6,18.4,-18.0,27,380,18,3692.75,2863.57
CUST_008642,0.99724007,1,1,High Risk,UK,Europe,Manufacturing,Mid-Market,Business,Annual,923.61,1.0,45.8,9.5,-6.0,20,594,9,10344.46,8684.46
CUST_006796,0.9972337,1,1,High Risk,USA,North America,Real Estate,Small Business,Professional,Annual,243.38,5.0,48.4,10.9,-29.0,1,20,17,8080.28,6578.86
CUST_016452,0.9972324,1,1,High Risk,USA,North America,Real Estate,Startup,Basic,Monthly,30.91,1.0,43.3,13.3,17.0,32,917,14,499.01,263.19
CUST_009972,0.99722785,1,1,High Risk,USA,North America,Finance,Startup,Business,Monthly,176.04,6.0,51.8,21.0,9.0,1,30,14,5876.05,4837.61
CUST_015616,0.9972241,1,1,High Risk,USA,North America,Technology,Startup,Basic,Monthly,29.33,6.0,56.2,21.9,11.0,12,155,11,521.91,315.11
CUST_007205,0.99722314,1,1,High Risk,Canada,North America,Finance,Small Business,Basic,Annual,41.85,5.0,43.1,14.8,11.0,23,421,14,840.51,423.93
CUST_014726,0.9972192,1,1,High Risk,India,APAC,Real Estate,Startup,Professional,Monthly,95.05,4.0,22.7,12.8,-13.0,11,101,16,2728.83,2133.13
CUST_004228,0.99721295,1,1,High Risk,UK,Europe,Manufacturing,Startup,Basic,Annual,39.04,6.0,35.8,5.2,-47.0,14,122,13,838.96,557.14
CUST_007984,0.99720407,1,1,High Risk,Canada,North America,Healthcare,Startup,Professional,Annual,66.05,3.0,44.9,5.3,-5.0,15,168,15,1434.67,1067.06
CUST_013789,0.9972,1,1,High Risk,Australia,APAC,Technology,Startup,Professional,Monthly,79.51,5.0,40.9,17.9,11.0,8,99,14,1968.14,1498.52
CUST_006915,0.9972,1,1,High Risk,Other,MEA,Education,Mid-Market,Enterprise,Annual,3340.69,3.0,68.8,18.9,7.0,24,580,13,54912.19,45740.42
CUST_012994,0.99718827,1,1,High Risk,Australia,APAC,Healthcare,Startup,Basic,Monthly,34.88,3.0,25.4,3.2,19.0,16,134,16,880.72,542.84
CUST_000747,0.99718827,1,1,High Risk,USA,North America,Technology,Startup,Professional,Monthly,98.98,2.0,23.3,6.2,-16.0,12,126,11,1815.19,1403.5
CUST_000820,0.9971879,1,1,High Risk,Germany,Europe,Technology,Enterprise,Enterprise,Annual,8892.9,3.0,64.5,15.0,13.0,5,136,14,173995.03,142754.25
CUST_016906,0.9971781,1,1,High Risk,Australia,APAC,Other,Startup,Professional,Monthly,96.05,10.0,40.0,12.4,-18.0,17,94,16,2619.98,1993.01
CUST_019478,0.9971777,1,1,High Risk,USA,North America,Finance,Small Business,Professional,Annual,178.03,7.0,37.9,8.2,-15.0,19,468,12,2673.38,2075.02
CUST_007130,0.9971649,1,1,High Risk,UK,Europe,Finance,Mid-Market,Business,Monthly,954.49,2.0,67.5,21.0,28.0,20,396,17,24189.71,20798.29
CUST_018758,0.9971602,1,1,High Risk,USA,North America,Healthcare,Small Business,Basic,Monthly,44.02,4.0,49.6,9.3,8.0,10,68,21,1627.55,1130.32
CUST_016029,0.99715674,1,1,High Risk,USA,North America,Other,Small Business,Professional,Annual,151.59,3.0,52.0,10.0,25.0,3,57,16,4509.38,3564.88
CUST_006280,0.9971552,1,1,High Risk,USA,North America,Retail,Enterprise,Enterprise,Annual,7774.37,5.0,73.1,19.2,27.0,4,111,14,184763.45,156011.4
CUST_017717,0.9971534,1,1,High Risk,USA,North America,Technology,Startup,Professional,Monthly,77.24,3.0,37.8,11.8,16.0,18,105,16,1835.51,1338.44
CUST_000612,0.99715245,1,1,High Risk,Australia,APAC,Finance,Enterprise,Business,Annual,2907.18,1.0,70.8,25.7,49.0,9,116,19,79639.41,65736.15
CUST_008816,0.99715185,1,1,High Risk,Australia,APAC,Technology,Startup,Basic,Annual,34.55,6.0,23.7,7.0,-28.0,10,69,20,1021.87,624.43
CUST_016912,0.99715036,1,1,High Risk,Australia,APAC,Finance,Small Business,Professional,Annual,172.6,1.0,35.2,10.4,1.0,2,25,18,6555.68,5289.05
CUST_010410,0.99715024,1,1,High Risk,UK,Europe,Retail,Startup,Basic,Monthly,45.42,3.0,35.3,20.7,-30.0,5,76,14,1204.9,892.86
CUST_019804,0.9971384,1,1,High Risk,UK,Europe,Technology,Startup,Basic,Monthly,26.8,0.0,46.2,14.2,-4.0,21,323,13,524.02,286.12
CUST_011825,0.9971365,1,1,High Risk,Germany,Europe,Healthcare,Small Business,Basic,Monthly,51.34,4.0,60.4,17.2,-23.0,19,522,11,804.31,506.87
CUST_007917,0.9971349,1,1,High Risk,USA,North America,Other,Small Business,Professional,Annual,164.97,2.0,45.5,5.8,24.0,26,199,12,2807.12,2186.03
CUST_005387,0.9971349,1,1,High Risk,Australia,APAC,Technology,Small Business,Professional,Monthly,94.25,4.0,47.3,11.0,33.0,1,23,16,3039.31,2378.99
CUST_001849,0.9971342,1,1,High Risk,USA,North America,Real Estate,Small Business,Business,Annual,298.83,5.0,76.4,23.9,23.0,9,168,17,8954.54,7399.48
CUST_012040,0.9971317,1,1,High Risk,UK,Europe,Retail,Startup,Business,Monthly,260.37,8.0,44.2,19.7,-19.0,9,103,13,5218.7,4211.47
CUST_017053,0.9971282,1,1,High Risk,UK,Europe,Education,Mid-Market,Professional,Annual,491.43,3.0,58.8,13.8,19.0,31,224,16,10526.34,8791.57
CUST_013740,0.99712676,1,1,High Risk,USA,North America,Real Estate,Startup,Basic,Annual,24.93,1.0,41.5,9.3,18.0,20,357,13,428.92,178.03
CUST_001657,0.99712616,1,1,High Risk,UK,Europe,Manufacturing,Startup,Basic,Monthly,33.73,4.0,60.7,10.2,0.0,19,126,16,905.95,567.11
CUST_001510,0.9971136,1,1,High Risk,USA,North America,Retail,Startup,Basic,Monthly,45.28,6.0,26.4,8.9,-28.0,5,37,19,1644.85,1182.05
CUST_000240,0.9971119,1,1,High Risk,Australia,APAC,Retail,Startup,Professional,Monthly,70.3,2.0,46.8,14.4,-0.0,2,35,14,2112.89,1602.83
CUST_005566,0.9971084,1,1,High Risk,Canada,North America,Finance,Startup,Professional,Monthly,141.53,2.0,41.3,7.1,-1.0,8,72,16,4171.29,3297.26
CUST_012646,0.99710613,1,1,High Risk,UK,Europe,Finance,Startup,Professional,Monthly,94.4,4.0,38.3,6.8,12.0,24,680,13,1469.5,1097.66
CUST_010362,0.99710387,1,1,High Risk,USA,North America,Finance,Startup,Basic,Monthly,24.63,6.0,42.3,21.3,19.0,1,20,17,958.62,615.49
CUST_016997,0.9971034,1,1,High Risk,USA,North America,Finance,Startup,Basic,Monthly,25.45,5.0,48.4,19.4,15.0,8,75,14,625.9,355.51
CUST_000127,0.9971002,1,1,High Risk,USA,North America,Finance,Startup,Basic,Annual,33.05,4.0,51.3,15.3,19.0,4,50,17,1072.62,656.8
CUST_012310,0.99709713,1,1,High Risk,USA,North America,Healthcare,Startup,Basic,Monthly,30.92,7.0,58.5,12.9,-4.0,10,132,14,764.05,444.6
CUST_008045,0.99709237,1,1,High Risk,USA,North America,Technology,Startup,Professional,Monthly,103.94,6.0,41.0,19.6,-33.0,27,419,13,2144.03,1694.84
CUST_015505,0.9970919,1,1,High Risk,USA,North America,Finance,Small Business,Business,Annual,429.35,3.0,92.8,31.0,11.0,4,76,18,14469.61,12292.05
CUST_013203,0.99708694,1,1,High Risk,UK,Europe,Technology,Enterprise,Business,Annual,1698.22,4.0,54.2,12.8,16.0,4,114,15,40387.92,33879.68
CUST_003168,0.9970862,1,1,High Risk,UK,Europe,Technology,Startup,Professional,Monthly,100.79,2.0,58.3,15.9,-28.0,6,42,18,3377.14,2728.2
CUST_019528,0.9970757,1,1,High Risk,India,APAC,Healthcare,Startup,Basic,Annual,27.42,6.0,47.7,14.7,-31.0,2,24,17,976.47,658.38
CUST_004861,0.99705976,1,1,High Risk,Canada,North America,Other,Small Business,Professional,Annual,156.54,5.0,51.7,24.3,-8.0,5,66,14,3955.4,3211.54
CUST_010817,0.99704427,1,1,High Risk,UK,Europe,Retail,Mid-Market,Enterprise,Annual,4564.26,2.0,38.6,13.4,7.0,7,142,9,71075.83,60965.71
CUST_012658,0.9970432,1,1,High Risk,Australia,APAC,Technology,Startup,Basic,Monthly,22.89,1.0,25.4,6.8,-18.0,12,125,14,526.13,276.62
CUST_010364,0.99704164,1,1,High Risk,UK,Europe,Retail,Startup,Basic,Multi-Year,31.81,4.0,56.0,17.8,0.0,35,231,17,705.11,375.17
CUST_007045,0.99703574,1,1,High Risk,Germany,Europe,Education,Mid-Market,Business,Annual,831.13,1.0,78.9,18.7,23.0,16,361,16,20901.85,17513.02
CUST_008902,0.9970336,1,1,High Risk,Germany,Europe,Technology,Small Business,Basic,Annual,40.27,4.0,47.0,9.9,-14.0,5,101,15,1088.14,730.17
CUST_001422,0.99703324,1,1,High Risk,Canada,North America,Technology,Small Business,Professional,Monthly,197.91,4.0,71.8,19.0,22.0,31,385,13,3288.83,2637.57
CUST_014439,0.9970324,1,1,High Risk,UK,Europe,Finance,Mid-Market,Business,Annual,746.19,5.0,68.5,19.5,-7.0,18,411,16,17278.27,14546.76
CUST_003121,0.99703133,1,1,High Risk,Germany,Europe,Technology,Startup,Basic,Monthly,36.07,2.0,47.9,19.8,-6.0,21,355,13,729.04,467.98
CUST_001757,0.9970311,1,1,High Risk,USA,North America,Manufacturing,Mid-Market,Business,Annual,881.93,4.0,73.1,16.8,-2.0,13,177,14,18796.55,15512.37
CUST_000467,0.99703,1,1,High Risk,USA,North America,Retail,Mid-Market,Business,Annual,840.87,5.0,49.8,19.4,-38.0,3,58,15,21428.72,17724.22
CUST_008763,0.9970264,1,1,High Risk,Canada,North America,Technology,Mid-Market,Business,Multi-Year,922.23,2.0,52.9,18.5,18.0,3,69,17,26574.55,22238.2
CUST_001813,0.9970251,1,1,High Risk,USA,North America,Finance,Startup,Professional,Annual,95.03,2.0,43.4,15.4,23.0,32,970,12,1201.86,847.95
CUST_018078,0.9970143,1,1,High Risk,Other,LATAM,Real Estate,Startup,Enterprise,Monthly,966.17,0.0,57.3,15.5,-14.0,30,724,16,20231.88,17117.5
CUST_006663,0.99701166,1,1,High Risk,USA,North America,Retail,Small Business,Basic,Annual,44.29,4.0,44.3,4.8,18.0,6,177,12,852.94,546.73
CUST_011897,0.9970072,1,1,High Risk,USA,North America,Finance,Startup,Basic,Monthly,27.83,3.0,55.5,8.9,1.0,3,31,16,934.2,533.63
CUST_012688,0.9970053,1,1,High Risk,USA,North America,Healthcare,Small Business,Business,Annual,349.46,3.0,41.1,9.9,9.0,8,113,14,7197.43,5978.99
CUST_015674,0.9970042,1,1,High Risk,USA,North America,Finance,Startup,Basic,Annual,32.53,6.0,42.8,5.8,47.0,2,35,12,787.06,523.84
CUST_009989,0.99700147,1,1,High Risk,Australia,APAC,Manufacturing,Startup,Professional,Annual,97.84,6.0,24.2,4.9,-13.0,5,80,13,2077.46,1657.51
CUST_006515,0.99699414,1,1,High Risk,USA,North America,Retail,Mid-Market,Enterprise,Annual,4712.32,2.0,50.9,22.5,10.0,21,379,16,105237.54,88547.98
CUST_019757,0.996988,1,1,High Risk,Germany,Europe,Retail,Small Business,Professional,Monthly,92.78,6.0,55.7,18.3,11.0,12,263,9,1020.5,749.37
CUST_002395,0.99698,1,1,High Risk,USA,North America,Education,Small Business,Professional,Monthly,147.43,6.0,56.0,11.9,5.0,17,150,12,3003.33,2428.37
CUST_012821,0.99697864,1,1,High Risk,Germany,Europe,Education,Startup,Basic,Monthly,31.67,4.0,49.5,12.7,43.0,11,203,9,441.88,263.8
CUST_008912,0.99697196,1,1,High Risk,Canada,North America,Manufacturing,Startup,Basic,Monthly,36.71,3.0,29.8,3.7,31.0,3,81,11,741.99,475.99
CUST_008741,0.99697065,1,1,High Risk,Canada,North America,Healthcare,Small Business,Basic,Annual,31.0,3.0,56.4,16.0,21.0,15,233,11,538.17,338.48
CUST_013870,0.99697006,1,1,High Risk,USA,North America,Technology,Startup,Professional,Annual,105.42,2.0,38.0,14.9,-13.0,5,63,14,2613.62,2062.53
CUST_003591,0.99696654,1,1,High Risk,USA,North America,Real Estate,Small Business,Business,Annual,661.14,4.0,32.0,3.8,-17.0,24,176,19,17543.86,14352.01
CUST_009036,0.9969645,1,1,High Risk,Germany,Europe,Technology,Small Business,Business,Annual,483.05,2.0,52.2,15.1,-0.0,27,171,18,12184.49,9984.17
CUST_012632,0.9969619,1,1,High Risk,UK,Europe,Education,Small Business,Professional,Monthly,161.93,6.0,30.4,3.1,-22.0,29,448,15,3220.7,2528.01
CUST_006067,0.99696165,1,1,High Risk,Germany,Europe,Healthcare,Startup,Basic,Monthly,25.63,6.0,49.4,21.4,-18.0,18,148,15,615.55,308.05
CUST_008765,0.9969614,1,1,High Risk,Other,LATAM,Finance,Startup,Professional,Annual,105.07,7.0,58.3,19.0,-25.0,5,47,17,3307.46,2562.74
CUST_019293,0.9969585,1,1,High Risk,Canada,North America,Other,Startup,Basic,Monthly,29.25,4.0,48.0,20.3,16.0,4,37,23,1281.21,787.97
CUST_002055,0.99695563,1,1,High Risk,Australia,APAC,Healthcare,Startup,Basic,Annual,27.23,2.0,45.7,16.5,14.0,8,80,16,738.08,445.55
CUST_015368,0.99695146,1,1,High Risk,USA,North America,Education,Startup,Basic,Monthly,38.58,6.0,27.5,15.7,-46.0,34,641,15,601.78,340.33
CUST_000658,0.99695075,1,1,High Risk,USA,North America,Manufacturing,Startup,Basic,Annual,31.34,2.0,52.5,18.8,-4.0,9,140,15,687.63,350.97
CUST_014884,0.9969496,1,1,High Risk,UK,Europe,Retail,Small Business,Professional,Monthly,160.53,3.0,84.9,17.7,46.0,15,248,13,3429.73,2755.85
CUST_008664,0.99694616,1,1,High Risk,Germany,Europe,Healthcare,Small Business,Basic,Annual,49.3,4.0,55.9,11.6,-19.0,11,128,11,848.19,614.3
CUST_005576,0.99694306,1,1,High Risk,USA,North America,Education,Startup,Basic,Annual,24.9,3.0,27.2,8.2,5.0,9,112,13,581.78,349.56
CUST_018804,0.9969404,1,1,High Risk,USA,North America,Education,Small Business,Business,Annual,393.57,5.0,36.7,10.4,-25.0,21,120,14,8447.01,6901.91
CUST_016870,0.9969351,1,1,High Risk,Germany,Europe,Retail,Enterprise,Enterprise,Annual,11893.38,2.0,69.3,22.5,17.0,8,156,15,293095.9,249713.15
CUST_014620,0.9969304,1,1,High Risk,USA,North America,Manufacturing,Startup,Professional,Annual,106.27,5.0,25.4,11.3,-58.0,3,56,13,2797.9,2246.61
CUST_009315,0.9969247,1,1,High Risk,India,APAC,Manufacturing,Startup,Basic,Annual,38.17,4.0,73.3,16.5,7.0,27,504,16,736.77,391.51
CUST_013466,0.99691916,1,1,High Risk,Australia,APAC,Retail,Startup,Basic,Annual,30.78,2.0,54.9,10.9,21.0,12,149,16,759.88,412.19
CUST_004009,0.9969151,1,1,High Risk,USA,North America,Education,Startup,Professional,Monthly,100.3,2.0,74.9,15.1,50.0,30,845,16,1981.2,1448.5
CUST_011999,0.996914,1,1,High Risk,UK,Europe,Finance,Startup,Professional,Annual,70.81,3.0,56.0,16.6,13.0,18,392,10,1023.65,734.12
CUST_009587,0.99690753,1,1,High Risk,Canada,North America,Manufacturing,Startup,Professional,Annual,83.67,7.0,41.2,2.1,-22.0,16,402,11,1486.12,1135.26
CUST_019546,0.99690396,1,1,High Risk,USA,North America,Education,Mid-Market,Business,Annual,670.01,3.0,64.3,19.7,20.0,10,140,13,13911.22,11541.53
CUST_019027,0.9969035,1,1,High Risk,USA,North America,Education,Startup,Basic,Monthly,26.81,8.0,44.4,9.7,-8.0,10,110,18,799.91,447.07
CUST_008556,0.99690104,1,1,High Risk,UK,Europe,Healthcare,Small Business,Basic,Monthly,54.82,5.0,53.5,20.3,-21.0,29,406,18,1257.69,874.0
CUST_006181,0.99689674,1,1,High Risk,Germany,Europe,Finance,Small Business,Basic,Monthly,45.89,3.0,70.9,22.1,3.0,22,317,13,1043.99,745.97
CUST_015355,0.9968952,1,1,High Risk,USA,North America,Finance,Startup,Professional,Annual,87.22,2.0,42.3,16.9,10.0,6,60,17,2732.65,2150.96
CUST_009499,0.99688417,1,1,High Risk,Canada,North America,Real Estate,Startup,Basic,Annual,27.82,3.0,55.7,14.1,20.0,22,152,18,762.22,362.75
CUST_009729,0.9968828,1,1,High Risk,UK,Europe,Real Estate,Small Business,Business,Monthly,395.95,3.0,47.5,19.1,8.0,26,621,13,6878.63,5726.02
CUST_006941,0.99688256,1,1,High Risk,USA,North America,Finance,Startup,Business,Monthly,158.68,0.0,42.2,17.0,16.0,3,39,17,5498.38,4443.88
CUST_011012,0.9968749,1,1,High Risk,Canada,North America,Technology,Startup,Basic,Monthly,28.35,5.0,26.0,10.0,-28.0,1,23,15,979.89,643.27
CUST_014438,0.9968629,1,1,High Risk,USA,North America,Technology,Small Business,Basic,Monthly,42.06,4.0,40.1,17.7,-6.0,9,128,15,1074.45,740.62
CUST_009353,0.99686146,1,1,High Risk,USA,North America,Technology,Small Business,Professional,Annual,116.05,5.0,81.2,26.7,2.0,23,192,17,2527.54,1977.35
CUST_008253,0.99686015,1,1,High Risk,USA,North America,Technology,Startup,Professional,Annual,88.32,4.0,14.0,5.2,-40.0,9,59,20,3067.79,2332.16
CUST_008867,0.9968591,1,1,High Risk,USA,North America,Finance,Enterprise,Business,Multi-Year,2491.19,10.0,67.5,16.0,-0.0,11,105,19,69769.36,56953.87
CUST_009572,0.996858,1,1,High Risk,Other,LATAM,Education,Small Business,Basic,Annual,62.21,4.0,52.4,12.5,14.0,29,210,14,1006.42,669.99
CUST_014772,0.99685526,1,1,High Risk,USA,North America,Real Estate,Small Business,Enterprise,Monthly,1675.99,5.0,47.5,7.4,-0.0,14,388,14,42352.64,36375.53
CUST_014541,0.9968545,1,1,High Risk,USA,North America,Other,Small Business,Professional,Annual,116.33,7.0,63.8,18.8,-50.0,10,96,17,3202.17,2514.58
CUST_008066,0.99685305,1,1,High Risk,USA,North America,Real Estate,Startup,Basic,Monthly,26.75,6.0,56.5,16.5,11.0,13,368,10,432.76,244.44
CUST_004046,0.9968491,1,1,High Risk,UK,Europe,Finance,Startup,Basic,Annual,38.67,3.0,68.7,23.1,1.0,18,461,12,620.47,377.61
CUST_017174,0.9968479,1,1,High Risk,USA,North America,Manufacturing,Mid-Market,Business,Annual,1301.05,5.0,60.1,15.9,14.0,34,595,18,29018.33,24372.23
CUST_004283,0.9968477,1,1,High Risk,Australia,APAC,Healthcare,Startup,Professional,Monthly,112.45,4.0,79.1,28.3,27.0,30,500,20,3141.81,2436.87
CUST_008139,0.9968451,1,1,High Risk,USA,North America,Finance,Startup,Professional,Monthly,110.88,3.0,55.8,13.4,18.0,19,137,15,2738.79,2161.51
CUST_008279,0.9968405,1,1,High Risk,UK,Europe,Manufacturing,Small Business,Business,Monthly,442.36,3.0,56.0,10.8,-24.0,32,249,14,8797.09,7287.43
CUST_015549,0.9968382,1,1,High Risk,Canada,North America,Manufacturing,Startup,Professional,Monthly,60.55,4.0,34.7,9.0,-30.0,5,100,11,1074.49,762.01
CUST_015483,0.99683565,1,1,High Risk,Other,LATAM,Manufacturing,Mid-Market,Professional,Monthly,331.64,5.0,42.8,11.7,12.0,7,58,18,10234.15,8458.91
CUST_006199,0.9968353,1,1,High Risk,USA,North America,Education,Startup,Basic,Monthly,31.69,7.0,60.3,13.1,-5.0,29,711,10,409.18,207.36
CUST_006640,0.9968328,1,1,High Risk,Other,LATAM,Retail,Small Business,Professional,Annual,154.93,4.0,74.5,20.8,29.0,6,159,14,3133.51,2434.73
CUST_000105,0.996829,1,1,High Risk,USA,North America,Retail,Startup,Basic,Annual,33.74,5.0,41.9,9.7,-11.0,21,602,11,474.12,258.38
CUST_000072,0.9968207,1,1,High Risk,USA,North America,Other,Small Business,Business,Annual,449.76,7.0,44.4,19.0,2.0,34,271,18,11144.93,9179.05
CUST_019742,0.9968188,1,1,High Risk,USA,North America,Manufacturing,Small Business,Professional,Multi-Year,185.89,4.0,39.2,8.2,13.0,12,114,18,5033.55,3961.29
CUST_017629,0.99681646,1,1,High Risk,USA,North America,Retail,Small Business,Professional,Annual,205.97,3.0,46.8,13.7,11.0,3,45,13,4865.51,3977.21
CUST_001275,0.9968111,1,1,High Risk,USA,North America,Education,Startup,Basic,Monthly,34.96,4.0,37.1,12.9,6.0,27,584,10,483.29,285.17
CUST_003091,0.99680567,1,1,High Risk,USA,North America,Healthcare,Startup,Basic,Monthly,29.23,5.0,47.9,10.0,4.0,1,25,15,1009.81,708.39
CUST_015498,0.9968033,1,1,High Risk,Other,LATAM,Technology,Startup,Professional,Annual,85.66,6.0,42.0,12.7,-42.0,30,764,17,1835.23,1330.16
CUST_008955,0.9968002,1,1,High Risk,Canada,North America,Finance,Startup,Basic,Monthly,43.49,2.0,56.0,8.6,41.0,18,323,10,670.73,442.49
CUST_000203,0.9967962,1,1,High Risk,UK,Europe,Retail,Startup,Basic,Monthly,30.09,4.0,50.1,16.0,3.0,3,33,17,961.34,546.65
CUST_007064,0.9967938,1,1,High Risk,Other,LATAM,Education,Startup,Basic,Annual,36.49,4.0,40.6,15.5,1.0,26,756,17,825.88,516.68
CUST_008207,0.9967886,1,1,High Risk,Germany,Europe,Finance,Startup,Professional,Monthly,106.82,6.0,38.6,11.5,10.0,30,764,13,1783.4,1345.12
CUST_018936,0.9967867,1,1,High Risk,Germany,Europe,Education,Small Business,Enterprise,Monthly,1017.71,4.0,52.5,12.4,18.0,7,97,16,28814.65,24599.46
CUST_001246,0.99678564,1,1,High Risk,USA,North America,Technology,Enterprise,Business,Multi-Year,1745.24,1.0,74.3,19.6,45.0,26,385,19,38903.73,31665.85
CUST_003033,0.9967836,1,1,High Risk,Germany,Europe,Education,Small Business,Business,Monthly,482.57,4.0,43.2,19.4,-5.0,27,421,14,9607.71,7984.12
CUST_011566,0.9967734,1,1,High Risk,USA,North America,Real Estate,Startup,Basic,Annual,30.15,4.0,19.6,3.0,-27.0,34,670,11,371.36,210.81
CUST_002986,0.9967719,1,1,High Risk,Canada,North America,Real Estate,Startup,Business,Annual,260.54,3.0,50.1,13.6,7.0,30,376,18,6033.14,4847.16
CUST_009894,0.9967719,1,1,High Risk,UK,Europe,Retail,Startup,Basic,Monthly,32.16,4.0,62.5,25.0,14.0,7,115,16,856.19,491.5
CUST_004552,0.99677104,1,1,High Risk,Germany,Europe,Retail,Small Business,Business,Annual,527.18,5.0,51.3,11.0,-24.0,25,165,18,12483.1,10227.1
CUST_013976,0.9967687,1,1,High Risk,USA,North America,Healthcare,Startup,Business,Monthly,203.04,0.0,38.7,10.0,18.0,10,80,14,4707.42,3858.27
CUST_002004,0.99675375,1,1,High Risk,USA,North America,Other,Small Business,Professional,Annual,129.79,4.0,52.1,20.2,-1.0,20,287,10,1736.92,1307.66
CUST_010379,0.9967513,1,1,High Risk,USA,North America,Technology,Startup,Professional,Monthly,58.24,3.0,49.2,11.0,26.0,6,82,12,1374.63,1054.45
CUST_009085,0.99674726,1,1,High Risk,UK,Europe,Real Estate,Startup,Basic,Monthly,32.53,2.0,78.0,22.8,54.0,25,452,14,669.98,391.12
CUST_011926,0.9967469,1,1,High Risk,USA,North America,Finance,Mid-Market,Professional,Annual,430.37,6.0,63.8,20.5,-31.0,34,379,15,7840.75,6449.03
CUST_019296,0.9967457,1,1,High Risk,USA,North America,Retail,Small Business,Basic,Monthly,65.16,8.0,40.3,12.7,-6.0,13,82,18,2028.85,1501.63
CUST_015547,0.99674267,1,1,High Risk,USA,North America,Technology,Small Business,Business,Monthly,481.01,4.0,51.1,13.2,-5.0,21,381,14,10314.59,8651.97
CUST_007626,0.9967411,1,1,High Risk,USA,North America,Technology,Small Business,Business,Annual,479.8,5.0,49.1,3.3,6.0,3,48,15,14333.67,11971.88
CUST_000814,0.9967384,1,1,High Risk,Australia,APAC,Technology,Startup,Professional,Annual,67.87,7.0,38.7,7.6,9.0,3,75,13,1746.11,1242.95
CUST_002087,0.9967264,1,1,High Risk,USA,North America,Real Estate,Enterprise,Enterprise,Multi-Year,7411.66,3.0,74.9,20.9,-19.0,9,207,13,136706.48,113154.71
CUST_005384,0.99671435,1,1,High Risk,USA,North America,Retail,Small Business,Basic,Annual,36.06,4.0,53.3,12.8,3.0,9,85,16,914.82,591.6
CUST_014035,0.99670523,1,1,High Risk,USA,North America,Healthcare,Startup,Professional,Annual,92.55,4.0,32.2,8.9,10.0,6,45,19,2993.65,2259.03
CUST_007623,0.9967031,1,1,High Risk,USA,North America,Healthcare,Startup,Basic,Annual,25.15,5.0,44.3,7.0,20.0,8,66,16,697.1,341.05
CUST_017494,0.9967026,1,1,High Risk,Canada,North America,Healthcare,Startup,Professional,Annual,107.91,2.0,56.7,16.8,11.0,20,563,14,1688.31,1217.77
CUST_007320,0.9966987,1,1,High Risk,USA,North America,Finance,Small Business,Business,Annual,392.73,3.0,35.5,8.4,-14.0,21,231,12,6212.15,5048.41
CUST_013222,0.99669516,1,1,High Risk,India,APAC,Retail,Startup,Professional,Monthly,78.61,6.0,49.2,20.0,-6.0,5,82,14,2008.15,1535.08
CUST_005554,0.9966929,1,1,High Risk,UK,Europe,Retail,Startup,Professional,Annual,106.72,3.0,27.0,7.6,-42.0,4,69,13,2239.67,1721.8
CUST_004725,0.9966903,1,1,High Risk,USA,North America,Technology,Startup,Basic,Multi-Year,31.35,4.0,43.6,6.9,-22.0,35,878,14,413.55,148.04
CUST_009335,0.99668723,1,1,High Risk,India,APAC,Technology,Startup,Professional,Annual,84.53,2.0,56.7,22.9,-25.0,22,307,13,1580.72,1168.35
CUST_015309,0.9966857,1,1,High Risk,Australia,APAC,Other,Small Business,Basic,Multi-Year,66.64,4.0,59.8,15.5,20.0,29,509,12,884.35,539.06
CUST_016073,0.99667895,1,1,High Risk,Canada,North America,Retail,Small Business,Professional,Annual,192.78,4.0,60.9,18.1,30.0,3,61,13,4725.4,3864.38
CUST_008751,0.9966736,1,1,High Risk,Canada,North America,Education,Startup,Basic,Monthly,34.56,0.0,48.6,16.0,27.0,23,554,12,595.37,321.94
CUST_014185,0.9966708,1,1,High Risk,UK,Europe,Finance,Enterprise,Enterprise,Monthly,7939.22,2.0,48.8,18.4,7.0,15,425,15,206768.42,174857.25
CUST_018593,0.99666506,1,1,High Risk,USA,North America,Technology,Startup,Professional,Annual,91.95,2.0,59.5,5.8,40.0,5,92,14,2119.38,1613.94
CUST_006824,0.9966647,1,1,High Risk,Canada,North America,Education,Mid-Market,Business,Annual,1092.98,4.0,54.5,13.4,24.0,22,359,13,19469.66,16409.21
CUST_009852,0.9966625,1,1,High Risk,USA,North America,Technology,Startup,Professional,Monthly,97.44,0.0,41.7,18.0,27.0,30,890,13,1452.22,1036.78
CUST_005127,0.99666154,1,1,High Risk,UK,Europe,Healthcare,Small Business,Basic,Multi-Year,46.46,6.0,44.9,13.3,-19.0,21,468,13,674.62,402.55
CUST_005920,0.9966595,1,1,High Risk,Australia,APAC,Manufacturing,Small Business,Business,Annual,295.64,2.0,44.5,9.6,12.0,27,286,12,4628.34,3781.51
CUST_013043,0.99665666,1,1,High Risk,Canada,North America,Other,Mid-Market,Business,Annual,916.63,4.0,64.4,21.8,7.0,4,99,13,17707.24,14490.95
CUST_011895,0.9966556,1,1,High Risk,USA,North America,Finance,Small Business,Professional,Monthly,141.17,3.0,45.4,17.0,19.0,19,173,15,3325.96,2631.75
CUST_003511,0.99664897,1,1,High Risk,USA,North America,Technology,Startup,Professional,Monthly,94.72,3.0,47.0,15.1,-21.0,29,760,15,1786.86,1320.75
CUST_003083,0.9966454,1,1,High Risk,UK,Europe,Technology,Startup,Basic,Monthly,39.03,4.0,36.4,16.9,-21.0,10,59,18,1213.99,802.45
CUST_005567,0.9966454,1,1,High Risk,India,APAC,Technology,Small Business,Professional,Multi-Year,157.93,7.0,20.3,5.1,-43.0,7,77,18,4718.36,3764.97
CUST_008952,0.9966434,1,1,High Risk,Australia,APAC,Technology,Small Business,Professional,Annual,133.76,1.0,29.1,3.9,7.0,34,950,18,2363.9,1670.58
CUST_007978,0.99664295,1,1,High Risk,USA,North America,Other,Startup,Professional,Monthly,70.82,0.0,45.9,7.9,-28.0,7,97,12,1498.72,1151.14
CUST_005451,0.9966409,1,1,High Risk,USA,North America,Education,Small Business,Professional,Monthly,152.98,3.0,56.5,16.6,7.0,21,127,16,3860.03,3085.87
CUST_013192,0.99663794,1,1,High Risk,USA,North America,Healthcare,Startup,Business,Annual,247.01,3.0,72.9,18.1,27.0,29,577,13,3952.57,3261.58
CUST_013917,0.99663746,1,1,High Risk,India,APAC,Retail,Startup,Professional,Annual,107.94,4.0,21.3,7.1,-22.0,7,58,21,3986.85,3101.73
CUST_013370,0.9966157,1,1,High Risk,USA,North America,Other,Small Business,Basic,Multi-Year,63.49,4.0,53.3,3.0,13.0,4,91,14,1497.53,1075.08
CUST_017127,0.99661404,1,1,High Risk,Germany,Europe,Education,Mid-Market,Professional,Multi-Year,381.84,7.0,55.2,22.5,-17.0,18,439,13,5953.89,4821.53
CUST_003297,0.9966079,1,1,High Risk,Canada,North America,Technology,Startup,Basic,Monthly,37.7,3.0,56.0,21.9,11.0,29,337,16,794.3,514.17
CUST_015076,0.9966072,1,1,High Risk,India,APAC,Finance,Startup,Basic,Annual,34.34,6.0,47.5,23.5,-23.0,31,246,17,806.68,476.42
CUST_007275,0.99660575,1,1,High Risk,USA,North America,Real Estate,Startup,Basic,Annual,34.1,1.0,52.2,18.3,43.0,3,39,18,1150.3,710.41
CUST_001804,0.9966023,1,1,High Risk,USA,North America,Healthcare,Startup,Professional,Monthly,110.18,2.0,61.9,23.5,15.0,17,260,11,1976.98,1559.8
CUST_013085,0.99659014,1,1,High Risk,USA,North America,Technology,Small Business,Professional,Monthly,159.74,4.0,35.3,18.0,3.0,34,239,16,3676.39,2973.57
CUST_009584,0.9965886,1,1,High Risk,Other,LATAM,Finance,Startup,Basic,Monthly,30.53,4.0,57.8,22.6,17.0,2,24,19,1334.68,868.03
CUST_012485,0.99658585,1,1,High Risk,India,APAC,Education,Mid-Market,Professional,Annual,323.02,1.0,45.8,13.6,10.0,22,239,13,5150.46,4192.22
CUST_006662,0.99658066,1,1,High Risk,USA,North America,Manufacturing,Small Business,Professional,Annual,161.95,1.0,48.4,20.5,33.0,17,339,12,3026.35,2354.06
CUST_004856,0.9965745,1,1,High Risk,Canada,North America,Healthcare,Mid-Market,Business,Multi-Year,959.92,1.0,74.9,27.2,16.0,25,691,13,13762.4,11193.74
CUST_009637,0.99656725,1,1,High Risk,UK,Europe,Finance,Startup,Basic,Monthly,39.55,6.0,51.0,23.3,5.0,33,972,14,573.69,292.07
CUST_017389,0.9965661,1,1,High Risk,USA,North America,Education,Startup,Business,Monthly,212.5,3.0,65.4,16.0,34.0,21,463,12,3816.51,3052.67
CUST_004760,0.99656576,1,1,High Risk,USA,North America,Finance,Startup,Basic,Monthly,28.88,2.0,26.0,6.0,-14.0,13,133,14,593.58,283.48
CUST_001780,0.9965655,1,1,High Risk,Germany,Europe,Technology,Startup,Basic,Annual,28.24,4.0,69.1,19.7,25.0,31,310,14,522.91,303.33
CUST_018318,0.9965571,1,1,High Risk,Australia,APAC,Education,Startup,Basic,Monthly,34.35,6.0,56.0,21.7,28.0,8,111,15,907.93,517.64
CUST_013735,0.9965455,1,1,High Risk,India,APAC,Healthcare,Small Business,Business,Multi-Year,546.44,3.0,52.7,15.9,38.0,23,431,15,10520.02,8689.05
CUST_006304,0.9965449,1,1,High Risk,USA,North America,Healthcare,Startup,Professional,Annual,120.34,4.0,58.7,12.0,9.0,16,142,15,2962.96,2278.9
CUST_006194,0.99653983,1,1,High Risk,USA,North America,Technology,Startup,Professional,Monthly,100.65,4.0,57.0,24.2,4.0,8,58,18,3534.8,2786.3
CUST_017451,0.99653167,1,1,High Risk,UK,Europe,Technology,Small Business,Professional,Monthly,174.59,2.0,64.9,17.2,35.0,24,384,17,4401.58,3520.63
CUST_011871,0.99652904,1,1,High Risk,UK,Europe,Finance,Mid-Market,Enterprise,Annual,2725.11,1.0,80.9,25.5,7.0,16,319,14,58588.07,49399.41
CUST_004785,0.9965274,1,1,High Risk,Germany,Europe,Education,Small Business,Professional,Monthly,136.73,4.0,40.8,11.7,28.0,16,104,14,2935.19,2226.27
CUST_004918,0.9965256,1,1,High Risk,UK,Europe,Real Estate,Mid-Market,Professional,Annual,332.77,5.0,52.7,19.0,-18.0,6,91,14,7870.83,6476.54
CUST_000104,0.99651563,1,1,High Risk,India,APAC,Education,Small Business,Professional,Annual,144.12,3.0,56.8,12.9,18.0,3,39,18,5016.23,3897.3
CUST_004645,0.9965133,1,1,High Risk,Other,LATAM,Retail,Mid-Market,Enterprise,Annual,3041.91,2.0,61.0,13.7,8.0,6,98,13,61874.15,51917.23
CUST_000159,0.99650264,1,1,High Risk,Germany,Europe,Retail,Startup,Basic,Monthly,31.35,8.0,44.0,11.9,-14.0,7,44,20,1173.29,747.77
CUST_019813,0.9964971,1,1,High Risk,Canada,North America,Real Estate,Small Business,Business,Annual,377.27,4.0,54.3,14.2,-6.0,19,144,15,8569.44,7177.35
CUST_000727,0.99649626,1,1,High Risk,India,APAC,Retail,Startup,Basic,Annual,22.67,5.0,31.5,0.0,-13.0,5,68,15,610.7,343.92
CUST_005889,0.99648666,1,1,High Risk,India,APAC,Education,Small Business,Basic,Monthly,61.91,4.0,50.8,8.2,1.0,14,133,13,1440.66,1107.39
CUST_007788,0.99648213,1,1,High Risk,UK,Europe,Healthcare,Mid-Market,Professional,Monthly,276.43,3.0,52.8,11.7,9.0,32,261,13,4752.13,3938.28
CUST_014712,0.9964812,1,1,High Risk,India,APAC,Finance,Mid-Market,Business,Multi-Year,998.55,1.0,77.8,17.4,47.0,11,262,16,20790.55,17055.04
CUST_014977,0.9964676,1,1,High Risk,Canada,North America,Technology,Small Business,Professional,Annual,144.78,4.0,58.3,15.8,17.0,23,422,15,2957.72,2327.01
CUST_012698,0.99646324,1,1,High Risk,Germany,Europe,Finance,Startup,Basic,Monthly,24.91,2.0,34.7,8.5,0.0,2,20,20,1047.05,593.92
CUST_012527,0.9964581,1,1,High Risk,USA,North America,Real Estate,Small Business,Professional,Monthly,148.68,5.0,31.8,7.6,-15.0,35,212,11,2337.96,1869.34
CUST_011801,0.99645644,1,1,High Risk,Canada,North America,Technology,Small Business,Basic,Monthly,48.53,2.0,53.5,13.3,6.0,17,139,14,1050.34,673.24
CUST_015731,0.99645305,1,1,High Risk,USA,North America,Manufacturing,Startup,Basic,Monthly,33.2,5.0,31.2,11.7,23.0,5,45,17,1133.5,755.19
CUST_016995,0.9964527,1,1,High Risk,USA,North America,Manufacturing,Startup,Business,Monthly,249.77,7.0,61.2,19.7,17.0,18,317,12,4475.82,3608.55
CUST_013384,0.99644023,1,1,High Risk,Other,MEA,Manufacturing,Small Business,Professional,Monthly,163.11,1.0,38.1,12.8,-2.0,14,137,15,3909.57,3161.46
CUST_017653,0.9964394,1,1,High Risk,India,APAC,Manufacturing,Small Business,Business,Monthly,439.95,3.0,70.3,22.3,19.0,4,106,15,11895.45,9936.59
CUST_019963,0.996433,1,1,High Risk,India,APAC,Retail,Small Business,Professional,Monthly,214.6,4.0,64.8,20.8,16.0,3,63,13,5488.71,4487.3
CUST_005643,0.996431,1,1,High Risk,India,APAC,Other,Small Business,Professional,Multi-Year,128.47,7.0,47.1,9.6,-38.0,17,457,12,2005.29,1524.06
CUST_005179,0.99642533,1,1,High Risk,USA,North America,Retail,Mid-Market,Business,Annual,951.01,4.0,52.5,19.7,11.0,2,35,13,26027.6,22031.98
CUST_009793,0.99642193,1,1,High Risk,USA,North America,Technology,Small Business,Business,Annual,399.51,1.0,36.4,13.5,-36.0,20,403,14,8176.1,6800.75
CUST_007342,0.9964174,1,1,High Risk,Germany,Europe,Technology,Small Business,Business,Multi-Year,252.11,3.0,72.2,22.9,37.0,8,125,16,6135.06,4916.99
CUST_012319,0.996415,1,1,High Risk,USA,North America,Retail,Startup,Basic,Monthly,34.6,5.0,39.1,5.3,9.0,1,19,20,1543.38,1111.91
CUST_013356,0.99638957,1,1,High Risk,Other,MEA,Healthcare,Startup,Basic,Monthly,29.4,4.0,55.9,17.7,22.0,31,442,17,695.44,392.59
CUST_002567,0.996387,1,1,High Risk,Germany,Europe,Other,Startup,Business,Monthly,201.45,2.0,48.9,17.9,6.0,20,466,12,3696.1,3033.55
CUST_011506,0.9963812,1,1,High Risk,USA,North America,Retail,Startup,Basic,Monthly,32.29,4.0,38.5,14.6,-12.0,3,30,16,1058.46,667.18
CUST_011110,0.99637944,1,1,High Risk,UK,Europe,Retail,Startup,Basic,Monthly,27.24,3.0,50.2,12.7,28.0,9,61,20,970.09,563.55
CUST_012277,0.9963748,1,1,High Risk,Australia,APAC,Other,Small Business,Enterprise,Annual,1264.25,5.0,37.0,7.7,27.0,10,83,17,37665.83,31539.49
CUST_002995,0.9963684,1,1,High Risk,Canada,North America,Finance,Startup,Professional,Annual,104.86,0.0,35.7,9.8,37.0,4,87,15,2802.77,2185.0
CUST_007046,0.9963642,1,1,High Risk,Canada,North America,Healthcare,Startup,Professional,Monthly,92.65,10.0,48.9,12.7,-24.0,7,62,14,2443.22,1941.45
CUST_010587,0.99635917,1,1,High Risk,USA,North America,Real Estate,Small Business,Business,Annual,357.16,2.0,38.2,17.1,14.0,3,37,16,10523.65,8716.12
CUST_000852,0.9963231,1,1,High Risk,Germany,Europe,Retail,Startup,Basic,Annual,35.03,7.0,35.6,7.2,-39.0,22,155,14,695.31,368.76
CUST_003525,0.9963225,1,1,High Risk,USA,North America,Education,Small Business,Business,Annual,305.51,3.0,53.6,22.6,-26.0,25,385,14,6172.3,5021.2
CUST_019880,0.9962991,1,1,High Risk,UK,Europe,Retail,Startup,Basic,Annual,21.88,5.0,22.4,8.0,-17.0,2,25,15,704.76,397.85
CUST_019391,0.99629766,1,1,High Risk,Australia,APAC,Healthcare,Small Business,Business,Annual,351.22,6.0,65.2,19.7,18.0,5,105,14,8493.36,7072.21
CUST_005006,0.99629456,1,1,High Risk,USA,North America,Retail,Startup,Business,Monthly,353.47,4.0,47.8,11.3,-12.0,6,66,15,9696.56,7952.13
CUST_001030,0.99629223,1,1,High Risk,UK,Europe,Manufacturing,Startup,Basic,Monthly,26.19,8.0,57.9,20.2,-14.0,31,891,12,333.98,143.18
CUST_009997,0.99628985,1,1,High Risk,India,APAC,Manufacturing,Startup,Professional,Multi-Year,87.38,5.0,11.4,2.3,-14.0,2,30,19,3227.02,2494.59
CUST_013587,0.99628925,1,1,High Risk,UK,Europe,Technology,Enterprise,Enterprise,Annual,6422.89,7.0,63.6,16.1,8.0,24,177,18,162363.92,138175.53
CUST_001671,0.9962882,1,1,High Risk,Other,LATAM,Retail,Small Business,Professional,Annual,131.24,4.0,31.2,8.7,11.0,3,83,15,3234.05,2459.49
CUST_016404,0.99628675,1,1,High Risk,USA,North America,Other,Startup,Basic,Annual,29.37,9.0,40.0,4.2,-38.0,3,83,10,518.78,283.34
CUST_005194,0.9962835,1,1,High Risk,USA,North America,Education,Small Business,Business,Annual,375.14,3.0,51.8,10.2,12.0,23,159,14,8196.7,6859.14
CUST_006360,0.99628323,1,1,High Risk,Germany,Europe,Retail,Small Business,Professional,Annual,155.86,5.0,71.2,15.4,40.0,29,412,19,3803.59,3012.63
CUST_013158,0.9962813,1,1,High Risk,USA,North America,Technology,Startup,Basic,Annual,23.59,4.0,34.1,8.6,6.0,2,53,13,522.94,274.0
CUST_011286,0.9962754,1,1,High Risk,Australia,APAC,Finance,Startup,Professional,Annual,85.24,4.0,52.1,3.2,-15.0,2,36,13,2036.89,1545.36
CUST_011571,0.9962754,1,1,High Risk,Germany,Europe,Real Estate,Small Business,Professional,Annual,165.55,2.0,35.4,8.6,0.0,14,352,12,3186.84,2518.38
CUST_012312,0.99627435,1,1,High Risk,Other,MEA,Healthcare,Mid-Market,Enterprise,Annual,3067.37,3.0,38.1,15.3,26.0,17,110,20,88669.13,75262.24
CUST_001550,0.99626213,1,1,High Risk,USA,North America,Healthcare,Small Business,Business,Monthly,405.02,4.0,60.9,20.3,1.0,2,34,14,12611.2,10535.82
CUST_014087,0.99625885,1,1,High Risk,UK,Europe,Retail,Startup,Basic,Monthly,35.94,3.0,56.0,11.4,-47.0,20,409,13,622.43,289.36
CUST_009940,0.99625623,1,1,High Risk,Australia,APAC,Other,Mid-Market,Professional,Annual,403.82,3.0,61.1,15.3,13.0,2,42,14,10695.85,8856.41
CUST_004380,0.99624807,1,1,High Risk,Australia,APAC,Manufacturing,Startup,Basic,Monthly,26.49,3.0,51.5,18.0,-7.0,29,571,13,421.71,207.46
CUST_005802,0.9962476,1,1,High Risk,India,APAC,Technology,Small Business,Professional,Monthly,123.2,5.0,55.4,18.3,-1.0,20,592,13,2100.82,1675.72
CUST_009912,0.9962475,1,1,High Risk,Other,MEA,Manufacturing,Small Business,Professional,Annual,160.03,8.0,68.9,15.7,-3.0,27,383,19,3686.75,2874.49
CUST_009496,0.9962304,1,1,High Risk,USA,North America,Manufacturing,Startup,Basic,Monthly,40.27,2.0,19.9,5.5,-28.0,13,168,13,908.1,590.35
CUST_015274,0.9962232,1,1,High Risk,USA,North America,Education,Startup,Professional,Annual,80.15,6.0,22.3,8.2,-13.0,16,179,13,1612.17,1214.11
CUST_006819,0.9962185,1,1,High Risk,UK,Europe,Manufacturing,Mid-Market,Professional,Multi-Year,304.48,1.0,64.7,21.0,68.0,7,144,12,5801.1,4734.32
CUST_016207,0.9962121,1,1,High Risk,UK,Europe,Healthcare,Startup,Professional,Monthly,97.08,3.0,45.5,18.3,-6.0,19,397,9,1413.12,1099.76
CUST_019883,0.99620914,1,1,High Risk,USA,North America,Technology,Startup,Professional,Monthly,85.28,3.0,49.6,22.0,11.0,24,349,11,1359.23,1014.91
CUST_008995,0.9962063,1,1,High Risk,USA,North America,Manufacturing,Small Business,Business,Multi-Year,412.83,2.0,62.6,19.3,4.0,12,103,20,13423.81,11083.91
CUST_014381,0.99620396,1,1,High Risk,UK,Europe,Real Estate,Startup,Professional,Monthly,82.52,3.0,54.7,16.0,11.0,10,151,12,1775.54,1333.24
CUST_015946,0.9961952,1,1,High Risk,USA,North America,Education,Mid-Market,Business,Multi-Year,958.26,2.0,75.1,25.3,20.0,21,614,12,13616.62,11176.12
CUST_014596,0.9961946,1,1,High Risk,USA,North America,Manufacturing,Mid-Market,Business,Annual,812.35,6.0,52.7,14.8,-26.0,2,25,16,26048.19,21751.74
CUST_013619,0.99619436,1,1,High Risk,Canada,North America,Technology,Startup,Basic,Annual,29.39,7.0,47.1,17.0,-29.0,31,783,20,669.55,305.96
CUST_005911,0.9961935,1,1,High Risk,Australia,APAC,Technology,Startup,Professional,Annual,92.28,3.0,26.3,9.4,41.0,2,28,15,2824.58,2220.79
CUST_012345,0.9961926,1,1,High Risk,USA,North America,Education,Small Business,Professional,Multi-Year,174.53,5.0,37.4,13.2,48.0,5,118,15,4114.49,3284.98
CUST_009494,0.9961856,1,1,High Risk,USA,North America,Healthcare,Startup,Basic,Monthly,29.7,2.0,65.5,19.2,35.0,9,139,15,747.51,468.8
CUST_007403,0.99618405,1,1,High Risk,India,APAC,Technology,Startup,Basic,Monthly,22.72,3.0,38.5,15.2,9.0,16,159,14,534.44,301.09
CUST_014456,0.9961766,1,1,High Risk,India,APAC,Education,Small Business,Business,Annual,363.25,2.0,86.2,27.3,24.0,23,336,12,6119.46,5087.48
CUST_015588,0.9961712,1,1,High Risk,Germany,Europe,Technology,Mid-Market,Business,Annual,814.55,5.0,37.9,3.3,14.0,27,765,15,13744.63,11314.72
CUST_002241,0.9961695,1,1,High Risk,Other,MEA,Technology,Startup,Basic,Annual,32.41,3.0,39.6,7.2,0.0,31,810,15,586.81,219.67
CUST_004072,0.99615854,1,1,High Risk,Australia,APAC,Retail,Small Business,Basic,Annual,37.68,0.0,33.8,16.3,-10.0,10,196,9,434.89,260.19
CUST_009938,0.9961576,1,1,High Risk,USA,North America,Manufacturing,Startup,Business,Monthly,312.81,2.0,69.0,19.8,24.0,3,41,18,11589.17,9722.31
CUST_009567,0.996157,1,1,High Risk,USA,North America,Healthcare,Startup,Business,Monthly,232.47,3.0,30.1,11.0,-16.0,3,31,14,6191.46,5003.06
CUST_019770,0.996136,1,1,High Risk,Canada,North America,Technology,Startup,Basic,Monthly,24.39,6.0,40.4,7.3,-32.0,3,44,12,532.95,335.95
CUST_002959,0.9961217,1,1,High Risk,USA,North America,Real Estate,Startup,Basic,Monthly,24.36,2.0,59.4,19.4,14.0,5,43,20,967.6,659.16
CUST_009077,0.99610317,1,1,High Risk,Australia,APAC,Manufacturing,Small Business,Professional,Annual,137.27,7.0,54.1,22.2,-9.0,6,75,14,3239.79,2602.33
CUST_018070,0.99608505,1,1,High Risk,USA,North America,Education,Small Business,Business,Annual,431.01,4.0,24.6,7.8,-2.0,4,44,15,10363.3,8248.21
CUST_017599,0.9960764,1,1,High Risk,Germany,Europe,Manufacturing,Small Business,Business,Monthly,362.36,8.0,24.6,0.9,-36.0,6,81,14,9416.71,7767.02
CUST_016262,0.99606836,1,1,High Risk,UK,Europe,Education,Small Business,Business,Monthly,324.44,1.0,41.7,13.5,18.0,2,24,18,13291.71,11127.92
CUST_009785,0.99606234,1,1,High Risk,USA,North America,Real Estate,Startup,Basic,Monthly,28.32,5.0,32.5,7.7,-20.0,6,87,13,688.56,419.61
CUST_016175,0.9960569,1,1,High Risk,USA,North America,Technology,Small Business,Basic,Annual,67.11,3.0,65.9,22.4,7.0,20,118,17,1755.47,1247.72
CUST_013680,0.9960472,1,1,High Risk,UK,Europe,Real Estate,Small Business,Basic,Annual,53.05,5.0,41.7,14.4,7.0,2,35,12,1252.48,883.69
CUST_008306,0.9960448,1,1,High Risk,USA,North America,Retail,Small Business,Business,Monthly,403.03,4.0,45.0,15.8,18.0,24,387,14,8295.23,6991.85
CUST_007871,0.9960443,1,1,High Risk,USA,North America,Technology,Small Business,Professional,Multi-Year,157.86,5.0,63.5,19.1,-3.0,31,692,13,2245.95,1728.81
CUST_007659,0.9960402,1,1,High Risk,UK,Europe,Technology,Small Business,Professional,Monthly,217.93,3.0,55.4,18.1,4.0,9,64,19,7108.73,5738.15
CUST_016860,0.99603397,1,1,High Risk,USA,North America,Retail,Small Business,Basic,Annual,43.27,0.0,38.1,14.5,-0.0,14,130,14,927.82,595.97
CUST_005829,0.9960337,1,1,High Risk,UK,Europe,Technology,Startup,Basic,Annual,27.34,3.0,51.4,10.2,27.0,12,101,18,768.66,437.25
CUST_012492,0.9960299,1,1,High Risk,India,APAC,Finance,Small Business,Enterprise,Monthly,1028.56,6.0,36.5,7.0,-34.0,18,321,10,16793.3,14327.24
CUST_019223,0.9960234,1,1,High Risk,USA,North America,Retail,Small Business,Business,Multi-Year,338.73,5.0,54.7,12.0,-5.0,1,30,12,8659.13,7043.79
CUST_009636,0.9960212,1,1,High Risk,UK,Europe,Manufacturing,Startup,Professional,Monthly,97.89,6.0,33.1,10.7,29.0,2,38,11,2254.4,1795.55
CUST_004811,0.9960211,1,1,High Risk,Canada,North America,Healthcare,Small Business,Basic,Multi-Year,55.35,5.0,19.2,8.9,-12.0,4,31,17,1962.76,1518.99
CUST_000285,0.9960199,1,1,High Risk,Canada,North America,Healthcare,Mid-Market,Business,Annual,916.48,5.0,73.3,25.4,15.0,31,414,12,13885.75,11650.84
CUST_012020,0.9960128,1,1,High Risk,Germany,Europe,Retail,Startup,Professional,Annual,89.36,4.0,41.6,13.6,2.0,16,112,19,2591.92,1898.3
CUST_004535,0.9960116,1,1,High Risk,USA,North America,Retail,Startup,Basic,Annual,37.93,9.0,44.9,11.6,-2.0,10,211,8,458.88,215.62
CUST_001126,0.9960115,1,1,High Risk,UK,Europe,Healthcare,Startup,Basic,Annual,30.3,3.0,25.3,5.2,-27.0,28,426,15,609.59,300.23
CUST_013070,0.9960069,1,1,High Risk,Other,MEA,Technology,Startup,Basic,Monthly,32.98,3.0,53.2,15.1,17.0,16,94,15,815.19,476.41
CUST_005415,0.996005,1,1,High Risk,USA,North America,Healthcare,Startup,Basic,Annual,27.37,3.0,58.1,19.1,15.0,16,402,13,543.0,266.54
CUST_006028,0.9960044,1,1,High Risk,USA,North America,Technology,Startup,Professional,Monthly,96.64,6.0,38.1,12.0,-25.0,7,42,18,3130.89,2477.56
CUST_000897,0.9960006,1,1,High Risk,Germany,Europe,Other,Startup,Professional,Monthly,93.3,2.0,52.7,15.8,-4.0,3,40,15,2948.2,2362.67
CUST_016929,0.9959998,1,1,High Risk,Canada,North America,Healthcare,Startup,Basic,Multi-Year,22.13,5.0,69.7,24.6,-7.0,5,80,16,627.08,374.29
CUST_011678,0.9959943,1,1,High Risk,USA,North America,Healthcare,Startup,Business,Annual,211.04,0.0,61.9,21.3,24.0,12,324,10,3045.59,2356.65
CUST_006217,0.99599314,1,1,High Risk,Germany,Europe,Healthcare,Startup,Basic,Monthly,34.65,3.0,60.5,16.7,6.0,17,129,13,770.33,465.55
CUST_007640,0.9959709,1,1,High Risk,Germany,Europe,Education,Startup,Professional,Monthly,76.94,3.0,40.8,10.2,-19.0,14,170,12,1655.93,1253.99
CUST_007001,0.99596953,1,1,High Risk,Australia,APAC,Healthcare,Startup,Basic,Monthly,32.03,6.0,34.5,9.4,-1.0,23,187,12,588.03,382.17
CUST_002849,0.9959692,1,1,High Risk,UK,Europe,Healthcare,Small Business,Professional,Annual,169.26,2.0,47.3,8.2,5.0,17,120,17,4663.65,3738.57
CUST_016702,0.9959622,1,1,High Risk,UK,Europe,Healthcare,Mid-Market,Enterprise,Multi-Year,3609.39,5.0,43.6,9.7,-7.0,25,132,26,123257.61,101955.92
CUST_013282,0.99596196,1,1,High Risk,Germany,Europe,Manufacturing,Small Business,Professional,Annual,143.47,5.0,41.7,11.5,-10.0,9,103,15,3757.86,2905.17
CUST_017522,0.9959428,1,1,High Risk,Germany,Europe,Education,Startup,Basic,Annual,28.15,3.0,57.5,18.4,20.0,15,73,21,884.92,469.9
CUST_010120,0.9959413,1,1,High Risk,USA,North America,Manufacturing,Startup,Basic,Annual,19.38,7.0,56.0,8.0,-2.0,32,267,8,211.39,93.69
CUST_008990,0.9959346,1,1,High Risk,USA,North America,Technology,Small Business,Business,Annual,464.25,6.0,53.9,15.6,8.0,21,115,19,13633.55,11189.92
CUST_015345,0.99592113,1,1,High Risk,Germany,Europe,Healthcare,Mid-Market,Business,Annual,790.49,6.0,52.8,16.7,-4.0,4,69,14,18794.05,15794.0
CUST_017138,0.995905,1,1,High Risk,USA,North America,Technology,Small Business,Professional,Monthly,150.29,4.0,63.1,11.4,21.0,5,129,11,2899.62,2288.67
CUST_004829,0.9958831,1,1,High Risk,Germany,Europe,Healthcare,Small Business,Basic,Multi-Year,45.94,5.0,43.4,7.8,-21.0,13,139,12,882.59,556.41
CUST_017322,0.99588156,1,1,High Risk,India,APAC,Technology,Startup,Basic,Monthly,44.76,3.0,15.7,0.0,20.0,10,115,12,823.87,556.42
CUST_003826,0.9958786,1,1,High Risk,Australia,APAC,Technology,Mid-Market,Professional,Multi-Year,315.59,1.0,89.7,27.4,39.0,14,309,19,8622.24,7050.64
CUST_012440,0.9958746,1,1,High Risk,USA,North America,Technology,Startup,Professional,Monthly,100.79,5.0,74.7,18.5,8.0,4,98,11,1954.06,1572.13
CUST_019210,0.9958495,1,1,High Risk,USA,North America,Retail,Small Business,Basic,Monthly,50.29,4.0,67.7,14.6,23.0,31,822,11,644.0,434.29
CUST_006974,0.9958489,1,1,High Risk,Other,MEA,Technology,Small Business,Basic,Annual,44.74,6.0,55.4,10.6,1.0,11,162,11,743.6,508.44
CUST_006737,0.9958417,1,1,High Risk,USA,North America,Healthcare,Small Business,Business,Annual,435.37,6.0,49.5,14.1,0.0,34,402,15,7304.86,5864.79
CUST_019386,0.99584156,1,1,High Risk,USA,North America,Retail,Startup,Professional,Annual,77.48,4.0,48.3,11.1,13.0,14,144,14,1817.71,1352.06
CUST_014227,0.99584085,1,1,High Risk,USA,North America,Manufacturing,Small Business,Professional,Monthly,157.29,5.0,51.9,12.1,-1.0,34,789,13,2207.98,1719.06
CUST_017047,0.99583924,1,1,High Risk,Germany,Europe,Finance,Startup,Business,Multi-Year,189.82,6.0,59.2,15.4,-16.0,2,20,18,6720.05,5493.49
CUST_015293,0.99581945,1,1,High Risk,Germany,Europe,Real Estate,Startup,Basic,Annual,26.46,2.0,31.7,14.8,-10.0,8,56,18,909.89,545.18
CUST_004208,0.99581546,1,1,High Risk,USA,North America,Retail,Startup,Basic,Monthly,31.73,1.0,45.9,23.7,11.0,28,670,12,468.85,240.03
CUST_003726,0.9958046,1,1,High Risk,India,APAC,Education,Small Business,Professional,Annual,130.33,0.0,51.8,15.6,-6.0,29,764,20,3182.43,2401.15
CUST_008266,0.9957997,1,1,High Risk,UK,Europe,Technology,Small Business,Professional,Multi-Year,107.95,7.0,18.3,3.8,-31.0,9,109,13,2036.65,1536.98
CUST_007472,0.99579537,1,1,High Risk,Germany,Europe,Finance,Startup,Professional,Annual,88.8,2.0,53.5,12.1,11.0,3,44,14,2310.15,1775.13
CUST_008506,0.9957898,1,1,High Risk,Australia,APAC,Retail,Startup,Basic,Monthly,31.72,3.0,46.7,13.0,17.0,35,233,12,510.84,227.09
CUST_013986,0.9957777,1,1,High Risk,UK,Europe,Technology,Small Business,Basic,Multi-Year,52.53,2.0,47.9,8.9,5.0,34,265,16,1040.31,637.03
CUST_008100,0.99577504,1,1,High Risk,USA,North America,Retail,Startup,Professional,Annual,89.24,6.0,30.2,2.5,17.0,5,74,14,2328.91,1756.16
CUST_002753,0.99577385,1,1,High Risk,USA,North America,Retail,Mid-Market,Professional,Multi-Year,324.57,3.0,66.3,16.9,41.0,17,488,13,5387.42,4390.76
CUST_009120,0.9957728,1,1,High Risk,UK,Europe,Manufacturing,Mid-Market,Enterprise,Monthly,3014.94,3.0,61.6,16.7,-7.0,3,46,21,129362.36,110658.67
CUST_004510,0.9957703,1,1,High Risk,Germany,Europe,Education,Startup,Basic,Annual,26.36,2.0,46.2,15.5,19.0,24,368,10,418.37,221.73
CUST_001419,0.9957677,1,1,High Risk,UK,Europe,Technology,Small Business,Basic,Annual,44.11,4.0,15.1,10.5,-4.0,2,26,14,1304.72,933.8
CUST_014688,0.9957616,1,1,High Risk,UK,Europe,Healthcare,Startup,Professional,Monthly,88.03,6.0,40.6,7.8,7.0,2,20,16,3051.28,2382.18
CUST_016538,0.99576086,1,1,High Risk,India,APAC,Other,Startup,Professional,Monthly,91.85,4.0,26.3,0.4,19.0,10,116,14,2231.84,1711.43
CUST_002568,0.995756,1,1,High Risk,USA,North America,Healthcare,Startup,Basic,Annual,35.81,11.0,32.6,13.7,-19.0,5,37,17,1055.17,642.24
CUST_018591,0.9957438,1,1,High Risk,Canada,North America,Education,Startup,Professional,Monthly,119.01,3.0,43.8,9.7,19.0,21,367,13,2555.15,2097.1
CUST_000108,0.99574214,1,1,High Risk,Germany,Europe,Real Estate,Small Business,Professional,Annual,197.44,2.0,30.1,15.1,-0.0,22,641,11,2571.74,2045.59
CUST_017226,0.99573696,1,1,High Risk,USA,North America,Finance,Small Business,Professional,Annual,159.82,2.0,69.4,27.7,36.0,11,164,18,4140.94,3263.2
CUST_018880,0.9957203,1,1,High Risk,USA,North America,Retail,Startup,Basic,Monthly,31.35,4.0,50.7,15.8,2.0,34,803,16,584.49,303.31
CUST_002032,0.99571866,1,1,High Risk,Other,LATAM,Finance,Small Business,Basic,Monthly,52.25,1.0,57.5,19.1,6.0,14,284,9,795.05,572.23
CUST_000478,0.99571604,1,1,High Risk,USA,North America,Retail,Startup,Basic,Monthly,26.89,6.0,35.3,4.9,-29.0,1,19,17,1001.73,572.9
CUST_009015,0.99571437,1,1,High Risk,USA,North America,Technology,Startup,Basic,Monthly,48.82,4.0,52.0,11.7,52.0,29,422,15,1025.24,688.41
CUST_000358,0.99571383,1,1,High Risk,UK,Europe,Real Estate,Small Business,Business,Monthly,325.54,6.0,76.8,29.5,-3.0,2,31,20,14206.19,11741.23
CUST_016798,0.9957074,1,1,High Risk,USA,North America,Technology,Startup,Basic,Annual,23.76,6.0,51.7,18.7,-5.0,30,748,15,437.64,163.4
CUST_001787,0.9957035,1,1,High Risk,USA,North America,Retail,Small Business,Professional,Multi-Year,172.88,4.0,38.4,3.0,-21.0,10,104,18,4213.47,3193.25
CUST_006865,0.9956749,1,1,High Risk,USA,North America,Technology,Mid-Market,Professional,Annual,401.56,5.0,69.7,24.1,-8.0,19,487,12,6849.46,5683.67
CUST_012220,0.99567336,1,1,High Risk,India,APAC,Finance,Mid-Market,Business,Annual,1475.78,3.0,57.9,19.7,29.0,29,518,15,22959.05,18701.27
CUST_000361,0.9956726,1,1,High Risk,India,APAC,Technology,Startup,Basic,Monthly,22.77,6.0,56.0,10.5,21.0,9,177,11,385.55,130.14
CUST_013368,0.99566805,1,1,High Risk,USA,North America,Healthcare,Small Business,Professional,Annual,132.17,5.0,53.5,9.7,-8.0,5,57,18,4217.69,3363.82
CUST_016317,0.99566627,1,1,High Risk,UK,Europe,Real Estate,Startup,Professional,Monthly,63.62,3.0,55.1,13.1,43.0,7,70,15,1594.03,1187.88
CUST_006565,0.9956638,1,1,High Risk,India,APAC,Technology,Mid-Market,Enterprise,Annual,2457.49,6.0,30.7,6.1,-32.0,17,394,12,45130.52,38144.7
CUST_007026,0.9956589,1,1,High Risk,India,APAC,Healthcare,Mid-Market,Business,Multi-Year,1014.21,10.0,44.6,20.0,-45.0,31,529,15,15664.62,12620.69
CUST_008927,0.9956583,1,1,High Risk,India,APAC,Healthcare,Startup,Professional,Multi-Year,97.59,6.0,43.4,7.9,-13.0,24,130,19,2499.51,1814.15
CUST_007434,0.9956541,1,1,High Risk,USA,North America,Other,Startup,Professional,Multi-Year,54.63,5.0,27.3,2.2,-28.0,32,763,17,986.95,624.58
CUST_000178,0.9956458,1,1,High Risk,USA,North America,Healthcare,Startup,Basic,Annual,26.16,3.0,52.7,19.3,16.0,2,34,12,672.17,341.65
CUST_015589,0.99563843,1,1,High Risk,USA,North America,Technology,Small Business,Basic,Multi-Year,61.94,7.0,37.6,11.1,-5.0,31,480,17,1129.28,716.53
CUST_019418,0.99561936,1,1,High Risk,UK,Europe,Other,Startup,Professional,Annual,72.03,9.0,27.1,7.4,-46.0,23,169,16,1652.28,1199.77
CUST_007953,0.9956185,1,1,High Risk,USA,North America,Retail,Startup,Basic,Annual,34.75,5.0,39.9,8.1,-9.0,30,193,11,437.76,196.57
CUST_014543,0.9956181,1,1,High Risk,USA,North America,Healthcare,Startup,Professional,Monthly,90.73,6.0,27.2,0.0,-15.0,19,128,14,1939.71,1443.75
CUST_007510,0.9956181,1,1,High Risk,USA,North America,Healthcare,Startup,Professional,Monthly,109.63,4.0,45.7,15.7,26.0,4,53,15,3141.79,2508.64
CUST_012004,0.99561715,1,1,High Risk,Canada,North America,Retail,Enterprise,Enterprise,Monthly,8249.62,4.0,62.5,23.8,7.0,12,177,12,147913.37,125079.86
CUST_012620,0.9956077,1,1,High Risk,USA,North America,Education,Startup,Basic,Annual,17.37,1.0,55.4,22.1,17.0,7,81,17,446.77,97.26
CUST_008242,0.9955966,1,1,High Risk,UK,Europe,Technology,Startup,Business,Monthly,351.45,6.0,51.3,15.6,-8.0,32,401,17,7957.66,6638.77
CUST_017357,0.99559337,1,1,High Risk,USA,North America,Manufacturing,Startup,Basic,Monthly,28.35,2.0,27.0,0.5,-20.0,22,336,12,449.33,226.98
CUST_005773,0.99559,1,1,High Risk,USA,North America,Technology,Small Business,Professional,Monthly,166.34,5.0,67.8,20.6,9.0,7,56,18,5684.22,4563.64
CUST_016685,0.99558,1,1,High Risk,India,APAC,Manufacturing,Startup,Basic,Monthly,26.84,2.0,43.9,15.3,20.0,21,134,14,552.54,318.03
CUST_008945,0.9955786,1,1,High Risk,Australia,APAC,Real Estate,Small Business,Business,Multi-Year,344.89,2.0,37.9,0.4,8.0,4,87,15,9006.15,7305.63
CUST_011148,0.9955778,1,1,High Risk,UK,Europe,Manufacturing,Startup,Basic,Monthly,29.2,2.0,35.3,12.9,3.0,4,41,15,853.0,537.44
CUST_014671,0.9955741,1,1,High Risk,USA,North America,Manufacturing,Startup,Basic,Annual,26.34,3.0,41.4,17.4,-30.0,3,43,13,710.7,445.0
CUST_012484,0.9955739,1,1,High Risk,Germany,Europe,Technology,Startup,Basic,Monthly,23.61,0.0,28.8,13.8,-15.0,7,101,14,554.91,251.12
CUST_016632,0.99557,1,1,High Risk,USA,North America,Technology,Mid-Market,Business,Multi-Year,868.59,3.0,72.1,20.7,16.0,13,344,11,14299.68,11836.01
CUST_012412,0.9955664,1,1,High Risk,Australia,APAC,Technology,Small Business,Basic,Monthly,44.32,7.0,36.9,8.3,-36.0,22,241,9,526.82,334.27
CUST_001996,0.99554706,1,1,High Risk,Other,MEA,Education,Small Business,Business,Monthly,505.04,4.0,22.4,4.2,-28.0,1,19,21,23815.7,20061.87
CUST_019013,0.99554574,1,1,High Risk,Other,MEA,Education,Startup,Basic,Monthly,33.68,6.0,56.0,18.7,5.0,28,366,15,680.91,446.78
CUST_008089,0.9955384,1,1,High Risk,USA,North America,Finance,Small Business,Professional,Annual,110.53,8.0,39.9,8.8,-4.0,3,58,13,2662.03,2108.28
CUST_010552,0.9955349,1,1,High Risk,India,APAC,Education,Small Business,Professional,Multi-Year,111.79,6.0,48.7,7.9,-37.0,11,136,17,2701.46,2034.2
CUST_011737,0.9955278,1,1,High Risk,USA,North America,Healthcare,Small Business,Basic,Annual,55.41,5.0,46.4,10.9,-43.0,9,58,17,1513.87,1093.17
CUST_018808,0.99552476,1,1,High Risk,India,APAC,Manufacturing,Startup,Basic,Annual,34.58,3.0,52.5,10.3,3.0,30,786,17,756.86,411.08
CUST_007019,0.9955194,1,1,High Risk,Australia,APAC,Real Estate,Mid-Market,Enterprise,Multi-Year,3969.92,1.0,68.8,17.6,36.0,6,138,10,51670.53,42339.87
CUST_012119,0.995518,1,1,High Risk,Germany,Europe,Technology,Startup,Basic,Monthly,38.98,2.0,42.0,14.5,-3.0,6,84,14,1055.64,709.89
CUST_011394,0.9955154,1,1,High Risk,USA,North America,Healthcare,Small Business,Professional,Monthly,144.32,8.0,35.4,12.6,-1.0,5,148,9,2205.26,1720.92
CUST_018995,0.99551386,1,1,High Risk,USA,North America,Education,Startup,Basic,Monthly,21.18,4.0,71.1,21.9,24.0,29,258,15,457.37,162.19
CUST_004040,0.99550664,1,1,High Risk,UK,Europe,Healthcare,Small Business,Business,Monthly,443.24,2.0,61.6,20.8,11.0,4,39,19,16411.75,13661.69
CUST_019958,0.9955024,1,1,High Risk,UK,Europe,Healthcare,Small Business,Basic,Monthly,41.43,4.0,70.4,20.0,21.0,15,275,11,740.46,487.99
CUST_005714,0.995501,1,1,High Risk,UK,Europe,Technology,Startup,Basic,Monthly,28.64,6.0,34.6,2.7,-18.0,8,93,14,735.05,407.16
CUST_011035,0.9954898,1,1,High Risk,USA,North America,Retail,Small Business,Professional,Multi-Year,113.84,5.0,49.1,12.7,29.0,2,31,14,2970.0,2281.81
CUST_009027,0.9954833,1,1,High Risk,UK,Europe,Real Estate,Small Business,Basic,Multi-Year,43.45,2.0,56.4,8.6,46.0,26,650,13,624.68,370.04
CUST_003974,0.99547994,1,1,High Risk,USA,North America,Manufacturing,Startup,Basic,Monthly,25.64,3.0,56.0,16.2,-14.0,20,511,10,369.81,201.0
CUST_008102,0.99547774,1,1,High Risk,Germany,Europe,Manufacturing,Small Business,Business,Annual,364.03,9.0,32.2,1.4,-6.0,16,75,17,10285.12,8492.15
CUST_016858,0.99547297,1,1,High Risk,USA,North America,Manufacturing,Small Business,Professional,Annual,104.32,3.0,54.9,18.5,6.0,4,84,13,2454.1,1952.42
CUST_016474,0.9954684,1,1,High Risk,Canada,North America,Real Estate,Startup,Professional,Monthly,48.61,4.0,44.2,20.1,21.0,5,56,15,1413.94,943.78
CUST_000189,0.99546343,1,1,High Risk,India,APAC,Education,Startup,Basic,Monthly,30.98,5.0,51.7,11.7,21.0,21,97,23,1110.0,668.72
CUST_018821,0.99546105,1,1,High Risk,USA,North America,Technology,Small Business,Basic,Multi-Year,39.5,6.0,44.9,13.8,19.0,20,125,18,1012.42,596.56
CUST_010301,0.9954601,1,1,High Risk,UK,Europe,Other,Startup,Basic,Annual,24.92,8.0,29.3,12.1,-4.0,5,41,21,934.14,509.27
CUST_001746,0.99545383,1,1,High Risk,UK,Europe,Other,Startup,Basic,Annual,24.76,2.0,61.1,27.6,3.0,32,443,20,601.54,197.94
CUST_016149,0.9954471,1,1,High Risk,Australia,APAC,Finance,Startup,Basic,Monthly,22.25,5.0,46.4,11.8,3.0,3,27,17,794.39,447.25
CUST_003706,0.9954281,1,1,High Risk,USA,North America,Technology,Startup,Professional,Monthly,93.53,5.0,44.5,13.3,11.0,7,113,13,1983.57,1518.92
CUST_000204,0.9954228,1,1,High Risk,USA,North America,Retail,Mid-Market,Business,Multi-Year,799.68,6.0,79.9,27.9,7.0,10,118,17,20670.01,17224.17
CUST_010238,0.99541414,1,1,High Risk,USA,North America,Real Estate,Startup,Professional,Annual,77.9,3.0,57.8,22.9,8.0,4,116,10,1325.53,990.76
CUST_007052,0.9954047,1,1,High Risk,USA,North America,Healthcare,Small Business,Professional,Annual,147.87,2.0,58.2,19.8,29.0,2,31,14,3916.31,3089.53
CUST_019315,0.995402,1,1,High Risk,USA,North America,Education,Small Business,Professional,Annual,147.07,5.0,39.6,16.1,16.0,1,18,17,5502.95,4395.61
CUST_015532,0.9954007,1,1,High Risk,India,APAC,Manufacturing,Mid-Market,Professional,Annual,321.61,6.0,26.1,15.3,-19.0,2,63,11,6996.92,5807.6
CUST_017167,0.99538213,1,1,High Risk,USA,North America,Real Estate,Startup,Basic,Monthly,21.8,3.0,55.2,11.4,40.0,1,18,18,860.95,541.66
CUST_014532,0.99537706,1,1,High Risk,USA,North America,Real Estate,Startup,Basic,Annual,27.49,3.0,65.2,24.1,47.0,29,614,17,582.42,298.38
CUST_003244,0.9953643,1,1,High Risk,USA,North America,Technology,Small Business,Business,Annual,325.14,0.0,53.1,10.9,17.0,7,51,20,10997.48,8955.31
CUST_016416,0.9953602,1,1,High Risk,Canada,North America,Retail,Startup,Basic,Monthly,23.52,4.0,44.2,20.1,-13.0,1,22,15,788.09,502.05
CUST_014834,0.995352,1,1,High Risk,Australia,APAC,Real Estate,Startup,Business,Annual,177.7,2.0,55.0,18.2,-41.0,7,66,14,4676.29,3833.88
CUST_008263,0.9953461,1,1,High Risk,USA,North America,Technology,Startup,Professional,Annual,100.69,7.0,42.3,6.8,-26.0,32,165,24,3198.14,2361.35
CUST_008845,0.9953459,1,1,High Risk,Australia,APAC,Technology,Small Business,Enterprise,Annual,1401.59,4.0,41.7,13.6,16.0,7,65,15,35909.23,30296.1
CUST_005925,0.9953454,1,1,High Risk,USA,North America,Retail,Startup,Basic,Monthly,40.66,3.0,33.5,12.0,24.0,7,47,17,1222.04,834.87
CUST_000877,0.9953412,1,1,High Risk,India,APAC,Manufacturing,Startup,Professional,Annual,90.2,1.0,42.5,15.4,-1.0,9,93,15,2443.94,1890.14
CUST_009314,0.9953312,1,1,High Risk,Australia,APAC,Real Estate,Small Business,Professional,Annual,132.69,3.0,31.2,14.3,10.0,11,178,13,2642.64,2084.93
CUST_008685,0.99530715,1,1,High Risk,Germany,Europe,Education,Startup,Basic,Annual,27.1,5.0,11.7,0.0,-27.0,10,112,13,552.75,323.69
CUST_015388,0.9953057,1,1,High Risk,USA,North America,Manufacturing,Small Business,Basic,Monthly,46.14,2.0,39.2,6.9,26.0,14,117,20,1495.88,982.42
CUST_018321,0.9953048,1,1,High Risk,Germany,Europe,Manufacturing,Mid-Market,Business,Annual,1152.73,4.0,49.5,11.8,18.0,8,58,19,36501.37,30494.86
CUST_019381,0.995304,1,1,High Risk,Australia,APAC,Healthcare,Mid-Market,Professional,Multi-Year,325.99,0.0,68.6,21.2,30.0,33,927,13,3856.52,3114.92
CUST_007366,0.9952937,1,1,High Risk,USA,North America,Healthcare,Small Business,Basic,Monthly,45.08,2.0,87.2,28.3,34.0,13,163,13,866.02,528.19
CUST_016361,0.99526876,1,1,High Risk,Other,LATAM,Healthcare,Small Business,Basic,Annual,36.62,3.0,75.7,21.4,41.0,20,298,13,704.92,429.65
CUST_015830,0.9952597,1,1,High Risk,USA,North America,Healthcare,Small Business,Professional,Annual,137.15,7.0,46.3,8.5,18.0,7,81,14,3204.18,2586.71
CUST_002284,0.99525553,1,1,High Risk,USA,North America,Retail,Mid-Market,Business,Multi-Year,931.51,7.0,65.0,19.7,9.0,25,630,16,16112.74,13361.68
CUST_016525,0.99525285,1,1,High Risk,USA,North America,Retail,Small Business,Basic,Annual,43.19,5.0,50.0,14.2,-4.0,9,116,14,945.34,625.62
CUST_010063,0.9952495,1,1,High Risk,Other,LATAM,Technology,Startup,Professional,Annual,75.33,3.0,62.8,11.8,34.0,21,128,18,2074.07,1542.74
CUST_006395,0.9952447,1,1,High Risk,Germany,Europe,Manufacturing,Startup,Basic,Monthly,39.37,3.0,25.2,5.8,11.0,20,117,14,896.46,541.58
CUST_018791,0.9952237,1,1,High Risk,Australia,APAC,Finance,Startup,Business,Monthly,311.66,5.0,42.5,23.6,0.0,6,48,16,9585.29,8073.27
CUST_012026,0.99521303,1,1,High Risk,USA,North America,Real Estate,Startup,Professional,Monthly,92.23,1.0,46.6,9.1,8.0,6,54,20,3591.3,2824.84
CUST_007596,0.9952054,1,1,High Risk,USA,North America,Real Estate,Startup,Basic,Monthly,28.41,1.0,33.8,12.8,-18.0,22,106,19,716.48,338.79
CUST_005172,0.9951925,1,1,High Risk,Other,LATAM,Healthcare,Startup,Basic,Multi-Year,24.64,4.0,62.2,16.4,39.0,32,652,16,441.11,153.25
CUST_017403,0.9951916,1,1,High Risk,USA,North America,Technology,Small Business,Basic,Annual,37.44,9.0,28.4,8.5,-23.0,6,37,19,1167.6,764.27
CUST_018814,0.99518716,1,1,High Risk,USA,North America,Technology,Startup,Professional,Annual,81.07,6.0,26.9,14.4,-11.0,13,138,10,1174.01,872.4
CUST_005605,0.9951709,1,1,High Risk,USA,North America,Technology,Mid-Market,Business,Annual,979.39,3.0,66.0,16.3,39.0,10,108,12,18012.21,15164.61
CUST_014291,0.99516886,1,1,High Risk,India,APAC,Retail,Startup,Professional,Monthly,82.03,3.0,42.5,17.4,8.0,33,757,14,1386.0,992.17
CUST_003424,0.9951663,1,1,High Risk,USA,North America,Technology,Mid-Market,Business,Annual,1020.38,3.0,41.7,20.4,-17.0,4,74,15,26434.04,22354.99
CUST_005358,0.9951351,1,1,High Risk,USA,North America,Retail,Startup,Basic,Monthly,36.71,6.0,20.7,13.8,24.0,4,48,13,951.66,658.73
CUST_001777,0.9951314,1,1,High Risk,Canada,North America,Technology,Small Business,Professional,Multi-Year,148.77,3.0,60.0,21.6,-12.0,15,149,12,2556.53,1944.05
CUST_002304,0.99511826,1,1,High Risk,Germany,Europe,Finance,Small Business,Basic,Annual,66.2,2.0,48.6,17.2,-14.0,2,43,12,1568.65,1140.56
CUST_016008,0.99510753,1,1,High Risk,UK,Europe,Technology,Small Business,Basic,Monthly,57.15,2.0,73.6,19.7,18.0,12,125,16,1529.66,1105.64
CUST_006595,0.9951042,1,1,High Risk,USA,North America,Healthcare,Startup,Professional,Annual,102.86,5.0,36.4,9.1,1.0,20,91,17,2908.17,2182.39
CUST_001636,0.9950846,1,1,High Risk,USA,North America,Technology,Startup,Basic,Annual,28.89,4.0,55.9,17.0,-6.0,16,119,17,758.7,436.87
CUST_000336,0.9950842,1,1,High Risk,USA,North America,Finance,Mid-Market,Enterprise,Annual,4781.93,3.0,59.8,15.0,-23.0,4,69,14,114384.68,95615.92
CUST_004174,0.9950794,1,1,High Risk,Other,LATAM,Retail,Small Business,Professional,Annual,153.82,4.0,49.6,6.0,14.0,3,27,16,5056.05,4089.1
CUST_013835,0.99506515,1,1,High Risk,USA,North America,Finance,Startup,Professional,Monthly,98.14,10.0,34.1,7.7,-18.0,9,167,9,1545.77,1247.31
CUST_001332,0.9950612,1,1,High Risk,USA,North America,Finance,Startup,Business,Annual,257.76,4.0,56.0,0.0,-12.0,22,404,9,3333.37,2710.82
CUST_002776,0.9950566,1,1,High Risk,USA,North America,Healthcare,Small Business,Professional,Monthly,134.69,3.0,42.7,14.8,15.0,31,220,12,2401.07,1910.16
CUST_012118,0.9950458,1,1,High Risk,USA,North America,Healthcare,Small Business,Business,Annual,255.22,3.0,30.3,6.9,-15.0,5,67,13,6094.81,4983.27
CUST_017317,0.99503255,1,1,High Risk,USA,North America,Retail,Startup,Business,Monthly,233.71,3.0,38.9,9.0,27.0,10,95,13,5534.62,4530.8
CUST_004111,0.9950193,1,1,High Risk,USA,North America,Retail,Startup,Business,Monthly,253.96,5.0,45.7,13.8,-40.0,13,103,13,5425.86,4546.69
CUST_003841,0.99501723,1,1,High Risk,UK,Europe,Manufacturing,Startup,Basic,Annual,22.77,4.0,57.8,17.4,31.0,31,332,16,451.8,126.59
CUST_000986,0.9950098,1,1,High Risk,Canada,North America,Finance,Mid-Market,Basic,Multi-Year,107.08,5.0,65.4,19.1,2.0,8,153,13,2006.79,1559.98
CUST_014737,0.99500847,1,1,High Risk,Australia,APAC,Technology,Startup,Basic,Annual,27.33,6.0,43.0,12.9,-17.0,3,38,14,715.25,405.72
CUST_016941,0.9949804,1,1,High Risk,Germany,Europe,Technology,Enterprise,Enterprise,Multi-Year,8147.55,3.0,77.2,18.6,27.0,31,798,13,101282.43,81713.72
CUST_014314,0.9949759,1,1,High Risk,USA,North America,Healthcare,Small Business,Basic,Monthly,51.85,7.0,67.0,12.4,-14.0,6,43,17,1628.61,1199.65
CUST_015558,0.9949679,1,1,High Risk,USA,North America,Retail,Small Business,Basic,Annual,52.76,3.0,69.1,25.7,-17.0,2,38,15,1626.93,1216.0
CUST_004757,0.9949574,1,1,High Risk,Canada,North America,Education,Startup,Basic,Monthly,35.6,4.0,78.9,24.3,10.0,6,132,13,804.24,544.54
CUST_010003,0.99495417,1,1,High Risk,USA,North America,Manufacturing,Startup,Basic,Monthly,32.13,7.0,56.2,16.5,8.0,10,73,16,991.93,645.69
CUST_016513,0.99494827,1,1,High Risk,USA,North America,Technology,Startup,Basic,Monthly,21.13,7.0,28.7,5.1,-7.0,13,85,16,581.07,296.36
CUST_006607,0.9949414,1,1,High Risk,Australia,APAC,Retail,Startup,Professional,Multi-Year,93.58,3.0,32.9,8.7,-8.0,12,157,12,1584.63,1108.14
CUST_008260,0.99493754,1,1,High Risk,India,APAC,Technology,Startup,Professional,Annual,100.27,2.0,53.8,24.8,-4.0,28,473,13,1796.13,1305.17
CUST_009133,0.9949351,1,1,High Risk,USA,North America,Retail,Mid-Market,Business,Monthly,818.87,3.0,61.3,23.1,12.0,20,397,11,13925.34,11692.31
CUST_006154,0.9949338,1,1,High Risk,USA,North America,Other,Startup,Basic,Monthly,32.27,6.0,1.0,3.4,11.0,23,136,16,754.2,424.42
CUST_014683,0.99493307,1,1,High Risk,Australia,APAC,Real Estate,Startup,Professional,Monthly,99.16,2.0,46.5,18.0,-8.0,27,449,12,1601.09,1220.34
CUST_014355,0.994925,1,1,High Risk,USA,North America,Real Estate,Small Business,Professional,Annual,134.79,4.0,26.1,2.7,-20.0,15,134,14,2962.59,2336.18
CUST_014459,0.99491596,1,1,High Risk,India,APAC,Healthcare,Startup,Basic,Monthly,36.65,7.0,40.7,13.1,1.0,6,93,13,839.82,524.07
CUST_010788,0.99491465,1,1,High Risk,USA,North America,Technology,Startup,Basic,Monthly,23.65,2.0,38.3,5.0,-16.0,7,114,12,499.29,274.82
CUST_011846,0.9949138,1,1,High Risk,USA,North America,Technology,Startup,Professional,Annual,91.46,4.0,24.8,6.2,-28.0,3,28,16,2819.43,2054.07
CUST_009844,0.9949131,1,1,High Risk,India,APAC,Other,Startup,Professional,Annual,94.81,2.0,38.7,12.1,-8.0,26,389,12,1576.1,1208.08
CUST_005952,0.99490535,1,1,High Risk,Australia,APAC,Manufacturing,Startup,Basic,Monthly,21.79,4.0,41.9,17.6,-1.0,5,36,17,680.49,324.09
CUST_019180,0.994905,1,1,High Risk,Germany,Europe,Real Estate,Small Business,Business,Annual,342.13,4.0,45.4,16.3,25.0,4,68,12,7343.28,5897.17
CUST_016331,0.9949032,1,1,High Risk,Canada,North America,Healthcare,Small Business,Professional,Annual,159.17,1.0,51.6,14.0,29.0,9,66,15,3913.93,3090.21
CUST_007514,0.99489814,1,1,High Risk,Australia,APAC,Finance,Startup,Basic,Annual,31.46,1.0,39.8,9.9,19.0,10,126,12,580.0,353.11
CUST_004081,0.99489766,1,1,High Risk,India,APAC,Finance,Startup,Basic,Monthly,25.01,3.0,57.9,17.9,-11.0,21,181,10,345.83,165.91
CUST_015948,0.9948809,1,1,High Risk,USA,North America,Technology,Startup,Basic,Monthly,30.52,4.0,26.1,0.0,-15.0,13,99,15,747.83,496.97
CUST_016980,0.994875,1,1,High Risk,USA,North America,Retail,Startup,Professional,Monthly,83.12,8.0,49.9,10.0,21.0,5,94,12,1805.13,1369.38
CUST_018421,0.9948612,1,1,High Risk,USA,North America,Technology,Small Business,Basic,Annual,51.81,3.0,71.5,23.3,38.0,28,830,13,775.78,504.05
CUST_005298,0.99484706,1,1,High Risk,USA,North America,Healthcare,Startup,Business,Monthly,195.94,5.0,46.7,14.7,-16.0,15,84,18,6262.93,5109.68
CUST_011971,0.99484116,1,1,High Risk,USA,North America,Technology,Startup,Basic,Annual,36.62,9.0,52.4,15.4,-7.0,18,430,10,515.43,311.39
CUST_002871,0.9948258,1,1,High Risk,USA,North America,Manufacturing,Small Business,Basic,Annual,46.22,1.0,50.4,14.7,13.0,2,30,16,1521.27,1068.2
CUST_015714,0.994819,1,1,High Risk,Other,LATAM,Finance,Startup,Professional,Annual,69.8,4.0,45.4,14.8,-5.0,35,1011,10,509.0,287.63
CUST_003677,0.9948085,1,1,High Risk,Other,LATAM,Education,Small Business,Professional,Monthly,107.17,5.0,44.4,12.9,7.0,16,86,16,2821.82,2212.28
CUST_015919,0.9948072,1,1,High Risk,Australia,APAC,Other,Startup,Professional,Monthly,74.07,4.0,45.9,14.5,0.0,6,50,15,2022.34,1557.41
CUST_014216,0.99478096,1,1,High Risk,USA,North America,Manufacturing,Startup,Basic,Monthly,28.68,7.0,28.6,7.8,10.0,28,166,16,668.46,388.1
CUST_005284,0.9947766,1,1,High Risk,India,APAC,Education,Startup,Basic,Annual,24.31,4.0,21.2,12.6,8.0,14,65,18,738.54,370.73
CUST_017201,0.9947719,1,1,High Risk,Germany,Europe,Manufacturing,Startup,Basic,Monthly,34.77,3.0,36.2,11.6,-20.0,7,62,15,945.0,606.21
CUST_003742,0.994764,1,1,High Risk,India,APAC,Technology,Startup,Basic,Annual,33.1,5.0,43.5,9.2,11.0,6,78,15,824.02,516.26
CUST_013573,0.9947621,1,1,High Risk,India,APAC,Technology,Startup,Basic,Monthly,32.49,7.0,53.0,11.8,-20.0,12,116,13,699.39,442.26
CUST_017568,0.99475795,1,1,High Risk,USA,North America,Healthcare,Small Business,Basic,Monthly,58.72,3.0,78.9,28.4,-16.0,5,49,17,1877.68,1372.59
CUST_011420,0.9947548,1,1,High Risk,India,APAC,Retail,Startup,Professional,Annual,95.55,4.0,46.9,12.6,1.0,7,117,10,1476.51,1125.27
CUST_017979,0.9947503,1,1,High Risk,Germany,Europe,Manufacturing,Small Business,Basic,Annual,38.62,3.0,43.1,18.7,-4.0,5,80,11,825.72,564.9
CUST_002434,0.9947432,1,1,High Risk,India,APAC,Technology,Startup,Business,Annual,245.05,3.0,73.9,22.5,26.0,1,24,16,7706.36,6248.74
CUST_019389,0.9947411,1,1,High Risk,USA,North America,Real Estate,Small Business,Business,Monthly,417.65,6.0,46.2,12.6,19.0,14,142,16,11235.13,9495.51
CUST_003749,0.9947286,1,1,High Risk,USA,North America,Real Estate,Small Business,Basic,Annual,47.24,4.0,30.3,5.7,7.0,3,24,19,1760.96,1215.07
CUST_001885,0.99471915,1,1,High Risk,USA,North America,Manufacturing,Small Business,Professional,Monthly,131.45,4.0,40.0,18.3,-7.0,14,121,16,3538.99,2720.02
CUST_000364,0.99471855,1,1,High Risk,Canada,North America,Other,Startup,Business,Monthly,234.11,7.0,36.8,14.1,-13.0,2,24,14,7459.14,6080.79
CUST_009094,0.9946725,1,1,High Risk,Other,LATAM,Retail,Startup,Professional,Monthly,116.16,3.0,53.6,19.8,29.0,12,72,16,3201.17,2523.86
CUST_004882,0.9946668,1,1,High Risk,Germany,Europe,Other,Startup,Professional,Monthly,90.44,9.0,24.9,10.0,-48.0,5,51,13,2358.56,1913.67
CUST_000894,0.9946603,1,1,High Risk,USA,North America,Manufacturing,Startup,Basic,Monthly,28.59,4.0,43.7,19.3,-5.0,8,69,14,679.35,406.3
CUST_006326,0.9946557,1,1,High Risk,Germany,Europe,Technology,Startup,Professional,Monthly,74.28,3.0,46.5,16.0,-17.0,2,21,18,2692.62,2003.46
CUST_007701,0.99464756,1,1,High Risk,Germany,Europe,Education,Enterprise,Enterprise,Monthly,10938.22,3.0,60.0,17.9,20.0,6,113,13,206323.15,171945.77
CUST_016266,0.9946473,1,1,High Risk,USA,North America,Real Estate,Startup,Professional,Annual,92.68,5.0,24.6,6.7,-5.0,1,18,19,3735.26,2786.56
CUST_008623,0.9946424,1,1,High Risk,USA,North America,Manufacturing,Small Business,Professional,Monthly,152.85,12.0,29.6,7.5,-37.0,4,72,11,3140.39,2540.82
CUST_007736,0.9946306,1,1,High Risk,Australia,APAC,Real Estate,Startup,Basic,Monthly,30.69,7.0,54.9,16.7,-2.0,2,19,20,1331.2,839.59
CUST_017159,0.9946249,1,1,High Risk,Australia,APAC,Finance,Startup,Professional,Monthly,98.45,4.0,14.7,2.6,-10.0,19,145,12,2051.86,1610.82
CUST_009275,0.99461764,1,1,High Risk,India,APAC,Education,Mid-Market,Business,Multi-Year,561.49,1.0,82.3,24.1,11.0,18,461,13,8286.93,6741.3
CUST_016946,0.9946138,1,1,High Risk,India,APAC,Finance,Small Business,Professional,Monthly,194.21,3.0,46.0,6.5,6.0,3,66,12,4476.5,3691.82
CUST_016379,0.99460113,1,1,High Risk,India,APAC,Other,Small Business,Business,Monthly,336.63,3.0,61.5,16.0,40.0,2,24,20,14500.73,12177.17
CUST_001562,0.9945967,1,1,High Risk,Australia,APAC,Healthcare,Small Business,Enterprise,Annual,1408.37,4.0,58.5,17.2,25.0,5,54,17,42366.15,35742.46
CUST_019107,0.9945967,1,1,High Risk,USA,North America,Retail,Startup,Business,Annual,318.33,1.0,24.9,11.7,-17.0,32,811,12,4400.24,3572.31
CUST_002099,0.9945911,1,1,High Risk,UK,Europe,Education,Startup,Basic,Annual,32.05,4.0,45.3,13.0,1.0,16,86,15,784.53,474.77
CUST_019299,0.994585,1,1,High Risk,USA,North America,Retail,Startup,Professional,Annual,85.26,4.0,54.0,15.9,-15.0,4,80,13,1831.92,1385.76
CUST_005720,0.99458367,1,1,High Risk,USA,North America,Technology,Startup,Basic,Annual,31.91,0.0,38.6,9.4,6.0,27,586,13,560.11,316.78
CUST_005690,0.9945827,1,1,High Risk,USA,North America,Retail,Mid-Market,Professional,Multi-Year,452.05,1.0,50.6,13.8,51.0,21,178,15,9145.72,7560.92
CUST_008112,0.99457824,1,1,High Risk,Germany,Europe,Education,Small Business,Business,Annual,360.12,2.0,56.0,5.4,40.0,1,19,17,13028.1,10762.02
CUST_003285,0.9945726,1,1,High Risk,Australia,APAC,Finance,Small Business,Business,Annual,357.3,6.0,44.3,14.6,-2.0,28,763,14,5944.39,4814.28
CUST_014675,0.99457246,1,1,High Risk,India,APAC,Education,Small Business,Basic,Annual,47.73,4.0,41.3,13.0,-0.0,31,724,8,459.37,271.97
CUST_019727,0.994568,1,1,High Risk,Australia,APAC,Technology,Startup,Basic,Monthly,31.92,2.0,50.9,15.8,-14.0,30,751,14,592.9,272.05
CUST_013734,0.994559,1,1,High Risk,USA,North America,Retail,Small Business,Business,Multi-Year,505.39,2.0,61.2,21.5,39.0,7,120,13,10591.77,8756.44
CUST_019771,0.99454826,1,1,High Risk,USA,North America,Technology,Small Business,Business,Monthly,363.73,1.0,39.1,8.9,0.0,2,24,16,12791.08,10560.91
CUST_002817,0.99453545,1,1,High Risk,Germany,Europe,Retail,Startup,Business,Monthly,377.22,7.0,57.6,13.2,-3.0,33,800,12,5414.16,4410.64
CUST_007362,0.99453187,1,1,High Risk,USA,North America,Retail,Startup,Basic,Monthly,36.52,3.0,49.1,17.9,24.0,12,174,11,655.33,422.22
CUST_018342,0.9945294,1,1,High Risk,USA,North America,Healthcare,Small Business,Professional,Annual,147.7,12.0,41.7,9.6,-42.0,5,36,19,5160.88,4144.13
CUST_008662,0.9945253,1,1,High Risk,India,APAC,Manufacturing,Mid-Market,Professional,Monthly,383.08,4.0,50.7,18.3,21.0,31,427,13,6691.67,5464.78
CUST_007225,0.9945229,1,1,High Risk,USA,North America,Technology,Startup,Basic,Monthly,32.99,3.0,52.9,22.7,-6.0,1,21,16,1165.45,784.85
CUST_007846,0.9945188,1,1,High Risk,Germany,Europe,Technology,Startup,Basic,Monthly,32.93,2.0,61.5,20.8,11.0,4,69,13,779.09,478.76
CUST_006000,0.9945156,1,1,High Risk,UK,Europe,Finance,Startup,Professional,Monthly,101.44,2.0,41.5,7.8,-8.0,9,66,16,2897.04,2174.03
CUST_011098,0.99451303,1,1,High Risk,USA,North America,Retail,Small Business,Basic,Monthly,54.6,8.0,38.3,12.1,-51.0,7,95,13,1231.58,883.73
CUST_006547,0.99450773,1,1,High Risk,Canada,North America,Real Estate,Mid-Market,Enterprise,Multi-Year,3682.08,2.0,53.6,10.3,-17.0,13,374,13,67814.16,53864.4
CUST_008006,0.9945041,1,1,High Risk,UK,Europe,Healthcare,Small Business,Professional,Monthly,148.64,2.0,60.2,13.2,17.0,6,94,14,3807.94,3115.31
CUST_013436,0.9944998,1,1,High Risk,USA,North America,Retail,Startup,Professional,Monthly,71.48,2.0,43.8,10.6,41.0,18,121,15,1827.97,1397.56
CUST_007620,0.99449795,1,1,High Risk,USA,North America,Manufacturing,Small Business,Professional,Annual,187.13,4.0,55.0,17.0,38.0,4,30,19,6922.41,5528.42
CUST_014762,0.9944938,1,1,High Risk,UK,Europe,Healthcare,Startup,Basic,Monthly,38.18,6.0,39.0,6.6,-28.0,33,495,11,515.1,323.39
CUST_018648,0.9944916,1,1,High Risk,Australia,APAC,Finance,Startup,Basic,Annual,28.54,7.0,44.2,10.1,-8.0,25,174,19,748.0,341.19
CUST_007592,0.99448216,1,1,High Risk,Australia,APAC,Education,Startup,Professional,Monthly,96.75,4.0,34.7,18.4,36.0,7,141,11,1770.0,1328.94
CUST_006641,0.99446625,1,1,High Risk,UK,Europe,Healthcare,Small Business,Business,Annual,344.89,3.0,38.2,7.0,4.0,5,87,15,8681.57,7167.17
CUST_006550,0.9944311,1,1,High Risk,UK,Europe,Manufacturing,Mid-Market,Business,Multi-Year,883.03,5.0,73.6,22.8,-1.0,18,261,16,18941.96,15915.29
CUST_000652,0.99442875,1,1,High Risk,USA,North America,Retail,Startup,Basic,Annual,40.38,3.0,43.9,7.4,8.0,10,121,11,688.12,453.03
CUST_015382,0.9944088,1,1,High Risk,Other,MEA,Healthcare,Startup,Basic,Monthly,37.86,3.0,28.7,6.6,-1.0,33,392,17,874.57,514.28
CUST_001117,0.9943816,1,1,High Risk,USA,North America,Retail,Mid-Market,Business,Annual,678.68,5.0,43.2,18.2,-10.0,3,84,10,12110.4,10155.61
CUST_015351,0.9943709,1,1,High Risk,Other,MEA,Finance,Startup,Basic,Monthly,38.81,5.0,52.7,22.6,-8.0,13,124,11,735.61,431.63
CUST_001758,0.99436647,1,1,High Risk,USA,North America,Finance,Startup,Business,Monthly,270.56,6.0,64.0,24.4,37.0,27,645,10,3509.49,2903.76
CUST_003865,0.99436635,1,1,High Risk,UK,Europe,Retail,Startup,Basic,Annual,33.28,6.0,61.4,18.1,-25.0,17,125,16,883.77,544.09
CUST_006148,0.9943627,1,1,High Risk,USA,North America,Retail,Startup,Basic,Monthly,29.37,2.0,56.0,18.1,5.0,9,59,18,833.46,460.82
CUST_008204,0.9943546,1,1,High Risk,UK,Europe,Education,Startup,Basic,Monthly,30.69,3.0,54.9,15.2,-7.0,8,88,16,924.21,557.33
CUST_016265,0.99434483,1,1,High Risk,USA,North America,Retail,Startup,Basic,Multi-Year,46.66,4.0,56.5,11.8,15.0,5,124,11,752.99,492.28
CUST_019962,0.994344,1,1,High Risk,UK,Europe,Manufacturing,Startup,Professional,Annual,59.87,2.0,51.9,11.3,7.0,8,111,13,1182.26,832.46
CUST_006916,0.9943246,1,1,High Risk,USA,North America,Technology,Small Business,Basic,Annual,48.07,3.0,68.5,26.2,-7.0,16,123,11,781.01,507.77
CUST_010992,0.9943158,1,1,High Risk,Germany,Europe,Technology,Mid-Market,Enterprise,Multi-Year,4179.91,3.0,48.3,17.7,-2.0,4,78,14,94252.82,78443.13
CUST_014609,0.9943059,1,1,High Risk,USA,North America,Finance,Small Business,Basic,Monthly,55.07,2.0,45.8,9.9,-7.0,7,61,14,1454.47,1074.88
CUST_014190,0.9943019,1,1,High Risk,USA,North America,Healthcare,Small Business,Business,Annual,651.17,4.0,49.9,10.2,9.0,15,76,20,22156.59,18268.51
CUST_006573,0.99428976,1,1,High Risk,USA,North America,Finance,Startup,Basic,Monthly,29.1,3.0,45.4,19.0,12.0,3,41,13,759.83,447.11
CUST_008482,0.9942835,1,1,High Risk,India,APAC,Education,Startup,Basic,Annual,33.06,4.0,55.1,18.3,-3.0,2,21,18,1121.87,617.91
CUST_019477,0.9942794,1,1,High Risk,USA,North America,Technology,Startup,Basic,Annual,23.97,0.0,50.5,19.3,9.0,30,757,20,591.69,237.87
CUST_001444,0.9942616,1,1,High Risk,Other,LATAM,Technology,Small Business,Professional,Monthly,156.81,8.0,41.8,14.8,-30.0,3,25,16,5251.8,4329.16
CUST_001981,0.99425864,1,1,High Risk,UK,Europe,Education,Small Business,Basic,Monthly,52.35,4.0,39.5,16.9,29.0,5,54,14,1304.95,921.37
CUST_016248,0.99425757,1,1,High Risk,UK,Europe,Education,Startup,Basic,Annual,30.76,3.0,70.0,24.9,30.0,8,85,17,834.09,465.02
CUST_016767,0.9942537,1,1,High Risk,Canada,North America,Finance,Startup,Basic,Annual,37.04,0.0,48.8,13.0,21.0,21,385,13,707.06,418.66
CUST_012327,0.994238,1,1,High Risk,USA,North America,Finance,Startup,Professional,Monthly,88.07,1.0,60.3,22.5,40.0,27,354,12,1504.93,1134.02
CUST_008940,0.99422693,1,1,High Risk,India,APAC,Education,Startup,Basic,Monthly,26.82,3.0,47.3,8.4,-22.0,14,387,9,379.94,210.36
CUST_002166,0.9942175,1,1,High Risk,USA,North America,Manufacturing,Startup,Basic,Annual,26.0,3.0,61.1,20.4,27.0,9,170,11,433.84,189.08
CUST_013605,0.9942128,1,1,High Risk,Australia,APAC,Healthcare,Small Business,Business,Monthly,397.4,2.0,47.8,10.2,11.0,25,229,13,7920.24,6644.75
CUST_003904,0.9942107,1,1,High Risk,Germany,Europe,Technology,Startup,Basic,Annual,30.53,4.0,61.0,22.6,11.0,4,55,14,808.0,529.85
CUST_011771,0.9942069,1,1,High Risk,USA,North America,Finance,Startup,Business,Annual,198.89,0.0,67.2,20.6,46.0,27,419,12,3532.85,2913.35
CUST_015535,0.99417925,1,1,High Risk,UK,Europe,Manufacturing,Startup,Basic,Annual,27.75,5.0,40.7,11.7,2.0,3,61,12,644.59,355.69
CUST_014170,0.99417394,1,1,High Risk,Germany,Europe,Technology,Startup,Basic,Monthly,40.59,6.0,17.3,6.3,-15.0,6,73,12,850.01,577.65
CUST_006660,0.9941625,1,1,High Risk,UK,Europe,Technology,Enterprise,Business,Annual,2382.03,3.0,76.2,21.5,34.0,11,312,14,44892.2,37843.03
CUST_019130,0.99413514,1,1,High Risk,USA,North America,Real Estate,Startup,Basic,Annual,33.78,7.0,29.3,4.0,8.0,21,127,14,756.04,455.2
CUST_002415,0.9941208,1,1,High Risk,USA,North America,Finance,Startup,Professional,Monthly,81.69,5.0,57.9,22.2,17.0,1,22,16,2842.27,2224.82
CUST_014889,0.99411017,1,1,High Risk,Australia,APAC,Manufacturing,Startup,Basic,Monthly,35.53,3.0,33.3,6.6,19.0,2,20,16,1264.38,844.79
CUST_012453,0.9940969,1,1,High Risk,Canada,North America,Retail,Startup,Basic,Annual,22.39,5.0,37.6,8.7,-9.0,5,37,19,792.04,399.9
CUST_013487,0.9940942,1,1,High Risk,India,APAC,Real Estate,Startup,Basic,Annual,36.68,4.0,50.3,14.1,7.0,8,83,14,778.37,453.22
CUST_005474,0.9940798,1,1,High Risk,Canada,North America,Technology,Small Business,Business,Annual,413.76,6.0,53.3,15.9,4.0,33,347,11,4852.85,3873.78
CUST_013542,0.99407756,1,1,High Risk,USA,North America,Education,Startup,Business,Monthly,205.78,3.0,54.3,16.0,22.0,30,388,13,3715.49,3053.5
CUST_016679,0.99404967,1,1,High Risk,UK,Europe,Manufacturing,Small Business,Professional,Annual,107.57,6.0,59.2,22.1,43.0,16,404,9,1267.51,931.91
CUST_005571,0.9940474,1,1,High Risk,USA,North America,Real Estate,Small Business,Business,Annual,290.91,3.0,67.4,15.3,30.0,29,603,11,4031.53,3268.58
CUST_010674,0.9940446,1,1,High Risk,USA,North America,Technology,Startup,Professional,Monthly,80.94,3.0,68.8,25.5,42.0,33,687,11,1083.2,783.37
CUST_001149,0.99404293,1,1,High Risk,India,APAC,Education,Startup,Basic,Monthly,35.14,12.0,29.5,10.0,-55.0,3,26,15,1046.19,659.47
CUST_015707,0.9940289,1,1,High Risk,Canada,North America,Education,Startup,Enterprise,Monthly,1003.08,4.0,70.6,17.7,48.0,30,391,17,22433.36,19049.96
CUST_002356,0.9940275,1,1,High Risk,UK,Europe,Technology,Small Business,Professional,Monthly,186.12,5.0,31.1,2.2,-20.0,3,24,19,6927.43,5567.04
CUST_016462,0.99402267,1,1,High Risk,USA,North America,Technology,Startup,Professional,Monthly,77.32,4.0,46.8,12.6,7.0,24,368,10,1097.72,724.5
CUST_015381,0.9940221,1,1,High Risk,USA,North America,Manufacturing,Mid-Market,Business,Monthly,816.16,2.0,73.8,20.8,-7.0,18,453,13,15168.34,12720.04
CUST_004362,0.9940147,1,1,High Risk,UK,Europe,Finance,Mid-Market,Enterprise,Annual,3406.21,5.0,43.4,9.6,5.0,6,93,11,63037.23,53025.54
CUST_008756,0.9940135,1,1,High Risk,Australia,APAC,Finance,Startup,Basic,Monthly,31.45,4.0,37.2,11.6,3.0,21,139,12,598.97,321.14
CUST_003886,0.99398935,1,1,High Risk,USA,North America,Manufacturing,Startup,Professional,Monthly,79.31,2.0,59.3,14.9,15.0,2,42,11,1767.38,1374.59
CUST_000140,0.9939871,1,1,High Risk,UK,Europe,Retail,Mid-Market,Business,Multi-Year,688.94,0.0,50.7,9.1,3.0,1,26,16,20987.42,17401.02
CUST_003869,0.9939798,1,1,High Risk,USA,North America,Technology,Startup,Professional,Monthly,76.5,2.0,38.8,15.7,8.0,29,139,18,1885.77,1408.65
CUST_011154,0.9939559,1,1,High Risk,USA,North America,Real Estate,Small Business,Enterprise,Annual,1392.92,3.0,64.9,20.3,17.0,4,38,17,45522.95,38211.88
CUST_014242,0.99394774,1,1,High Risk,Australia,APAC,Healthcare,Small Business,Professional,Monthly,153.18,6.0,74.9,17.4,16.0,4,64,14,4380.96,3580.67
CUST_003045,0.99393576,1,1,High Risk,Australia,APAC,Finance,Startup,Basic,Annual,26.57,7.0,34.8,9.8,-26.0,7,72,14,608.11,313.87
CUST_014593,0.9939318,1,1,High Risk,Germany,Europe,Other,Mid-Market,Professional,Multi-Year,348.98,3.0,77.0,22.6,45.0,11,182,10,5250.84,4288.67
CUST_011626,0.99391854,1,1,High Risk,UK,Europe,Other,Startup,Basic,Monthly,23.69,4.0,23.1,10.7,1.0,6,51,14,641.19,413.49
CUST_009950,0.99391264,1,1,High Risk,Other,LATAM,Healthcare,Startup,Professional,Monthly,82.11,2.0,43.9,4.7,14.0,12,169,11,1561.22,1203.69
CUST_002627,0.9939037,1,1,High Risk,Other,MEA,Finance,Startup,Professional,Annual,86.19,4.0,31.8,5.9,21.0,8,137,13,1868.13,1374.44
CUST_003818,0.9938937,1,1,High Risk,Canada,North America,Other,Small Business,Professional,Multi-Year,115.09,4.0,45.2,15.6,11.0,5,119,10,1857.96,1442.52
CUST_014151,0.9938836,1,1,High Risk,Other,MEA,Technology,Startup,Professional,Monthly,83.13,4.0,43.9,12.5,-10.0,3,75,11,1718.03,1341.57
CUST_002595,0.9938545,1,1,High Risk,Other,LATAM,Manufacturing,Startup,Professional,Monthly,112.61,1.0,31.5,5.8,-11.0,6,58,16,3430.14,2764.57
CUST_005982,0.9938412,1,1,High Risk,India,APAC,Retail,Startup,Business,Annual,212.94,2.0,33.9,12.0,-7.0,1,23,15,6746.07,5561.71
CUST_001873,0.99384034,1,1,High Risk,India,APAC,Education,Startup,Professional,Annual,89.07,3.0,60.9,26.5,4.0,4,52,16,2601.01,1975.29
CUST_011867,0.9938227,1,1,High Risk,Canada,North America,Healthcare,Small Business,Business,Monthly,289.66,4.0,59.7,17.3,36.0,32,859,13,3893.86,3126.36
CUST_003087,0.9938012,1,1,High Risk,India,APAC,Education,Small Business,Business,Monthly,361.04,2.0,56.0,18.5,14.0,33,593,15,7089.49,5857.75
CUST_005687,0.99379855,1,1,High Risk,India,APAC,Technology,Startup,Basic,Monthly,23.82,3.0,57.5,11.1,19.0,2,33,13,681.86,320.39
CUST_011361,0.9937763,1,1,High Risk,USA,North America,Real Estate,Small Business,Professional,Multi-Year,188.23,7.0,38.8,13.2,-17.0,15,98,19,5300.32,4172.94
CUST_007347,0.9937587,1,1,High Risk,UK,Europe,Technology,Startup,Basic,Monthly,38.07,5.0,19.2,5.4,6.0,14,131,12,808.19,569.13
CUST_017591,0.9937543,1,1,High Risk,Canada,North America,Finance,Small Business,Basic,Annual,52.51,3.0,68.3,19.8,30.0,5,51,17,1542.65,1027.77
CUST_017114,0.9937278,1,1,High Risk,USA,North America,Retail,Startup,Basic,Monthly,42.9,5.0,58.4,25.6,-20.0,9,64,18,1385.76,955.26
CUST_011609,0.993718,1,1,High Risk,Canada,North America,Retail,Startup,Basic,Monthly,22.5,7.0,43.9,14.5,14.0,16,115,13,491.3,275.44
CUST_019504,0.993718,1,1,High Risk,Other,MEA,Technology,Small Business,Enterprise,Monthly,1625.38,1.0,84.1,21.9,23.0,17,315,10,24641.13,20861.2
CUST_010033,0.99371004,1,1,High Risk,USA,North America,Manufacturing,Small Business,Basic,Monthly,50.59,1.0,49.2,20.6,-21.0,3,29,16,1686.78,1258.11
CUST_009288,0.99369484,1,1,High Risk,USA,North America,Healthcare,Small Business,Basic,Annual,43.76,1.0,56.9,17.2,15.0,16,97,17,1187.02,787.85
CUST_010624,0.99367946,1,1,High Risk,Australia,APAC,Healthcare,Small Business,Basic,Monthly,57.27,7.0,61.2,20.9,-8.0,1,22,17,2205.58,1691.9
CUST_012053,0.9936786,1,1,High Risk,USA,North America,Manufacturing,Startup,Professional,Monthly,96.91,3.0,29.5,9.0,11.0,6,58,14,2627.2,2070.72
CUST_019616,0.9936684,1,1,High Risk,USA,North America,Finance,Startup,Professional,Monthly,88.78,6.0,43.9,15.3,-9.0,10,104,16,2478.63,1899.43
CUST_018874,0.9936428,1,1,High Risk,USA,North America,Education,Startup,Basic,Annual,28.31,4.0,56.4,19.1,27.0,3,27,20,1044.36,570.35
CUST_002163,0.9936359,1,1,High Risk,India,APAC,Technology,Small Business,Professional,Annual,139.05,3.0,67.8,15.3,12.0,4,101,13,3085.93,2522.58
CUST_010484,0.9936326,1,1,High Risk,USA,North America,Other,Small Business,Business,Annual,440.79,3.0,66.8,18.9,46.0,30,779,15,7742.1,6447.34
CUST_006551,0.9936237,1,1,High Risk,USA,North America,Real Estate,Small Business,Professional,Annual,204.45,5.0,30.1,13.3,-21.0,12,187,8,2563.42,2062.61
CUST_008412,0.9936237,1,1,High Risk,Australia,APAC,Manufacturing,Enterprise,Professional,Annual,917.34,4.0,78.4,22.8,31.0,17,389,13,17338.24,14493.09
CUST_018476,0.9935907,1,1,High Risk,USA,North America,Retail,Startup,Professional,Monthly,104.09,3.0,40.2,5.5,-15.0,11,87,14,2331.21,1794.72
CUST_017646,0.993586,1,1,High Risk,USA,North America,Technology,Startup,Professional,Monthly,72.74,6.0,29.5,5.3,-14.0,28,822,11,962.0,654.35
CUST_010876,0.99358034,1,1,High Risk,India,APAC,Education,Small Business,Business,Annual,446.66,6.0,47.6,6.8,25.0,14,74,18,12733.1,10464.15
CUST_018263,0.9935654,1,1,High Risk,Canada,North America,Retail,Startup,Professional,Monthly,106.1,6.0,47.4,17.0,-40.0,2,40,11,2250.32,1759.51
CUST_013469,0.9935607,1,1,High Risk,Germany,Europe,Technology,Small Business,Business,Multi-Year,327.45,2.0,38.7,16.2,6.0,14,406,11,5738.6,4625.67
CUST_007673,0.993554,1,1,High Risk,USA,North America,Retail,Small Business,Basic,Monthly,53.78,2.0,40.5,9.8,18.0,12,73,15,1305.04,904.27
CUST_013435,0.99353516,1,1,High Risk,USA,North America,Retail,Mid-Market,Professional,Multi-Year,301.51,3.0,51.2,16.0,11.0,1,18,19,11440.14,9595.91
CUST_002164,0.9935015,1,1,High Risk,USA,North America,Technology,Startup,Business,Monthly,250.11,3.0,55.7,14.2,11.0,14,113,14,5662.92,4656.96
CUST_009183,0.9934935,1,1,High Risk,India,APAC,Retail,Startup,Basic,Annual,32.51,4.0,64.9,16.8,-9.0,8,74,13,783.93,491.32
CUST_005762,0.9934777,1,1,High Risk,USA,North America,Finance,Startup,Professional,Annual,104.78,2.0,5.7,0.0,-24.0,2,26,15,2977.47,2371.24
CUST_018478,0.9934727,1,1,High Risk,Canada,North America,Technology,Small Business,Basic,Monthly,47.2,7.0,57.9,13.3,-9.0,10,145,10,689.07,439.45
CUST_015878,0.9934727,1,1,High Risk,UK,Europe,Manufacturing,Small Business,Professional,Annual,137.04,4.0,75.6,20.1,-10.0,29,718,9,1440.65,1122.56
CUST_003752,0.99346787,1,1,High Risk,USA,North America,Healthcare,Enterprise,Professional,Annual,812.79,7.0,61.1,17.3,-15.0,18,160,13,15764.08,13203.1
CUST_007985,0.993454,1,1,High Risk,Australia,APAC,Manufacturing,Small Business,Business,Annual,448.64,1.0,46.4,15.9,-3.0,5,54,16,12215.69,9994.82
CUST_011905,0.9934267,1,1,High Risk,USA,North America,Finance,Startup,Basic,Annual,35.28,3.0,51.6,16.3,15.0,6,88,13,855.12,591.89
CUST_014250,0.99342257,1,1,High Risk,Canada,North America,Other,Small Business,Professional,Monthly,192.86,4.0,41.2,5.8,5.0,27,805,12,2848.9,2300.36
CUST_008385,0.99340916,1,1,High Risk,USA,North America,Healthcare,Startup,Professional,Monthly,78.01,8.0,43.4,7.4,-39.0,13,65,18,2470.69,1885.2
CUST_011079,0.99339527,1,1,High Risk,Australia,APAC,Manufacturing,Small Business,Basic,Monthly,47.66,1.0,37.9,13.6,-2.0,5,52,14,1370.8,999.42
CUST_005205,0.99336797,1,1,High Risk,UK,Europe,Real Estate,Startup,Basic,Monthly,37.41,2.0,23.5,4.9,-12.0,16,432,7,387.13,260.06
CUST_009086,0.99336785,1,1,High Risk,UK,Europe,Education,Mid-Market,Professional,Annual,297.6,4.0,74.8,25.7,-32.0,16,88,14,7569.31,6210.7
CUST_012318,0.99335676,1,1,High Risk,UK,Europe,Technology,Small Business,Basic,Monthly,47.19,4.0,47.8,15.1,-12.0,34,366,14,823.2,540.12
CUST_000186,0.9933528,1,1,High Risk,India,APAC,Retail,Startup,Basic,Monthly,27.21,7.0,35.4,9.9,14.0,5,47,15,755.87,453.77
CUST_008450,0.9933408,1,1,High Risk,UK,Europe,Real Estate,Startup,Basic,Annual,23.43,6.0,46.4,18.5,7.0,8,73,15,570.5,256.98
CUST_017792,0.99332774,1,1,High Risk,Australia,APAC,Education,Small Business,Business,Multi-Year,402.16,0.0,59.0,20.9,26.0,16,86,16,9865.17,8096.05
CUST_004527,0.9933263,1,1,High Risk,USA,North America,Finance,Startup,Professional,Annual,63.28,2.0,58.7,19.4,12.0,2,33,14,1848.81,1361.71
CUST_007763,0.993316,1,1,High Risk,India,APAC,Finance,Startup,Professional,Monthly,96.62,5.0,54.5,9.3,6.0,7,71,15,2654.54,2040.78
CUST_001518,0.9932842,1,1,High Risk,USA,North America,Retail,Startup,Professional,Monthly,107.26,6.0,36.7,10.6,19.0,21,106,16,2529.91,1955.15
CUST_006287,0.9932673,1,1,High Risk,Other,MEA,Healthcare,Small Business,Professional,Monthly,168.25,6.0,46.3,20.0,-34.0,15,327,7,1903.03,1538.92
CUST_015569,0.99325985,1,1,High Risk,Australia,APAC,Healthcare,Mid-Market,Business,Monthly,947.66,7.0,70.7,23.0,19.0,14,145,15,23351.54,19561.49
CUST_018606,0.9932486,1,1,High Risk,Germany,Europe,Finance,Mid-Market,Business,Annual,736.88,5.0,47.6,14.8,11.0,4,36,15,17833.25,14688.81
CUST_014735,0.9932448,1,1,High Risk,Canada,North America,Technology,Small Business,Business,Monthly,382.44,3.0,56.0,17.8,6.0,33,745,15,7037.22,5821.67
CUST_005733,0.99323696,1,1,High Risk,USA,North America,Technology,Small Business,Professional,Annual,159.05,3.0,59.1,22.2,17.0,12,111,12,2756.24,2124.8
CUST_008138,0.99321413,1,1,High Risk,UK,Europe,Healthcare,Startup,Basic,Monthly,31.43,1.0,60.9,13.6,40.0,12,167,10,485.03,301.53
CUST_009304,0.99320376,1,1,High Risk,Germany,Europe,Manufacturing,Startup,Business,Monthly,329.05,5.0,59.1,16.4,-21.0,6,39,20,13861.62,11504.57
CUST_003032,0.993174,1,1,High Risk,Canada,North America,Technology,Startup,Basic,Monthly,25.1,6.0,59.3,12.1,0.0,6,91,13,601.76,406.87
CUST_019437,0.9931425,1,1,High Risk,USA,North America,Manufacturing,Small Business,Business,Monthly,363.85,4.0,60.5,19.2,2.0,32,481,10,4676.62,3960.03
CUST_000805,0.993111,1,1,High Risk,UK,Europe,Real Estate,Startup,Professional,Monthly,72.64,2.0,59.5,24.1,25.0,7,122,12,1492.64,1136.7
CUST_012435,0.99310327,1,1,High Risk,Australia,APAC,Healthcare,Startup,Basic,Monthly,23.93,6.0,39.4,10.6,-39.0,2,19,17,875.46,558.34
CUST_016769,0.9931003,1,1,High Risk,USA,North America,Other,Startup,Basic,Monthly,27.02,3.0,72.6,20.4,1.0,11,98,17,755.78,374.04
CUST_018888,0.9930791,1,1,High Risk,Germany,Europe,Technology,Startup,Professional,Monthly,96.79,2.0,37.8,14.3,9.0,2,21,16,3371.62,2685.25
CUST_013681,0.9930769,1,1,High Risk,USA,North America,Manufacturing,Startup,Professional,Monthly,91.65,1.0,39.0,27.4,2.0,4,68,13,1993.6,1472.63
CUST_013598,0.9930735,1,1,High Risk,India,APAC,Other,Small Business,Basic,Multi-Year,37.46,3.0,40.2,14.5,22.0,30,801,14,493.82,269.26
CUST_011332,0.99306387,1,1,High Risk,USA,North America,Technology,Small Business,Professional,Multi-Year,101.45,4.0,48.0,12.4,6.0,3,26,18,3393.48,2598.7
CUST_004143,0.993061,1,1,High Risk,USA,North America,Technology,Startup,Basic,Monthly,30.83,3.0,36.5,14.0,11.0,4,32,17,1035.61,732.42
CUST_011863,0.99305576,1,1,High Risk,USA,North America,Healthcare,Startup,Professional,Annual,88.61,5.0,60.4,20.8,-11.0,2,25,15,2727.9,2147.42
CUST_008690,0.99304384,1,1,High Risk,India,APAC,Finance,Startup,Basic,Monthly,31.51,4.0,46.9,15.1,46.0,15,96,20,1020.49,682.02
CUST_014937,0.99304044,1,1,High Risk,UK,Europe,Other,Mid-Market,Professional,Annual,299.42,2.0,76.1,18.4,39.0,4,45,19,9572.47,7849.25
CUST_016603,0.99303824,1,1,High Risk,UK,Europe,Education,Startup,Professional,Monthly,78.34,4.0,29.7,16.1,-2.0,1,17,17,3005.5,2370.49
CUST_013836,0.9930233,1,1,High Risk,USA,North America,Other,Startup,Professional,Annual,80.11,2.0,48.4,10.2,-5.0,1,18,18,3175.6,2470.36
CUST_017675,0.99302226,1,1,High Risk,Canada,North America,Other,Startup,Professional,Monthly,101.44,5.0,44.1,8.2,3.0,11,74,16,3015.39,2320.03
CUST_009720,0.99301094,1,1,High Risk,India,APAC,Manufacturing,Startup,Basic,Annual,27.52,7.0,40.2,18.2,-3.0,6,59,14,669.51,366.63
CUST_011314,0.99300534,1,1,High Risk,India,APAC,Finance,Enterprise,Enterprise,Multi-Year,7452.39,7.0,71.2,18.7,9.0,2,34,16,191997.32,157614.59
CUST_011397,0.9929785,1,1,High Risk,Australia,APAC,Healthcare,Startup,Basic,Annual,24.63,4.0,57.9,22.4,32.0,8,51,19,805.76,404.11
CUST_003284,0.9929686,1,1,High Risk,Australia,APAC,Retail,Enterprise,Enterprise,Monthly,9112.75,4.0,54.2,15.4,5.0,14,126,13,184818.27,154965.97
CUST_019628,0.9929577,1,1,High Risk,USA,North America,Education,Startup,Basic,Monthly,28.12,7.0,41.0,13.5,1.0,8,108,12,648.72,403.45
CUST_009707,0.9929467,1,1,High Risk,UK,Europe,Technology,Small Business,Basic,Multi-Year,38.14,4.0,58.9,15.7,21.0,14,151,14,810.68,465.86
CUST_009224,0.9929321,1,1,High Risk,India,APAC,Education,Small Business,Basic,Multi-Year,55.59,1.0,61.0,13.8,35.0,3,69,14,1316.32,907.03
CUST_018179,0.99292713,1,1,High Risk,Australia,APAC,Technology,Startup,Basic,Monthly,19.69,5.0,40.5,25.5,-35.0,18,439,8,228.49,106.77
CUST_006990,0.99291116,1,1,High Risk,USA,North America,Retail,Small Business,Basic,Annual,45.02,6.0,45.2,16.5,14.0,2,20,18,1560.81,1113.58
CUST_018841,0.9928941,1,1,High Risk,USA,North America,Real Estate,Small Business,Basic,Monthly,57.63,7.0,29.3,7.0,-24.0,2,22,16,2032.88,1538.89
CUST_015746,0.9928717,1,1,High Risk,USA,North America,Retail,Startup,Professional,Monthly,87.98,6.0,33.4,15.4,-33.0,9,59,15,2364.83,1806.31
CUST_000502,0.992851,1,1,High Risk,Canada,North America,Healthcare,Startup,Basic,Annual,36.16,2.0,53.5,14.7,27.0,19,407,13,611.04,282.76
CUST_019011,0.9928504,1,1,High Risk,USA,North America,Technology,Small Business,Basic,Annual,48.99,8.0,26.5,3.1,-33.0,7,69,15,1251.77,857.28
CUST_000842,0.9928226,1,1,High Risk,Other,MEA,Education,Startup,Business,Monthly,211.28,6.0,41.0,10.3,-28.0,24,120,15,4882.84,3966.68
CUST_015760,0.9928168,1,1,High Risk,USA,North America,Education,Small Business,Business,Monthly,470.34,1.0,75.5,23.6,34.0,27,219,16,10537.41,8831.64
CUST_005134,0.9928063,1,1,High Risk,USA,North America,Real Estate,Startup,Basic,Monthly,33.27,5.0,26.8,9.2,-9.0,1,19,14,1106.14,820.02
CUST_009281,0.9928029,1,1,High Risk,Canada,North America,Technology,Startup,Business,Monthly,259.84,2.0,64.9,8.6,-1.0,2,40,12,7207.36,5977.23
CUST_005837,0.9927953,1,1,High Risk,Canada,North America,Retail,Small Business,Basic,Multi-Year,44.42,5.0,42.0,9.7,4.0,15,109,16,1040.68,662.91
CUST_001876,0.99277025,1,1,High Risk,USA,North America,Technology,Small Business,Business,Multi-Year,314.14,3.0,44.7,7.9,21.0,10,77,14,6697.46,5421.65
CUST_002584,0.992763,1,1,High Risk,Canada,North America,Education,Small Business,Professional,Annual,170.72,5.0,47.5,16.6,-10.0,10,93,15,3956.67,3158.67
CUST_008790,0.9927551,1,1,High Risk,India,APAC,Manufacturing,Startup,Professional,Annual,83.22,3.0,27.6,8.7,1.0,3,37,13,2104.08,1656.41
CUST_009731,0.9927383,1,1,High Risk,Canada,North America,Finance,Startup,Basic,Monthly,25.94,2.0,48.8,18.9,14.0,6,46,17,854.54,492.44
CUST_012673,0.9927362,1,1,High Risk,Germany,Europe,Retail,Startup,Basic,Annual,36.98,2.0,54.9,18.9,-3.0,30,796,13,542.08,266.54
CUST_015969,0.9927255,1,1,High Risk,Canada,North America,Technology,Enterprise,Enterprise,Annual,6865.41,6.0,76.1,25.2,-3.0,7,107,17,179869.89,148539.45
CUST_001376,0.9927228,1,1,High Risk,USA,North America,Healthcare,Startup,Business,Monthly,213.31,3.0,41.7,13.1,16.0,14,155,12,4194.43,3426.09
CUST_014876,0.9927031,1,1,High Risk,India,APAC,Education,Startup,Basic,Annual,31.65,4.0,37.9,8.4,6.0,32,470,10,334.68,145.54
CUST_000939,0.99270296,1,1,High Risk,Australia,APAC,Manufacturing,Small Business,Basic,Monthly,40.29,2.0,43.8,14.8,-1.0,11,174,11,701.99,481.03
CUST_013823,0.99265903,1,1,High Risk,UK,Europe,Finance,Small Business,Professional,Monthly,117.6,2.0,69.0,19.5,14.0,16,118,17,3205.53,2482.55
CUST_008125,0.99265844,1,1,High Risk,Germany,Europe,Healthcare,Small Business,Business,Monthly,398.13,3.0,50.3,16.8,25.0,35,507,17,8267.6,6821.68
CUST_002451,0.99264044,1,1,High Risk,USA,North America,Other,Small Business,Basic,Monthly,44.53,8.0,25.5,8.2,-19.0,1,17,17,1706.79,1235.55
CUST_006589,0.9926399,1,1,High Risk,Other,MEA,Other,Startup,Professional,Annual,104.46,5.0,87.4,31.0,20.0,5,141,11,1994.62,1518.89
CUST_004980,0.9926252,1,1,High Risk,Germany,Europe,Education,Small Business,Professional,Annual,140.08,6.0,47.6,13.4,-28.0,1,17,16,5176.54,4197.28
CUST_014728,0.9926171,1,1,High Risk,Canada,North America,Healthcare,Mid-Market,Professional,Annual,285.19,2.0,62.9,19.2,29.0,2,40,14,7050.48,5665.56
CUST_003729,0.99261355,1,1,High Risk,Canada,North America,Healthcare,Small Business,Basic,Monthly,48.02,1.0,55.6,12.6,30.0,10,139,12,970.81,672.44
CUST_017642,0.9926076,1,1,High Risk,Canada,North America,Retail,Small Business,Professional,Monthly,193.35,4.0,35.2,2.1,18.0,17,98,18,6066.63,4969.9
CUST_019497,0.99260724,1,1,High Risk,USA,North America,Technology,Mid-Market,Business,Multi-Year,844.12,6.0,59.0,15.8,-3.0,2,24,17,29123.91,24187.06
CUST_016930,0.99259996,1,1,High Risk,Other,LATAM,Technology,Startup,Basic,Annual,33.71,1.0,47.4,15.1,22.0,9,125,12,709.64,505.25
CUST_006777,0.99259055,1,1,High Risk,Germany,Europe,Technology,Mid-Market,Professional,Multi-Year,346.23,3.0,59.6,18.2,10.0,14,112,16,8477.84,6998.0
CUST_001205,0.9925851,1,1,High Risk,UK,Europe,Healthcare,Startup,Basic,Monthly,38.4,4.0,28.2,19.0,-19.0,6,45,16,1177.72,801.1
CUST_008947,0.99258375,1,1,High Risk,USA,North America,Retail,Startup,Basic,Annual,27.5,7.0,19.8,0.0,-30.0,2,16,25,1368.43,805.53
CUST_005545,0.9925809,1,1,High Risk,USA,North America,Technology,Startup,Basic,Annual,31.65,3.0,45.5,15.2,1.0,29,166,20,829.8,491.84
CUST_012725,0.9925674,1,1,High Risk,Australia,APAC,Education,Small Business,Basic,Monthly,51.49,4.0,53.2,13.7,-5.0,2,31,12,1261.59,903.37
CUST_008687,0.99254805,1,1,High Risk,Australia,APAC,Technology,Mid-Market,Business,Multi-Year,811.47,3.0,73.7,21.9,17.0,28,309,19,18377.59,14863.36
CUST_010559,0.99254745,1,1,High Risk,Germany,Europe,Real Estate,Small Business,Professional,Multi-Year,124.66,4.0,39.2,13.3,2.0,1,16,19,4641.98,3609.77
CUST_011727,0.9925454,1,1,High Risk,Other,MEA,Healthcare,Startup,Business,Monthly,213.44,5.0,61.4,13.8,14.0,6,43,17,7098.11,5806.16
CUST_019351,0.9925345,1,1,High Risk,Germany,Europe,Manufacturing,Small Business,Basic,Monthly,48.95,3.0,47.1,4.2,-21.0,28,766,12,677.02,423.95
CUST_002013,0.99253404,1,1,High Risk,USA,North America,Healthcare,Startup,Basic,Monthly,31.41,7.0,29.5,0.5,-41.0,25,177,19,914.4,584.26
CUST_007224,0.9925332,1,1,High Risk,Germany,Europe,Healthcare,Startup,Basic,Monthly,28.25,5.0,39.2,9.2,4.0,3,42,13,736.94,487.07
CUST_002051,0.992527,1,1,High Risk,USA,North America,Finance,Startup,Basic,Monthly,34.43,1.0,47.3,14.3,35.0,13,86,15,866.35,564.97
CUST_018669,0.9924975,1,1,High Risk,USA,North America,Real Estate,Startup,Basic,Monthly,27.44,5.0,61.0,21.3,9.0,1,19,16,921.43,562.04
CUST_013480,0.99246615,1,1,High Risk,USA,North America,Healthcare,Small Business,Enterprise,Monthly,1188.62,11.0,43.0,11.0,6.0,8,101,12,25914.62,22083.66
CUST_007720,0.992423,1,1,High Risk,UK,Europe,Manufacturing,Small Business,Enterprise,Monthly,1709.68,3.0,74.4,20.0,4.0,11,167,12,32152.67,27103.19
CUST_013849,0.9923847,1,1,High Risk,USA,North America,Healthcare,Enterprise,Enterprise,Multi-Year,7702.36,3.0,84.2,17.6,31.0,25,543,20,169593.9,140380.97
CUST_018017,0.99238443,1,1,High Risk,USA,North America,Manufacturing,Startup,Professional,Monthly,68.36,3.0,51.1,13.7,12.0,3,36,12,1634.22,1238.35
CUST_002768,0.9923713,1,1,High Risk,USA,North America,Finance,Small Business,Business,Multi-Year,451.8,8.0,34.9,7.9,-1.0,13,201,9,5102.7,4013.05
CUST_019548,0.99235725,1,1,High Risk,USA,North America,Education,Startup,Basic,Annual,31.6,3.0,49.0,14.1,-1.0,3,51,12,732.99,475.74
CUST_001617,0.9923354,1,1,High Risk,USA,North America,Real Estate,Startup,Basic,Monthly,22.46,9.0,62.3,12.7,-14.0,8,141,8,350.41,145.04
CUST_002936,0.9923282,1,1,High Risk,Australia,APAC,Technology,Startup,Professional,Annual,82.72,5.0,19.3,7.2,-4.0,5,64,14,1971.43,1463.8
CUST_012498,0.99232143,1,1,High Risk,Other,LATAM,Finance,Small Business,Business,Multi-Year,424.22,1.0,74.9,22.1,37.0,6,88,13,8244.15,6696.4
CUST_016856,0.9922564,1,1,High Risk,USA,North America,Other,Small Business,Basic,Monthly,54.13,3.0,57.0,25.5,13.0,8,65,18,1674.96,1194.04
CUST_012722,0.99224466,1,1,High Risk,Germany,Europe,Other,Startup,Professional,Monthly,73.66,5.0,46.3,10.0,-11.0,3,47,11,1742.93,1347.19
CUST_003939,0.992234,1,1,High Risk,Germany,Europe,Technology,Startup,Professional,Annual,75.98,3.0,40.9,5.4,-21.0,15,155,13,1606.8,1184.8
CUST_001386,0.9922213,1,1,High Risk,USA,North America,Technology,Mid-Market,Business,Multi-Year,874.06,1.0,71.0,16.6,56.0,6,134,10,13744.87,11394.48
CUST_013136,0.9922179,1,1,High Risk,Other,LATAM,Technology,Small Business,Basic,Annual,51.56,11.0,47.1,18.9,-20.0,2,22,17,1783.28,1285.98
CUST_003793,0.99221706,1,1,High Risk,UK,Europe,Healthcare,Mid-Market,Business,Multi-Year,950.59,7.0,58.4,15.5,-16.0,7,92,15,19323.16,15749.72
CUST_015383,0.9921956,1,1,High Risk,USA,North America,Healthcare,Startup,Professional,Monthly,85.09,2.0,44.4,13.0,-1.0,4,29,19,3215.83,2514.6
CUST_018290,0.99218386,1,1,High Risk,UK,Europe,Technology,Startup,Basic,Annual,30.81,3.0,57.1,27.1,21.0,2,43,12,716.31,493.17
CUST_018490,0.99218047,1,1,High Risk,Canada,North America,Education,Startup,Professional,Monthly,78.2,1.0,61.0,14.5,15.0,3,39,14,2209.65,1652.55
CUST_019097,0.9921773,1,1,High Risk,USA,North America,Retail,Startup,Business,Annual,223.6,4.0,46.9,13.1,3.0,10,105,11,3942.57,3181.39
CUST_012729,0.9921705,1,1,High Risk,USA,North America,Healthcare,Startup,Basic,Annual,28.39,2.0,43.6,9.0,10.0,19,304,7,303.62,164.07
CUST_016311,0.9921549,1,1,High Risk,India,APAC,Technology,Mid-Market,Professional,Multi-Year,517.42,3.0,54.8,18.4,9.0,2,28,14,12966.86,10801.22
CUST_017519,0.9921434,1,1,High Risk,USA,North America,Other,Small Business,Business,Annual,336.84,2.0,61.9,19.8,44.0,13,112,15,8769.6,7209.81
CUST_018970,0.9921332,1,1,High Risk,USA,North America,Technology,Startup,Basic,Annual,44.09,5.0,32.5,5.5,-17.0,13,119,11,752.98,482.19
CUST_001992,0.9921112,1,1,High Risk,Other,MEA,Manufacturing,Small Business,Professional,Monthly,154.18,8.0,52.4,15.8,-2.0,10,76,12,3187.76,2562.46
CUST_004024,0.99211085,1,1,High Risk,USA,North America,Retail,Small Business,Professional,Annual,219.99,6.0,63.4,15.7,52.0,8,70,16,5781.61,4489.9
CUST_000787,0.9920976,1,1,High Risk,USA,North America,Technology,Mid-Market,Professional,Multi-Year,442.12,3.0,63.9,15.3,-9.0,16,292,8,4780.05,3941.37
CUST_010047,0.99209,1,1,High Risk,UK,Europe,Finance,Mid-Market,Professional,Annual,376.39,10.0,41.1,18.7,-31.0,35,278,14,5889.78,4825.14
CUST_019353,0.9920495,1,1,High Risk,UK,Europe,Healthcare,Mid-Market,Business,Annual,758.74,5.0,45.9,17.1,11.0,16,153,14,17160.73,14373.7
CUST_017530,0.9919918,1,1,High Risk,Canada,North America,Manufacturing,Startup,Basic,Annual,29.14,8.0,36.0,17.6,-19.0,9,45,19,946.88,566.38
CUST_010982,0.9919321,1,1,High Risk,USA,North America,Finance,Startup,Basic,Monthly,41.94,5.0,42.8,16.4,2.0,3,28,12,1057.18,772.95
CUST_009307,0.9919191,1,1,High Risk,USA,North America,Retail,Small Business,Business,Monthly,435.02,4.0,49.8,19.2,-16.0,7,102,12,9640.93,8111.4
CUST_018382,0.99191695,1,1,High Risk,India,APAC,Manufacturing,Startup,Basic,Monthly,30.86,5.0,31.0,8.6,2.0,1,18,13,792.21,503.84
CUST_000324,0.9919137,1,1,High Risk,USA,North America,Retail,Startup,Basic,Annual,27.17,6.0,67.6,23.3,39.0,2,30,15,777.15,396.27
CUST_018073,0.9918637,1,1,High Risk,Other,MEA,Manufacturing,Startup,Basic,Annual,25.35,3.0,35.4,8.1,-14.0,3,25,16,821.17,529.29
CUST_015871,0.99183744,1,1,High Risk,Germany,Europe,Healthcare,Startup,Business,Monthly,213.73,2.0,51.2,16.0,-3.0,31,387,16,4974.34,4036.07
CUST_009908,0.9918258,1,1,High Risk,USA,North America,Technology,Startup,Professional,Monthly,96.48,5.0,40.1,14.3,11.0,24,130,15,2265.36,1778.35
CUST_010947,0.99181247,1,1,High Risk,Other,LATAM,Finance,Startup,Basic,Monthly,24.81,7.0,56.9,14.0,-34.0,2,19,18,991.11,595.08
CUST_000319,0.99181163,1,1,High Risk,USA,North America,Finance,Enterprise,Enterprise,Annual,5527.77,2.0,54.4,20.5,27.0,21,158,15,114659.33,95823.53
CUST_014060,0.9917964,1,1,High Risk,USA,North America,Education,Startup,Professional,Annual,89.26,4.0,81.6,22.2,46.0,6,65,20,3004.8,2289.7
CUST_014458,0.9917579,1,1,High Risk,Canada,North America,Healthcare,Mid-Market,Business,Multi-Year,815.88,4.0,57.3,19.8,19.0,6,78,14,18307.17,15151.42
CUST_001015,0.9917567,1,1,High Risk,India,APAC,Technology,Startup,Professional,Monthly,79.69,4.0,30.7,7.4,-31.0,2,48,10,1582.76,1255.2
CUST_001654,0.99174726,1,1,High Risk,Other,MEA,Retail,Mid-Market,Enterprise,Annual,2441.14,2.0,67.0,23.3,14.0,28,691,11,31693.74,26707.08
CUST_013094,0.9917464,1,1,High Risk,USA,North America,Healthcare,Startup,Basic,Monthly,23.91,2.0,62.6,16.0,4.0,3,30,16,737.92,450.4
CUST_003105,0.99174225,1,1,High Risk,UK,Europe,Manufacturing,Small Business,Professional,Annual,145.94,4.0,46.6,15.2,-5.0,15,151,12,2749.26,2126.66
CUST_017706,0.9917286,1,1,High Risk,India,APAC,Technology,Small Business,Professional,Annual,223.48,5.0,31.3,1.1,-6.0,7,88,13,5102.08,4132.77
CUST_016898,0.9917229,1,1,High Risk,Australia,APAC,Technology,Small Business,Professional,Monthly,124.12,3.0,73.2,15.7,-5.0,2,32,14,3854.1,3136.1
CUST_019748,0.99171984,1,1,High Risk,USA,North America,Finance,Startup,Professional,Annual,74.69,2.0,51.1,22.9,-14.0,1,21,14,2086.74,1586.32
CUST_009735,0.9917007,1,1,High Risk,India,APAC,Technology,Small Business,Business,Annual,413.49,4.0,33.7,15.6,-6.0,10,80,12,7526.85,6284.02
CUST_017695,0.99167866,1,1,High Risk,India,APAC,Technology,Startup,Professional,Annual,91.81,3.0,75.2,26.3,30.0,10,242,7,907.28,675.47
CUST_015202,0.9916705,1,1,High Risk,Germany,Europe,Healthcare,Startup,Business,Monthly,270.81,7.0,29.4,7.4,16.0,15,99,15,7127.08,5803.9
CUST_012989,0.9916698,1,1,High Risk,India,APAC,Manufacturing,Startup,Professional,Monthly,100.24,3.0,49.8,23.1,-6.0,32,270,8,1102.57,841.74
CUST_009128,0.99164045,1,1,High Risk,USA,North America,Technology,Startup,Basic,Monthly,28.18,3.0,54.8,14.7,11.0,7,43,18,1036.57,615.31
CUST_008171,0.99161196,1,1,High Risk,USA,North America,Technology,Startup,Professional,Monthly,95.15,4.0,56.3,16.9,22.0,5,85,13,2188.65,1662.12
CUST_014104,0.9915616,1,1,High Risk,India,APAC,Manufacturing,Startup,Basic,Monthly,24.44,6.0,27.7,4.8,5.0,5,70,12,519.54,305.41
CUST_003485,0.9915202,1,1,High Risk,Canada,North America,Education,Startup,Basic,Monthly,32.15,0.0,35.5,19.2,-17.0,10,45,20,1145.44,719.17
CUST_012896,0.9915167,1,1,High Risk,Other,MEA,Real Estate,Startup,Professional,Monthly,82.92,7.0,39.9,12.2,-10.0,13,136,10,1413.51,1078.38
CUST_003385,0.9915126,1,1,High Risk,USA,North America,Retail,Startup,Basic,Monthly,27.31,4.0,39.7,10.4,4.0,3,27,14,848.69,517.85
CUST_014514,0.9914756,1,1,High Risk,USA,North America,Technology,Mid-Market,Business,Monthly,1107.18,2.0,87.4,31.0,33.0,16,144,13,24905.48,21206.81
CUST_015717,0.99147123,1,1,High Risk,UK,Europe,Healthcare,Startup,Basic,Annual,25.43,0.0,57.1,20.0,21.0,6,90,14,602.6,286.87
CUST_007573,0.9914682,1,1,High Risk,USA,North America,Healthcare,Small Business,Professional,Annual,129.39,4.0,61.8,17.7,15.0,6,53,15,3368.0,2725.78
CUST_019083,0.99144405,1,1,High Risk,USA,North America,Healthcare,Startup,Business,Annual,187.7,5.0,31.4,8.6,-26.0,4,24,19,7034.99,5778.74
CUST_000836,0.9914294,1,1,High Risk,India,APAC,Finance,Startup,Professional,Annual,86.39,7.0,56.8,13.6,-16.0,2,21,15,2966.26,2352.23
CUST_008132,0.9913742,1,1,High Risk,USA,North America,Real Estate,Small Business,Professional,Annual,205.3,4.0,37.0,11.9,-1.0,1,14,17,6881.38,5547.48
CUST_018771,0.9913549,1,1,High Risk,India,APAC,Real Estate,Small Business,Business,Monthly,435.29,5.0,70.6,19.3,-12.0,5,120,10,7680.79,6422.59
CUST_001524,0.9913497,1,1,High Risk,Canada,North America,Real Estate,Small Business,Basic,Multi-Year,46.66,7.0,36.9,14.9,3.0,13,104,16,1095.26,716.38
CUST_005876,0.9913283,1,1,High Risk,Australia,APAC,Retail,Mid-Market,Business,Multi-Year,963.61,0.0,47.9,14.0,14.0,3,30,19,31282.89,25800.07
CUST_003918,0.9912815,1,1,High Risk,USA,North America,Technology,Startup,Professional,Monthly,131.22,7.0,36.6,13.2,15.0,8,78,11,2773.78,2249.99
CUST_007357,0.9912806,1,1,High Risk,UK,Europe,Other,Startup,Basic,Monthly,37.02,5.0,43.2,16.3,4.0,2,25,14,1113.81,805.66
CUST_015838,0.9912675,1,1,High Risk,USA,North America,Technology,Mid-Market,Professional,Annual,366.66,2.0,65.8,12.7,48.0,2,21,21,15057.0,12333.4
CUST_007605,0.9912595,1,1,High Risk,UK,Europe,Healthcare,Startup,Basic,Monthly,15.1,5.0,52.4,18.7,4.0,8,112,10,231.88,67.93
CUST_016902,0.99125016,1,1,High Risk,UK,Europe,Technology,Startup,Basic,Monthly,27.36,0.0,61.8,16.1,-13.0,14,75,14,662.77,401.89
CUST_006081,0.9912459,1,1,High Risk,Australia,APAC,Other,Startup,Professional,Monthly,98.59,2.0,49.9,15.0,44.0,1,20,15,3194.61,2571.26
CUST_000362,0.9912305,1,1,High Risk,USA,North America,Healthcare,Startup,Basic,Monthly,19.31,7.0,32.8,13.0,1.0,14,106,13,465.21,255.98
CUST_012909,0.9912209,1,1,High Risk,India,APAC,Manufacturing,Small Business,Professional,Annual,171.8,3.0,53.9,20.8,10.0,3,74,10,3280.6,2686.08
CUST_001296,0.99121654,1,1,High Risk,USA,North America,Manufacturing,Startup,Basic,Monthly,24.92,9.0,32.6,6.7,-16.0,24,117,17,655.82,316.83
CUST_008771,0.99119335,1,1,High Risk,Australia,APAC,Healthcare,Startup,Basic,Monthly,33.5,3.0,56.4,14.5,16.0,20,167,11,571.28,321.65
CUST_000947,0.99116325,1,1,High Risk,USA,North America,Technology,Startup,Basic,Monthly,31.91,3.0,36.6,3.4,13.0,3,51,13,846.74,537.56
CUST_013311,0.9910909,1,1,High Risk,Australia,APAC,Finance,Startup,Professional,Monthly,92.47,6.0,37.1,9.6,-21.0,14,115,11,1722.83,1339.05
CUST_004677,0.9910703,1,1,High Risk,USA,North America,Finance,Small Business,Professional,Annual,202.1,5.0,59.6,18.6,-9.0,1,20,15,6474.19,5257.96
CUST_001283,0.99102145,1,1,High Risk,UK,Europe,Technology,Mid-Market,Enterprise,Monthly,3558.21,3.0,73.8,18.4,14.0,33,695,16,66408.14,55959.49
CUST_016322,0.9910074,1,1,High Risk,USA,North America,Healthcare,Startup,Professional,Monthly,100.35,4.0,42.6,20.1,16.0,1,17,18,4063.66,3185.2
CUST_002438,0.9909837,1,1,High Risk,USA,North America,Technology,Startup,Basic,Annual,40.49,2.0,35.8,10.9,-28.0,12,73,17,925.56,468.35
CUST_005593,0.9909734,1,1,High Risk,Canada,North America,Healthcare,Small Business,Business,Monthly,384.43,3.0,63.8,20.8,10.0,1,22,15,13585.95,11401.44
CUST_001962,0.9909718,1,1,High Risk,UK,Europe,Healthcare,Startup,Basic,Annual,35.15,5.0,10.5,0.0,-64.0,4,80,9,585.47,381.51
CUST_005254,0.99094653,1,1,High Risk,India,APAC,Education,Startup,Business,Multi-Year,268.92,3.0,68.5,19.7,-17.0,4,57,12,5488.97,4466.73
CUST_014755,0.9909027,1,1,High Risk,USA,North America,Technology,Small Business,Business,Monthly,290.01,5.0,30.6,2.0,-1.0,6,76,13,6577.5,5409.88
CUST_019203,0.99090236,1,0,High Risk,USA,North America,Manufacturing,Small Business,Professional,Monthly,175.11,2.0,76.4,25.0,37.0,31,200,12,2771.35,2215.82
CUST_017306,0.99086666,1,1,High Risk,UK,Europe,Manufacturing,Small Business,Professional,Monthly,129.73,14.0,26.2,3.1,-30.0,24,160,14,2835.94,2267.06
CUST_013014,0.99084973,1,1,High Risk,USA,North America,Finance,Small Business,Basic,Multi-Year,35.03,3.0,44.9,10.8,-1.0,1,23,14,991.64,583.93
CUST_013406,0.9908392,1,1,High Risk,Canada,North America,Healthcare,Startup,Basic,Monthly,25.2,3.0,61.1,17.1,8.0,9,94,15,690.8,332.64
CUST_018096,0.9908031,1,1,High Risk,USA,North America,Finance,Small Business,Business,Monthly,405.32,4.0,64.3,17.2,0.0,31,815,10,4554.21,3761.94
CUST_008834,0.99075705,1,1,High Risk,USA,North America,Manufacturing,Small Business,Professional,Multi-Year,148.74,2.0,70.7,25.8,50.0,2,30,16,5062.21,4166.65
CUST_012792,0.99074286,1,1,High Risk,Other,MEA,Technology,Startup,Basic,Monthly,27.48,7.0,53.1,9.1,-1.0,5,116,10,459.97,274.44
CUST_005798,0.990716,1,1,High Risk,USA,North America,Education,Startup,Basic,Annual,20.14,5.0,21.1,11.2,-1.0,1,15,18,799.12,490.27
CUST_001505,0.99071443,1,1,High Risk,USA,North America,Retail,Startup,Professional,Annual,72.27,0.0,36.5,18.4,-21.0,16,115,14,1624.33,1184.29
CUST_013079,0.9906942,1,1,High Risk,Other,LATAM,Other,Small Business,Enterprise,Annual,1294.01,5.0,56.1,16.5,-3.0,2,23,16,43670.82,36882.67
CUST_007717,0.9906793,1,1,High Risk,Other,MEA,Manufacturing,Startup,Basic,Monthly,18.63,3.0,49.3,21.6,16.0,2,23,17,669.83,386.03
CUST_002886,0.990672,1,1,High Risk,Canada,North America,Manufacturing,Small Business,Business,Monthly,337.56,2.0,39.6,3.3,29.0,13,106,15,8527.08,7079.56
CUST_006018,0.9906685,1,1,High Risk,USA,North America,Other,Small Business,Basic,Annual,57.01,5.0,50.2,20.4,26.0,12,313,8,487.02,297.04
CUST_019731,0.9906628,1,1,High Risk,Other,LATAM,Other,Mid-Market,Business,Annual,1120.49,5.0,64.1,11.3,18.0,14,82,16,27730.88,22769.19
CUST_006012,0.9906544,1,1,High Risk,UK,Europe,Technology,Startup,Business,Monthly,150.23,2.0,46.0,14.7,-8.0,1,16,17,5632.88,4573.47
CUST_012584,0.9906408,1,1,High Risk,UK,Europe,Real Estate,Startup,Professional,Monthly,87.61,1.0,37.1,11.8,2.0,22,124,17,2237.92,1714.35
CUST_012746,0.9906303,1,1,High Risk,USA,North America,Retail,Startup,Professional,Annual,81.18,0.0,53.6,19.5,34.0,28,429,10,1055.91,741.33
CUST_011786,0.99061173,1,1,High Risk,India,APAC,Healthcare,Small Business,Professional,Annual,155.76,1.0,54.6,9.4,30.0,3,36,15,4164.49,3225.06
CUST_003375,0.99058443,1,1,High Risk,Canada,North America,Technology,Small Business,Professional,Annual,201.81,5.0,63.7,20.8,8.0,6,135,11,3812.09,3062.99
CUST_014076,0.99058026,1,1,High Risk,USA,North America,Retail,Small Business,Basic,Annual,42.67,2.0,41.3,13.0,9.0,10,49,21,1503.56,978.24
CUST_018280,0.9905737,1,1,High Risk,USA,North America,Technology,Startup,Basic,Monthly,27.71,4.0,92.2,27.6,30.0,2,28,19,1117.9,715.75
CUST_005847,0.99056315,1,1,High Risk,Australia,APAC,Real Estate,Startup,Professional,Monthly,77.05,7.0,45.7,20.1,-21.0,7,56,14,2069.51,1545.81
CUST_010299,0.9905385,1,1,High Risk,UK,Europe,Retail,Small Business,Basic,Annual,35.15,5.0,73.2,21.4,1.0,4,64,12,809.51,520.59
CUST_005761,0.9905076,1,1,High Risk,Germany,Europe,Education,Small Business,Basic,Annual,54.68,5.0,66.4,18.7,13.0,2,30,14,1505.59,1119.09
CUST_005753,0.99049544,1,1,High Risk,Australia,APAC,Finance,Startup,Basic,Monthly,27.74,5.0,45.0,15.7,5.0,5,43,16,830.12,514.38
CUST_004157,0.9904495,1,1,High Risk,USA,North America,Education,Startup,Professional,Annual,115.94,2.0,47.0,16.8,-36.0,4,26,17,3690.47,2940.97
CUST_008861,0.9904455,1,1,High Risk,UK,Europe,Technology,Startup,Professional,Monthly,97.05,6.0,40.1,9.2,11.0,5,81,11,2066.97,1550.0
CUST_015570,0.99044234,1,1,High Risk,USA,North America,Healthcare,Mid-Market,Business,Multi-Year,1025.89,4.0,65.9,20.8,11.0,3,41,14,24747.01,20483.75
CUST_008423,0.99041253,1,1,High Risk,India,APAC,Healthcare,Small Business,Business,Annual,322.59,4.0,50.5,14.6,10.0,33,887,9,2838.48,2276.54
CUST_019844,0.99035317,1,1,High Risk,USA,North America,Healthcare,Startup,Basic,Annual,38.86,4.0,35.2,10.9,-7.0,7,38,22,1521.76,999.92
CUST_012589,0.990351,1,1,High Risk,USA,North America,Retail,Startup,Professional,Monthly,96.23,1.0,51.8,11.7,23.0,7,96,13,2112.99,1646.7
CUST_016821,0.9903122,1,1,High Risk,USA,North America,Healthcare,Startup,Enterprise,Monthly,645.48,3.0,39.3,14.7,14.0,12,72,17,18703.09,15711.79
CUST_004573,0.99029994,1,1,High Risk,UK,Europe,Education,Small Business,Business,Annual,409.75,4.0,75.6,26.2,17.0,6,52,19,13849.64,11468.89
CUST_006264,0.9902969,1,1,High Risk,Germany,Europe,Finance,Small Business,Professional,Annual,147.04,2.0,22.2,5.5,16.0,4,31,17,4705.7,3684.33
CUST_016558,0.99026674,1,1,High Risk,Australia,APAC,Finance,Startup,Basic,Annual,23.54,3.0,62.3,12.5,0.0,5,61,14,595.23,317.86
CUST_001738,0.990265,1,1,High Risk,Canada,North America,Technology,Startup,Basic,Monthly,24.64,3.0,58.5,20.1,52.0,17,115,16,647.23,318.4
CUST_000678,0.99026394,1,1,High Risk,Australia,APAC,Finance,Small Business,Business,Monthly,405.22,7.0,25.2,6.7,-21.0,1,18,16,14266.16,11892.91
CUST_000509,0.9902294,1,1,High Risk,USA,North America,Technology,Startup,Business,Monthly,253.76,3.0,35.6,5.5,-46.0,7,129,10,4480.1,3671.95
CUST_017232,0.9901956,1,1,High Risk,USA,North America,Finance,Startup,Basic,Multi-Year,28.21,4.0,67.7,24.3,29.0,7,84,14,637.22,345.5
CUST_016221,0.9901571,1,1,High Risk,USA,North America,Technology,Mid-Market,Business,Monthly,1009.38,8.0,26.2,8.9,-52.0,17,163,10,15811.46,13415.49
CUST_012985,0.9901417,1,1,High Risk,Germany,Europe,Technology,Small Business,Professional,Multi-Year,148.62,3.0,55.6,21.2,16.0,3,27,20,5191.35,4060.21
CUST_013526,0.9900997,1,1,High Risk,USA,North America,Retail,Small Business,Business,Annual,312.81,4.0,40.6,5.7,-6.0,4,27,16,9444.46,7759.81
CUST_006313,0.9900949,1,1,High Risk,Australia,APAC,Finance,Startup,Professional,Multi-Year,81.43,3.0,56.0,17.8,15.0,20,152,15,1740.64,1265.24
CUST_000043,0.99009424,1,1,High Risk,USA,North America,Healthcare,Startup,Basic,Annual,31.56,3.0,45.4,14.2,7.0,3,50,12,749.3,460.28
CUST_007574,0.9900879,1,1,High Risk,USA,North America,Retail,Small Business,Business,Monthly,350.88,2.0,56.4,21.1,25.0,34,175,21,10293.62,8593.16
CUST_004831,0.99005413,1,1,High Risk,Germany,Europe,Technology,Small Business,Business,Monthly,675.89,6.0,39.9,8.2,-23.0,7,90,12,13854.21,11629.09
CUST_001317,0.99005365,1,1,High Risk,USA,North America,Real Estate,Startup,Professional,Monthly,76.69,5.0,58.4,17.6,-8.0,7,46,17,2327.12,1747.44
CUST_010514,0.9899961,1,1,High Risk,USA,North America,Technology,Small Business,Professional,Multi-Year,158.04,6.0,36.0,12.5,12.0,9,149,11,2462.65,1926.05
CUST_007338,0.9899658,1,1,High Risk,USA,North America,Retail,Small Business,Professional,Annual,144.69,2.0,53.8,19.0,12.0,9,131,13,2896.53,2315.17
CUST_015280,0.989958,1,1,High Risk,USA,North America,Technology,Startup,Professional,Monthly,78.41,6.0,50.4,15.1,-11.0,2,22,14,2464.9,1963.64
CUST_009041,0.98993146,1,1,High Risk,Canada,North America,Retail,Small Business,Professional,Multi-Year,125.45,3.0,42.5,10.0,6.0,18,120,12,2087.17,1605.93
CUST_014047,0.98990685,1,1,High Risk,USA,North America,Finance,Small Business,Business,Annual,436.37,1.0,41.3,4.4,2.0,23,226,7,4369.18,3593.26
CUST_013642,0.9898818,1,1,High Risk,UK,Europe,Healthcare,Startup,Enterprise,Monthly,901.03,5.0,47.1,16.2,5.0,9,47,21,32390.21,27253.27
CUST_009367,0.98987496,1,1,High Risk,UK,Europe,Manufacturing,Small Business,Business,Monthly,353.76,2.0,37.3,13.4,-3.0,5,40,20,14598.63,12360.8
CUST_012271,0.9898499,1,1,High Risk,USA,North America,Healthcare,Small Business,Professional,Monthly,114.95,6.0,55.4,27.5,-12.0,28,430,8,1130.93,856.74
CUST_006303,0.9898196,1,1,High Risk,UK,Europe,Real Estate,Startup,Basic,Monthly,21.16,1.0,77.9,24.0,37.0,6,111,12,472.02,268.93
CUST_018464,0.9898177,1,1,High Risk,USA,North America,Technology,Startup,Professional,Annual,71.07,2.0,63.1,17.0,-3.0,17,150,12,1472.32,1081.01
CUST_014654,0.9897814,1,1,High Risk,UK,Europe,Technology,Small Business,Business,Annual,376.03,6.0,60.4,9.3,-14.0,13,102,15,8987.68,7400.8
CUST_018759,0.98977005,1,1,High Risk,USA,North America,Retail,Small Business,Professional,Monthly,120.05,1.0,60.3,14.2,40.0,8,87,16,3121.34,2426.78
CUST_003785,0.98974365,1,1,High Risk,USA,North America,Education,Enterprise,Business,Multi-Year,2710.36,4.0,96.4,27.0,64.0,27,693,18,53594.72,44178.02
CUST_009531,0.9896004,1,1,High Risk,Canada,North America,Real Estate,Startup,Professional,Monthly,95.82,4.0,31.0,3.8,7.0,2,23,13,2685.93,2201.9
CUST_007906,0.9895963,1,1,High Risk,USA,North America,Technology,Startup,Basic,Annual,29.13,3.0,56.0,17.7,5.0,26,157,17,723.31,361.78
CUST_001826,0.98950875,1,1,High Risk,Canada,North America,Finance,Small Business,Professional,Annual,142.36,3.0,65.0,17.3,21.0,31,189,9,1755.39,1370.91
CUST_019662,0.98945844,1,1,High Risk,Other,MEA,Other,Small Business,Basic,Monthly,54.18,5.0,65.2,23.6,8.0,35,805,15,907.82,604.17
CUST_006586,0.98943603,1,1,High Risk,USA,North America,Real Estate,Small Business,Professional,Monthly,147.5,3.0,61.6,20.5,33.0,14,115,15,3803.05,3098.67
CUST_002714,0.98939556,1,1,High Risk,UK,Europe,Healthcare,Startup,Professional,Annual,96.01,4.0,49.0,18.1,34.0,35,683,10,1076.71,753.65
CUST_012249,0.9893925,1,1,High Risk,Australia,APAC,Retail,Startup,Basic,Monthly,25.61,6.0,30.8,8.0,3.0,1,12,19,1009.93,617.41
CUST_011613,0.9893383,1,1,High Risk,India,APAC,Healthcare,Small Business,Professional,Multi-Year,139.32,4.0,32.9,2.5,27.0,1,19,21,5945.62,4558.58
CUST_012808,0.98931795,1,1,High Risk,Germany,Europe,Manufacturing,Startup,Basic,Monthly,26.86,6.0,38.1,12.9,-5.0,13,84,14,607.71,351.9
CUST_010867,0.98925894,1,1,High Risk,USA,North America,Technology,Startup,Basic,Monthly,28.67,5.0,44.7,7.8,-18.0,6,71,13,671.41,349.67
CUST_019192,0.98922884,1,1,High Risk,Australia,APAC,Other,Small Business,Professional,Annual,140.09,4.0,50.5,15.2,0.0,12,89,14,3184.0,2521.66
CUST_005425,0.98921365,1,1,High Risk,Germany,Europe,Technology,Startup,Professional,Annual,85.09,10.0,29.2,3.8,-7.0,11,95,14,1760.07,1285.78
CUST_006561,0.98916876,1,1,High Risk,Canada,North America,Technology,Small Business,Business,Annual,384.05,6.0,62.3,15.4,-31.0,18,102,14,8191.43,6759.89
CUST_001566,0.9891651,1,1,High Risk,USA,North America,Manufacturing,Small Business,Professional,Monthly,153.02,5.0,53.5,18.1,-5.0,8,49,16,4640.18,3785.19
CUST_017801,0.9891488,1,1,High Risk,UK,Europe,Healthcare,Startup,Basic,Monthly,31.69,4.0,19.9,10.7,-4.0,2,16,15,1088.87,784.78
CUST_010488,0.98906636,1,1,High Risk,Germany,Europe,Technology,Startup,Professional,Monthly,106.58,6.0,48.2,15.1,-16.0,9,96,13,2383.64,1895.58
CUST_009412,0.98906344,1,1,High Risk,USA,North America,Retail,Startup,Professional,Monthly,85.22,5.0,41.0,8.7,-29.0,6,51,15,2245.35,1745.7
CUST_014997,0.98905563,1,1,High Risk,Other,MEA,Education,Small Business,Business,Annual,467.9,4.0,56.0,19.5,9.0,30,512,10,6441.13,5254.89
CUST_012300,0.98905396,1,1,High Risk,USA,North America,Technology,Startup,Professional,Monthly,111.14,3.0,43.4,15.4,1.0,2,32,11,2658.11,2122.74
CUST_010724,0.9890399,1,1,High Risk,Other,LATAM,Finance,Mid-Market,Business,Annual,972.12,1.0,60.7,14.1,47.0,8,71,14,22438.47,18926.18
CUST_003905,0.989011,1,1,High Risk,India,APAC,Manufacturing,Startup,Basic,Monthly,25.41,6.0,47.5,14.3,-21.0,13,79,15,682.28,370.92
CUST_019511,0.98895836,1,1,High Risk,USA,North America,Finance,Startup,Basic,Monthly,28.42,5.0,48.9,9.9,22.0,20,170,11,486.96,298.72
CUST_008929,0.9889281,1,1,High Risk,USA,North America,Healthcare,Startup,Professional,Monthly,81.83,8.0,49.8,28.2,11.0,1,18,15,2761.98,2169.33
CUST_006665,0.98891747,1,1,High Risk,Germany,Europe,Healthcare,Small Business,Basic,Multi-Year,49.1,4.0,48.9,19.6,18.0,6,127,11,903.42,607.53
CUST_009321,0.9889042,1,1,High Risk,USA,North America,Manufacturing,Mid-Market,Enterprise,Monthly,4210.02,5.0,63.1,16.2,-6.0,3,47,13,107770.67,92032.19
CUST_000494,0.98889345,1,1,High Risk,UK,Europe,Retail,Mid-Market,Professional,Monthly,275.05,4.0,79.3,23.3,28.0,14,178,12,5076.66,4181.94
CUST_016032,0.9888691,1,1,High Risk,Other,LATAM,Retail,Startup,Basic,Annual,29.29,3.0,44.0,18.8,-16.0,4,37,13,743.19,455.66
CUST_011283,0.9888648,1,1,High Risk,India,APAC,Finance,Small Business,Business,Annual,373.56,2.0,56.9,15.9,21.0,34,453,12,4937.5,3958.18
CUST_008117,0.9888292,1,1,High Risk,USA,North America,Technology,Enterprise,Business,Monthly,2120.94,2.0,81.6,31.0,37.0,21,602,12,29707.38,24697.44
CUST_002016,0.9888249,1,1,High Risk,Other,LATAM,Retail,Mid-Market,Business,Monthly,1109.57,2.0,89.7,24.4,31.0,17,478,13,21875.19,18526.05
CUST_011249,0.9887993,1,1,High Risk,India,APAC,Education,Startup,Basic,Monthly,25.31,7.0,36.7,13.0,-48.0,4,61,10,423.42,275.06
CUST_011445,0.9887976,1,1,High Risk,Germany,Europe,Real Estate,Startup,Basic,Monthly,34.17,3.0,63.4,16.3,-12.0,4,63,13,878.77,581.9
CUST_015730,0.9887921,1,1,High Risk,USA,North America,Healthcare,Startup,Basic,Annual,30.29,2.0,59.0,20.5,51.0,6,41,18,1005.62,538.04
CUST_017274,0.98877805,1,1,High Risk,UK,Europe,Manufacturing,Startup,Basic,Monthly,24.62,4.0,81.0,25.4,20.0,21,158,14,534.45,298.62
CUST_006802,0.98874,1,1,High Risk,India,APAC,Real Estate,Enterprise,Enterprise,Multi-Year,6278.94,4.0,69.6,21.7,-9.0,22,169,12,86764.99,70498.24
CUST_003471,0.9887334,1,1,High Risk,India,APAC,Healthcare,Small Business,Professional,Monthly,161.76,3.0,23.2,14.3,7.0,6,44,15,4831.54,4006.29
CUST_007875,0.98873144,1,1,High Risk,Australia,APAC,Finance,Small Business,Professional,Monthly,148.03,0.0,24.0,6.6,36.0,12,101,15,3758.32,3027.04
CUST_002539,0.9887139,1,1,High Risk,Australia,APAC,Technology,Startup,Basic,Monthly,31.52,1.0,56.7,13.1,-23.0,6,97,11,635.84,429.6
CUST_007807,0.9886895,1,1,High Risk,USA,North America,Retail,Startup,Professional,Annual,102.61,2.0,48.6,16.8,20.0,4,41,13,2515.5,1990.03
CUST_000631,0.9886867,1,1,High Risk,Canada,North America,Technology,Small Business,Professional,Monthly,106.85,1.0,56.0,13.0,29.0,3,34,15,3247.23,2609.4
CUST_003447,0.988597,1,1,High Risk,Germany,Europe,Other,Small Business,Professional,Annual,187.83,5.0,73.2,25.1,26.0,7,93,14,4430.76,3546.69
CUST_016396,0.9885964,1,1,High Risk,Other,MEA,Healthcare,Small Business,Enterprise,Monthly,1380.63,1.0,55.7,16.1,22.0,14,112,16,34489.87,29489.29
CUST_014800,0.98850584,1,1,High Risk,Other,LATAM,Technology,Startup,Business,Annual,236.34,4.0,39.1,11.8,-26.0,1,21,11,5268.66,4359.03
CUST_014505,0.9884548,1,1,High Risk,UK,Europe,Education,Mid-Market,Enterprise,Annual,4539.49,3.0,60.3,22.5,11.0,14,106,16,121174.19,102805.7
CUST_009342,0.98843515,1,1,High Risk,India,APAC,Retail,Startup,Professional,Annual,85.85,5.0,41.0,13.3,-1.0,4,58,12,1863.6,1401.51
CUST_018128,0.9883858,1,1,High Risk,UK,Europe,Real Estate,Mid-Market,Business,Multi-Year,916.25,4.0,42.2,16.2,11.0,14,83,16,22378.92,18536.26
CUST_015888,0.9883696,1,1,High Risk,Other,MEA,Manufacturing,Small Business,Basic,Monthly,48.61,5.0,39.4,17.4,-9.0,12,67,16,1274.84,855.78
CUST_017244,0.9883463,1,1,High Risk,USA,North America,Technology,Startup,Basic,Monthly,21.6,3.0,63.7,16.3,36.0,13,143,13,406.41,171.31
CUST_018165,0.9882683,1,1,High Risk,Germany,Europe,Technology,Mid-Market,Basic,Multi-Year,130.31,2.0,59.4,19.6,-7.0,15,87,15,2631.17,2070.15
CUST_000982,0.9882664,1,1,High Risk,USA,North America,Healthcare,Startup,Basic,Monthly,31.25,4.0,57.9,15.9,1.0,27,148,16,731.02,455.66
CUST_016045,0.98824745,1,1,High Risk,Germany,Europe,Education,Small Business,Professional,Annual,124.16,8.0,63.2,19.9,-48.0,9,63,18,3793.47,2935.5
CUST_012060,0.9881009,1,1,High Risk,USA,North America,Education,Startup,Business,Annual,252.2,9.0,40.6,13.2,-19.0,2,21,15,8307.76,6840.24
CUST_013784,0.9880493,1,1,High Risk,USA,North America,Real Estate,Startup,Business,Monthly,313.46,7.0,25.7,5.3,-11.0,20,153,11,5988.5,5058.71
CUST_003356,0.9880173,1,1,High Risk,India,APAC,Technology,Startup,Basic,Monthly,30.02,3.0,43.8,7.9,-4.0,8,159,8,392.86,226.06
CUST_000968,0.98797846,1,1,High Risk,USA,North America,Real Estate,Small Business,Professional,Annual,143.78,3.0,43.9,13.6,-16.0,11,55,19,4796.15,3859.26
CUST_007931,0.9879709,1,1,High Risk,India,APAC,Technology,Startup,Professional,Annual,74.12,4.0,52.7,6.2,47.0,6,106,11,1272.29,933.66
CUST_015994,0.9879309,1,1,High Risk,Other,LATAM,Technology,Startup,Basic,Monthly,43.12,6.0,33.7,10.2,-37.0,2,18,12,1164.59,830.98
CUST_018204,0.9879259,1,1,High Risk,USA,North America,Finance,Enterprise,Enterprise,Annual,7113.37,3.0,72.9,17.4,13.0,30,872,11,81350.45,68774.45
CUST_007691,0.9878656,1,1,High Risk,Australia,APAC,Education,Mid-Market,Business,Monthly,1018.11,3.0,63.9,24.7,-8.0,3,58,12,24547.5,20887.47
CUST_012790,0.98782814,1,1,High Risk,UK,Europe,Technology,Startup,Business,Annual,282.22,6.0,48.5,16.2,6.0,19,75,17,8041.34,6618.67
CUST_008957,0.9878252,1,1,High Risk,India,APAC,Healthcare,Startup,Professional,Monthly,84.19,3.0,36.7,16.7,30.0,4,66,12,1803.92,1382.24
CUST_017328,0.9878121,1,1,High Risk,Germany,Europe,Technology,Startup,Professional,Monthly,109.95,1.0,44.9,12.9,-1.0,5,40,15,3058.67,2476.33
CUST_004900,0.9877951,1,1,High Risk,UK,Europe,Healthcare,Mid-Market,Enterprise,Monthly,3517.27,3.0,82.9,20.4,48.0,34,768,13,53078.31,45350.41
CUST_003576,0.98777616,1,1,High Risk,Other,MEA,Manufacturing,Startup,Basic,Annual,29.28,2.0,60.3,15.0,43.0,23,112,24,1027.08,544.45
CUST_014400,0.98774636,1,1,High Risk,USA,North America,Healthcare,Startup,Professional,Monthly,77.58,6.0,39.9,7.4,18.0,31,130,17,1969.91,1481.78
CUST_014064,0.98774105,1,1,High Risk,Canada,North America,Healthcare,Small Business,Basic,Multi-Year,40.09,1.0,63.7,18.9,16.0,6,106,12,854.21,557.07
CUST_014422,0.9876627,1,1,High Risk,Canada,North America,Finance,Startup,Professional,Monthly,91.12,7.0,63.4,17.0,11.0,8,48,18,2865.12,2233.23
CUST_002553,0.98764765,1,1,High Risk,India,APAC,Technology,Small Business,Basic,Annual,51.85,9.0,35.1,10.3,-27.0,2,16,21,2527.08,1847.63
CUST_009070,0.98761266,1,1,High Risk,UK,Europe,Technology,Mid-Market,Business,Multi-Year,1108.33,2.0,46.9,18.6,13.0,3,27,17,33124.69,27471.54
CUST_015671,0.98760754,1,1,High Risk,Australia,APAC,Manufacturing,Small Business,Professional,Annual,148.91,5.0,59.1,20.8,6.0,8,47,19,4938.45,3880.03
CUST_019915,0.987456,1,1,High Risk,Other,MEA,Finance,Startup,Enterprise,Monthly,767.14,4.0,48.2,16.1,-34.0,4,29,16,25418.48,21391.89
CUST_011159,0.9874521,1,1,High Risk,USA,North America,Retail,Small Business,Business,Annual,689.99,4.0,54.4,16.0,2.0,8,44,17,21323.06,17706.1
CUST_017964,0.9874505,1,1,High Risk,USA,North America,Education,Startup,Basic,Monthly,29.72,5.0,47.4,18.4,5.0,12,68,17,870.6,539.87
CUST_004232,0.9873985,1,1,High Risk,USA,North America,Education,Startup,Basic,Annual,29.24,6.0,45.1,6.2,-3.0,17,110,14,620.31,329.96
CUST_002755,0.9873527,1,1,High Risk,UK,Europe,Other,Small Business,Professional,Annual,178.77,3.0,36.9,12.3,17.0,19,79,17,4843.87,3928.93
CUST_014172,0.9871732,1,1,High Risk,USA,North America,Technology,Startup,Professional,Annual,82.51,2.0,42.0,15.2,30.0,8,42,21,2848.62,2087.21
CUST_002175,0.9871459,1,1,High Risk,India,APAC,Finance,Small Business,Basic,Monthly,50.92,3.0,55.5,14.9,33.0,4,40,15,1410.13,932.23
CUST_015485,0.98713315,1,1,High Risk,USA,North America,Technology,Mid-Market,Business,Multi-Year,868.27,3.0,32.4,10.0,32.0,5,65,15,20791.82,17510.49
CUST_009765,0.9871099,1,1,High Risk,Germany,Europe,Finance,Small Business,Professional,Monthly,148.84,2.0,45.3,12.5,15.0,22,90,19,4420.08,3509.12
CUST_005190,0.9870877,1,1,High Risk,Germany,Europe,Retail,Enterprise,Business,Annual,1886.37,2.0,67.8,22.2,28.0,18,299,10,28136.17,23551.9
CUST_013132,0.9870705,1,1,High Risk,India,APAC,Other,Startup,Basic,Monthly,28.64,4.0,37.5,11.2,-17.0,10,59,16,836.34,552.87
CUST_007618,0.98705274,1,1,High Risk,USA,North America,Retail,Startup,Basic,Monthly,27.44,3.0,46.5,20.5,-10.0,1,16,17,1053.51,724.95
CUST_019161,0.98699653,1,1,High Risk,Australia,APAC,Technology,Small Business,Professional,Annual,140.31,4.0,46.4,18.3,-19.0,14,122,13,2850.53,2139.37
CUST_006183,0.9869832,1,1,High Risk,Germany,Europe,Healthcare,Startup,Professional,Monthly,73.28,4.0,48.7,9.6,-6.0,1,17,20,3255.06,2577.54
CUST_008493,0.98696715,1,1,High Risk,UK,Europe,Healthcare,Startup,Professional,Annual,62.18,1.0,40.5,12.8,37.0,2,36,12,1264.19,877.46
CUST_007837,0.9869365,1,1,High Risk,Canada,North America,Technology,Startup,Basic,Annual,31.78,2.0,52.2,16.1,-6.0,8,110,12,656.9,407.75
CUST_013525,0.9868946,1,1,High Risk,Germany,Europe,Healthcare,Small Business,Business,Annual,427.21,3.0,63.8,23.9,43.0,4,73,13,10322.74,8716.18
CUST_017430,0.98687685,1,1,High Risk,Germany,Europe,Finance,Startup,Basic,Monthly,22.38,3.0,74.7,23.8,-12.0,2,26,16,754.08,425.14
CUST_018867,0.98684376,1,1,High Risk,Canada,North America,Finance,Startup,Basic,Monthly,33.21,6.0,45.0,17.4,-11.0,5,40,14,975.3,635.6
CUST_004128,0.9868291,1,1,High Risk,USA,North America,Retail,Small Business,Business,Annual,413.43,5.0,50.9,15.2,11.0,19,147,13,7852.13,6524.07
CUST_011007,0.98682004,1,1,High Risk,USA,North America,Retail,Startup,Basic,Monthly,22.68,0.0,33.8,15.4,-17.0,3,32,14,676.34,443.57
CUST_017938,0.98679835,1,1,High Risk,USA,North America,Finance,Startup,Basic,Monthly,30.26,5.0,40.0,9.2,-27.0,1,11,19,1324.4,869.95
CUST_018608,0.9867517,1,1,High Risk,USA,North America,Finance,Small Business,Basic,Monthly,60.22,6.0,51.9,17.2,26.0,2,18,17,2286.07,1752.1
CUST_008398,0.9867381,1,1,High Risk,USA,North America,Retail,Startup,Basic,Monthly,30.55,8.0,49.8,12.5,11.0,4,38,12,736.82,460.5
CUST_013918,0.9865698,1,1,High Risk,UK,Europe,Finance,Mid-Market,Professional,Annual,254.81,4.0,56.0,16.6,22.0,2,23,14,7103.95,5894.49
CUST_019439,0.98648167,1,1,High Risk,Canada,North America,Education,Small Business,Professional,Annual,158.42,7.0,23.9,3.1,0.0,3,22,17,5189.54,4009.18
CUST_017164,0.98644197,1,1,High Risk,USA,North America,Healthcare,Startup,Professional,Monthly,104.42,4.0,38.3,15.3,-0.0,3,63,10,1708.95,1300.1
CUST_000597,0.9864107,1,1,High Risk,Canada,North America,Finance,Small Business,Basic,Annual,63.29,0.0,55.8,11.2,16.0,24,459,9,701.43,441.38
CUST_008724,0.98625803,1,1,High Risk,Germany,Europe,Manufacturing,Small Business,Basic,Monthly,58.52,1.0,54.5,19.6,-14.0,4,27,18,2147.33,1618.97
CUST_008606,0.9861903,1,1,High Risk,Other,MEA,Finance,Startup,Basic,Monthly,30.65,2.0,26.0,6.2,-24.0,8,86,10,490.63,301.7
CUST_007401,0.9860023,1,1,High Risk,UK,Europe,Real Estate,Small Business,Business,Monthly,468.92,7.0,44.1,14.7,-10.0,8,159,7,6063.37,5070.32
CUST_012186,0.9859657,1,1,High Risk,USA,North America,Healthcare,Small Business,Professional,Monthly,161.22,2.0,29.1,6.5,-24.0,7,61,16,4725.54,3860.92
CUST_001559,0.9859503,1,1,High Risk,USA,North America,Manufacturing,Small Business,Business,Monthly,389.61,4.0,61.4,18.2,-0.0,3,23,18,14919.76,12527.66
CUST_004101,0.985947,1,0,High Risk,UK,Europe,Real Estate,Small Business,Basic,Monthly,38.11,5.0,41.8,13.3,-19.0,15,92,14,887.05,596.13
CUST_002989,0.98593485,1,1,High Risk,UK,Europe,Healthcare,Mid-Market,Business,Monthly,1055.06,2.0,68.0,17.1,24.0,4,39,17,34200.25,28694.95
CUST_004840,0.985919,1,1,High Risk,Australia,APAC,Manufacturing,Startup,Basic,Monthly,25.35,3.0,46.9,12.2,15.0,1,24,11,638.86,428.12
CUST_002717,0.98585355,1,1,High Risk,USA,North America,Retail,Startup,Basic,Monthly,40.53,4.0,23.7,9.5,-13.0,1,13,16,1381.59,980.86
CUST_019574,0.9858101,1,1,High Risk,Other,LATAM,Technology,Mid-Market,Business,Monthly,1036.37,1.0,72.1,20.6,3.0,6,74,17,34408.83,29293.7
CUST_006308,0.9856257,1,1,High Risk,India,APAC,Technology,Startup,Professional,Annual,72.03,6.0,43.4,16.8,-20.0,12,133,12,1357.34,990.93
CUST_000746,0.98559767,1,1,High Risk,Other,MEA,Other,Startup,Basic,Monthly,32.48,8.0,27.7,10.4,11.0,16,80,12,687.55,372.18
CUST_019711,0.98554176,1,1,High Risk,USA,North America,Real Estate,Startup,Basic,Annual,31.1,4.0,30.1,10.3,-6.0,26,126,14,602.03,286.19
CUST_002576,0.98552716,1,1,High Risk,USA,North America,Manufacturing,Startup,Business,Monthly,259.04,3.0,45.3,15.0,22.0,1,18,12,6954.47,5760.45
CUST_000671,0.98546,1,1,High Risk,USA,North America,Finance,Small Business,Basic,Annual,67.52,3.0,68.1,30.8,38.0,3,30,18,2453.96,1801.31
CUST_010226,0.9854312,1,1,High Risk,UK,Europe,Technology,Mid-Market,Business,Annual,1163.22,3.0,63.7,12.3,23.0,7,49,18,35251.43,29602.65
CUST_010799,0.98537827,1,1,High Risk,Germany,Europe,Other,Mid-Market,Business,Multi-Year,970.78,2.0,53.7,14.6,1.0,27,148,16,21774.23,18123.65
CUST_019146,0.98534966,1,1,High Risk,USA,North America,Retail,Small Business,Professional,Multi-Year,124.05,2.0,47.7,15.0,20.0,19,129,14,2408.61,1890.41
CUST_000992,0.985342,1,1,High Risk,Australia,APAC,Other,Mid-Market,Business,Monthly,1015.99,6.0,36.5,13.2,4.0,20,178,13,20733.48,17550.32
CUST_010625,0.9853335,1,1,High Risk,USA,North America,Technology,Small Business,Professional,Monthly,224.04,4.0,54.9,10.6,-25.0,9,50,17,6719.85,5573.93
CUST_010079,0.9853188,1,1,High Risk,UK,Europe,Other,Startup,Basic,Monthly,18.54,4.0,46.1,13.6,11.0,1,18,16,660.32,359.62
CUST_016397,0.98527026,1,1,High Risk,USA,North America,Education,Startup,Basic,Monthly,21.49,5.0,51.4,13.1,11.0,1,19,14,699.71,440.32
CUST_000230,0.98526543,1,1,High Risk,UK,Europe,Finance,Mid-Market,Professional,Multi-Year,355.96,4.0,71.2,18.4,11.0,5,47,14,9148.36,7591.97
CUST_006049,0.985225,1,1,High Risk,India,APAC,Healthcare,Small Business,Basic,Monthly,72.85,4.0,39.1,16.1,-24.0,2,24,12,1942.83,1496.53
CUST_018069,0.9852202,1,1,High Risk,Canada,North America,Real Estate,Small Business,Basic,Monthly,50.67,3.0,79.8,23.0,40.0,3,32,17,1725.81,1258.06
CUST_018027,0.9852005,1,1,High Risk,USA,North America,Manufacturing,Startup,Basic,Annual,38.51,4.0,47.9,13.0,16.0,6,60,13,913.31,606.37
CUST_019750,0.9851923,1,1,High Risk,Australia,APAC,Real Estate,Small Business,Professional,Multi-Year,179.09,9.0,36.2,12.2,-6.0,1,19,16,5433.99,4341.06
CUST_002997,0.98511803,1,1,High Risk,Germany,Europe,Finance,Mid-Market,Enterprise,Monthly,3300.31,4.0,60.3,18.8,5.0,19,173,12,65178.29,54964.29
CUST_009612,0.98509914,1,1,High Risk,Germany,Europe,Real Estate,Small Business,Business,Monthly,457.24,3.0,55.8,14.8,-17.0,3,52,12,11804.81,9881.25
CUST_013669,0.98507243,1,1,High Risk,UK,Europe,Finance,Enterprise,Enterprise,Multi-Year,7973.08,2.0,89.9,17.3,35.0,4,87,14,157891.82,128702.32
CUST_012506,0.98504585,1,1,High Risk,Germany,Europe,Technology,Startup,Basic,Annual,26.97,8.0,33.7,7.0,-40.0,8,46,17,772.25,453.59
CUST_001931,0.9850264,1,1,High Risk,USA,North America,Finance,Mid-Market,Business,Annual,1019.48,2.0,64.4,28.2,13.0,11,67,19,29403.86,24580.21
CUST_016699,0.98496336,1,1,High Risk,Germany,Europe,Manufacturing,Startup,Professional,Multi-Year,56.78,2.0,47.3,14.7,24.0,28,369,10,733.4,462.5
CUST_016093,0.9849519,1,1,High Risk,USA,North America,Education,Startup,Basic,Monthly,33.08,3.0,40.3,11.7,7.0,16,78,16,900.44,548.2
CUST_016529,0.9849486,1,1,High Risk,Canada,North America,Retail,Small Business,Professional,Multi-Year,173.7,8.0,49.5,17.6,-55.0,1,19,14,4453.72,3477.41
CUST_002587,0.9849413,1,1,High Risk,Canada,North America,Healthcare,Small Business,Professional,Monthly,168.66,0.0,44.2,7.7,-1.0,8,55,16,4534.86,3652.86
CUST_002811,0.98489064,1,1,High Risk,Canada,North America,Retail,Startup,Professional,Monthly,105.04,3.0,73.4,20.5,32.0,9,80,19,3455.4,2716.93
CUST_003079,0.9848882,1,1,High Risk,Germany,Europe,Healthcare,Small Business,Basic,Annual,33.14,3.0,64.4,23.0,-5.0,2,18,17,1167.92,712.61
CUST_004333,0.98484516,1,1,High Risk,Germany,Europe,Technology,Small Business,Basic,Annual,52.84,3.0,64.4,19.4,18.0,9,68,16,1494.23,1118.29
CUST_001342,0.98468614,1,1,High Risk,USA,North America,Finance,Small Business,Professional,Monthly,121.16,1.0,49.6,10.6,10.0,3,71,11,2606.76,2054.74
CUST_009863,0.98467666,1,1,High Risk,India,APAC,Education,Startup,Basic,Monthly,22.27,2.0,73.4,26.4,45.0,5,50,16,609.36,325.18
CUST_002600,0.98464197,1,1,High Risk,USA,North America,Other,Small Business,Basic,Monthly,50.12,5.0,38.0,12.0,6.0,9,83,13,1117.09,779.14
CUST_005281,0.9846393,1,1,High Risk,USA,North America,Retail,Startup,Professional,Multi-Year,101.14,5.0,52.3,20.0,-8.0,13,71,18,2783.35,2110.94
CUST_012858,0.9845823,1,1,High Risk,USA,North America,Retail,Startup,Professional,Monthly,132.15,4.0,55.7,19.1,12.0,14,105,15,3289.42,2639.48
CUST_016408,0.98449093,1,1,High Risk,India,APAC,Healthcare,Mid-Market,Business,Multi-Year,1156.91,4.0,68.4,25.6,16.0,13,109,15,22680.67,18519.75
CUST_004073,0.9844753,1,1,High Risk,UK,Europe,Healthcare,Startup,Basic,Monthly,29.55,2.0,44.2,14.1,22.0,10,64,15,803.94,506.25
CUST_004606,0.98445964,1,1,High Risk,USA,North America,Technology,Small Business,Basic,Multi-Year,40.08,1.0,36.7,10.0,7.0,4,43,15,1022.2,623.9
CUST_000540,0.9844246,1,1,High Risk,UK,Europe,Retail,Small Business,Basic,Annual,37.42,5.0,56.0,11.5,-11.0,2,17,16,1292.28,920.26
CUST_003989,0.9844131,1,1,High Risk,Canada,North America,Healthcare,Startup,Professional,Monthly,112.03,4.0,53.0,19.6,-10.0,3,21,17,3821.13,3010.25
CUST_011005,0.9843993,1,1,High Risk,UK,Europe,Education,Startup,Basic,Monthly,27.41,0.0,51.4,13.2,52.0,2,25,14,844.32,558.97
CUST_005075,0.9842903,1,0,High Risk,UK,Europe,Technology,Startup,Professional,Monthly,78.87,4.0,43.0,17.7,-5.0,12,75,14,2015.8,1572.17
CUST_007102,0.9840276,1,1,High Risk,Germany,Europe,Technology,Startup,Basic,Monthly,24.32,7.0,69.7,18.2,-26.0,1,25,13,711.9,448.98
CUST_006125,0.98401016,1,1,High Risk,USA,North America,Healthcare,Startup,Basic,Monthly,36.42,6.0,64.5,13.5,-27.0,5,31,16,1164.75,694.06
CUST_015205,0.9839484,1,1,High Risk,Canada,North America,Real Estate,Startup,Basic,Monthly,21.25,6.0,38.0,15.6,-15.0,16,128,13,440.82,241.18
CUST_009726,0.983913,1,1,High Risk,Canada,North America,Technology,Mid-Market,Business,Multi-Year,1066.72,7.0,41.5,12.2,-36.0,5,34,16,27838.93,22698.56
CUST_000498,0.9837949,1,1,High Risk,UK,Europe,Education,Small Business,Professional,Annual,137.59,1.0,53.4,15.9,39.0,1,16,22,6482.74,5208.95
CUST_009225,0.9837878,1,1,High Risk,Canada,North America,Education,Startup,Professional,Annual,80.91,4.0,43.4,15.1,-26.0,2,30,11,1661.28,1230.77
CUST_011517,0.9837713,1,1,High Risk,India,APAC,Retail,Startup,Basic,Monthly,33.88,5.0,33.7,3.2,-4.0,25,166,15,724.15,436.21
CUST_011672,0.983733,1,1,High Risk,India,APAC,Finance,Small Business,Business,Annual,360.86,8.0,67.4,24.4,-9.0,21,108,20,10617.09,8745.54
CUST_002209,0.9836969,1,1,High Risk,Canada,North America,Healthcare,Small Business,Basic,Monthly,45.02,4.0,63.2,16.0,11.0,2,19,18,1737.38,1270.26
CUST_018216,0.9836637,1,1,High Risk,USA,North America,Retail,Mid-Market,Professional,Annual,335.61,1.0,42.4,11.7,3.0,10,61,19,11334.33,9349.49
CUST_013974,0.9835555,1,1,High Risk,Germany,Europe,Real Estate,Mid-Market,Enterprise,Annual,3543.96,5.0,49.7,17.9,28.0,5,41,15,88552.95,72947.47
CUST_019114,0.9835194,1,1,High Risk,Germany,Europe,Healthcare,Small Business,Professional,Monthly,140.01,4.0,61.7,21.8,26.0,17,119,15,3600.48,2914.31
CUST_009148,0.9832734,1,1,High Risk,Australia,APAC,Retail,Small Business,Basic,Annual,52.94,5.0,49.3,17.7,2.0,15,68,21,1791.39,1221.36
CUST_003703,0.98322475,1,1,High Risk,UK,Europe,Manufacturing,Startup,Basic,Monthly,24.59,1.0,52.4,24.0,3.0,4,65,12,532.67,295.48
CUST_002479,0.98309326,1,1,High Risk,Germany,Europe,Finance,Startup,Basic,Monthly,30.43,2.0,70.3,21.4,38.0,5,35,17,998.79,654.52
CUST_013268,0.9830729,1,1,High Risk,USA,North America,Real Estate,Startup,Basic,Monthly,27.35,6.0,37.2,6.1,-14.0,1,15,16,1014.84,577.29
CUST_009484,0.9829169,1,1,High Risk,Germany,Europe,Manufacturing,Startup,Business,Monthly,299.87,4.0,39.2,12.1,-48.0,3,24,14,9190.53,7797.0
CUST_001700,0.98290145,1,1,High Risk,UK,Europe,Healthcare,Startup,Enterprise,Monthly,822.19,4.0,36.4,7.6,-6.0,1,19,13,21650.71,18247.06
CUST_005470,0.98288786,1,1,High Risk,USA,North America,Real Estate,Startup,Professional,Annual,53.8,3.0,41.2,7.4,1.0,8,49,21,2025.34,1445.15
CUST_001526,0.98284066,1,1,High Risk,USA,North America,Technology,Small Business,Business,Annual,412.5,3.0,50.1,14.6,16.0,19,75,18,11320.88,9369.15
CUST_009047,0.9827439,1,1,High Risk,USA,North America,Education,Startup,Professional,Monthly,94.12,3.0,40.2,7.7,11.0,11,97,11,1835.85,1455.48
CUST_004953,0.98271435,1,1,High Risk,Germany,Europe,Manufacturing,Startup,Professional,Annual,89.67,3.0,27.1,10.0,-3.0,8,83,10,1522.2,1190.33
CUST_011252,0.9825241,1,1,High Risk,USA,North America,Finance,Small Business,Professional,Annual,106.89,7.0,60.2,25.9,3.0,3,51,11,1845.64,1320.2
CUST_015256,0.9824645,1,1,High Risk,USA,North America,Technology,Small Business,Basic,Monthly,45.27,1.0,48.6,5.7,22.0,5,39,16,1281.67,902.65
CUST_008285,0.982335,1,1,High Risk,India,APAC,Technology,Enterprise,Business,Multi-Year,2305.57,4.0,73.0,28.9,-13.0,4,48,16,62599.28,52077.9
CUST_008281,0.98225015,1,1,High Risk,Other,LATAM,Manufacturing,Startup,Professional,Monthly,87.55,6.0,22.8,3.0,-19.0,1,13,17,3270.48,2483.4
CUST_001018,0.9821862,1,1,High Risk,Other,MEA,Retail,Startup,Basic,Annual,44.15,5.0,56.7,15.1,11.0,2,20,12,1150.16,783.8
CUST_019248,0.9821134,1,1,High Risk,USA,North America,Retail,Small Business,Professional,Multi-Year,201.87,5.0,62.6,17.1,15.0,2,21,13,4949.87,3967.17
CUST_018806,0.98207664,1,1,High Risk,Other,LATAM,Healthcare,Startup,Basic,Annual,29.54,4.0,26.6,10.3,-4.0,1,12,17,989.74,653.92
CUST_006948,0.9819964,1,1,High Risk,USA,North America,Manufacturing,Startup,Basic,Monthly,38.77,2.0,40.3,12.7,-20.0,3,63,11,787.91,533.53
CUST_019285,0.9819903,1,1,High Risk,USA,North America,Finance,Startup,Business,Monthly,199.18,0.0,31.8,12.3,6.0,6,33,17,6090.03,4944.26
CUST_002118,0.9819723,1,1,High Risk,USA,North America,Other,Enterprise,Enterprise,Annual,9792.39,3.0,78.8,23.7,4.0,28,454,12,143368.29,117884.56
CUST_005544,0.9819042,1,1,High Risk,UK,Europe,Technology,Startup,Professional,Annual,87.7,0.0,34.7,7.3,28.0,9,88,12,1915.22,1512.34
CUST_013484,0.9818302,1,1,High Risk,USA,North America,Technology,Startup,Professional,Annual,92.59,4.0,28.3,10.7,-3.0,5,31,16,2509.42,1906.02
CUST_012012,0.9817664,1,1,High Risk,USA,North America,Technology,Startup,Basic,Monthly,27.7,5.0,56.9,11.5,21.0,3,39,11,688.41,425.75
CUST_014388,0.9817441,1,1,High Risk,USA,North America,Retail,Startup,Professional,Monthly,70.61,6.0,28.4,5.7,-51.0,17,72,20,2357.39,1783.11
CUST_019374,0.98171794,1,1,High Risk,UK,Europe,Technology,Small Business,Professional,Annual,122.57,3.0,51.4,13.8,-21.0,7,55,16,3438.59,2687.36
CUST_010076,0.98169965,1,1,High Risk,UK,Europe,Technology,Small Business,Professional,Monthly,152.88,6.0,52.0,17.5,-3.0,23,156,16,3401.21,2661.87
CUST_016765,0.9816644,1,1,High Risk,USA,North America,Healthcare,Startup,Basic,Monthly,32.62,1.0,57.1,16.7,1.0,22,84,20,1038.47,682.45
CUST_006841,0.98165673,1,1,High Risk,UK,Europe,Technology,Startup,Professional,Monthly,104.02,1.0,59.0,20.6,45.0,24,154,18,2837.0,2143.76
CUST_006368,0.9816186,1,1,High Risk,USA,North America,Retail,Startup,Basic,Monthly,27.74,4.0,53.3,19.5,14.0,13,110,11,539.99,338.28
CUST_002393,0.9815004,1,1,High Risk,USA,North America,Retail,Startup,Basic,Monthly,19.8,4.0,38.6,12.2,-55.0,25,128,14,421.67,111.0
CUST_019401,0.9814922,1,1,High Risk,USA,North America,Healthcare,Small Business,Professional,Annual,148.6,3.0,40.8,14.1,6.0,13,80,14,3225.21,2575.13
CUST_004127,0.98142767,1,1,High Risk,USA,North America,Education,Startup,Professional,Monthly,83.63,5.0,18.4,0.8,-26.0,2,14,18,3305.51,2588.25
CUST_010121,0.9814078,1,1,High Risk,USA,North America,Technology,Startup,Basic,Monthly,32.93,2.0,43.1,17.1,2.0,21,76,18,1036.87,665.8
CUST_000869,0.9813332,1,1,High Risk,Other,LATAM,Technology,Small Business,Business,Annual,486.45,8.0,50.4,5.3,-6.0,2,19,14,14799.82,12503.62
CUST_016234,0.9812951,1,1,High Risk,USA,North America,Healthcare,Small Business,Professional,Monthly,141.48,4.0,59.3,16.8,13.0,7,86,11,2683.04,2101.82
CUST_018731,0.9812517,1,1,High Risk,Germany,Europe,Retail,Small Business,Professional,Annual,138.94,4.0,39.2,12.8,-10.0,4,26,13,3387.06,2685.91
CUST_004936,0.9812491,1,1,High Risk,USA,North America,Finance,Mid-Market,Business,Annual,1033.6,2.0,59.9,19.6,-1.0,3,24,18,34763.16,28775.81
CUST_006357,0.98121005,1,1,High Risk,USA,North America,Manufacturing,Startup,Professional,Annual,105.69,5.0,48.2,13.3,-2.0,14,79,15,2778.86,2190.39
CUST_016645,0.9809575,1,1,High Risk,USA,North America,Technology,Startup,Professional,Annual,77.19,4.0,21.8,2.2,-19.0,1,14,17,2883.55,2145.74
CUST_002721,0.98094547,1,1,High Risk,Australia,APAC,Real Estate,Small Business,Business,Annual,363.07,8.0,41.2,13.3,-4.0,5,28,19,12740.14,10540.1
CUST_016704,0.9808828,1,1,High Risk,Canada,North America,Finance,Small Business,Professional,Annual,152.55,8.0,57.0,18.9,-39.0,7,37,17,4421.22,3481.84
CUST_006851,0.9808771,1,1,High Risk,USA,North America,Healthcare,Startup,Professional,Monthly,80.7,2.0,42.0,11.2,3.0,2,17,18,3361.31,2564.95
CUST_002699,0.9807149,1,1,High Risk,USA,North America,Technology,Enterprise,Enterprise,Annual,6822.71,9.0,53.0,7.1,-22.0,6,56,13,149469.18,122689.0
CUST_018942,0.98068833,1,1,High Risk,India,APAC,Technology,Startup,Professional,Annual,88.19,4.0,46.0,17.4,-1.0,15,151,10,1115.85,789.84
CUST_010349,0.98063046,1,1,High Risk,UK,Europe,Technology,Small Business,Professional,Multi-Year,135.4,7.0,36.9,8.2,11.0,13,133,13,2739.85,2180.6
CUST_014417,0.98036283,1,1,High Risk,UK,Europe,Technology,Startup,Business,Annual,204.22,7.0,56.0,8.6,-48.0,9,53,16,5384.49,4354.9
CUST_001945,0.98031676,1,1,High Risk,Canada,North America,Retail,Startup,Basic,Monthly,29.87,6.0,46.0,19.8,-5.0,12,88,11,579.91,375.4
CUST_002858,0.9801311,1,1,High Risk,USA,North America,Healthcare,Startup,Basic,Annual,38.75,3.0,40.4,10.5,2.0,31,156,16,886.44,543.29
CUST_012736,0.9801001,1,1,High Risk,Canada,North America,Finance,Startup,Professional,Monthly,72.52,2.0,19.9,11.4,-11.0,21,123,13,1522.5,1141.48
CUST_000197,0.9800648,1,1,High Risk,India,APAC,Healthcare,Startup,Professional,Monthly,78.88,2.0,40.8,10.1,15.0,3,28,14,2366.05,1831.84
CUST_007020,0.9800618,1,1,High Risk,USA,North America,Technology,Small Business,Business,Annual,571.98,4.0,30.6,6.4,-15.0,11,57,18,16739.05,14000.56
CUST_008883,0.9799815,1,1,High Risk,USA,North America,Technology,Mid-Market,Enterprise,Multi-Year,3655.08,3.0,69.7,18.4,40.0,18,193,8,38952.48,33194.75
CUST_003599,0.9798467,1,1,High Risk,USA,North America,Real Estate,Startup,Basic,Monthly,45.51,1.0,38.9,10.4,14.0,8,62,15,1159.57,771.56
CUST_014032,0.97973424,1,1,High Risk,USA,North America,Education,Startup,Basic,Monthly,21.36,10.0,25.3,3.7,-62.0,3,21,16,753.43,426.36
CUST_011063,0.9797045,1,1,High Risk,USA,North America,Real Estate,Small Business,Basic,Annual,48.4,4.0,75.4,22.8,39.0,5,43,16,1254.33,859.56
CUST_008290,0.9794831,1,1,High Risk,USA,North America,Retail,Small Business,Business,Monthly,442.13,2.0,67.4,26.0,-5.0,1,21,15,15543.32,13276.35
CUST_006030,0.97948015,1,1,High Risk,India,APAC,Retail,Small Business,Business,Monthly,291.19,3.0,55.1,19.9,-3.0,9,57,20,10664.36,8819.34
CUST_001563,0.9794504,1,1,High Risk,USA,North America,Manufacturing,Startup,Basic,Annual,33.16,2.0,59.7,18.6,2.0,20,169,13,693.18,393.34
CUST_019289,0.97944576,1,1,High Risk,USA,North America,Other,Mid-Market,Business,Multi-Year,789.34,4.0,75.8,24.0,39.0,7,53,17,23490.26,19289.46
CUST_008232,0.9794027,1,1,High Risk,USA,North America,Technology,Small Business,Business,Monthly,372.41,5.0,31.3,8.9,31.0,5,27,17,12392.78,10266.43
CUST_014642,0.9793961,1,1,High Risk,Canada,North America,Manufacturing,Small Business,Business,Annual,503.88,0.0,59.0,16.4,3.0,6,42,14,12219.02,9997.84
CUST_001254,0.9793727,1,1,High Risk,Australia,APAC,Education,Startup,Basic,Annual,29.81,6.0,60.5,14.0,-32.0,8,57,14,780.73,408.51
CUST_014238,0.97935313,1,1,High Risk,UK,Europe,Education,Small Business,Professional,Monthly,189.47,5.0,44.1,16.0,26.0,13,75,15,4885.48,4044.82
CUST_010129,0.9793409,1,1,High Risk,USA,North America,Retail,Startup,Basic,Monthly,27.69,2.0,57.0,13.4,69.0,8,91,12,570.37,284.47
CUST_003175,0.97932684,1,1,High Risk,USA,North America,Technology,Startup,Basic,Annual,32.65,1.0,40.2,17.4,11.0,23,172,16,727.47,373.09
CUST_001975,0.9792588,1,1,High Risk,USA,North America,Manufacturing,Mid-Market,Business,Monthly,881.51,5.0,46.0,9.8,-4.0,2,21,13,21780.02,18241.24
CUST_001519,0.9791517,1,1,High Risk,USA,North America,Retail,Mid-Market,Business,Monthly,712.18,2.0,70.1,18.4,54.0,2,28,17,25811.87,21624.97
CUST_014211,0.97908175,1,1,High Risk,Canada,North America,Manufacturing,Startup,Professional,Annual,101.25,2.0,67.5,18.5,14.0,1,19,15,3323.46,2607.5
CUST_002756,0.97903985,1,1,High Risk,Australia,APAC,Real Estate,Mid-Market,Enterprise,Annual,5036.8,1.0,53.5,14.1,21.0,14,125,11,76637.55,65088.86
CUST_004632,0.9790086,1,1,High Risk,USA,North America,Real Estate,Small Business,Business,Monthly,350.3,2.0,51.2,14.9,33.0,5,50,13,8741.28,7227.1
CUST_010074,0.97899204,1,1,High Risk,Germany,Europe,Technology,Small Business,Business,Annual,458.5,3.0,56.0,8.6,8.0,1,12,21,19483.46,16133.49
CUST_014959,0.97898054,1,1,High Risk,USA,North America,Technology,Mid-Market,Business,Annual,1151.69,2.0,57.4,13.3,23.0,16,88,16,28750.59,24273.95
CUST_004525,0.97896487,1,1,High Risk,Canada,North America,Finance,Small Business,Business,Monthly,385.71,6.0,40.7,14.0,-28.0,15,93,16,10278.35,8514.24
CUST_014068,0.97894657,1,1,High Risk,USA,North America,Manufacturing,Startup,Basic,Monthly,36.4,6.0,36.2,11.2,-50.0,5,46,13,807.51,529.91
CUST_012824,0.9789434,1,1,High Risk,Canada,North America,Technology,Mid-Market,Business,Multi-Year,1001.15,3.0,53.1,20.5,-5.0,2,17,17,30387.83,25155.59
CUST_007942,0.97880024,1,1,High Risk,USA,North America,Retail,Mid-Market,Business,Annual,1056.12,10.0,56.3,17.7,-47.0,3,20,17,35654.28,29977.76
CUST_017218,0.97879744,1,1,High Risk,UK,Europe,Technology,Startup,Basic,Monthly,34.71,5.0,55.0,15.3,19.0,10,62,18,1117.3,686.03
CUST_012098,0.9787133,1,1,High Risk,USA,North America,Real Estate,Small Business,Basic,Monthly,57.03,3.0,51.2,18.2,4.0,6,77,10,1052.69,748.69
CUST_011238,0.97862935,1,1,High Risk,Australia,APAC,Technology,Startup,Basic,Monthly,28.62,7.0,44.8,19.1,-3.0,14,101,13,644.24,364.55
CUST_005702,0.9784842,1,1,High Risk,Other,MEA,Retail,Mid-Market,Business,Annual,783.08,7.0,41.6,12.2,1.0,11,50,21,25917.66,21763.51
CUST_002475,0.9783745,1,1,High Risk,UK,Europe,Healthcare,Startup,Business,Monthly,253.07,5.0,56.8,15.8,-4.0,3,21,17,8738.4,7180.63
CUST_004342,0.9782688,1,1,High Risk,USA,North America,Education,Mid-Market,Professional,Annual,489.97,4.0,78.8,24.6,-6.0,5,40,17,14788.15,12350.26
CUST_001644,0.9781788,1,1,High Risk,Other,LATAM,Retail,Startup,Basic,Monthly,29.22,7.0,31.2,14.5,-3.0,28,148,16,688.11,420.4
CUST_007707,0.9780317,1,1,High Risk,USA,North America,Technology,Small Business,Business,Annual,381.26,8.0,49.4,14.3,-26.0,6,61,13,8594.27,7066.64
CUST_011188,0.97801363,1,1,High Risk,India,APAC,Manufacturing,Small Business,Professional,Annual,155.14,4.0,48.4,16.9,5.0,20,376,8,1913.9,1553.11
CUST_002874,0.9779303,1,1,High Risk,Australia,APAC,Technology,Mid-Market,Enterprise,Annual,3944.24,0.0,49.4,9.3,-29.0,5,47,13,94486.52,79412.15
CUST_005987,0.97790956,1,1,High Risk,USA,North America,Real Estate,Startup,Professional,Monthly,86.64,4.0,23.1,10.6,-36.0,2,15,21,3946.78,3059.82
CUST_005277,0.9778176,1,1,High Risk,UK,Europe,Technology,Mid-Market,Professional,Annual,330.39,10.0,67.9,23.1,11.0,18,113,16,7688.56,6316.52
CUST_000647,0.97768503,1,1,High Risk,USA,North America,Real Estate,Startup,Basic,Monthly,32.37,5.0,51.4,18.2,-26.0,8,36,19,1112.71,737.31
CUST_010461,0.97756827,1,1,High Risk,USA,North America,Finance,Startup,Basic,Monthly,27.41,2.0,39.8,14.9,-19.0,12,61,16,783.86,416.58
CUST_017868,0.97755843,1,1,High Risk,UK,Europe,Technology,Small Business,Professional,Annual,137.55,1.0,46.7,22.4,-8.0,12,99,14,2911.94,2217.93
CUST_005344,0.9775283,1,1,High Risk,Germany,Europe,Retail,Startup,Basic,Monthly,27.29,3.0,38.5,14.2,17.0,1,13,17,995.39,621.37
CUST_017860,0.9774934,1,1,High Risk,Australia,APAC,Technology,Startup,Basic,Monthly,22.61,9.0,34.1,7.7,-11.0,2,26,11,518.58,288.66
CUST_005362,0.9774253,1,1,High Risk,USA,North America,Retail,Small Business,Basic,Monthly,44.98,2.0,26.8,7.5,-18.0,12,60,17,1351.3,891.37
CUST_001740,0.9774055,1,1,High Risk,Germany,Europe,Other,Startup,Basic,Monthly,25.05,6.0,39.2,8.9,-30.0,4,23,17,897.76,588.25
CUST_013890,0.9771558,1,1,High Risk,Germany,Europe,Education,Startup,Basic,Monthly,29.7,3.0,56.2,22.1,-10.0,6,36,16,798.51,549.23
CUST_001236,0.9770867,1,1,High Risk,Germany,Europe,Technology,Small Business,Business,Annual,460.23,5.0,43.2,11.6,-9.0,4,23,16,15307.46,12697.34
CUST_004608,0.97707033,1,1,High Risk,USA,North America,Real Estate,Small Business,Business,Monthly,370.87,1.0,43.5,10.9,6.0,1,16,20,16638.06,14089.46
CUST_011981,0.97699326,1,1,High Risk,India,APAC,Healthcare,Startup,Professional,Monthly,76.72,7.0,47.8,18.6,-50.0,34,135,16,1784.53,1325.82
CUST_001972,0.9769893,1,1,High Risk,USA,North America,Technology,Enterprise,Enterprise,Multi-Year,7928.73,2.0,88.0,28.1,61.0,20,169,19,185250.24,149393.32
CUST_018066,0.97693574,1,1,High Risk,USA,North America,Technology,Startup,Basic,Annual,27.45,4.0,37.3,5.3,39.0,23,102,18,723.06,397.23
CUST_001466,0.9768406,1,1,High Risk,UK,Europe,Finance,Startup,Basic,Monthly,35.57,2.0,58.8,10.2,-3.0,1,22,11,863.59,590.31
CUST_006331,0.9768147,1,1,High Risk,India,APAC,Finance,Small Business,Basic,Monthly,41.95,4.0,35.1,10.4,-11.0,7,58,14,1087.63,743.87
CUST_009422,0.9768018,1,1,High Risk,Australia,APAC,Technology,Startup,Business,Monthly,229.63,4.0,44.3,13.2,-24.0,11,74,11,4367.83,3601.72
CUST_004875,0.9766466,1,1,High Risk,USA,North America,Retail,Startup,Basic,Monthly,38.94,4.0,64.5,15.4,8.0,9,52,15,1197.25,831.1
CUST_005668,0.97658485,1,1,High Risk,Canada,North America,Retail,Small Business,Professional,Annual,156.06,5.0,51.5,15.5,13.0,30,150,16,3287.09,2564.66
CUST_019822,0.97630346,1,1,High Risk,Canada,North America,Finance,Startup,Professional,Annual,84.4,6.0,58.2,20.0,30.0,2,21,12,2159.89,1666.68
CUST_016658,0.976044,1,1,High Risk,USA,North America,Healthcare,Small Business,Professional,Annual,138.44,7.0,49.8,17.1,-43.0,22,117,17,3332.12,2618.31
CUST_017561,0.9757346,1,1,High Risk,USA,North America,Other,Startup,Basic,Monthly,24.02,5.0,60.7,16.9,21.0,10,58,17,744.43,438.26
CUST_017033,0.9756597,1,1,High Risk,USA,North America,Education,Startup,Professional,Monthly,102.69,4.0,26.4,3.7,-13.0,4,24,16,3213.61,2568.27
CUST_011849,0.9755881,1,1,High Risk,India,APAC,Technology,Small Business,Professional,Annual,163.71,8.0,56.0,15.4,16.0,1,18,14,5097.95,4137.75
CUST_019898,0.97548807,1,1,High Risk,USA,North America,Other,Small Business,Basic,Monthly,42.21,8.0,33.6,8.5,-48.0,2,15,14,1239.12,854.79
CUST_013622,0.9752983,1,1,High Risk,Australia,APAC,Technology,Startup,Basic,Monthly,33.75,4.0,18.8,7.3,-13.0,4,57,8,534.4,356.91
CUST_019600,0.97517073,1,1,High Risk,Canada,North America,Healthcare,Startup,Basic,Monthly,42.92,4.0,14.7,7.3,-12.0,23,86,17,1100.43,713.58
CUST_008355,0.9751574,1,1,High Risk,USA,North America,Retail,Startup,Business,Monthly,231.63,4.0,37.9,12.0,-5.0,18,178,8,2939.6,2359.36
CUST_003158,0.9751381,1,1,High Risk,Other,LATAM,Manufacturing,Startup,Professional,Monthly,67.9,4.0,43.3,14.2,3.0,4,30,13,1815.58,1408.34
CUST_019772,0.97508395,1,1,High Risk,Other,MEA,Manufacturing,Startup,Basic,Monthly,38.71,4.0,51.4,19.6,-1.0,32,159,17,894.55,573.56
CUST_008395,0.97480804,1,1,High Risk,USA,North America,Other,Startup,Business,Monthly,334.34,3.0,36.4,9.4,21.0,7,54,15,10316.38,8733.43
CUST_008339,0.97477865,1,1,High Risk,USA,North America,Finance,Small Business,Business,Annual,497.93,5.0,28.4,13.5,-8.0,5,42,13,11318.57,9552.81
CUST_000895,0.9746616,1,1,High Risk,Other,MEA,Education,Startup,Basic,Monthly,23.88,6.0,45.3,18.3,-8.0,23,124,16,626.25,345.13
CUST_001665,0.9745754,1,1,High Risk,India,APAC,Manufacturing,Mid-Market,Business,Monthly,977.73,6.0,60.6,19.7,3.0,4,69,9,16217.53,13561.84
CUST_001131,0.974571,1,1,High Risk,India,APAC,Finance,Startup,Basic,Monthly,32.33,5.0,32.7,7.9,5.0,13,114,11,585.1,322.06
CUST_019736,0.9745616,1,1,High Risk,Australia,APAC,Manufacturing,Startup,Basic,Annual,34.49,2.0,39.8,11.3,-10.0,12,101,11,580.92,366.12
CUST_015642,0.9744933,1,1,High Risk,Other,LATAM,Technology,Small Business,Professional,Annual,168.09,7.0,44.7,10.5,-22.0,3,19,17,5794.27,4621.17
CUST_008109,0.974373,1,1,High Risk,Canada,North America,Technology,Startup,Professional,Monthly,83.25,4.0,54.7,20.3,4.0,6,29,20,3350.51,2703.21
CUST_014534,0.9743648,1,1,High Risk,USA,North America,Technology,Startup,Basic,Annual,32.22,12.0,48.6,14.2,-42.0,6,33,14,803.5,496.33
CUST_009593,0.9743473,1,1,High Risk,USA,North America,Education,Mid-Market,Professional,Annual,389.22,1.0,100.0,23.3,15.0,16,91,18,10565.66,8744.83
CUST_004036,0.9740771,1,1,High Risk,Other,LATAM,Healthcare,Startup,Business,Annual,231.06,4.0,55.7,17.9,-14.0,1,14,17,9154.83,7530.52
CUST_019106,0.9740084,1,1,High Risk,USA,North America,Technology,Small Business,Professional,Monthly,123.57,1.0,37.2,11.8,30.0,17,139,12,2481.62,1978.83
CUST_011492,0.9739603,1,1,High Risk,UK,Europe,Healthcare,Small Business,Professional,Annual,154.6,2.0,52.8,10.6,2.0,15,99,14,3259.0,2537.15
CUST_009822,0.97377974,1,1,High Risk,Germany,Europe,Manufacturing,Startup,Basic,Annual,30.81,3.0,48.7,13.0,-34.0,8,66,13,732.93,408.52
CUST_014926,0.9737654,1,1,High Risk,India,APAC,Technology,Startup,Business,Monthly,210.56,5.0,49.0,15.3,36.0,2,14,19,8000.42,6568.81
CUST_016788,0.9737399,1,1,High Risk,India,APAC,Real Estate,Small Business,Professional,Annual,130.74,8.0,55.5,11.6,-51.0,3,40,10,2457.8,1960.22
CUST_016054,0.9737195,1,1,High Risk,USA,North America,Finance,Small Business,Professional,Annual,151.86,4.0,61.4,22.3,-11.0,4,30,15,4230.49,3348.42
CUST_011529,0.9735006,1,1,High Risk,USA,North America,Education,Startup,Professional,Monthly,82.03,8.0,17.7,3.4,-10.0,8,45,15,2392.93,1850.34
CUST_013288,0.9734753,1,1,High Risk,UK,Europe,Healthcare,Startup,Business,Annual,212.67,2.0,37.7,12.3,18.0,19,122,12,4206.67,3379.77
CUST_002330,0.97335243,1,1,High Risk,India,APAC,Manufacturing,Mid-Market,Enterprise,Annual,3516.82,3.0,55.8,14.8,34.0,20,150,13,68606.72,57499.23
CUST_009851,0.9733121,1,1,High Risk,USA,North America,Retail,Small Business,Professional,Monthly,127.43,3.0,65.8,15.4,11.0,1,14,17,4878.45,3971.97
CUST_006766,0.9733095,1,1,High Risk,USA,North America,Education,Startup,Basic,Monthly,30.67,4.0,61.0,16.0,9.0,1,14,16,1102.9,755.25
CUST_018586,0.97330284,1,1,High Risk,USA,North America,Healthcare,Startup,Professional,Monthly,114.07,2.0,66.8,13.1,-6.0,7,36,21,4322.72,3371.26
CUST_001546,0.9732073,1,1,High Risk,USA,North America,Retail,Mid-Market,Professional,Monthly,304.08,1.0,74.2,25.1,-0.0,5,50,16,9404.15,7876.88
CUST_015046,0.9731897,1,1,High Risk,India,APAC,Healthcare,Small Business,Basic,Annual,55.13,4.0,63.1,17.7,33.0,25,141,16,1294.88,858.21
CUST_010272,0.9730391,1,1,High Risk,USA,North America,Finance,Startup,Professional,Annual,116.78,6.0,52.5,18.9,16.0,1,12,18,4193.51,3255.54
CUST_007656,0.9729872,1,1,High Risk,Australia,APAC,Manufacturing,Startup,Basic,Monthly,34.71,8.0,19.1,5.7,1.0,7,65,13,872.41,580.73
CUST_005564,0.97285527,1,1,High Risk,UK,Europe,Retail,Startup,Professional,Monthly,81.28,4.0,42.8,7.8,-4.0,2,18,13,2458.0,1879.16
CUST_000927,0.9728492,1,1,High Risk,Canada,North America,Healthcare,Startup,Professional,Annual,122.28,6.0,49.6,16.3,-14.0,12,48,18,3598.26,2836.4
CUST_000606,0.97275275,1,1,High Risk,UK,Europe,Retail,Startup,Basic,Monthly,29.66,2.0,37.3,10.9,19.0,22,102,14,670.16,394.4
CUST_001238,0.9727351,1,1,High Risk,Canada,North America,Technology,Startup,Basic,Monthly,39.26,5.0,56.0,5.1,-10.0,1,13,17,1440.31,1030.54
CUST_007489,0.9726972,1,1,High Risk,Canada,North America,Technology,Small Business,Professional,Monthly,183.81,5.0,36.1,5.1,7.0,5,67,10,3218.88,2647.15
CUST_008140,0.9726926,1,1,High Risk,Australia,APAC,Finance,Startup,Professional,Annual,84.97,6.0,53.2,17.0,5.0,26,110,22,2841.58,2136.49
CUST_015173,0.97267276,1,1,High Risk,USA,North America,Real Estate,Startup,Basic,Monthly,37.11,5.0,31.4,0.8,-13.0,19,101,11,725.03,463.29
CUST_006619,0.9724989,1,1,High Risk,UK,Europe,Technology,Small Business,Professional,Annual,188.91,5.0,56.0,9.5,-23.0,7,48,14,4930.19,3937.69
CUST_012583,0.97207534,1,1,High Risk,USA,North America,Technology,Mid-Market,Professional,Monthly,370.9,3.0,50.3,17.4,10.0,5,40,17,12410.98,10481.57
CUST_011789,0.97204036,1,1,High Risk,USA,North America,Technology,Startup,Basic,Multi-Year,31.1,0.0,50.5,14.1,18.0,9,77,12,589.28,292.49
CUST_017449,0.9719582,1,1,High Risk,Canada,North America,Healthcare,Startup,Basic,Monthly,31.3,4.0,43.1,12.6,27.0,15,64,21,1148.84,761.43
CUST_003111,0.9719024,1,1,High Risk,Germany,Europe,Education,Startup,Professional,Monthly,99.49,2.0,22.6,0.0,1.0,21,88,16,2439.04,1876.65
CUST_002635,0.97181976,1,1,High Risk,USA,North America,Other,Small Business,Professional,Multi-Year,126.6,3.0,64.6,17.0,20.0,8,86,12,2489.66,1906.47
CUST_002701,0.97178054,1,1,High Risk,USA,North America,Education,Mid-Market,Professional,Multi-Year,274.11,4.0,50.3,12.1,10.0,1,19,11,6035.87,4997.37
CUST_010470,0.97168845,1,1,High Risk,USA,North America,Manufacturing,Small Business,Professional,Monthly,204.12,7.0,47.3,13.4,0.0,11,99,12,3660.69,3006.24
CUST_014174,0.9716439,1,1,High Risk,India,APAC,Finance,Startup,Basic,Annual,36.92,2.0,46.6,16.9,35.0,2,20,14,915.71,612.41
CUST_005118,0.9716007,1,1,High Risk,Australia,APAC,Education,Small Business,Professional,Monthly,143.92,3.0,69.1,21.3,49.0,6,65,13,3628.87,2907.16
CUST_006198,0.9715466,1,1,High Risk,USA,North America,Manufacturing,Enterprise,Enterprise,Annual,9775.62,2.0,78.9,19.1,27.0,22,458,12,150092.95,126004.3
CUST_018219,0.97154254,1,1,High Risk,USA,North America,Real Estate,Small Business,Professional,Annual,129.31,5.0,54.6,12.9,1.0,7,51,14,3193.94,2530.52
CUST_017261,0.9715314,1,1,High Risk,USA,North America,Technology,Mid-Market,Professional,Annual,231.21,5.0,35.3,15.4,-37.0,16,141,10,3537.14,2929.34
CUST_007055,0.9715181,1,1,High Risk,Australia,APAC,Healthcare,Startup,Professional,Monthly,88.73,3.0,56.0,24.8,-4.0,26,128,16,2345.98,1813.02
CUST_012391,0.9714239,1,1,High Risk,Australia,APAC,Technology,Small Business,Professional,Multi-Year,169.35,6.0,59.2,17.9,5.0,2,16,22,6896.54,5467.91
CUST_002271,0.9713538,1,1,High Risk,USA,North America,Retail,Small Business,Basic,Annual,48.58,3.0,71.0,23.7,25.0,16,81,19,1303.85,786.98
CUST_008946,0.97125846,1,1,High Risk,USA,North America,Manufacturing,Small Business,Business,Annual,423.27,5.0,56.0,9.9,-33.0,5,44,13,9167.67,7439.2
CUST_001294,0.9712549,1,1,High Risk,Germany,Europe,Real Estate,Mid-Market,Enterprise,Multi-Year,4341.69,4.0,46.5,19.3,-14.0,5,55,11,80313.41,67738.64
CUST_006446,0.97103316,1,1,High Risk,USA,North America,Healthcare,Small Business,Professional,Monthly,160.21,7.0,44.1,12.3,4.0,1,14,13,5053.76,4224.41
CUST_013022,0.9709763,1,1,High Risk,USA,North America,Retail,Small Business,Basic,Monthly,41.94,4.0,65.3,20.1,-18.0,2,19,13,1160.29,883.6
CUST_003137,0.9708707,1,1,High Risk,India,APAC,Healthcare,Mid-Market,Business,Multi-Year,926.06,4.0,62.2,13.9,6.0,7,42,20,28889.31,23686.59
CUST_004203,0.9708283,1,1,High Risk,Germany,Europe,Retail,Mid-Market,Business,Annual,1024.52,3.0,76.2,15.2,32.0,1,25,14,30952.5,26144.68
CUST_007852,0.9708129,1,1,High Risk,UK,Europe,Technology,Small Business,Business,Monthly,367.78,7.0,37.5,15.0,-27.0,5,70,10,6768.72,5686.96
CUST_019723,0.97078687,1,1,High Risk,USA,North America,Healthcare,Startup,Basic,Annual,26.76,9.0,29.1,12.3,-41.0,15,50,17,744.63,445.46
CUST_002227,0.97066945,1,1,High Risk,India,APAC,Retail,Startup,Business,Annual,300.88,8.0,52.3,12.3,2.0,10,60,16,8021.13,6560.34
CUST_016723,0.97064567,1,1,High Risk,USA,North America,Other,Startup,Basic,Monthly,31.42,4.0,25.6,10.4,37.0,6,27,18,1070.62,685.79
CUST_019457,0.97045106,1,1,High Risk,India,APAC,Healthcare,Startup,Professional,Monthly,75.6,5.0,52.7,10.1,8.0,32,159,15,1684.89,1313.24
CUST_012136,0.97042745,1,1,High Risk,USA,North America,Manufacturing,Small Business,Business,Monthly,384.51,3.0,39.8,16.2,8.0,6,74,9,6063.53,5069.09
CUST_015632,0.97026294,1,1,High Risk,India,APAC,Healthcare,Small Business,Basic,Monthly,53.52,8.0,32.0,10.5,-35.0,1,12,13,1614.19,1272.97
CUST_012617,0.9702486,1,1,High Risk,Germany,Europe,Healthcare,Startup,Basic,Monthly,28.59,7.0,25.2,0.1,-4.0,25,111,18,799.89,485.57
CUST_007466,0.9702073,1,1,High Risk,India,APAC,Healthcare,Startup,Professional,Monthly,98.91,4.0,33.1,8.8,-16.0,4,36,10,1956.61,1525.41
CUST_016640,0.970043,1,1,High Risk,Germany,Europe,Manufacturing,Mid-Market,Enterprise,Annual,3391.79,6.0,53.4,16.4,-23.0,9,135,8,45813.51,39155.33
CUST_018335,0.9699817,1,1,High Risk,USA,North America,Finance,Startup,Basic,Annual,32.98,9.0,39.4,11.2,-17.0,1,12,13,877.47,556.72
CUST_018121,0.9699032,1,1,High Risk,Australia,APAC,Healthcare,Startup,Basic,Annual,23.54,4.0,40.2,10.8,-6.0,1,15,15,800.07,426.57
CUST_011116,0.9698036,1,1,High Risk,India,APAC,Education,Startup,Professional,Annual,90.61,3.0,40.8,14.9,44.0,2,17,13,2443.15,1984.18
CUST_004838,0.96980304,1,1,High Risk,Australia,APAC,Technology,Small Business,Basic,Annual,55.81,6.0,56.4,14.5,-12.0,31,141,16,1209.48,813.3
CUST_006172,0.9697567,1,1,High Risk,USA,North America,Finance,Startup,Basic,Monthly,32.43,4.0,50.7,19.0,8.0,30,149,15,733.88,450.56
CUST_002417,0.9697184,1,1,High Risk,USA,North America,Manufacturing,Small Business,Basic,Annual,40.84,1.0,65.7,19.7,-2.0,31,159,15,796.24,478.14
CUST_005426,0.969613,1,1,High Risk,Australia,APAC,Technology,Startup,Professional,Monthly,67.96,5.0,37.7,12.9,8.0,1,13,15,2346.05,1804.96
CUST_018170,0.9695808,1,1,High Risk,Canada,North America,Retail,Startup,Basic,Annual,31.25,6.0,39.7,14.1,-34.0,8,42,14,822.21,522.41
CUST_015695,0.96956515,1,1,High Risk,USA,North America,Healthcare,Startup,Basic,Annual,30.61,5.0,51.7,13.3,-1.0,12,51,18,990.45,559.41
CUST_019206,0.96952933,1,1,High Risk,Canada,North America,Healthcare,Startup,Basic,Monthly,29.56,5.0,51.3,12.9,26.0,2,26,9,622.8,389.83
CUST_015117,0.9695218,1,1,High Risk,India,APAC,Manufacturing,Startup,Business,Annual,221.31,4.0,35.1,16.5,-10.0,3,24,12,5447.21,4473.46
CUST_013322,0.9694602,1,1,High Risk,USA,North America,Retail,Startup,Basic,Monthly,22.38,4.0,34.5,12.0,-11.0,11,61,14,541.67,259.83
CUST_001908,0.9692086,1,1,High Risk,Other,MEA,Finance,Startup,Professional,Monthly,72.9,6.0,59.8,17.3,4.0,18,83,17,2065.79,1567.87
CUST_019094,0.96918875,1,1,High Risk,USA,North America,Manufacturing,Startup,Basic,Monthly,35.54,6.0,56.0,21.2,-6.0,11,46,17,1152.02,765.05
CUST_018164,0.96901166,1,1,High Risk,UK,Europe,Healthcare,Small Business,Business,Annual,472.25,4.0,36.9,8.6,8.0,8,48,13,10931.82,8954.52
CUST_012893,0.96896344,1,1,High Risk,Australia,APAC,Other,Mid-Market,Business,Annual,952.62,8.0,30.1,6.3,-23.0,1,11,20,41774.88,34615.55
CUST_011189,0.9687047,1,1,High Risk,Germany,Europe,Technology,Startup,Basic,Annual,21.32,6.0,56.0,8.6,6.0,9,67,10,369.42,193.31
CUST_002251,0.9686667,1,1,High Risk,USA,North America,Retail,Startup,Professional,Monthly,85.21,3.0,55.8,9.0,-4.0,3,24,15,2701.7,2092.81
CUST_003731,0.96853787,1,1,High Risk,Other,LATAM,Education,Startup,Professional,Monthly,109.43,2.0,57.0,21.2,-1.0,1,15,23,5492.62,4413.72
CUST_004995,0.9681179,1,1,High Risk,USA,North America,Technology,Startup,Basic,Monthly,23.76,4.0,44.1,12.3,15.0,3,18,22,1110.45,690.33
CUST_011319,0.96800506,1,1,High Risk,UK,Europe,Technology,Startup,Business,Monthly,259.74,5.0,42.0,17.5,2.0,2,14,16,9183.9,7660.31
CUST_019063,0.9679465,1,1,High Risk,Canada,North America,Technology,Small Business,Business,Monthly,348.06,3.0,55.3,18.0,-15.0,14,105,13,7279.45,5904.68
CUST_013074,0.9679165,1,1,High Risk,USA,North America,Finance,Startup,Business,Annual,254.48,10.0,31.4,19.3,-32.0,2,22,11,5563.9,4686.29
CUST_011345,0.9674031,1,1,High Risk,Canada,North America,Manufacturing,Startup,Basic,Monthly,27.4,9.0,13.1,1.9,-2.0,2,12,20,1250.07,796.87
CUST_006861,0.9672163,1,1,High Risk,USA,North America,Technology,Small Business,Business,Monthly,448.3,4.0,55.4,17.2,11.0,3,21,17,15862.89,13307.87
CUST_017548,0.96721596,1,1,High Risk,UK,Europe,Healthcare,Enterprise,Enterprise,Monthly,6585.79,3.0,86.8,25.9,55.0,4,97,17,199210.21,170148.21
CUST_014806,0.96664774,1,1,High Risk,USA,North America,Education,Startup,Business,Annual,271.75,1.0,52.1,12.3,23.0,19,158,9,3631.77,3019.21
CUST_018686,0.96661335,1,1,High Risk,USA,North America,Other,Startup,Basic,Annual,27.97,1.0,70.4,22.5,53.0,7,85,12,603.72,344.01
CUST_006582,0.96646434,1,1,High Risk,Germany,Europe,Other,Startup,Business,Monthly,232.77,5.0,33.5,11.0,-20.0,7,39,15,6564.69,5514.77
CUST_002027,0.9664093,1,1,High Risk,USA,North America,Technology,Small Business,Business,Monthly,398.07,4.0,51.7,11.0,0.0,1,14,13,11345.22,9609.06
CUST_009517,0.96640915,1,1,High Risk,Australia,APAC,Education,Startup,Basic,Annual,27.42,3.0,30.3,4.8,11.0,7,43,15,768.11,453.77
CUST_009668,0.9663597,1,1,High Risk,USA,North America,Technology,Enterprise,Enterprise,Annual,8558.31,4.0,50.3,20.1,-3.0,7,42,18,243578.44,201672.93
CUST_012260,0.9663395,1,1,High Risk,UK,Europe,Technology,Small Business,Professional,Annual,138.85,6.0,68.4,23.7,-7.0,1,14,16,4359.44,3540.18
CUST_012270,0.9660877,1,1,High Risk,USA,North America,Retail,Small Business,Basic,Annual,56.8,5.0,61.1,21.6,-7.0,2,14,18,2134.65,1573.21
CUST_010617,0.96589035,1,1,High Risk,USA,North America,Real Estate,Startup,Basic,Monthly,26.24,2.0,72.3,17.1,30.0,3,65,11,534.72,317.24
CUST_015918,0.9658658,1,1,High Risk,Australia,APAC,Finance,Small Business,Professional,Annual,124.43,4.0,51.9,16.8,-8.0,5,35,13,2912.43,2275.23
CUST_013087,0.96565783,1,1,High Risk,Canada,North America,Finance,Small Business,Professional,Monthly,164.67,3.0,59.2,14.4,30.0,1,17,13,4695.01,3838.98
CUST_014763,0.96562076,1,1,High Risk,USA,North America,Manufacturing,Startup,Business,Annual,208.18,2.0,28.4,11.2,1.0,16,145,11,3704.21,3043.03
CUST_016282,0.9653497,1,1,High Risk,Australia,APAC,Technology,Startup,Basic,Annual,32.77,6.0,27.7,3.1,-3.0,5,31,12,736.26,438.78
CUST_010835,0.96531373,1,1,High Risk,Germany,Europe,Real Estate,Startup,Professional,Annual,101.78,3.0,48.8,13.2,5.0,1,19,9,2091.75,1643.68
CUST_019882,0.96511203,1,1,High Risk,Other,MEA,Retail,Startup,Professional,Monthly,123.89,4.0,42.0,15.5,-10.0,7,61,12,2710.45,2155.92
CUST_012874,0.9649594,1,1,High Risk,USA,North America,Healthcare,Startup,Basic,Annual,32.8,3.0,50.1,14.7,-7.0,1,15,13,912.21,531.99
CUST_014707,0.96492565,1,1,High Risk,USA,North America,Technology,Startup,Professional,Monthly,73.45,2.0,58.8,23.5,0.0,14,68,14,1743.05,1315.21
CUST_002906,0.9648848,1,1,High Risk,UK,Europe,Technology,Startup,Basic,Annual,24.41,3.0,33.2,14.4,-26.0,1,13,15,810.43,489.6
CUST_012904,0.96475595,1,1,High Risk,India,APAC,Technology,Small Business,Basic,Annual,37.13,8.0,44.8,11.5,-21.0,4,22,15,1111.52,734.51
CUST_016350,0.96461076,1,1,High Risk,India,APAC,Retail,Startup,Business,Annual,163.38,4.0,35.2,11.6,-1.0,28,147,14,3301.47,2649.06
CUST_001830,0.96437943,1,1,High Risk,Other,MEA,Education,Startup,Basic,Annual,22.38,11.0,49.6,7.0,-27.0,1,13,16,786.16,445.16
CUST_005820,0.96432567,1,1,High Risk,USA,North America,Other,Startup,Professional,Multi-Year,96.41,3.0,53.7,14.6,20.0,4,28,14,2584.39,1928.79
CUST_013442,0.96430093,1,1,High Risk,USA,North America,Real Estate,Startup,Professional,Annual,72.71,3.0,56.3,11.1,27.0,2,19,12,1936.15,1474.89
CUST_011923,0.9642937,1,1,High Risk,Germany,Europe,Healthcare,Small Business,Professional,Annual,138.95,2.0,40.7,5.8,-6.0,1,11,17,5411.5,4427.55
CUST_011820,0.96428853,1,1,High Risk,USA,North America,Finance,Startup,Basic,Monthly,30.7,1.0,39.4,16.9,-8.0,2,18,16,1067.31,685.31
CUST_005204,0.9642718,1,1,High Risk,Australia,APAC,Education,Small Business,Professional,Multi-Year,293.5,4.0,49.5,13.4,6.0,1,14,17,9943.23,8135.85
CUST_013414,0.9640469,1,1,High Risk,Germany,Europe,Finance,Startup,Business,Monthly,266.4,6.0,45.4,18.3,-12.0,2,21,9,5119.81,4263.36
CUST_004493,0.96391374,1,1,High Risk,USA,North America,Technology,Startup,Professional,Monthly,98.41,3.0,65.7,19.6,21.0,5,51,13,2558.55,2045.56
CUST_019056,0.9638925,1,1,High Risk,USA,North America,Healthcare,Mid-Market,Enterprise,Annual,3832.11,6.0,43.9,9.9,-22.0,8,39,19,119423.27,100207.36
CUST_018931,0.9636275,1,1,High Risk,USA,North America,Education,Mid-Market,Enterprise,Annual,3402.15,1.0,58.5,11.5,19.0,2,24,13,81460.94,67564.47
CUST_010667,0.96350634,1,1,High Risk,USA,North America,Technology,Startup,Basic,Monthly,30.16,0.0,71.6,20.6,2.0,21,178,13,606.38,341.95
CUST_005021,0.96336645,1,1,High Risk,USA,North America,Technology,Startup,Professional,Monthly,78.53,4.0,42.5,15.9,3.0,15,70,13,1862.07,1419.54
CUST_006772,0.96327454,1,1,High Risk,USA,North America,Healthcare,Enterprise,Enterprise,Annual,7889.87,3.0,79.3,27.9,26.0,9,84,17,210962.58,175460.68
CUST_017534,0.96320057,1,1,High Risk,USA,North America,Technology,Startup,Basic,Monthly,28.63,5.0,42.4,18.5,-29.0,2,13,16,992.0,628.03
CUST_000077,0.9630616,1,1,High Risk,USA,North America,Real Estate,Small Business,Basic,Annual,66.34,3.0,32.9,6.1,-19.0,29,140,16,1458.43,1028.49
CUST_001121,0.96299964,1,1,High Risk,USA,North America,Finance,Startup,Professional,Monthly,88.14,2.0,65.6,19.8,-1.0,1,17,13,2455.94,1895.95
CUST_000171,0.9629867,1,1,High Risk,Australia,APAC,Real Estate,Startup,Basic,Monthly,35.81,6.0,53.0,20.7,30.0,33,173,17,877.35,554.94
CUST_019972,0.9629564,1,1,High Risk,Germany,Europe,Technology,Startup,Basic,Monthly,31.69,6.0,61.8,18.9,36.0,11,63,15,813.23,538.66
CUST_015036,0.96284896,1,1,High Risk,USA,North America,Technology,Startup,Basic,Monthly,31.65,2.0,43.0,18.9,11.0,16,80,14,620.14,267.83
CUST_017767,0.962262,1,1,High Risk,USA,North America,Healthcare,Startup,Professional,Monthly,99.82,2.0,43.1,8.6,-6.0,6,39,14,2668.08,2076.32
CUST_019005,0.9622143,1,1,High Risk,Australia,APAC,Manufacturing,Small Business,Business,Annual,254.6,2.0,73.7,20.0,-27.0,14,120,12,4816.33,3917.35
CUST_017307,0.9621007,1,1,High Risk,Canada,North America,Real Estate,Startup,Professional,Monthly,86.66,8.0,52.3,18.0,9.0,5,27,17,2837.43,2192.09
CUST_015657,0.9615411,1,1,High Risk,Other,MEA,Healthcare,Small Business,Professional,Annual,132.29,5.0,48.6,13.7,-34.0,1,14,15,4137.18,3288.2
CUST_003550,0.9615341,1,1,High Risk,USA,North America,Healthcare,Mid-Market,Business,Multi-Year,1039.74,5.0,53.8,21.0,-30.0,5,35,14,22151.38,18228.01
CUST_006608,0.9613297,1,1,High Risk,India,APAC,Finance,Startup,Basic,Annual,31.47,4.0,38.2,5.2,-0.0,2,16,14,983.79,668.83
CUST_007729,0.96111953,1,1,High Risk,UK,Europe,Technology,Startup,Basic,Monthly,26.94,4.0,53.8,18.1,12.0,12,56,19,894.75,580.17
CUST_006823,0.9609897,1,1,High Risk,USA,North America,Healthcare,Startup,Professional,Monthly,127.84,5.0,43.1,17.9,-4.0,1,11,17,5147.33,4206.56
CUST_008330,0.9604806,1,1,High Risk,USA,North America,Retail,Mid-Market,Business,Annual,1045.03,3.0,58.7,21.2,6.0,6,65,13,23715.12,20016.99
CUST_005650,0.9601497,1,1,High Risk,USA,North America,Finance,Small Business,Basic,Monthly,54.69,3.0,41.1,11.9,-2.0,6,78,9,782.62,575.42
CUST_015702,0.96014386,1,1,High Risk,USA,North America,Healthcare,Small Business,Business,Annual,383.41,4.0,45.5,8.4,8.0,15,63,19,12623.52,10317.42
CUST_002772,0.9600776,1,1,High Risk,USA,North America,Finance,Enterprise,Business,Monthly,2853.08,4.0,66.0,21.3,-4.0,5,37,16,77940.79,65416.64
CUST_012697,0.95987403,1,1,High Risk,Canada,North America,Finance,Small Business,Professional,Monthly,175.25,2.0,39.0,13.9,27.0,4,30,14,4512.45,3646.88
CUST_009933,0.95933396,1,1,High Risk,Australia,APAC,Education,Small Business,Business,Monthly,378.05,4.0,36.0,11.6,-7.0,35,120,17,8362.44,6833.54
CUST_012507,0.9591022,1,1,High Risk,UK,Europe,Retail,Mid-Market,Professional,Multi-Year,370.51,2.0,49.2,9.2,-16.0,1,16,13,9225.57,7519.18
CUST_007711,0.9590987,1,1,High Risk,USA,North America,Technology,Small Business,Professional,Annual,151.16,5.0,50.8,12.2,-19.0,17,86,17,4012.13,3186.72
CUST_017736,0.95904124,1,1,High Risk,USA,North America,Finance,Startup,Professional,Monthly,98.84,4.0,56.9,19.2,11.0,8,46,14,2641.21,2092.4
CUST_018052,0.9590346,1,1,High Risk,India,APAC,Real Estate,Small Business,Business,Annual,423.59,7.0,37.7,12.8,8.0,4,23,15,11643.36,9596.17
CUST_014971,0.9588883,1,1,High Risk,Australia,APAC,Retail,Small Business,Professional,Annual,146.9,4.0,75.3,20.3,45.0,13,71,15,3688.22,2818.88
CUST_004852,0.9587524,1,1,High Risk,USA,North America,Other,Small Business,Business,Monthly,374.68,7.0,47.7,10.5,-25.0,6,69,9,5231.76,4322.98
CUST_019060,0.9587316,1,1,High Risk,Australia,APAC,Education,Startup,Enterprise,Monthly,585.46,3.0,57.4,20.1,-6.0,9,90,7,6924.13,5924.55
CUST_013295,0.95847285,1,1,High Risk,Australia,APAC,Finance,Small Business,Professional,Monthly,138.28,1.0,57.1,19.3,11.0,22,131,16,3391.12,2752.14
CUST_011296,0.95844615,1,0,High Risk,UK,Europe,Healthcare,Startup,Basic,Annual,19.0,8.0,44.5,11.4,-20.0,14,78,13,400.37,189.41
CUST_018866,0.95810175,1,1,High Risk,USA,North America,Technology,Enterprise,Enterprise,Multi-Year,7135.69,5.0,68.5,19.4,20.0,21,88,19,162150.44,130310.11
CUST_015348,0.9578751,1,1,High Risk,UK,Europe,Education,Startup,Professional,Monthly,88.22,2.0,26.7,7.1,16.0,22,136,13,1956.71,1504.88
CUST_009919,0.95780516,1,1,High Risk,Canada,North America,Education,Startup,Basic,Monthly,39.28,3.0,50.9,16.3,-2.0,15,107,10,660.33,430.58
CUST_019825,0.9576391,1,1,High Risk,India,APAC,Finance,Enterprise,Enterprise,Monthly,13098.71,0.0,71.8,30.1,10.0,8,135,15,335934.59,284053.58
CUST_017094,0.9573521,1,1,High Risk,Germany,Europe,Technology,Small Business,Professional,Monthly,140.07,3.0,47.9,9.5,14.0,4,24,16,4600.74,3709.31
CUST_005812,0.95734036,1,1,High Risk,Germany,Europe,Retail,Startup,Professional,Annual,98.47,4.0,57.3,20.0,10.0,5,47,13,2200.4,1736.02
CUST_019969,0.9570206,1,1,High Risk,India,APAC,Education,Small Business,Business,Annual,384.26,2.0,45.9,21.0,2.0,8,69,12,8384.57,6821.81
CUST_006455,0.95696384,1,1,High Risk,Canada,North America,Finance,Small Business,Business,Annual,415.26,4.0,56.1,21.0,-2.0,23,152,14,7987.25,6594.5
CUST_013906,0.95693827,1,1,High Risk,USA,North America,Technology,Startup,Basic,Monthly,26.58,6.0,61.7,13.6,-30.0,2,16,14,844.17,487.03
CUST_001843,0.9568454,1,1,High Risk,USA,North America,Healthcare,Startup,Professional,Monthly,115.52,1.0,52.7,22.7,47.0,10,57,17,3289.32,2590.16
CUST_002465,0.9567511,1,1,High Risk,USA,North America,Finance,Startup,Basic,Annual,25.93,5.0,38.4,12.5,7.0,23,116,15,527.35,251.42
CUST_006750,0.9565027,1,1,High Risk,Canada,North America,Real Estate,Small Business,Basic,Multi-Year,45.63,2.0,48.0,9.4,29.0,19,86,16,942.9,583.06
CUST_014899,0.9564052,1,1,High Risk,USA,North America,Healthcare,Small Business,Business,Multi-Year,356.33,6.0,50.9,11.5,9.0,15,67,19,10686.32,8631.34
CUST_005898,0.95626086,1,1,High Risk,USA,North America,Real Estate,Startup,Professional,Monthly,78.76,9.0,37.3,13.8,-57.0,2,16,10,1761.09,1417.08
CUST_001810,0.956233,1,1,High Risk,India,APAC,Education,Startup,Professional,Monthly,75.36,0.0,61.3,14.2,32.0,8,85,11,1478.17,1104.54
CUST_004731,0.9561575,1,1,High Risk,USA,North America,Healthcare,Startup,Basic,Monthly,30.14,2.0,47.0,12.5,-15.0,29,150,13,530.23,291.52
CUST_013550,0.9561089,1,1,High Risk,USA,North America,Technology,Startup,Professional,Annual,79.91,8.0,28.1,7.1,-17.0,17,105,12,1570.49,1145.48
CUST_012765,0.95582545,1,0,High Risk,Australia,APAC,Healthcare,Startup,Basic,Multi-Year,35.61,7.0,43.4,6.0,13.0,12,95,13,597.51,355.19
CUST_011750,0.95517015,1,1,High Risk,India,APAC,Finance,Startup,Professional,Monthly,100.57,1.0,58.8,17.4,-5.0,12,49,17,3116.73,2436.89
CUST_008592,0.95466316,1,1,High Risk,USA,North America,Technology,Startup,Professional,Monthly,79.31,5.0,43.3,10.2,7.0,16,96,13,1646.37,1281.68
CUST_018523,0.9545317,1,1,High Risk,India,APAC,Education,Startup,Professional,Monthly,87.26,10.0,36.2,16.0,-32.0,1,11,14,2751.84,2184.65
CUST_004521,0.95410246,1,1,High Risk,Australia,APAC,Retail,Startup,Professional,Monthly,55.85,1.0,36.6,6.9,6.0,11,80,13,1296.65,985.9
CUST_012760,0.95398396,1,1,High Risk,USA,North America,Finance,Startup,Basic,Annual,30.54,4.0,41.9,10.8,-31.0,25,114,19,854.87,461.35
CUST_017297,0.95376235,1,1,High Risk,India,APAC,Education,Startup,Basic,Annual,28.84,3.0,47.7,17.9,-26.0,5,30,14,763.71,502.59
CUST_016481,0.95375717,1,1,High Risk,USA,North America,Technology,Startup,Basic,Monthly,44.53,7.0,26.5,7.8,-35.0,5,20,20,1623.5,1118.01
CUST_018292,0.95291525,1,1,High Risk,USA,North America,Healthcare,Startup,Basic,Annual,20.9,3.0,44.4,16.6,14.0,17,135,9,315.64,150.15
CUST_015722,0.95283955,1,1,High Risk,UK,Europe,Education,Startup,Basic,Annual,26.27,1.0,48.5,16.4,29.0,6,50,14,600.32,350.79
CUST_001914,0.95274824,1,1,High Risk,Australia,APAC,Healthcare,Small Business,Business,Annual,418.5,3.0,59.5,21.2,17.0,14,95,13,8978.87,7443.67
CUST_018696,0.9526705,1,1,High Risk,USA,North America,Technology,Startup,Basic,Monthly,36.56,3.0,56.0,19.6,7.0,4,29,11,874.6,567.44
CUST_009045,0.9521824,1,1,High Risk,Canada,North America,Healthcare,Startup,Basic,Monthly,28.0,4.0,53.6,17.1,6.0,32,160,20,795.5,445.6
CUST_000419,0.95189035,1,1,High Risk,USA,North America,Finance,Startup,Business,Annual,212.36,5.0,34.5,11.3,9.0,6,32,14,5289.67,4343.0
CUST_006892,0.951879,1,1,High Risk,Germany,Europe,Healthcare,Small Business,Basic,Annual,56.63,1.0,40.6,13.7,-15.0,2,22,15,1734.83,1291.45
CUST_000917,0.9516155,1,1,High Risk,USA,North America,Technology,Mid-Market,Professional,Annual,379.35,3.0,44.2,14.7,7.0,2,18,12,8888.49,7250.66
CUST_010344,0.9515062,1,1,High Risk,Germany,Europe,Education,Small Business,Business,Multi-Year,346.8,2.0,58.2,21.7,13.0,3,22,18,10726.29,8679.36
CUST_013224,0.95148474,1,1,High Risk,UK,Europe,Finance,Small Business,Business,Monthly,320.15,3.0,33.9,6.9,11.0,15,56,18,10144.58,8365.12
CUST_013988,0.95127267,1,1,High Risk,Germany,Europe,Real Estate,Startup,Basic,Monthly,25.68,4.0,26.0,11.6,11.0,26,118,15,581.59,340.61
CUST_018824,0.95120126,1,1,High Risk,Canada,North America,Education,Small Business,Business,Monthly,362.65,7.0,66.9,18.8,-31.0,8,35,18,12173.35,10157.33
CUST_013938,0.9509556,1,1,High Risk,UK,Europe,Other,Startup,Business,Monthly,220.88,7.0,50.6,11.6,-30.0,15,57,17,6351.13,5201.26
CUST_000998,0.95074624,1,1,High Risk,Australia,APAC,Technology,Small Business,Professional,Annual,133.39,3.0,70.1,15.0,11.0,2,27,13,3625.89,2859.38
CUST_017034,0.9507045,1,1,High Risk,USA,North America,Education,Mid-Market,Enterprise,Monthly,3185.06,2.0,61.8,15.6,2.0,13,93,14,64547.21,54427.88
CUST_009574,0.9506247,1,1,High Risk,UK,Europe,Retail,Small Business,Professional,Annual,158.35,6.0,56.0,9.5,-1.0,16,65,17,4511.98,3611.3
CUST_017995,0.950602,1,1,High Risk,USA,North America,Manufacturing,Startup,Basic,Annual,33.28,6.0,30.5,12.2,-15.0,9,89,7,367.64,240.37
CUST_006316,0.94997543,1,1,High Risk,USA,North America,Education,Small Business,Professional,Monthly,127.05,6.0,51.2,9.0,19.0,7,40,16,3582.78,2893.94
CUST_015601,0.94962615,1,1,High Risk,Other,MEA,Real Estate,Small Business,Basic,Annual,63.75,3.0,57.5,23.8,22.0,1,14,14,1984.45,1450.94
CUST_004273,0.9495594,1,1,High Risk,USA,North America,Education,Startup,Basic,Monthly,33.28,7.0,43.1,15.3,-21.0,13,45,19,999.73,566.48
CUST_015748,0.9491102,1,1,High Risk,USA,North America,Education,Startup,Professional,Monthly,150.2,5.0,52.2,18.4,28.0,27,171,11,2489.64,1938.85
CUST_011183,0.9489643,1,1,High Risk,UK,Europe,Technology,Small Business,Professional,Annual,185.6,6.0,22.9,0.0,-36.0,11,43,19,6039.59,4800.51
CUST_010384,0.94877654,1,1,High Risk,UK,Europe,Technology,Startup,Basic,Monthly,23.01,3.0,54.6,12.7,10.0,3,34,11,533.8,287.68
CUST_003894,0.94777715,1,1,High Risk,UK,Europe,Real Estate,Startup,Basic,Monthly,33.93,5.0,50.4,15.9,18.0,7,54,12,757.51,454.88
CUST_017092,0.9476901,1,1,High Risk,UK,Europe,Healthcare,Startup,Business,Multi-Year,303.11,3.0,41.9,15.4,-12.0,1,11,16,8761.02,6955.97
CUST_012536,0.94764674,1,1,High Risk,Canada,North America,Finance,Small Business,Professional,Monthly,165.83,4.0,75.0,20.3,0.0,8,48,14,4369.42,3511.68
CUST_016732,0.9476189,1,1,High Risk,USA,North America,Finance,Small Business,Basic,Annual,47.71,2.0,47.1,9.9,11.0,21,92,16,1179.79,745.55
CUST_018799,0.94761324,1,1,High Risk,UK,Europe,Real Estate,Small Business,Professional,Annual,186.54,4.0,65.0,28.0,-7.0,1,15,13,4838.93,3900.15
CUST_010263,0.9473795,1,1,High Risk,USA,North America,Retail,Small Business,Business,Monthly,381.18,3.0,72.6,19.4,18.0,2,18,16,13326.29,11135.73
CUST_019221,0.94733536,1,1,High Risk,India,APAC,Technology,Startup,Professional,Monthly,107.95,4.0,34.5,5.8,-7.0,1,12,12,3081.08,2524.21
CUST_007578,0.94728315,1,1,High Risk,Canada,North America,Manufacturing,Small Business,Business,Annual,395.9,7.0,27.2,0.9,-13.0,2,14,14,11092.19,9238.59
CUST_000011,0.9471515,1,1,High Risk,USA,North America,Retail,Startup,Basic,Monthly,22.2,2.0,47.4,17.0,2.0,1,22,10,476.69,300.93
CUST_004550,0.9471325,1,1,High Risk,Germany,Europe,Healthcare,Startup,Basic,Annual,27.66,1.0,48.9,11.6,26.0,2,22,15,890.22,534.56
CUST_015479,0.94705546,1,1,High Risk,UK,Europe,Manufacturing,Startup,Basic,Monthly,33.56,5.0,40.4,14.7,30.0,23,82,17,892.43,461.2
CUST_016847,0.9467875,1,1,High Risk,Other,MEA,Finance,Startup,Basic,Monthly,26.57,7.0,35.9,9.8,-9.0,8,50,14,613.74,343.3
CUST_003659,0.9461101,1,1,High Risk,USA,North America,Healthcare,Small Business,Professional,Monthly,169.63,1.0,50.9,9.1,11.0,2,23,13,4256.38,3436.25
CUST_013287,0.9460922,1,1,High Risk,Other,MEA,Manufacturing,Startup,Basic,Annual,24.7,0.0,34.7,16.7,17.0,16,113,12,476.84,231.64
CUST_012056,0.94605285,1,1,High Risk,Germany,Europe,Manufacturing,Startup,Basic,Monthly,27.64,2.0,26.4,14.3,-29.0,5,23,19,1087.52,653.78
CUST_005487,0.94582564,1,1,High Risk,India,APAC,Finance,Small Business,Professional,Monthly,115.6,5.0,36.4,22.6,-10.0,8,34,17,3622.08,2907.37
CUST_017056,0.9458229,1,1,High Risk,USA,North America,Finance,Mid-Market,Enterprise,Annual,2489.96,1.0,57.4,14.9,15.0,14,82,12,47093.86,39493.63
CUST_012580,0.94556594,1,1,High Risk,Germany,Europe,Retail,Mid-Market,Enterprise,Multi-Year,4298.05,4.0,53.9,9.3,-8.0,5,29,13,102841.89,85749.0
CUST_006271,0.94545424,1,1,High Risk,USA,North America,Other,Startup,Professional,Monthly,80.05,4.0,17.4,12.2,18.0,2,15,13,2325.43,1794.47
CUST_007327,0.94529176,1,1,High Risk,Canada,North America,Education,Mid-Market,Business,Multi-Year,1525.96,1.0,73.8,22.8,19.0,7,52,17,43501.4,35716.9
CUST_003055,0.94527256,1,1,High Risk,USA,North America,Education,Startup,Business,Monthly,267.35,10.0,61.0,14.2,-1.0,1,11,17,10154.3,8369.59
CUST_012551,0.94388646,1,1,High Risk,USA,North America,Finance,Mid-Market,Enterprise,Annual,4094.56,1.0,60.7,19.3,-1.0,26,129,14,72671.32,60695.29
CUST_000129,0.9437719,1,1,High Risk,USA,North America,Other,Small Business,Professional,Annual,146.69,4.0,49.0,12.6,9.0,12,63,17,3977.94,3174.53
CUST_016561,0.94376683,1,1,High Risk,UK,Europe,Healthcare,Startup,Basic,Annual,30.15,4.0,25.4,10.0,-11.0,6,56,12,515.88,251.62
CUST_006473,0.9436217,1,1,High Risk,USA,North America,Real Estate,Mid-Market,Business,Annual,1335.51,2.0,57.8,17.7,43.0,1,13,19,51542.34,43001.01
CUST_011627,0.9421844,1,1,High Risk,Australia,APAC,Technology,Startup,Basic,Annual,22.77,3.0,62.5,21.4,16.0,13,111,11,339.07,95.65
CUST_016334,0.94195527,1,1,High Risk,USA,North America,Technology,Startup,Professional,Monthly,84.07,4.0,51.7,12.8,1.0,9,38,19,3113.65,2403.22
CUST_002820,0.94170666,1,1,High Risk,Germany,Europe,Education,Startup,Business,Annual,265.26,4.0,61.8,19.3,13.0,2,12,17,9156.0,7409.2
CUST_006375,0.9406418,1,1,High Risk,Germany,Europe,Other,Small Business,Professional,Monthly,145.89,8.0,20.6,1.8,-47.0,31,155,12,2543.94,2099.73
CUST_000389,0.94061303,1,1,High Risk,Canada,North America,Healthcare,Startup,Professional,Monthly,59.56,4.0,38.6,12.1,-32.0,5,28,15,1755.23,1360.83
CUST_010019,0.94041634,1,1,High Risk,Germany,Europe,Healthcare,Startup,Business,Annual,248.47,3.0,65.9,16.3,-1.0,20,76,16,6655.83,5431.19
CUST_019855,0.940312,1,1,High Risk,UK,Europe,Technology,Mid-Market,Enterprise,Annual,2485.45,5.0,47.9,10.5,11.0,5,43,13,55058.37,46684.51
CUST_016761,0.94019514,1,1,High Risk,Germany,Europe,Education,Small Business,Basic,Annual,59.67,3.0,34.4,9.4,26.0,2,12,17,2065.81,1521.63
CUST_013342,0.93971735,1,1,High Risk,USA,North America,Technology,Startup,Professional,Monthly,82.61,6.0,51.7,14.5,-29.0,19,71,18,2273.51,1780.76
CUST_018169,0.9394009,1,1,High Risk,USA,North America,Technology,Startup,Professional,Monthly,95.01,4.0,23.2,3.5,-24.0,19,99,12,1872.62,1464.53
CUST_008353,0.93896097,1,1,High Risk,Other,LATAM,Healthcare,Startup,Basic,Monthly,30.19,3.0,53.0,19.8,24.0,11,54,21,1058.54,604.24
CUST_015234,0.9388122,1,1,High Risk,USA,North America,Education,Startup,Basic,Monthly,28.63,6.0,46.9,11.8,10.0,27,110,16,730.99,453.02
CUST_013594,0.93860966,1,1,High Risk,UK,Europe,Finance,Startup,Basic,Monthly,22.53,5.0,47.4,11.7,5.0,14,69,13,463.19,245.29
CUST_016910,0.938506,1,1,High Risk,USA,North America,Technology,Small Business,Basic,Multi-Year,49.29,4.0,49.3,16.0,-11.0,2,13,17,1529.61,1019.61
CUST_016866,0.93847454,1,1,High Risk,USA,North America,Education,Mid-Market,Business,Multi-Year,813.74,0.0,70.4,26.4,32.0,5,31,20,25749.98,21079.32
CUST_010154,0.9376346,1,1,High Risk,Germany,Europe,Technology,Mid-Market,Enterprise,Annual,3215.61,3.0,78.8,15.9,39.0,5,62,12,64445.3,53927.37
CUST_019099,0.9374875,1,1,High Risk,Canada,North America,Technology,Startup,Basic,Monthly,24.53,4.0,31.3,9.7,-5.0,9,42,15,654.25,367.51
CUST_003067,0.93730164,1,1,High Risk,USA,North America,Technology,Startup,Basic,Annual,26.65,7.0,51.4,16.0,-0.0,1,13,14,796.78,541.93
CUST_008386,0.9369095,1,1,High Risk,USA,North America,Healthcare,Small Business,Enterprise,Annual,1439.69,4.0,42.6,16.9,-8.0,1,11,13,45966.98,39307.95
CUST_005009,0.93690115,1,1,High Risk,Canada,North America,Manufacturing,Startup,Basic,Monthly,26.68,3.0,42.0,14.9,28.0,15,49,17,785.85,440.21
CUST_016611,0.93687636,1,1,High Risk,Australia,APAC,Healthcare,Startup,Professional,Annual,84.49,3.0,47.6,18.0,-4.0,12,62,14,2031.5,1495.96
CUST_018046,0.9367737,1,1,High Risk,Germany,Europe,Finance,Mid-Market,Business,Annual,1107.49,4.0,57.0,15.2,-2.0,4,35,9,16870.02,14276.83
CUST_016544,0.9367172,1,1,High Risk,Germany,Europe,Manufacturing,Startup,Business,Annual,269.28,7.0,41.3,5.5,-33.0,9,36,17,8149.81,6717.13
CUST_005231,0.9365777,1,1,High Risk,USA,North America,Manufacturing,Startup,Professional,Annual,72.16,1.0,53.3,16.1,13.0,15,90,12,1335.99,1003.56
CUST_018837,0.9355073,1,1,High Risk,UK,Europe,Technology,Startup,Professional,Annual,88.76,7.0,37.3,14.8,11.0,16,62,16,2328.22,1791.62
CUST_018960,0.9352474,1,1,High Risk,Australia,APAC,Other,Small Business,Business,Monthly,416.49,6.0,47.8,17.7,-19.0,9,37,18,12379.99,10172.11
CUST_001805,0.93498176,1,1,High Risk,USA,North America,Manufacturing,Startup,Basic,Monthly,29.04,4.0,23.2,5.9,-32.0,6,39,11,609.61,379.27
CUST_005007,0.9346468,1,1,High Risk,USA,North America,Education,Startup,Basic,Monthly,31.33,2.0,43.1,18.1,-5.0,4,20,21,1351.14,803.19
CUST_004463,0.93456453,1,0,High Risk,USA,North America,Finance,Small Business,Professional,Monthly,115.98,4.0,47.9,10.9,-15.0,25,123,16,2921.4,2251.45
CUST_014403,0.9342742,1,1,High Risk,USA,North America,Healthcare,Startup,Basic,Annual,30.07,2.0,72.7,24.6,29.0,5,31,17,928.83,545.49
CUST_007488,0.9341814,1,1,High Risk,USA,North America,Technology,Small Business,Professional,Annual,105.79,6.0,49.4,19.9,-13.0,10,41,17,2870.68,2181.28
CUST_003631,0.9334856,1,1,High Risk,USA,North America,Other,Startup,Professional,Annual,89.61,4.0,56.1,14.9,28.0,25,76,18,2359.86,1752.25
CUST_006516,0.9334337,1,1,High Risk,Australia,APAC,Education,Small Business,Business,Annual,264.73,6.0,64.6,19.4,13.0,4,38,10,4628.88,3787.1
CUST_002863,0.93342453,1,1,High Risk,India,APAC,Retail,Startup,Basic,Annual,31.68,2.0,51.2,19.2,-6.0,11,95,9,460.37,323.49
CUST_011757,0.9334153,1,0,High Risk,UK,Europe,Other,Small Business,Professional,Annual,144.89,4.0,39.5,10.2,11.0,4,26,13,3709.19,2976.45
CUST_000991,0.9334087,1,1,High Risk,Canada,North America,Real Estate,Startup,Basic,Monthly,25.79,3.0,49.5,18.6,41.0,8,44,14,679.37,417.9
CUST_009977,0.93336576,1,1,High Risk,India,APAC,Other,Small Business,Basic,Annual,36.34,4.0,58.3,18.1,22.0,4,20,16,1063.12,685.43
CUST_001478,0.93334943,1,1,High Risk,Australia,APAC,Manufacturing,Startup,Basic,Annual,30.67,2.0,73.9,25.1,39.0,5,37,14,846.62,538.17
CUST_014178,0.93299246,1,1,High Risk,USA,North America,Healthcare,Startup,Basic,Annual,33.06,4.0,11.5,7.2,-21.0,28,80,17,861.72,508.95
CUST_006959,0.9322254,1,1,High Risk,USA,North America,Education,Startup,Professional,Monthly,106.16,7.0,27.3,11.1,-11.0,1,9,15,3631.47,2946.9
CUST_003528,0.9319203,1,1,High Risk,USA,North America,Real Estate,Startup,Professional,Monthly,84.11,4.0,42.0,7.8,-41.0,1,9,16,3034.84,2409.09
CUST_004206,0.9318052,1,1,High Risk,USA,North America,Technology,Startup,Professional,Annual,97.04,2.0,64.8,31.0,20.0,10,58,16,2757.96,2199.77
CUST_014165,0.9317606,1,1,High Risk,Canada,North America,Retail,Startup,Basic,Monthly,21.18,1.0,85.0,21.7,39.0,14,73,12,452.37,209.6
CUST_000611,0.9316331,1,1,High Risk,UK,Europe,Technology,Small Business,Basic,Annual,55.14,0.0,48.4,9.2,11.0,5,41,13,1236.45,913.78
CUST_011215,0.9315554,1,0,High Risk,UK,Europe,Retail,Small Business,Business,Monthly,411.14,1.0,59.3,22.7,33.0,21,127,13,9225.73,7609.25
CUST_005963,0.93134713,1,1,High Risk,USA,North America,Real Estate,Startup,Business,Monthly,229.64,2.0,26.4,7.3,-16.0,6,25,21,8955.87,7296.81
CUST_014618,0.93105376,1,1,High Risk,Canada,North America,Retail,Mid-Market,Business,Multi-Year,935.22,1.0,66.7,19.9,15.0,6,42,14,22055.57,18038.65
CUST_011790,0.93082345,1,1,High Risk,UK,Europe,Retail,Mid-Market,Enterprise,Annual,2902.68,1.0,61.8,18.4,42.0,5,50,13,70771.53,60211.75
CUST_006997,0.93002504,1,1,High Risk,Australia,APAC,Healthcare,Mid-Market,Business,Multi-Year,1227.77,5.0,64.9,24.7,-7.0,2,13,17,37900.51,31593.2
CUST_008905,0.929851,1,1,High Risk,USA,North America,Technology,Small Business,Professional,Annual,193.89,8.0,11.7,3.9,-32.0,9,59,14,4450.36,3532.12
CUST_017579,0.9291215,1,1,High Risk,Other,LATAM,Healthcare,Small Business,Basic,Multi-Year,48.95,2.0,56.9,20.3,16.0,7,47,12,932.84,561.28
CUST_013742,0.9291002,1,1,High Risk,USA,North America,Retail,Startup,Basic,Monthly,19.69,5.0,41.7,16.3,-17.0,9,48,11,429.16,254.58
CUST_004983,0.9289835,1,1,High Risk,Germany,Europe,Manufacturing,Small Business,Basic,Monthly,53.35,5.0,57.5,15.0,24.0,4,23,14,1477.36,1084.16
CUST_016715,0.92887294,1,1,High Risk,USA,North America,Manufacturing,Small Business,Professional,Annual,120.15,3.0,49.4,8.1,16.0,2,13,15,3880.76,3059.84
CUST_014878,0.9283086,1,1,High Risk,USA,North America,Real Estate,Startup,Basic,Monthly,23.4,6.0,36.4,11.8,-19.0,8,62,11,435.87,235.34
CUST_000760,0.9281364,1,1,High Risk,USA,North America,Retail,Startup,Basic,Monthly,24.71,4.0,77.6,22.9,6.0,25,168,14,563.38,295.09
CUST_002783,0.9271461,1,1,High Risk,Canada,North America,Finance,Startup,Basic,Monthly,29.2,6.0,30.6,11.9,-50.0,5,27,13,776.35,519.66
CUST_011569,0.9271056,1,1,High Risk,Other,MEA,Education,Startup,Basic,Annual,26.87,1.0,51.9,14.3,-5.0,6,38,13,645.65,365.04
CUST_018529,0.9271052,1,1,High Risk,USA,North America,Real Estate,Startup,Business,Monthly,259.68,7.0,38.6,11.1,-43.0,8,33,19,8110.52,6548.21
CUST_001180,0.9266127,1,1,High Risk,India,APAC,Technology,Startup,Basic,Monthly,23.15,3.0,40.6,8.9,9.0,1,12,17,855.5,458.41
CUST_004112,0.9260622,1,1,High Risk,UK,Europe,Retail,Small Business,Business,Monthly,275.79,0.0,94.0,31.0,72.0,29,120,19,8069.22,6605.84
CUST_018166,0.9252451,1,1,High Risk,USA,North America,Manufacturing,Startup,Basic,Annual,30.31,0.0,45.2,5.7,8.0,1,9,18,1198.9,797.46
CUST_008485,0.9252362,1,1,High Risk,UK,Europe,Finance,Small Business,Basic,Annual,51.53,6.0,13.0,8.2,-31.0,6,56,9,806.28,474.51
CUST_009360,0.9248333,1,1,High Risk,Other,LATAM,Finance,Startup,Basic,Monthly,26.82,1.0,47.3,10.4,13.0,12,46,21,943.86,494.48
CUST_018191,0.92386854,1,1,High Risk,UK,Europe,Other,Startup,Professional,Annual,77.7,6.0,70.6,24.2,18.0,8,106,8,1014.99,757.93
CUST_000441,0.92359793,1,1,High Risk,USA,North America,Retail,Startup,Professional,Monthly,121.87,5.0,32.8,2.4,-18.0,1,9,17,4874.35,3979.26
CUST_018107,0.92293066,1,1,High Risk,USA,North America,Manufacturing,Startup,Basic,Monthly,23.75,5.0,37.7,13.7,-25.0,19,62,23,911.84,477.13
CUST_011701,0.9228141,1,1,High Risk,UK,Europe,Manufacturing,Startup,Basic,Annual,30.7,11.0,37.2,8.6,-22.0,13,50,14,733.33,444.02
CUST_015017,0.9227697,1,1,High Risk,Germany,Europe,Retail,Startup,Basic,Monthly,31.11,1.0,49.7,15.1,24.0,7,34,21,1116.87,680.0
CUST_012421,0.9220062,1,1,High Risk,USA,North America,Education,Startup,Basic,Annual,30.04,5.0,45.1,13.0,11.0,15,82,11,529.09,286.75
CUST_002192,0.9219355,1,1,High Risk,UK,Europe,Retail,Startup,Basic,Monthly,26.01,4.0,68.4,20.8,26.0,8,53,15,739.37,394.62
CUST_018986,0.92192787,1,1,High Risk,UK,Europe,Education,Startup,Basic,Annual,30.22,5.0,53.4,14.2,22.0,4,19,20,1141.96,664.9
CUST_019755,0.9218827,1,1,High Risk,USA,North America,Finance,Startup,Professional,Monthly,79.3,5.0,51.7,24.1,-23.0,15,82,11,1410.6,1015.24
CUST_007545,0.9217959,1,1,High Risk,Germany,Europe,Real Estate,Startup,Basic,Annual,30.09,3.0,47.5,8.6,-20.0,30,123,18,754.06,380.38
CUST_011858,0.9199329,1,1,High Risk,Australia,APAC,Technology,Startup,Basic,Annual,34.52,4.0,59.9,19.3,-2.0,5,100,5,267.08,131.39
CUST_014374,0.9191847,1,1,High Risk,UK,Europe,Retail,Startup,Basic,Annual,28.88,2.0,26.6,13.1,-16.0,2,15,14,906.07,526.74
CUST_017774,0.918898,1,1,High Risk,Australia,APAC,Manufacturing,Startup,Business,Annual,216.61,2.0,23.4,5.6,9.0,1,9,17,8839.39,7320.5
CUST_008345,0.9185226,1,1,High Risk,India,APAC,Manufacturing,Small Business,Basic,Annual,59.65,8.0,52.2,10.3,-5.0,6,27,16,1737.15,1278.71
CUST_018764,0.9181091,1,1,High Risk,India,APAC,Finance,Mid-Market,Business,Monthly,1077.78,3.0,67.4,23.8,7.0,3,20,18,39485.26,33656.87
CUST_007254,0.9177153,1,1,High Risk,India,APAC,Manufacturing,Startup,Professional,Monthly,103.11,4.0,56.6,17.0,26.0,18,92,11,1871.89,1457.94
CUST_011699,0.9174755,1,1,High Risk,Australia,APAC,Other,Mid-Market,Basic,Multi-Year,98.92,4.0,66.1,30.0,21.0,28,155,14,1755.97,1349.69
CUST_011574,0.9167383,1,1,High Risk,USA,North America,Healthcare,Enterprise,Business,Annual,1930.97,5.0,70.1,25.7,0.0,5,32,21,64398.88,53728.93
CUST_006613,0.91626585,1,1,High Risk,Germany,Europe,Manufacturing,Small Business,Professional,Monthly,143.8,3.0,48.1,15.8,12.0,31,158,15,3297.9,2630.34
CUST_005467,0.91509795,1,1,High Risk,Germany,Europe,Healthcare,Small Business,Basic,Annual,61.66,2.0,69.0,15.8,37.0,4,33,12,1468.6,1081.23
CUST_019940,0.9144429,1,1,High Risk,USA,North America,Healthcare,Mid-Market,Business,Annual,916.31,1.0,51.0,14.8,28.0,28,152,15,18296.94,15247.26
CUST_007044,0.9142946,1,1,High Risk,UK,Europe,Real Estate,Mid-Market,Business,Annual,1129.43,3.0,56.0,29.6,4.0,2,15,18,40303.88,33878.6
CUST_004023,0.91369927,1,1,High Risk,Australia,APAC,Other,Small Business,Professional,Monthly,125.47,1.0,47.8,20.8,20.0,4,29,13,3154.23,2540.69
CUST_010324,0.91304356,1,0,High Risk,Other,MEA,Real Estate,Startup,Professional,Monthly,92.61,7.0,29.4,12.2,-21.0,23,78,17,2415.62,1869.3
CUST_004051,0.91286254,1,1,High Risk,Germany,Europe,Healthcare,Startup,Professional,Monthly,103.38,8.0,37.5,17.4,11.0,8,34,16,3018.23,2355.28
CUST_003565,0.91237277,1,1,High Risk,Other,MEA,Education,Small Business,Professional,Annual,125.6,6.0,58.7,22.1,18.0,7,43,14,2864.76,2261.94
CUST_015641,0.9116093,1,1,High Risk,USA,North America,Retail,Mid-Market,Professional,Annual,375.39,6.0,79.2,19.9,-8.0,15,92,13,7995.31,6543.71
CUST_009487,0.9110809,1,1,High Risk,Australia,APAC,Manufacturing,Mid-Market,Enterprise,Multi-Year,4512.69,3.0,56.8,14.1,31.0,23,80,17,105932.44,89214.77
CUST_011477,0.9108423,1,1,High Risk,USA,North America,Retail,Startup,Basic,Monthly,28.22,2.0,58.9,19.4,25.0,7,40,15,765.17,495.69
CUST_015288,0.9107308,1,1,High Risk,USA,North America,Finance,Startup,Basic,Annual,24.33,2.0,29.1,7.0,25.0,7,66,10,387.97,211.12
CUST_001655,0.9104018,1,1,High Risk,USA,North America,Finance,Startup,Basic,Monthly,25.41,4.0,53.4,14.1,-14.0,2,13,14,731.96,458.66
CUST_008063,0.9103266,1,1,High Risk,USA,North America,Finance,Startup,Professional,Monthly,85.89,0.0,43.6,12.8,-22.0,24,113,15,1901.49,1403.12
CUST_007242,0.9096527,1,1,High Risk,UK,Europe,Healthcare,Startup,Basic,Monthly,27.36,2.0,66.0,17.7,57.0,26,99,20,864.23,436.31
CUST_016698,0.9096188,1,1,High Risk,Canada,North America,Technology,Startup,Basic,Annual,24.46,5.0,62.4,26.7,-8.0,8,35,17,698.15,360.3
CUST_007014,0.90898806,1,1,High Risk,USA,North America,Technology,Enterprise,Enterprise,Annual,8770.76,3.0,80.0,24.1,-4.0,13,95,15,190250.88,156549.14
CUST_010623,0.9089565,1,1,High Risk,Germany,Europe,Manufacturing,Startup,Basic,Monthly,17.43,1.0,41.3,11.2,7.0,3,30,10,366.83,201.11
CUST_018713,0.9088884,1,1,High Risk,Canada,North America,Finance,Small Business,Professional,Monthly,148.47,5.0,53.2,16.5,-8.0,5,21,18,5714.17,4650.39
CUST_018756,0.908846,1,1,High Risk,USA,North America,Other,Small Business,Basic,Annual,46.01,9.0,68.1,19.3,26.0,22,137,12,840.1,569.23
CUST_003058,0.9088386,1,1,High Risk,Germany,Europe,Healthcare,Startup,Basic,Monthly,16.29,6.0,30.7,10.5,-68.0,28,88,18,383.7,98.95
CUST_004359,0.9087927,1,1,High Risk,USA,North America,Other,Small Business,Business,Monthly,329.81,4.0,38.7,11.7,-5.0,23,91,16,7761.84,6487.59
CUST_009347,0.9087521,1,1,High Risk,USA,North America,Real Estate,Small Business,Professional,Monthly,215.14,2.0,83.2,27.1,18.0,4,45,13,5567.85,4571.71
CUST_014975,0.9086335,1,1,High Risk,India,APAC,Retail,Mid-Market,Business,Monthly,817.36,3.0,68.0,24.1,30.0,11,57,21,26061.68,21384.16
CUST_012409,0.9085907,1,1,High Risk,Australia,APAC,Retail,Mid-Market,Business,Annual,850.11,7.0,66.3,26.9,-4.0,1,15,16,29074.02,24532.79
CUST_015789,0.9081432,1,1,High Risk,Germany,Europe,Finance,Startup,Professional,Monthly,103.02,5.0,41.0,7.8,-7.0,1,8,17,3651.42,2863.9
CUST_010255,0.90698814,1,1,High Risk,USA,North America,Manufacturing,Small Business,Business,Monthly,360.43,4.0,43.7,10.5,22.0,33,151,14,7162.74,5949.62
CUST_001457,0.9064925,1,1,High Risk,USA,North America,Finance,Small Business,Business,Annual,434.28,2.0,54.8,14.9,-7.0,8,34,20,15965.43,13235.88
CUST_019425,0.90638024,1,1,High Risk,USA,North America,Retail,Startup,Basic,Monthly,29.68,1.0,44.2,13.2,-36.0,14,45,17,860.5,502.23
CUST_001366,0.9063764,1,1,High Risk,USA,North America,Finance,Small Business,Professional,Multi-Year,193.03,0.0,39.7,15.8,-37.0,7,30,17,5471.42,4443.7
CUST_019641,0.90482557,1,1,High Risk,India,APAC,Retail,Startup,Business,Monthly,301.34,4.0,57.2,21.4,12.0,3,18,15,8759.44,7147.87
CUST_012505,0.9046508,1,1,High Risk,Germany,Europe,Other,Startup,Professional,Monthly,79.46,5.0,27.8,2.4,-25.0,1,8,20,3552.8,2797.74
CUST_007152,0.9044036,1,1,High Risk,Canada,North America,Retail,Startup,Basic,Annual,36.62,6.0,62.3,19.7,3.0,1,16,9,707.86,454.22
CUST_010611,0.9035393,1,1,High Risk,UK,Europe,Finance,Startup,Basic,Monthly,27.3,7.0,55.3,23.5,7.0,6,40,13,619.17,371.93
CUST_011432,0.9033341,1,1,High Risk,USA,North America,Technology,Startup,Basic,Monthly,30.81,2.0,56.4,14.3,11.0,1,10,21,1480.77,946.83
CUST_010102,0.90124303,1,1,High Risk,Australia,APAC,Other,Startup,Professional,Annual,111.58,7.0,44.7,11.5,3.0,1,10,15,3589.42,2872.24
CUST_010442,0.9011551,1,1,High Risk,Germany,Europe,Technology,Startup,Professional,Monthly,72.96,2.0,34.3,2.9,27.0,4,24,12,1817.49,1436.3
CUST_005611,0.90088093,1,0,High Risk,USA,North America,Manufacturing,Startup,Basic,Monthly,31.85,4.0,34.0,10.2,-31.0,8,29,18,1055.97,720.35
CUST_005069,0.900305,1,1,High Risk,Germany,Europe,Technology,Small Business,Professional,Monthly,144.9,4.0,45.7,10.9,-28.0,33,91,17,3649.46,2887.88
CUST_001512,0.9001572,1,1,High Risk,UK,Europe,Manufacturing,Startup,Professional,Monthly,118.77,5.0,39.0,13.4,-15.0,1,10,13,3678.19,2977.23
CUST_015495,0.9001294,1,1,High Risk,Other,MEA,Technology,Enterprise,Enterprise,Multi-Year,8001.74,6.0,69.8,21.9,10.0,5,32,16,213452.61,175946.89
CUST_002511,0.8998758,1,1,High Risk,Other,MEA,Technology,Startup,Basic,Monthly,31.72,2.0,53.8,15.9,13.0,3,20,15,1008.87,633.31
CUST_017627,0.89986634,1,0,High Risk,USA,North America,Other,Small Business,Professional,Monthly,171.08,4.0,44.9,14.6,-11.0,11,54,17,4844.52,3877.19
CUST_017618,0.898216,1,0,High Risk,Germany,Europe,Real Estate,Small Business,Basic,Multi-Year,36.84,8.0,58.9,16.7,21.0,2,16,14,1086.64,790.31
CUST_016387,0.8974314,1,0,High Risk,UK,Europe,Technology,Startup,Professional,Monthly,103.27,2.0,52.3,14.6,17.0,8,42,15,2881.09,2263.04
CUST_003400,0.8970037,1,1,High Risk,USA,North America,Finance,Small Business,Professional,Annual,149.52,2.0,36.6,4.6,18.0,29,111,20,4473.08,3505.33
CUST_013006,0.8961175,1,1,High Risk,USA,North America,Technology,Startup,Basic,Monthly,40.13,4.0,38.0,5.0,19.0,1,9,14,1245.86,842.98
CUST_009583,0.8950809,1,1,High Risk,Australia,APAC,Education,Startup,Basic,Monthly,29.34,5.0,45.0,13.5,-26.0,26,118,17,792.3,495.91
CUST_006832,0.894974,1,1,High Risk,Canada,North America,Education,Small Business,Professional,Monthly,189.99,5.0,41.5,13.2,2.0,12,42,17,5588.68,4438.41
CUST_012281,0.8947041,1,1,High Risk,USA,North America,Healthcare,Startup,Basic,Annual,28.77,8.0,34.3,5.2,-5.0,1,13,10,617.2,422.09
CUST_007027,0.89394176,1,1,High Risk,USA,North America,Manufacturing,Startup,Professional,Monthly,103.18,6.0,41.1,12.5,-4.0,1,8,19,4444.92,3574.25
CUST_002610,0.8936368,1,1,High Risk,UK,Europe,Retail,Small Business,Basic,Annual,44.79,4.0,50.6,14.0,17.0,4,31,9,689.62,473.34
CUST_001220,0.8922428,1,1,High Risk,USA,North America,Education,Startup,Basic,Monthly,27.07,3.0,44.1,9.8,66.0,2,11,22,1354.48,859.3
CUST_015422,0.8920999,1,1,High Risk,USA,North America,Retail,Small Business,Basic,Multi-Year,49.83,6.0,29.0,7.6,-32.0,22,73,16,1059.1,652.3
CUST_017016,0.8918518,1,1,High Risk,USA,North America,Retail,Small Business,Professional,Monthly,160.11,1.0,56.4,21.5,40.0,18,114,12,3156.93,2535.26
CUST_013883,0.89184874,1,1,High Risk,USA,North America,Real Estate,Startup,Basic,Monthly,22.3,1.0,56.0,27.7,-6.0,27,147,14,499.38,254.86
CUST_001033,0.89124745,1,1,High Risk,Canada,North America,Other,Startup,Enterprise,Monthly,962.86,3.0,48.1,5.3,-21.0,26,134,14,18584.33,15868.06
CUST_003629,0.8902361,1,1,High Risk,Other,MEA,Education,Small Business,Business,Annual,396.67,2.0,55.5,18.4,36.0,9,48,16,9875.35,8243.96
CUST_013060,0.88954425,1,1,High Risk,Canada,North America,Real Estate,Small Business,Basic,Annual,60.21,2.0,32.5,16.9,21.0,5,24,16,1777.61,1286.71
CUST_019318,0.887666,1,1,High Risk,India,APAC,Healthcare,Startup,Basic,Annual,27.91,5.0,38.8,4.6,5.0,1,11,12,733.11,444.7
CUST_009337,0.88757896,1,1,High Risk,India,APAC,Finance,Startup,Professional,Annual,108.14,3.0,47.7,11.6,2.0,1,11,12,2580.36,1985.79
CUST_017096,0.88740844,1,1,High Risk,Canada,North America,Retail,Small Business,Professional,Monthly,150.54,4.0,64.9,22.7,-23.0,6,25,17,4873.1,3938.29
CUST_012643,0.8872043,1,1,High Risk,UK,Europe,Technology,Small Business,Basic,Annual,36.66,6.0,35.4,8.7,-22.0,1,9,15,1108.14,724.03
CUST_018792,0.8871987,1,1,High Risk,Canada,North America,Education,Small Business,Professional,Monthly,133.15,2.0,34.8,11.2,-17.0,7,48,12,2967.92,2353.29
CUST_002642,0.8863063,1,0,High Risk,USA,North America,Education,Startup,Professional,Monthly,87.23,4.0,35.6,17.5,-9.0,5,30,12,2052.58,1645.33
CUST_007957,0.886225,1,0,High Risk,USA,North America,Retail,Startup,Professional,Monthly,70.76,4.0,47.3,15.6,31.0,4,19,16,2436.05,1882.71
CUST_003763,0.8856788,1,1,High Risk,Australia,APAC,Manufacturing,Startup,Basic,Monthly,30.96,3.0,38.2,18.6,5.0,19,67,16,845.11,460.29
CUST_008892,0.8856786,1,1,High Risk,Other,MEA,Education,Small Business,Professional,Monthly,215.53,6.0,45.9,18.4,-1.0,1,11,14,7096.21,5924.87
CUST_010677,0.8854284,1,1,High Risk,UK,Europe,Technology,Small Business,Professional,Monthly,212.18,2.0,70.0,15.2,-0.0,10,53,17,6288.57,5122.24
CUST_007406,0.88476694,1,1,High Risk,Australia,APAC,Retail,Small Business,Business,Monthly,273.47,4.0,44.6,8.9,-37.0,8,40,15,6007.31,4714.97
CUST_011606,0.8842303,1,1,High Risk,USA,North America,Finance,Startup,Basic,Monthly,53.56,5.0,8.6,2.9,-38.0,17,61,16,1402.39,996.4
CUST_010858,0.88253015,1,1,High Risk,USA,North America,Education,Small Business,Professional,Annual,126.52,3.0,57.8,11.9,3.0,5,24,16,3854.99,3053.34
CUST_007184,0.88223,1,0,High Risk,USA,North America,Technology,Startup,Basic,Monthly,35.72,3.0,49.6,12.6,-30.0,22,123,10,546.95,296.86
CUST_019126,0.88121057,1,1,High Risk,Australia,APAC,Retail,Startup,Basic,Multi-Year,31.21,3.0,56.3,18.4,9.0,2,15,13,782.92,503.9
CUST_011092,0.88112426,1,1,High Risk,USA,North America,Technology,Small Business,Professional,Annual,146.85,1.0,40.7,17.0,7.0,31,179,9,1915.38,1500.09
CUST_009647,0.876618,1,0,High Risk,UK,Europe,Other,Startup,Professional,Monthly,110.46,6.0,24.3,8.8,-15.0,12,42,17,3326.57,2673.13
CUST_010010,0.8764982,1,0,High Risk,UK,Europe,Other,Small Business,Business,Annual,423.12,6.0,58.8,14.5,-3.0,3,23,10,9200.04,7811.21
CUST_001250,0.8760705,1,1,High Risk,India,APAC,Technology,Mid-Market,Enterprise,Monthly,3627.72,2.0,94.0,26.3,29.0,5,53,18,126477.96,107463.62
CUST_005466,0.87562406,1,1,High Risk,UK,Europe,Technology,Startup,Professional,Monthly,111.63,4.0,51.9,16.4,5.0,6,34,13,2853.19,2251.78
CUST_013878,0.87552315,1,1,High Risk,Other,MEA,Healthcare,Small Business,Basic,Annual,33.89,6.0,40.1,14.2,14.0,8,31,17,1045.44,670.53
CUST_013388,0.87472296,1,1,High Risk,India,APAC,Healthcare,Startup,Professional,Monthly,91.47,3.0,35.2,14.9,2.0,9,45,12,2007.63,1583.03
CUST_006726,0.8747101,1,0,High Risk,UK,Europe,Retail,Small Business,Business,Multi-Year,334.77,5.0,47.0,18.4,0.0,18,127,8,3939.13,3184.69
CUST_012273,0.87407494,1,1,High Risk,Canada,North America,Technology,Startup,Basic,Monthly,19.46,6.0,50.6,7.9,-7.0,7,26,20,725.49,383.8
CUST_006019,0.87399375,1,1,High Risk,UK,Europe,Manufacturing,Startup,Basic,Monthly,33.32,6.0,30.9,8.4,1.0,28,83,17,881.06,532.12
CUST_010100,0.8739833,1,1,High Risk,USA,North America,Finance,Startup,Professional,Annual,73.16,4.0,61.1,18.7,24.0,1,9,20,3003.12,2283.5
CUST_008601,0.8737771,1,1,High Risk,Canada,North America,Technology,Startup,Basic,Monthly,36.55,1.0,59.1,18.2,-1.0,7,37,14,988.17,642.21
CUST_003913,0.8735789,1,1,High Risk,Other,LATAM,Healthcare,Startup,Basic,Annual,27.44,5.0,50.6,17.2,17.0,1,13,11,613.93,412.52
CUST_008842,0.8728045,1,1,High Risk,Australia,APAC,Technology,Startup,Professional,Monthly,84.74,5.0,28.7,11.7,20.0,21,106,10,1320.21,1001.99
CUST_003069,0.8724417,1,1,High Risk,Germany,Europe,Retail,Startup,Basic,Monthly,27.98,2.0,42.3,9.6,46.0,8,30,20,1024.54,659.84
CUST_001456,0.87240624,1,1,High Risk,Canada,North America,Finance,Startup,Basic,Annual,24.16,3.0,51.7,9.1,27.0,8,42,14,614.71,325.39
CUST_016922,0.8722782,1,1,High Risk,Australia,APAC,Healthcare,Startup,Business,Monthly,207.44,3.0,56.0,17.8,7.0,7,57,10,3764.54,3109.84
CUST_006778,0.87197477,1,1,High Risk,Other,LATAM,Real Estate,Startup,Professional,Annual,99.34,5.0,51.6,11.2,19.0,1,9,17,3685.47,2843.76
CUST_019754,0.8708006,1,1,High Risk,Germany,Europe,Education,Startup,Professional,Monthly,98.81,2.0,53.9,20.6,13.0,1,13,10,2406.74,1952.47
CUST_016453,0.87063247,1,1,High Risk,USA,North America,Healthcare,Mid-Market,Business,Annual,1207.03,3.0,57.9,16.2,4.0,5,36,9,18949.89,16026.73
CUST_004684,0.8704172,1,1,High Risk,Germany,Europe,Finance,Startup,Basic,Annual,24.72,6.0,34.1,8.0,-17.0,6,28,13,632.56,371.73
CUST_006734,0.86963683,1,1,High Risk,India,APAC,Healthcare,Small Business,Business,Monthly,379.65,4.0,52.3,9.4,9.0,24,108,16,9263.17,7663.4
CUST_002720,0.8694655,1,1,High Risk,USA,North America,Real Estate,Small Business,Professional,Annual,149.31,10.0,46.5,13.1,-6.0,3,16,15,5029.97,4115.03
CUST_017850,0.86860526,1,1,High Risk,USA,North America,Technology,Mid-Market,Business,Annual,1000.71,11.0,64.8,20.3,7.0,6,24,19,33338.99,28096.36
CUST_011257,0.86793613,1,1,High Risk,Australia,APAC,Healthcare,Startup,Basic,Annual,26.09,3.0,66.6,18.0,7.0,16,54,17,714.73,410.82
CUST_017132,0.867932,1,1,High Risk,UK,Europe,Retail,Small Business,Business,Monthly,414.7,4.0,58.3,20.7,13.0,10,51,16,11011.51,9089.18
CUST_017639,0.8672199,1,1,High Risk,USA,North America,Technology,Small Business,Professional,Monthly,196.41,1.0,55.2,9.6,11.0,5,37,11,4349.54,3553.84
CUST_006995,0.8666223,1,1,High Risk,India,APAC,Education,Startup,Basic,Monthly,27.67,4.0,59.2,18.6,-34.0,11,36,24,1105.8,670.24
CUST_010681,0.8655377,1,1,High Risk,Canada,North America,Healthcare,Startup,Basic,Monthly,26.27,2.0,22.7,7.1,-25.0,2,11,17,1059.05,677.79
CUST_019951,0.86540055,1,1,High Risk,USA,North America,Technology,Mid-Market,Business,Multi-Year,675.7,4.0,62.0,18.0,22.0,2,12,18,21610.08,17760.07
CUST_008618,0.8647936,1,1,High Risk,India,APAC,Other,Small Business,Professional,Monthly,142.55,4.0,47.7,8.8,13.0,33,111,16,3191.7,2546.1
CUST_013012,0.8641215,1,1,High Risk,Canada,North America,Healthcare,Small Business,Basic,Annual,53.99,2.0,56.0,20.4,23.0,7,29,19,1863.12,1290.81
CUST_019582,0.86390257,1,1,High Risk,USA,North America,Other,Startup,Basic,Annual,23.82,4.0,45.7,19.9,11.0,6,26,15,660.67,365.5
CUST_000669,0.8626272,1,1,High Risk,USA,North America,Manufacturing,Startup,Basic,Monthly,35.99,5.0,12.2,4.6,-20.0,19,45,18,1177.41,754.16
CUST_015861,0.8619894,1,1,High Risk,Germany,Europe,Retail,Startup,Basic,Annual,31.3,6.0,40.2,5.0,-21.0,1,1,22,1478.62,930.8
CUST_011255,0.8619844,1,1,High Risk,UK,Europe,Technology,Startup,Professional,Monthly,99.03,6.0,46.1,14.1,5.0,2,12,11,2350.54,1876.75
CUST_004509,0.8618767,1,1,High Risk,Other,LATAM,Finance,Small Business,Basic,Annual,42.0,6.0,35.2,18.2,2.0,2,11,19,1640.5,1124.56
CUST_006292,0.86134017,1,1,High Risk,USA,North America,Retail,Small Business,Professional,Monthly,111.73,6.0,38.2,13.7,-61.0,2,9,22,5705.79,4641.18
CUST_015243,0.86123264,1,1,High Risk,India,APAC,Technology,Small Business,Professional,Annual,106.26,1.0,64.5,18.8,10.0,2,17,13,2961.25,2332.94
CUST_019659,0.86071265,1,1,High Risk,USA,North America,Education,Startup,Basic,Monthly,33.41,3.0,38.1,19.8,36.0,14,67,12,690.92,462.15
CUST_018962,0.8590458,1,1,High Risk,USA,North America,Education,Startup,Basic,Annual,24.9,0.0,48.3,11.7,-25.0,9,39,15,659.62,416.17
CUST_014921,0.8587575,1,1,High Risk,Canada,North America,Manufacturing,Small Business,Professional,Annual,113.13,3.0,58.4,15.4,26.0,3,16,21,5027.48,4038.97
CUST_018469,0.8584013,1,1,High Risk,USA,North America,Finance,Small Business,Business,Monthly,394.3,8.0,49.9,15.9,-28.0,21,82,16,10766.07,8888.25
CUST_001584,0.85742694,1,1,High Risk,USA,North America,Healthcare,Startup,Basic,Annual,27.4,5.0,50.9,18.6,-1.0,1,10,11,750.31,494.32
CUST_011931,0.8560354,1,1,High Risk,Australia,APAC,Technology,Mid-Market,Professional,Multi-Year,341.72,1.0,74.3,18.9,24.0,11,70,14,6322.53,5085.63
CUST_008011,0.85544926,1,1,High Risk,UK,Europe,Real Estate,Small Business,Professional,Annual,157.9,3.0,60.2,20.5,27.0,14,58,18,4499.97,3577.23
CUST_008151,0.8549343,1,1,High Risk,USA,North America,Finance,Small Business,Basic,Monthly,44.69,0.0,53.2,18.5,-15.0,4,20,16,1435.66,992.31
CUST_016624,0.85421175,1,1,High Risk,Other,MEA,Real Estate,Small Business,Business,Monthly,360.89,3.0,49.4,6.8,23.0,13,65,16,9882.78,8208.16
CUST_013002,0.8531612,1,1,High Risk,USA,North America,Manufacturing,Enterprise,Enterprise,Multi-Year,7084.98,3.0,83.0,25.3,40.0,2,16,16,227149.14,185845.91
CUST_003436,0.8531365,1,1,High Risk,UK,Europe,Real Estate,Startup,Basic,Monthly,40.36,4.0,40.3,17.0,-37.0,22,90,11,750.83,459.59
CUST_008037,0.8528094,1,0,High Risk,Canada,North America,Manufacturing,Small Business,Basic,Annual,50.85,7.0,55.2,12.5,13.0,4,25,11,985.85,669.94
CUST_017577,0.8523899,1,1,High Risk,UK,Europe,Finance,Startup,Professional,Monthly,111.0,5.0,56.0,21.1,30.0,30,107,19,3336.94,2674.1
CUST_000711,0.8515161,1,1,High Risk,UK,Europe,Healthcare,Startup,Basic,Monthly,29.12,6.0,53.3,14.2,4.0,10,52,13,684.09,431.28
CUST_005582,0.85147625,1,1,High Risk,USA,North America,Retail,Startup,Basic,Monthly,25.55,9.0,40.6,14.8,-20.0,4,20,11,575.94,372.37
CUST_002232,0.85084337,1,1,High Risk,UK,Europe,Healthcare,Startup,Professional,Monthly,78.34,4.0,38.4,7.9,24.0,3,18,10,1495.84,1142.99
CUST_013398,0.8506711,1,1,High Risk,USA,North America,Retail,Startup,Basic,Monthly,31.94,6.0,45.8,9.8,-21.0,30,70,18,885.29,562.94
CUST_017518,0.84981877,1,1,High Risk,Australia,APAC,Retail,Small Business,Business,Annual,354.09,11.0,21.9,4.8,-31.0,2,10,17,12385.35,10212.37
CUST_017428,0.84974474,1,1,High Risk,USA,North America,Manufacturing,Startup,Basic,Annual,21.53,4.0,39.4,9.2,5.0,1,7,16,822.41,523.97
CUST_018203,0.8496037,1,1,High Risk,Germany,Europe,Technology,Small Business,Professional,Monthly,173.58,1.0,68.5,19.0,2.0,5,60,9,2886.8,2319.57
CUST_015141,0.84929854,1,1,High Risk,USA,North America,Finance,Mid-Market,Enterprise,Annual,4034.77,1.0,58.3,15.4,28.0,1,9,20,170569.45,143187.03
CUST_002850,0.8492502,1,1,High Risk,Germany,Europe,Technology,Mid-Market,Business,Multi-Year,1073.84,2.0,39.8,12.6,-23.0,9,44,15,24330.26,19928.58
CUST_005192,0.8488754,1,1,High Risk,India,APAC,Healthcare,Startup,Basic,Monthly,30.0,5.0,55.7,21.6,46.0,6,24,17,981.9,628.37
CUST_002131,0.8485055,1,1,High Risk,Canada,North America,Real Estate,Startup,Basic,Multi-Year,25.22,5.0,46.9,20.1,-15.0,33,101,17,551.9,235.11
CUST_016861,0.84795934,1,1,High Risk,Australia,APAC,Real Estate,Startup,Basic,Monthly,25.44,4.0,31.5,1.8,26.0,19,56,17,741.81,373.22
CUST_018294,0.8472823,1,1,High Risk,Australia,APAC,Education,Startup,Basic,Annual,29.35,2.0,43.3,10.8,-23.0,4,22,12,701.73,436.65
CUST_007712,0.8466359,1,1,High Risk,Germany,Europe,Finance,Startup,Basic,Monthly,27.07,5.0,38.5,12.5,-24.0,21,72,15,660.8,351.78
CUST_004558,0.84586424,1,1,High Risk,Germany,Europe,Technology,Mid-Market,Enterprise,Monthly,3428.44,7.0,50.7,12.3,10.0,2,13,9,61018.76,50330.47
CUST_004885,0.84569937,1,1,High Risk,India,APAC,Retail,Startup,Professional,Annual,89.39,3.0,27.6,3.7,-36.0,3,17,13,2605.14,2055.17
CUST_009614,0.8456677,1,1,High Risk,India,APAC,Real Estate,Startup,Professional,Monthly,67.52,9.0,35.8,14.3,8.0,1,7,15,2107.77,1644.73
CUST_004971,0.8454701,1,1,High Risk,USA,North America,Other,Startup,Basic,Monthly,33.71,7.0,42.2,9.9,-23.0,3,13,15,1124.5,764.95
CUST_000215,0.8440992,1,0,High Risk,USA,North America,Finance,Startup,Professional,Annual,99.24,3.0,46.6,13.0,25.0,21,78,16,2384.81,1811.27
CUST_001958,0.8436176,1,1,High Risk,Australia,APAC,Technology,Small Business,Professional,Monthly,176.59,2.0,66.3,14.8,45.0,9,57,14,4508.86,3622.54
CUST_017038,0.8416005,1,1,High Risk,USA,North America,Healthcare,Startup,Professional,Annual,114.25,4.0,74.9,21.0,28.0,1,11,16,3788.1,2999.91
CUST_015617,0.8415733,1,1,High Risk,USA,North America,Healthcare,Startup,Business,Annual,229.56,8.0,44.5,12.0,2.0,7,39,12,4811.43,3848.09
CUST_003803,0.8411868,1,1,High Risk,India,APAC,Technology,Small Business,Professional,Monthly,119.87,4.0,56.0,17.8,16.0,1,9,16,4008.27,3155.18
CUST_006895,0.84108895,1,1,High Risk,USA,North America,Manufacturing,Startup,Basic,Monthly,33.51,3.0,68.5,22.3,-26.0,3,20,10,708.47,510.39
CUST_008703,0.84073365,1,1,High Risk,India,APAC,Healthcare,Startup,Basic,Monthly,32.02,4.0,37.9,7.6,-5.0,21,93,11,535.4,341.11
CUST_004574,0.8396784,1,1,High Risk,Other,LATAM,Technology,Small Business,Basic,Monthly,38.39,5.0,71.5,18.9,2.0,6,31,15,1066.5,716.6
CUST_009297,0.8378242,1,1,High Risk,UK,Europe,Technology,Startup,Basic,Monthly,23.99,5.0,41.7,10.5,-1.0,5,22,12,583.44,348.62
CUST_011707,0.8364492,1,1,High Risk,Australia,APAC,Healthcare,Small Business,Professional,Annual,125.3,5.0,38.0,13.8,-2.0,1,8,15,3962.01,3141.98
CUST_004059,0.8364137,1,1,High Risk,Germany,Europe,Finance,Startup,Basic,Monthly,23.64,6.0,58.1,19.6,-16.0,1,9,17,923.38,522.19
CUST_005442,0.83610666,1,1,High Risk,USA,North America,Technology,Startup,Basic,Monthly,39.88,6.0,39.2,11.6,-1.0,26,135,11,720.17,467.0
CUST_018272,0.83594596,1,1,High Risk,USA,North America,Retail,Startup,Professional,Monthly,103.76,10.0,53.8,12.8,-20.0,9,27,20,3830.9,3096.15
CUST_000028,0.83540654,1,1,High Risk,USA,North America,Education,Startup,Basic,Monthly,33.91,4.0,33.2,18.0,-35.0,10,29,20,1344.75,852.2
CUST_011510,0.8353256,1,1,High Risk,Australia,APAC,Education,Small Business,Business,Annual,495.35,5.0,35.1,6.8,-1.0,31,82,18,12430.87,10350.01
CUST_014879,0.8350977,1,1,High Risk,USA,North America,Healthcare,Startup,Basic,Monthly,29.5,3.0,33.6,11.6,12.0,31,156,13,574.94,320.89
CUST_012127,0.83494496,1,1,High Risk,Germany,Europe,Real Estate,Startup,Basic,Monthly,23.55,4.0,27.8,6.4,-21.0,1,6,18,995.89,633.53
CUST_012354,0.8348849,1,1,High Risk,Canada,North America,Manufacturing,Startup,Basic,Monthly,37.12,4.0,50.6,12.6,-10.0,12,68,9,587.01,428.93
CUST_002875,0.83295745,1,1,High Risk,USA,North America,Finance,Small Business,Business,Annual,358.89,3.0,15.4,0.0,-37.0,13,43,17,10479.25,8529.1
CUST_007719,0.83287627,1,1,High Risk,USA,North America,Other,Startup,Basic,Annual,40.12,5.0,38.9,10.5,-8.0,1,7,13,1005.64,669.49
CUST_018400,0.8325765,1,1,High Risk,Canada,North America,Other,Startup,Basic,Monthly,38.09,2.0,59.6,15.0,26.0,5,26,14,1106.76,757.33
CUST_018778,0.8322335,1,1,High Risk,UK,Europe,Technology,Small Business,Basic,Monthly,57.16,2.0,54.9,7.9,30.0,5,23,18,1829.73,1335.95
CUST_003231,0.831756,1,1,High Risk,Australia,APAC,Manufacturing,Startup,Basic,Monthly,23.56,2.0,58.9,15.1,21.0,10,44,15,672.51,373.74
CUST_006789,0.83149457,1,0,High Risk,UK,Europe,Technology,Startup,Professional,Annual,118.06,7.0,24.7,3.9,-26.0,11,47,15,2842.77,2219.79
CUST_004744,0.83065623,1,1,High Risk,UK,Europe,Healthcare,Small Business,Basic,Annual,45.18,5.0,60.2,12.7,30.0,21,99,10,664.68,429.46
CUST_002528,0.8294628,1,1,High Risk,USA,North America,Technology,Small Business,Professional,Monthly,140.96,3.0,64.4,14.0,37.0,34,145,15,3010.03,2346.03
CUST_009019,0.82851684,1,0,High Risk,Other,LATAM,Other,Startup,Basic,Monthly,32.91,4.0,18.2,1.1,-68.0,9,32,16,1019.26,683.54
CUST_004479,0.82767636,1,1,High Risk,Germany,Europe,Manufacturing,Small Business,Professional,Annual,122.67,4.0,49.5,24.1,-2.0,11,49,15,2930.42,2314.51
CUST_015431,0.8273143,1,0,High Risk,UK,Europe,Finance,Small Business,Basic,Annual,42.11,6.0,41.1,11.7,-18.0,1,8,16,1513.07,1065.9
CUST_019717,0.82695603,1,0,High Risk,UK,Europe,Manufacturing,Startup,Professional,Monthly,79.76,7.0,43.5,10.4,25.0,4,18,16,2685.02,2109.82
CUST_016107,0.82674,1,1,High Risk,Other,LATAM,Education,Startup,Basic,Monthly,30.01,1.0,74.4,19.7,38.0,5,24,16,1008.07,740.9
CUST_013819,0.8264088,1,1,High Risk,India,APAC,Manufacturing,Small Business,Basic,Monthly,69.93,4.0,63.1,29.6,2.0,26,95,16,1735.62,1229.4
CUST_006046,0.8258678,1,1,High Risk,USA,North America,Real Estate,Small Business,Basic,Multi-Year,46.9,1.0,67.8,12.8,38.0,27,76,20,1284.01,804.18
CUST_018705,0.8257364,1,0,High Risk,USA,North America,Retail,Small Business,Professional,Monthly,121.44,5.0,57.0,19.3,-26.0,16,66,15,2992.32,2357.79
CUST_007750,0.82558805,1,1,High Risk,UK,Europe,Other,Startup,Professional,Monthly,83.83,4.0,56.3,16.3,10.0,24,115,15,1977.61,1523.17
CUST_002782,0.82467943,1,1,High Risk,Other,MEA,Retail,Startup,Basic,Monthly,22.57,3.0,43.2,11.6,17.0,1,9,13,695.25,399.18
CUST_007136,0.82380795,1,0,High Risk,UK,Europe,Finance,Small Business,Professional,Monthly,119.41,8.0,56.0,10.8,-31.0,3,16,15,3538.91,2779.88
CUST_003914,0.8236909,1,1,High Risk,USA,North America,Technology,Startup,Professional,Monthly,99.28,2.0,54.5,14.1,19.0,1,9,15,3469.19,2795.62
CUST_012441,0.8232305,1,1,High Risk,UK,Europe,Healthcare,Startup,Basic,Annual,36.83,3.0,43.4,9.6,11.0,10,34,17,1129.88,725.88
CUST_006774,0.8230599,1,0,High Risk,USA,North America,Manufacturing,Startup,Professional,Monthly,98.68,1.0,46.6,10.3,19.0,15,47,18,3080.64,2431.31
CUST_001104,0.82262194,1,1,High Risk,UK,Europe,Finance,Startup,Basic,Annual,28.09,6.0,32.7,12.3,-32.0,1,5,13,752.91,493.4
CUST_010836,0.8216093,1,1,High Risk,Other,LATAM,Manufacturing,Mid-Market,Business,Monthly,1056.52,3.0,41.6,8.5,-14.0,11,45,18,29820.47,24795.3
CUST_014920,0.8213961,1,1,High Risk,USA,North America,Healthcare,Startup,Professional,Monthly,100.94,2.0,48.2,7.6,32.0,7,30,16,2974.59,2341.41
CUST_012511,0.8209858,1,1,High Risk,Germany,Europe,Manufacturing,Startup,Professional,Monthly,73.14,7.0,24.6,2.2,-23.0,1,7,14,2018.37,1483.53
CUST_001272,0.82072973,1,1,High Risk,Canada,North America,Healthcare,Small Business,Professional,Annual,158.76,5.0,42.0,10.1,-20.0,6,21,17,5262.21,4149.06
CUST_017015,0.8204804,1,1,High Risk,USA,North America,Real Estate,Startup,Basic,Monthly,28.13,4.0,40.9,14.5,-13.0,1,10,10,724.16,497.77
CUST_006648,0.8202374,1,1,High Risk,Other,MEA,Retail,Startup,Professional,Monthly,68.02,3.0,49.1,13.4,-13.0,8,29,16,2192.89,1636.1
CUST_014118,0.8200597,1,1,High Risk,Other,LATAM,Finance,Startup,Professional,Monthly,83.73,3.0,53.5,13.5,25.0,1,11,9,1669.84,1315.01
CUST_018802,0.8196181,1,1,High Risk,USA,North America,Healthcare,Small Business,Professional,Annual,146.27,5.0,38.1,18.6,11.0,15,59,15,3444.45,2732.49
CUST_003207,0.8175129,1,1,High Risk,Australia,APAC,Retail,Enterprise,Enterprise,Annual,7642.68,2.0,75.1,22.8,9.0,6,36,16,216571.26,181063.45
CUST_013898,0.81689274,1,1,High Risk,USA,North America,Healthcare,Mid-Market,Basic,Monthly,87.88,2.0,82.0,27.0,31.0,1,14,21,4093.5,3311.55
CUST_009410,0.81626695,1,1,High Risk,India,APAC,Technology,Startup,Basic,Monthly,28.48,3.0,24.7,11.8,33.0,24,72,19,833.65,452.12
CUST_011115,0.8155153,1,0,High Risk,USA,North America,Finance,Mid-Market,Professional,Annual,527.7,4.0,48.6,16.6,10.0,3,16,16,16226.24,13491.99
CUST_010276,0.8153585,1,1,High Risk,Australia,APAC,Manufacturing,Startup,Professional,Monthly,82.26,2.0,54.6,19.2,19.0,9,55,11,1699.94,1335.11
CUST_015376,0.8146779,1,1,High Risk,USA,North America,Other,Small Business,Professional,Monthly,177.01,3.0,45.0,9.9,16.0,4,17,17,5824.37,4735.34
CUST_015214,0.8146324,1,1,High Risk,USA,North America,Manufacturing,Startup,Business,Monthly,216.73,5.0,32.0,0.0,-44.0,12,42,15,5507.33,4570.37
CUST_001814,0.8131272,1,1,High Risk,Germany,Europe,Technology,Small Business,Professional,Annual,190.36,3.0,55.4,15.8,-1.0,28,74,20,5852.35,4658.73
CUST_016725,0.81309164,1,1,High Risk,USA,North America,Technology,Startup,Professional,Monthly,82.9,9.0,31.0,10.2,-51.0,5,18,17,2881.6,2246.84
CUST_003887,0.8128157,1,1,High Risk,India,APAC,Other,Startup,Professional,Monthly,81.7,4.0,66.4,17.9,16.0,9,45,12,1839.46,1418.78
CUST_019571,0.81220984,1,1,High Risk,Germany,Europe,Education,Small Business,Basic,Annual,52.75,9.0,40.2,9.3,-32.0,1,8,11,1337.87,1003.68
CUST_017086,0.81146336,1,1,High Risk,USA,North America,Other,Startup,Basic,Monthly,37.95,6.0,41.3,9.7,-30.0,5,19,16,1197.02,805.33
CUST_018914,0.811449,1,0,High Risk,Germany,Europe,Technology,Startup,Professional,Monthly,89.03,6.0,43.1,8.5,-45.0,8,32,16,2609.82,2045.04
CUST_006957,0.8113996,1,0,High Risk,USA,North America,Finance,Small Business,Professional,Annual,149.21,3.0,49.1,9.5,-9.0,8,43,12,2981.04,2401.6
CUST_004282,0.8104207,1,1,High Risk,USA,North America,Technology,Small Business,Basic,Multi-Year,44.11,3.0,46.7,11.2,5.0,22,65,18,1130.65,743.0
CUST_017027,0.8086686,1,1,High Risk,USA,North America,Retail,Startup,Basic,Annual,42.09,7.0,36.2,9.2,15.0,5,19,16,1345.35,920.86
CUST_010703,0.8080405,1,1,High Risk,Germany,Europe,Retail,Startup,Business,Monthly,270.04,5.0,59.5,21.5,11.0,1,8,19,11305.45,9363.9
CUST_011058,0.8077732,1,1,High Risk,UK,Europe,Other,Startup,Basic,Annual,39.98,3.0,56.6,13.9,26.0,24,88,16,876.92,499.63
CUST_018000,0.8074921,1,1,High Risk,USA,North America,Manufacturing,Startup,Professional,Monthly,103.24,5.0,25.3,8.1,-30.0,9,44,11,2086.42,1589.31
CUST_004642,0.8072811,1,1,High Risk,UK,Europe,Retail,Startup,Professional,Monthly,118.91,4.0,46.3,14.8,3.0,4,17,17,4189.78,3335.48
CUST_011535,0.8060133,1,1,High Risk,USA,North America,Other,Startup,Basic,Annual,27.36,7.0,30.6,9.8,8.0,4,15,17,968.41,607.96
CUST_019819,0.80393237,1,1,High Risk,Canada,North America,Education,Startup,Basic,Monthly,26.97,3.0,17.9,4.3,1.0,5,21,17,870.97,507.14
CUST_002133,0.803559,1,0,High Risk,USA,North America,Technology,Startup,Professional,Monthly,104.12,5.0,52.0,14.4,-3.0,12,53,14,2584.25,1999.32
CUST_008754,0.80322516,1,1,High Risk,UK,Europe,Retail,Startup,Basic,Annual,24.47,6.0,41.4,16.1,-6.0,1,3,13,693.37,395.1
CUST_000881,0.8027473,1,1,High Risk,Germany,Europe,Manufacturing,Small Business,Business,Annual,567.98,4.0,63.5,15.4,27.0,8,39,15,14491.42,11941.25
CUST_011657,0.8021516,1,1,High Risk,Germany,Europe,Other,Startup,Basic,Monthly,29.07,2.0,36.5,13.8,7.0,1,4,17,1145.17,764.77
CUST_008681,0.8005068,1,0,High Risk,USA,North America,Technology,Small Business,Professional,Annual,159.24,5.0,56.0,17.1,20.0,5,22,17,5221.03,4212.19
CUST_016177,0.7997663,1,1,High Risk,USA,North America,Healthcare,Small Business,Basic,Annual,56.15,3.0,22.2,8.0,-49.0,14,45,17,1434.97,974.78
CUST_012882,0.79839396,1,0,High Risk,USA,North America,Retail,Small Business,Basic,Annual,44.88,4.0,43.2,17.5,-18.0,11,46,15,1068.15,688.49
CUST_011217,0.7978525,1,1,High Risk,Australia,APAC,Finance,Startup,Business,Monthly,201.73,7.0,32.4,3.8,-14.0,8,47,9,3050.42,2516.27
CUST_008581,0.7975185,1,1,High Risk,USA,North America,Technology,Startup,Professional,Monthly,69.04,5.0,39.4,15.2,6.0,6,22,17,2368.01,1824.24
CUST_006045,0.79741323,1,1,High Risk,USA,North America,Technology,Small Business,Professional,Monthly,125.38,0.0,67.8,28.6,2.0,6,26,16,4061.5,3269.42
CUST_011126,0.797083,1,1,High Risk,Germany,Europe,Healthcare,Small Business,Business,Monthly,298.59,6.0,38.6,7.2,-14.0,4,23,8,4325.39,3537.06
CUST_002938,0.7963385,1,0,High Risk,Other,MEA,Retail,Startup,Basic,Monthly,30.34,4.0,61.6,24.3,-1.0,2,12,14,980.04,655.05
CUST_012284,0.7958555,1,0,High Risk,USA,North America,Education,Startup,Professional,Monthly,116.66,3.0,65.9,24.3,27.0,19,110,10,1871.98,1418.99
CUST_004402,0.79558766,1,1,High Risk,USA,North America,Technology,Startup,Professional,Monthly,96.99,5.0,49.9,9.8,-9.0,21,91,13,2067.4,1538.33
CUST_003192,0.7950329,1,1,High Risk,USA,North America,Real Estate,Startup,Basic,Annual,30.18,5.0,48.5,6.9,6.0,2,10,14,900.86,593.97
CUST_018039,0.7948295,1,1,High Risk,Germany,Europe,Retail,Mid-Market,Business,Annual,1143.97,4.0,50.7,18.6,22.0,8,32,18,36529.96,30629.28
CUST_019181,0.7943204,1,0,High Risk,UK,Europe,Real Estate,Startup,Basic,Monthly,31.59,6.0,42.5,7.9,8.0,20,65,18,860.79,522.19
CUST_008336,0.79402137,1,1,High Risk,Canada,North America,Technology,Small Business,Business,Annual,445.97,3.0,58.6,14.4,11.0,2,12,13,12574.88,10447.31
CUST_002419,0.7917371,1,0,High Risk,Canada,North America,Finance,Small Business,Basic,Annual,46.47,3.0,47.2,16.3,2.0,16,53,19,1411.59,894.75
CUST_011579,0.7911645,1,1,High Risk,USA,North America,Retail,Mid-Market,Business,Annual,983.37,3.0,75.4,23.5,15.0,5,37,12,21157.95,17838.75
CUST_015134,0.7906788,1,0,High Risk,UK,Europe,Finance,Startup,Basic,Monthly,25.33,6.0,31.1,7.2,-4.0,6,30,12,622.77,362.33
CUST_009300,0.7897073,1,0,High Risk,Other,LATAM,Finance,Startup,Basic,Monthly,25.47,5.0,55.1,22.6,-23.0,20,68,18,789.61,449.75
CUST_014871,0.7885508,1,1,High Risk,Germany,Europe,Other,Startup,Professional,Annual,92.49,3.0,63.5,17.7,43.0,15,65,14,1955.25,1482.98
CUST_019464,0.7880734,1,1,High Risk,USA,North America,Technology,Small Business,Professional,Annual,167.16,6.0,72.1,21.4,-2.0,4,18,16,5065.3,4107.23
CUST_009930,0.787887,1,1,High Risk,USA,North America,Technology,Small Business,Professional,Annual,139.69,5.0,24.4,5.0,-25.0,4,17,15,3884.69,3108.16
CUST_012316,0.7876559,1,1,High Risk,UK,Europe,Real Estate,Startup,Basic,Monthly,42.57,4.0,37.6,14.0,-45.0,15,59,15,1023.4,664.98
CUST_019189,0.78750145,1,1,High Risk,Germany,Europe,Manufacturing,Startup,Basic,Monthly,47.03,4.0,21.8,3.5,-33.0,8,33,14,1210.74,833.12
CUST_014659,0.7862763,1,1,High Risk,Australia,APAC,Manufacturing,Small Business,Professional,Multi-Year,172.81,7.0,43.9,11.9,-15.0,1,8,20,6926.99,5499.49
CUST_005458,0.7849451,1,1,High Risk,Germany,Europe,Healthcare,Startup,Basic,Annual,31.73,6.0,49.0,8.0,-18.0,1,2,16,1191.23,790.38
CUST_019768,0.78487724,1,0,High Risk,Canada,North America,Retail,Startup,Professional,Monthly,113.57,6.0,46.2,12.7,-12.0,6,24,16,3222.73,2484.15
CUST_017224,0.78366745,1,1,High Risk,Australia,APAC,Healthcare,Startup,Basic,Monthly,30.82,8.0,45.1,15.4,-6.0,1,8,16,1088.38,752.73
CUST_018509,0.78327936,1,0,High Risk,Canada,North America,Finance,Startup,Basic,Annual,39.02,2.0,54.4,20.1,1.0,15,50,18,1073.85,674.03
CUST_016115,0.7823831,1,0,High Risk,Australia,APAC,Other,Mid-Market,Enterprise,Annual,4016.12,4.0,41.6,16.3,15.0,3,16,17,129556.28,109685.93
CUST_005743,0.7818086,1,1,High Risk,USA,North America,Real Estate,Startup,Basic,Monthly,44.0,8.0,25.2,5.8,-25.0,1,5,13,1335.63,962.82
CUST_015254,0.78112185,1,1,High Risk,India,APAC,Retail,Startup,Professional,Monthly,97.23,5.0,34.8,9.7,13.0,9,29,17,3103.96,2369.11
CUST_016238,0.7807826,1,1,High Risk,India,APAC,Education,Small Business,Professional,Monthly,158.91,2.0,39.9,8.9,27.0,14,52,15,4061.98,3175.7
CUST_008101,0.78021646,1,1,High Risk,India,APAC,Retail,Small Business,Professional,Monthly,90.04,1.0,53.0,11.9,2.0,1,10,14,2985.27,2371.38
CUST_014911,0.7796032,1,1,High Risk,UK,Europe,Healthcare,Small Business,Basic,Annual,60.36,5.0,53.7,23.3,57.0,12,41,18,1768.38,1249.07
CUST_000157,0.77885777,1,1,High Risk,Germany,Europe,Finance,Small Business,Professional,Annual,178.38,4.0,47.3,14.8,-7.0,6,29,12,3950.61,3205.04
CUST_004395,0.77624214,1,1,High Risk,USA,North America,Manufacturing,Startup,Professional,Monthly,77.74,4.0,29.8,11.8,5.0,4,17,15,2130.61,1634.76
CUST_002077,0.776021,1,0,High Risk,India,APAC,Healthcare,Small Business,Business,Monthly,409.64,6.0,63.1,19.6,-22.0,14,47,18,12401.3,10445.6
CUST_009616,0.77570915,1,1,High Risk,Other,MEA,Manufacturing,Startup,Basic,Monthly,28.46,7.0,38.5,14.9,-0.0,8,37,12,650.56,386.12
CUST_005852,0.7743316,1,1,High Risk,USA,North America,Finance,Small Business,Professional,Annual,165.65,2.0,52.4,6.1,-18.0,4,20,14,4314.66,3475.37
CUST_018671,0.7740681,1,1,High Risk,Germany,Europe,Finance,Small Business,Professional,Monthly,146.61,3.0,42.8,6.0,20.0,1,6,15,4919.88,3930.45
CUST_018297,0.7733772,1,1,High Risk,India,APAC,Finance,Small Business,Professional,Monthly,189.46,5.0,26.3,4.9,5.0,1,7,17,7423.85,6113.29
CUST_009536,0.77334136,1,1,High Risk,Australia,APAC,Technology,Mid-Market,Professional,Annual,364.38,0.0,76.3,23.7,38.0,9,70,12,7652.3,6273.95
CUST_013042,0.7731562,1,1,High Risk,India,APAC,Technology,Small Business,Professional,Annual,125.96,4.0,59.4,24.3,36.0,2,12,13,3526.31,2839.67
CUST_016412,0.77281225,1,0,High Risk,USA,North America,Other,Startup,Professional,Annual,85.01,3.0,66.1,22.6,20.0,7,36,13,1817.57,1380.03
CUST_010964,0.77281094,1,1,High Risk,UK,Europe,Manufacturing,Startup,Basic,Monthly,23.1,7.0,32.9,14.9,-31.0,3,13,15,715.47,434.8
CUST_011710,0.77266777,1,1,High Risk,USA,North America,Education,Startup,Basic,Monthly,29.03,2.0,58.5,11.5,-9.0,4,17,17,927.79,562.95
CUST_017940,0.77245593,1,1,High Risk,Germany,Europe,Retail,Startup,Professional,Monthly,98.93,9.0,46.0,15.5,-15.0,9,34,15,2631.65,2078.63
CUST_019294,0.77159125,1,0,High Risk,USA,North America,Healthcare,Startup,Professional,Monthly,86.12,5.0,21.9,4.4,11.0,2,9,18,3544.99,2833.36
CUST_005512,0.7715403,1,1,High Risk,Australia,APAC,Real Estate,Small Business,Professional,Monthly,178.91,4.0,72.1,20.5,23.0,3,25,11,4080.77,3361.18
CUST_001615,0.7709834,1,1,High Risk,USA,North America,Technology,Startup,Basic,Monthly,31.38,1.0,43.1,9.1,14.0,8,38,14,807.76,539.06
CUST_014090,0.77012086,1,0,High Risk,USA,North America,Education,Startup,Professional,Monthly,86.6,6.0,43.1,12.8,-25.0,1,7,19,3872.74,3035.34
CUST_016792,0.76996696,1,1,High Risk,Canada,North America,Retail,Startup,Basic,Annual,24.17,6.0,58.7,15.2,7.0,1,5,19,948.25,577.28
CUST_008427,0.7686178,1,1,High Risk,USA,North America,Other,Small Business,Basic,Annual,44.04,2.0,38.3,8.0,30.0,1,8,12,1163.1,850.58
CUST_018407,0.7684835,1,1,High Risk,India,APAC,Technology,Small Business,Business,Multi-Year,331.28,6.0,61.3,18.2,-13.0,4,19,14,8582.13,6941.6
CUST_017613,0.768454,1,1,High Risk,Other,MEA,Education,Startup,Basic,Monthly,22.17,7.0,48.9,12.4,-8.0,17,51,18,675.92,359.47
CUST_001059,0.7673084,1,1,High Risk,Canada,North America,Real Estate,Startup,Basic,Monthly,25.06,3.0,44.0,21.6,23.0,9,42,13,601.22,294.7
CUST_001988,0.76649874,1,1,High Risk,USA,North America,Technology,Small Business,Business,Annual,435.26,5.0,43.3,8.4,-4.0,15,80,10,7073.94,5890.68
CUST_003889,0.7662973,1,1,High Risk,UK,Europe,Retail,Startup,Professional,Annual,82.66,6.0,51.4,11.8,22.0,16,56,16,2276.76,1728.58
CUST_012772,0.7653951,1,1,High Risk,USA,North America,Real Estate,Startup,Basic,Monthly,29.25,1.0,40.8,16.0,26.0,24,79,21,938.33,552.13
CUST_012173,0.76414764,1,1,High Risk,Australia,APAC,Education,Startup,Basic,Annual,26.91,6.0,19.1,16.6,-30.0,1,4,14,791.36,512.08
CUST_005595,0.7633756,1,1,High Risk,Germany,Europe,Manufacturing,Small Business,Professional,Annual,190.77,2.0,53.2,11.0,18.0,13,67,12,3980.29,3184.35
CUST_015534,0.76233643,1,1,High Risk,UK,Europe,Technology,Startup,Professional,Annual,59.7,8.0,42.4,13.2,-9.0,20,91,11,1084.92,785.25
CUST_013872,0.76179004,1,1,High Risk,USA,North America,Real Estate,Small Business,Business,Monthly,400.58,8.0,30.9,13.1,-22.0,9,29,15,10487.05,8681.76
CUST_007517,0.76038593,1,1,High Risk,Other,LATAM,Finance,Mid-Market,Business,Multi-Year,1254.13,5.0,42.0,10.2,-17.0,21,106,16,24576.41,19762.14
CUST_002106,0.7575833,1,1,High Risk,Canada,North America,Manufacturing,Startup,Basic,Annual,27.61,10.0,43.9,13.4,-8.0,4,14,14,758.37,443.77
CUST_009990,0.7531824,1,1,High Risk,USA,North America,Retail,Small Business,Basic,Annual,49.46,4.0,62.1,27.6,-12.0,14,50,17,1373.83,946.8
CUST_012404,0.75318104,1,1,High Risk,USA,North America,Finance,Small Business,Professional,Annual,133.93,5.0,31.8,3.8,-27.0,1,6,17,4849.9,3860.74
CUST_016619,0.7498292,1,1,High Risk,UK,Europe,Manufacturing,Startup,Basic,Monthly,28.53,6.0,67.1,26.7,-21.0,2,10,16,1080.88,694.91
CUST_019281,0.7488427,1,0,High Risk,USA,North America,Healthcare,Startup,Professional,Monthly,99.59,6.0,54.3,15.2,22.0,1,8,19,4314.53,3456.66
CUST_004371,0.7482535,1,0,High Risk,Germany,Europe,Healthcare,Startup,Basic,Monthly,33.2,1.0,56.0,15.2,31.0,16,81,12,653.84,424.1
CUST_009854,0.7475655,1,1,High Risk,USA,North America,Healthcare,Startup,Basic,Monthly,24.65,1.0,47.9,21.8,45.0,4,23,12,593.75,329.79
CUST_015983,0.7474933,1,0,High Risk,Australia,APAC,Technology,Startup,Basic,Monthly,30.07,0.0,62.8,21.2,29.0,9,34,17,983.59,674.04
CUST_004761,0.746997,1,1,High Risk,India,APAC,Education,Startup,Professional,Annual,64.99,8.0,46.1,9.7,14.0,1,8,16,2300.77,1737.14
CUST_017543,0.7469578,1,1,High Risk,Germany,Europe,Other,Startup,Professional,Monthly,128.2,6.0,33.0,11.5,-21.0,1,5,19,5239.56,4182.61
CUST_005193,0.7464792,1,1,High Risk,Other,LATAM,Education,Startup,Basic,Monthly,28.58,4.0,35.1,5.7,4.0,2,8,19,1106.92,694.46
CUST_003884,0.7447275,1,1,High Risk,UK,Europe,Technology,Startup,Professional,Monthly,71.11,3.0,26.8,9.4,-15.0,3,17,11,1581.89,1173.54
CUST_011487,0.74222004,1,1,High Risk,UK,Europe,Other,Startup,Basic,Monthly,34.32,6.0,41.0,12.0,-21.0,16,47,16,967.61,621.05
CUST_003838,0.7416451,1,1,High Risk,USA,North America,Technology,Mid-Market,Professional,Multi-Year,386.47,0.0,73.5,22.2,52.0,2,16,14,9785.18,8018.99
CUST_009768,0.74146897,1,1,High Risk,USA,North America,Technology,Mid-Market,Business,Annual,930.0,2.0,68.0,22.3,25.0,1,11,13,26436.31,22141.94
CUST_019010,0.7414142,1,0,High Risk,USA,North America,Other,Small Business,Basic,Annual,47.78,4.0,77.9,22.3,20.0,6,29,15,1221.65,858.06
CUST_019356,0.74114275,1,1,High Risk,USA,North America,Technology,Small Business,Professional,Monthly,196.83,1.0,59.4,19.1,27.0,7,26,21,7905.31,6584.35
CUST_000987,0.738927,1,1,High Risk,USA,North America,Finance,Small Business,Business,Monthly,338.72,3.0,66.7,17.8,19.0,15,46,19,10652.11,8743.0
CUST_012355,0.73686224,1,0,High Risk,UK,Europe,Other,Small Business,Basic,Annual,44.72,5.0,45.6,16.4,2.0,22,89,14,960.94,614.22
CUST_013277,0.7366502,1,1,High Risk,USA,North America,Manufacturing,Mid-Market,Enterprise,Monthly,3864.67,3.0,56.5,8.8,23.0,8,34,14,100975.44,85614.0
CUST_001461,0.7363197,1,1,High Risk,USA,North America,Healthcare,Small Business,Professional,Monthly,140.88,3.0,44.1,16.1,-14.0,9,35,14,3563.38,2784.38
CUST_013522,0.7361821,1,1,High Risk,Other,MEA,Manufacturing,Small Business,Basic,Monthly,52.08,3.0,31.4,6.4,11.0,26,121,11,834.55,552.0
CUST_005323,0.7357573,1,1,High Risk,UK,Europe,Finance,Small Business,Professional,Monthly,166.9,4.0,35.9,12.1,-6.0,1,5,14,5112.0,4145.24
CUST_014789,0.734549,1,0,High Risk,UK,Europe,Technology,Startup,Professional,Annual,76.39,4.0,37.4,15.5,-5.0,2,15,9,1360.43,1010.41
CUST_016157,0.7329988,1,1,High Risk,UK,Europe,Retail,Small Business,Professional,Monthly,149.4,6.0,44.4,10.8,8.0,29,104,18,3837.5,3077.18
CUST_011625,0.73272485,1,0,High Risk,Australia,APAC,Retail,Startup,Professional,Annual,82.97,2.0,29.6,7.8,12.0,29,101,17,1835.09,1314.58
CUST_017841,0.7324136,1,1,High Risk,USA,North America,Education,Enterprise,Enterprise,Annual,12390.16,2.0,53.5,12.4,11.0,34,125,11,170190.84,142498.28
CUST_001594,0.7319479,1,1,High Risk,Canada,North America,Real Estate,Small Business,Professional,Annual,202.0,1.0,37.0,15.2,9.0,7,29,14,5275.11,4164.68
CUST_000862,0.7307806,1,1,High Risk,UK,Europe,Healthcare,Small Business,Professional,Multi-Year,97.15,4.0,45.5,18.1,-10.0,12,45,18,2773.29,2078.36
CUST_010565,0.7303675,1,1,High Risk,USA,North America,Real Estate,Small Business,Professional,Annual,125.98,2.0,50.8,12.6,-24.0,7,60,8,1697.16,1282.0
CUST_006556,0.7301262,1,1,High Risk,USA,North America,Healthcare,Mid-Market,Enterprise,Monthly,4590.32,2.0,56.2,13.9,-16.0,17,76,15,114490.67,97417.17
CUST_014477,0.7293601,1,1,High Risk,USA,North America,Retail,Startup,Basic,Monthly,29.23,4.0,59.7,18.7,11.0,1,8,17,1125.52,809.49
CUST_003586,0.7289531,1,0,High Risk,USA,North America,Technology,Small Business,Professional,Monthly,153.06,6.0,49.6,11.1,3.0,14,82,10,2644.98,2112.53
CUST_017402,0.72861284,1,1,High Risk,India,APAC,Finance,Startup,Professional,Annual,68.35,4.0,60.0,17.2,9.0,29,128,14,1319.68,967.17
CUST_010853,0.7279399,1,0,High Risk,UK,Europe,Technology,Startup,Basic,Monthly,29.19,5.0,58.3,17.7,5.0,5,26,13,721.25,468.13
CUST_009117,0.7274899,1,1,High Risk,Australia,APAC,Technology,Startup,Professional,Monthly,103.81,9.0,37.6,7.6,-14.0,1,5,13,3097.32,2430.29
CUST_016954,0.72618896,1,1,High Risk,Canada,North America,Other,Startup,Basic,Monthly,35.48,6.0,51.2,8.7,-5.0,1,7,16,1198.07,804.72
CUST_016016,0.72247285,1,1,High Risk,UK,Europe,Education,Enterprise,Enterprise,Annual,8075.01,0.0,88.3,20.2,70.0,1,15,14,207298.46,170149.41
CUST_016457,0.7220776,1,1,High Risk,USA,North America,Other,Small Business,Business,Annual,482.4,4.0,72.2,14.5,32.0,6,32,13,11584.15,9692.51
CUST_007585,0.72107255,1,1,High Risk,Germany,Europe,Healthcare,Small Business,Professional,Annual,145.36,2.0,51.8,14.3,-25.0,8,25,21,5141.4,4047.39
CUST_014586,0.7210401,1,1,High Risk,UK,Europe,Finance,Startup,Basic,Annual,28.75,4.0,54.8,18.4,-3.0,1,9,13,831.18,532.45
CUST_004067,0.7207459,1,1,High Risk,Other,LATAM,Technology,Startup,Professional,Monthly,103.65,5.0,41.6,11.4,9.0,1,5,16,3740.49,2955.43
CUST_008351,0.7205706,1,1,High Risk,India,APAC,Finance,Small Business,Basic,Monthly,59.38,2.0,52.1,21.8,31.0,30,90,17,1482.45,1012.53
CUST_016286,0.7183287,1,1,High Risk,USA,North America,Education,Small Business,Professional,Annual,101.24,5.0,16.6,3.2,-34.0,1,7,13,2800.93,2195.47
CUST_000134,0.7178901,1,1,High Risk,USA,North America,Other,Startup,Basic,Monthly,42.5,2.0,61.2,6.2,26.0,2,14,11,927.48,634.85
CUST_013140,0.7176952,1,1,High Risk,Australia,APAC,Other,Mid-Market,Business,Multi-Year,1168.88,8.0,51.0,16.1,-14.0,2,9,19,39068.05,31425.58
CUST_003846,0.7169209,1,1,High Risk,USA,North America,Education,Startup,Professional,Annual,102.17,4.0,80.0,23.5,36.0,1,6,24,4991.84,3871.17
CUST_013448,0.71639633,1,1,High Risk,USA,North America,Retail,Mid-Market,Enterprise,Annual,4076.17,4.0,67.4,14.0,7.0,4,18,11,79015.42,65808.62
CUST_007959,0.7153395,1,1,High Risk,USA,North America,Retail,Startup,Basic,Annual,29.96,7.0,56.0,18.6,-37.0,31,90,18,701.11,300.95
CUST_004079,0.71481997,1,1,High Risk,USA,North America,Technology,Startup,Basic,Monthly,25.85,8.0,42.5,10.6,-28.0,22,100,9,392.24,245.69
CUST_014576,0.71447074,1,1,High Risk,USA,North America,Technology,Small Business,Basic,Monthly,36.57,4.0,22.5,4.9,-3.0,1,6,15,1258.56,911.48
CUST_019694,0.71428007,1,0,High Risk,UK,Europe,Healthcare,Startup,Professional,Monthly,101.34,4.0,47.5,17.3,13.0,7,29,14,2713.97,2157.65
CUST_011057,0.7136263,1,1,High Risk,Canada,North America,Healthcare,Small Business,Professional,Monthly,163.79,1.0,82.4,23.1,26.0,2,16,13,4822.9,3896.14
CUST_019886,0.7128502,1,0,High Risk,UK,Europe,Healthcare,Startup,Basic,Annual,35.95,3.0,18.8,10.8,11.0,1,5,14,1077.2,753.99
CUST_004267,0.7099043,1,0,High Risk,UK,Europe,Retail,Small Business,Basic,Monthly,52.94,3.0,44.2,5.9,23.0,29,103,17,1323.87,912.86
CUST_008091,0.7078682,1,0,High Risk,USA,North America,Other,Startup,Professional,Annual,76.57,4.0,10.6,0.0,-15.0,14,43,19,2316.48,1757.59
CUST_009219,0.7059927,1,1,High Risk,UK,Europe,Finance,Startup,Professional,Monthly,118.81,5.0,42.9,13.7,-12.0,26,102,12,2401.93,1910.45
CUST_003965,0.70569247,1,1,High Risk,UK,Europe,Real Estate,Small Business,Enterprise,Monthly,1422.81,5.0,38.0,11.9,-48.0,5,22,13,35693.48,30316.62
CUST_004778,0.70547956,1,0,High Risk,Other,LATAM,Retail,Small Business,Professional,Monthly,166.0,6.0,21.9,4.7,-27.0,21,105,12,2998.53,2442.32
CUST_009907,0.7038593,1,0,High Risk,USA,North America,Manufacturing,Startup,Business,Monthly,197.41,5.0,53.2,8.3,-22.0,35,126,16,4164.59,3404.11
CUST_010766,0.70309085,1,1,High Risk,Germany,Europe,Retail,Small Business,Professional,Monthly,158.66,3.0,58.7,13.9,11.0,10,37,16,4626.09,3811.7
CUST_004153,0.7021186,1,1,High Risk,Canada,North America,Retail,Small Business,Business,Annual,477.42,3.0,49.3,8.8,9.0,17,68,14,10373.64,8605.59
CUST_005208,0.7012225,1,1,High Risk,Germany,Europe,Finance,Small Business,Business,Monthly,620.34,3.0,45.2,16.2,1.0,3,16,12,14797.0,12579.77
CUST_016810,0.7008959,1,1,High Risk,Other,MEA,Healthcare,Small Business,Basic,Multi-Year,42.95,4.0,56.0,20.3,-22.0,8,28,15,1053.81,680.95
CUST_019591,0.70088094,1,0,High Risk,USA,North America,Retail,Startup,Basic,Monthly,31.46,6.0,49.5,13.0,-14.0,25,96,15,749.02,467.44
CUST_017844,0.70032144,1,1,High Risk,USA,North America,Other,Startup,Basic,Monthly,24.36,5.0,35.4,17.9,11.0,1,3,17,994.18,592.09
CUST_016455,0.6994994,1,1,High Risk,Canada,North America,Real Estate,Small Business,Business,Annual,418.09,6.0,63.9,20.8,17.0,1,10,11,9852.1,8296.35
CUST_019227,0.6994195,1,1,High Risk,Germany,Europe,Other,Small Business,Professional,Annual,184.58,6.0,64.3,25.6,-17.0,13,54,14,4178.94,3356.75
CUST_006008,0.69916445,1,0,High Risk,Australia,APAC,Technology,Startup,Basic,Monthly,34.1,8.0,37.1,3.4,-13.0,9,43,13,835.05,579.46
CUST_016560,0.69915265,1,0,High Risk,India,APAC,Technology,Startup,Professional,Monthly,79.37,3.0,46.8,7.1,29.0,35,121,9,993.67,751.55
CUST_004659,0.6989982,1,1,High Risk,India,APAC,Retail,Startup,Basic,Monthly,29.74,2.0,50.2,12.3,31.0,7,39,11,573.58,392.66
CUST_002754,0.69854236,1,1,High Risk,USA,North America,Technology,Enterprise,Enterprise,Monthly,8719.71,4.0,65.5,20.4,8.0,2,12,15,285621.26,240846.04
CUST_008372,0.6984392,1,0,High Risk,USA,North America,Technology,Startup,Professional,Monthly,88.39,3.0,46.3,12.0,47.0,16,48,19,3045.07,2379.04
CUST_018167,0.6981388,1,0,High Risk,UK,Europe,Technology,Small Business,Business,Monthly,383.77,3.0,40.9,13.6,35.0,11,43,15,10477.45,8788.76
CUST_012717,0.69800484,1,0,High Risk,USA,North America,Healthcare,Small Business,Professional,Monthly,135.65,5.0,49.7,15.4,18.0,6,22,21,5109.14,4013.37
CUST_007830,0.6978501,1,0,High Risk,USA,North America,Other,Startup,Basic,Monthly,27.61,2.0,51.8,20.7,7.0,23,121,11,482.37,206.6
CUST_018541,0.6977548,1,0,High Risk,USA,North America,Finance,Startup,Basic,Monthly,24.49,4.0,50.6,12.6,-13.0,1,12,11,595.18,375.69
CUST_018877,0.6974506,1,1,High Risk,UK,Europe,Technology,Startup,Professional,Monthly,78.74,3.0,41.7,9.8,24.0,1,4,11,2179.44,1703.65
CUST_006751,0.6968746,1,1,High Risk,UK,Europe,Retail,Small Business,Professional,Annual,165.92,1.0,45.7,10.5,10.0,11,35,18,4646.44,3679.83
CUST_017111,0.69568264,1,0,High Risk,UK,Europe,Real Estate,Startup,Basic,Monthly,32.86,3.0,51.7,22.7,29.0,9,39,15,841.71,541.94
CUST_004233,0.6952039,1,1,High Risk,Other,MEA,Education,Startup,Professional,Annual,125.69,5.0,30.5,10.1,5.0,2,10,9,2422.9,2000.52
CUST_004765,0.69496864,1,1,High Risk,Canada,North America,Technology,Mid-Market,Professional,Annual,311.72,4.0,43.0,10.6,-1.0,1,8,11,7357.24,6081.46
CUST_007486,0.69470793,1,1,High Risk,USA,North America,Manufacturing,Small Business,Business,Annual,339.46,4.0,48.1,12.3,-0.0,15,47,14,7982.05,6478.01
CUST_016490,0.6941491,1,1,High Risk,UK,Europe,Finance,Startup,Basic,Monthly,31.88,8.0,5.6,5.0,-52.0,31,117,13,641.36,384.9
CUST_015651,0.69410825,1,1,High Risk,USA,North America,Technology,Small Business,Business,Annual,341.04,2.0,39.2,17.6,6.0,21,67,15,7180.97,5831.51
CUST_015552,0.6934531,1,0,High Risk,USA,North America,Finance,Small Business,Basic,Monthly,44.21,4.0,41.9,15.4,-17.0,27,177,12,750.41,485.69
CUST_008761,0.6904928,1,1,High Risk,Germany,Europe,Finance,Startup,Basic,Monthly,44.2,8.0,39.2,15.8,-15.0,8,24,19,1509.74,1075.67
CUST_001728,0.6900708,1,0,High Risk,USA,North America,Education,Mid-Market,Enterprise,Multi-Year,3585.83,4.0,69.2,17.6,14.0,5,34,11,69050.8,57886.13
CUST_015909,0.6898727,1,0,High Risk,Australia,APAC,Technology,Mid-Market,Professional,Annual,470.5,3.0,49.3,10.4,15.0,21,71,17,11870.41,9953.29
CUST_010875,0.689147,1,1,High Risk,Canada,North America,Finance,Startup,Basic,Monthly,30.54,3.0,48.0,19.8,3.0,19,57,17,935.03,560.22
CUST_017440,0.68879724,1,1,High Risk,USA,North America,Other,Startup,Basic,Monthly,24.68,3.0,58.5,12.6,-25.0,12,35,19,765.35,420.97
CUST_019048,0.68651825,1,0,High Risk,India,APAC,Technology,Mid-Market,Professional,Annual,384.97,1.0,49.5,12.9,30.0,15,72,13,7982.76,6736.58
CUST_013196,0.68628633,1,1,High Risk,UK,Europe,Healthcare,Startup,Basic,Monthly,29.56,4.0,28.3,7.9,-5.0,1,5,15,1027.6,715.1
CUST_009205,0.6850485,1,0,High Risk,Canada,North America,Healthcare,Small Business,Basic,Annual,42.91,6.0,45.9,17.0,-7.0,28,151,11,733.59,471.41
CUST_005574,0.6848415,1,1,High Risk,UK,Europe,Technology,Startup,Basic,Annual,22.51,7.0,43.8,11.2,-51.0,9,31,16,548.77,257.78
CUST_012213,0.6844038,1,1,High Risk,UK,Europe,Healthcare,Small Business,Basic,Multi-Year,58.58,0.0,58.3,12.6,-18.0,1,10,16,2024.39,1506.87
CUST_011940,0.6840927,1,1,High Risk,Australia,APAC,Other,Startup,Professional,Annual,90.98,6.0,54.1,5.2,2.0,28,76,16,2003.87,1470.07
CUST_008115,0.68303823,1,1,High Risk,Germany,Europe,Healthcare,Small Business,Business,Monthly,443.04,4.0,48.3,16.0,10.0,20,109,11,7567.22,6304.7
CUST_014521,0.6820415,1,1,High Risk,USA,North America,Other,Mid-Market,Enterprise,Annual,2720.15,1.0,72.2,23.8,30.0,2,13,17,89367.27,74581.57
CUST_011684,0.6818677,1,1,High Risk,Germany,Europe,Real Estate,Startup,Basic,Monthly,33.89,4.0,42.9,18.5,8.0,2,9,17,1423.82,1029.66
CUST_011072,0.68158805,1,1,High Risk,India,APAC,Retail,Startup,Basic,Annual,36.99,2.0,61.3,18.2,14.0,17,58,20,1241.34,769.99
CUST_011158,0.68154114,1,0,High Risk,USA,North America,Real Estate,Small Business,Basic,Annual,53.63,7.0,58.3,16.3,-11.0,8,32,16,1435.59,953.66
CUST_013470,0.68140376,1,0,High Risk,Germany,Europe,Finance,Startup,Basic,Annual,23.32,2.0,51.8,14.6,28.0,25,79,18,599.06,322.96
CUST_005406,0.6809627,1,1,High Risk,Germany,Europe,Finance,Startup,Professional,Monthly,62.24,4.0,40.4,10.3,-1.0,1,4,13,1831.11,1404.19
CUST_011803,0.68090534,1,1,High Risk,Germany,Europe,Retail,Startup,Basic,Monthly,31.26,8.0,40.8,17.1,-2.0,1,1,12,914.82,651.6
CUST_004172,0.6807713,1,0,High Risk,USA,North America,Education,Small Business,Professional,Multi-Year,178.22,3.0,59.2,12.2,31.0,14,51,18,5043.84,3941.31
CUST_019840,0.68076897,1,1,High Risk,Canada,North America,Education,Small Business,Basic,Annual,51.93,7.0,18.3,6.3,-30.0,1,9,9,1104.65,849.97
CUST_012641,0.6799273,1,1,High Risk,India,APAC,Healthcare,Startup,Professional,Annual,93.28,5.0,20.7,3.9,13.0,8,43,8,1376.21,1073.71
CUST_010481,0.67899567,1,0,High Risk,USA,North America,Finance,Startup,Basic,Monthly,45.8,0.0,33.9,11.5,-2.0,8,34,14,1161.13,846.12
CUST_018682,0.67888117,1,1,High Risk,Germany,Europe,Retail,Small Business,Basic,Annual,52.04,3.0,49.7,9.6,-16.0,10,53,12,1015.97,693.44
CUST_014934,0.67882097,1,1,High Risk,USA,North America,Real Estate,Mid-Market,Enterprise,Multi-Year,2219.04,1.0,57.0,23.4,16.0,29,161,10,27702.14,22598.15
CUST_004216,0.6783742,1,0,High Risk,USA,North America,Retail,Small Business,Business,Annual,290.78,2.0,45.8,13.3,16.0,31,174,10,3845.79,3139.17
CUST_002805,0.6780871,1,1,High Risk,Other,MEA,Finance,Small Business,Professional,Annual,173.39,5.0,34.5,16.8,2.0,1,6,16,5432.96,4308.55
CUST_015980,0.67767537,1,0,High Risk,Canada,North America,Manufacturing,Small Business,Business,Annual,444.55,6.0,59.7,19.0,-22.0,9,37,14,11739.87,9784.57
CUST_012093,0.6776624,1,0,High Risk,Australia,APAC,Healthcare,Mid-Market,Business,Annual,1000.64,2.0,55.0,23.9,7.0,4,20,15,29205.19,24372.52
CUST_011920,0.67765117,1,1,High Risk,USA,North America,Real Estate,Startup,Basic,Annual,26.13,5.0,33.0,14.5,11.0,5,19,16,790.01,436.92
CUST_016958,0.6765316,1,1,High Risk,USA,North America,Technology,Startup,Professional,Monthly,143.74,5.0,47.6,13.0,-19.0,3,12,17,5516.11,4408.07
CUST_007153,0.67638445,1,1,High Risk,Australia,APAC,Technology,Small Business,Basic,Annual,70.54,5.0,51.2,14.3,-2.0,3,16,11,1470.93,1087.66
CUST_006664,0.6763128,1,1,High Risk,India,APAC,Manufacturing,Small Business,Basic,Annual,77.47,3.0,66.5,22.3,37.0,3,13,19,2919.79,2253.45
CUST_017953,0.6754861,1,1,High Risk,UK,Europe,Retail,Startup,Professional,Annual,108.03,2.0,26.7,10.6,30.0,17,59,16,2726.68,2108.48
CUST_014824,0.6748724,1,0,High Risk,USA,North America,Finance,Startup,Business,Annual,265.97,3.0,52.5,10.3,5.0,16,59,16,6919.95,5581.95
CUST_013908,0.67288464,1,1,High Risk,USA,North America,Healthcare,Mid-Market,Business,Annual,807.61,4.0,44.2,21.0,5.0,4,14,22,35224.35,29069.4
CUST_016708,0.6723888,1,1,High Risk,Germany,Europe,Manufacturing,Startup,Professional,Annual,86.02,3.0,21.0,0.0,-7.0,10,39,15,2497.81,1962.29
CUST_005807,0.6721326,1,1,High Risk,Australia,APAC,Technology,Startup,Basic,Annual,28.45,5.0,41.6,18.8,8.0,1,4,13,797.99,513.28
CUST_008527,0.6710255,1,1,High Risk,USA,North America,Education,Startup,Basic,Annual,32.28,3.0,44.2,12.1,-4.0,5,17,17,1010.85,639.17
CUST_005483,0.67057794,1,0,High Risk,USA,North America,Education,Small Business,Professional,Monthly,171.48,3.0,58.8,21.9,41.0,7,38,12,3865.32,3182.77
CUST_003345,0.67053217,1,1,High Risk,Germany,Europe,Retail,Startup,Professional,Annual,129.78,5.0,50.2,16.5,-2.0,7,27,14,3173.39,2467.24
CUST_002332,0.6705204,1,1,High Risk,Australia,APAC,Healthcare,Small Business,Business,Annual,353.6,9.0,43.0,6.9,-20.0,10,40,16,10281.2,8553.56
CUST_019302,0.66997784,1,1,High Risk,Canada,North America,Real Estate,Startup,Basic,Monthly,35.05,5.0,46.5,11.0,11.0,1,5,16,1231.51,831.1
CUST_010921,0.6696394,1,1,High Risk,UK,Europe,Finance,Mid-Market,Professional,Annual,383.42,8.0,52.9,13.9,4.0,10,60,11,6805.27,5668.9
CUST_004377,0.6690375,1,1,High Risk,Germany,Europe,Technology,Startup,Basic,Monthly,31.84,2.0,52.0,21.8,27.0,4,24,10,630.12,403.94
CUST_014061,0.66903096,1,1,High Risk,UK,Europe,Technology,Mid-Market,Business,Annual,925.85,3.0,47.4,11.0,4.0,1,7,15,27724.19,23425.64
CUST_015482,0.6689623,1,0,High Risk,Germany,Europe,Technology,Small Business,Business,Monthly,399.58,5.0,54.4,18.0,-10.0,10,45,13,9656.37,8053.85
CUST_003952,0.66783464,1,0,High Risk,USA,North America,Finance,Small Business,Professional,Annual,139.25,4.0,20.4,9.0,-5.0,1,5,13,4069.0,3213.64
CUST_014914,0.66777444,1,0,High Risk,Other,LATAM,Education,Small Business,Professional,Monthly,185.78,5.0,62.1,24.2,10.0,16,51,19,6064.77,4913.89
CUST_016423,0.6665843,1,1,High Risk,USA,North America,Healthcare,Startup,Basic,Monthly,24.29,4.0,42.2,10.9,21.0,7,27,13,638.4,369.84
CUST_019930,0.6665445,1,1,High Risk,UK,Europe,Manufacturing,Startup,Basic,Monthly,30.16,3.0,56.8,19.3,-3.0,20,65,16,806.56,470.58
CUST_006215,0.6660689,1,0,High Risk,India,APAC,Healthcare,Startup,Basic,Annual,28.6,5.0,52.5,16.2,25.0,5,21,15,793.63,472.41
CUST_018945,0.66552675,1,1,High Risk,USA,North America,Finance,Startup,Professional,Annual,101.73,3.0,24.5,0.0,-34.0,1,6,13,2979.4,2369.29
CUST_019856,0.6648303,1,1,High Risk,UK,Europe,Education,Startup,Professional,Annual,74.05,4.0,36.5,11.1,0.0,34,108,15,1449.08,1011.79
CUST_011666,0.66383076,1,0,High Risk,Germany,Europe,Retail,Small Business,Professional,Monthly,135.51,6.0,37.5,5.7,12.0,11,35,21,4887.78,3916.94
CUST_015572,0.66279566,1,0,High Risk,Germany,Europe,Healthcare,Startup,Basic,Annual,33.49,7.0,58.1,14.9,7.0,3,15,15,1014.66,654.25
CUST_019902,0.66145563,1,0,High Risk,Australia,APAC,Healthcare,Startup,Basic,Monthly,27.06,1.0,34.8,8.9,-6.0,26,122,12,503.71,284.16
CUST_000101,0.66115624,1,0,High Risk,India,APAC,Manufacturing,Startup,Basic,Annual,30.56,2.0,45.7,10.4,-1.0,9,42,13,727.48,410.51
CUST_016814,0.66086394,1,0,High Risk,India,APAC,Technology,Small Business,Professional,Monthly,177.83,4.0,42.7,9.2,-23.0,10,37,17,5324.69,4347.01
CUST_000075,0.66029274,1,0,High Risk,India,APAC,Manufacturing,Small Business,Professional,Monthly,200.2,11.0,48.8,18.3,-25.0,7,26,16,6237.45,5128.84
CUST_008416,0.65903676,1,1,High Risk,Australia,APAC,Technology,Startup,Professional,Monthly,72.58,8.0,57.6,20.8,4.0,6,25,12,1826.35,1393.86
CUST_019438,0.65893936,1,0,High Risk,Australia,APAC,Healthcare,Small Business,Basic,Annual,61.57,2.0,48.6,18.0,-23.0,7,33,13,1327.74,913.79
CUST_007895,0.6588996,1,1,High Risk,India,APAC,Healthcare,Startup,Professional,Monthly,97.66,3.0,50.8,16.8,-12.0,4,18,9,1928.41,1524.91
CUST_018565,0.65854424,1,0,High Risk,Canada,North America,Retail,Small Business,Professional,Monthly,183.94,2.0,38.1,12.8,1.0,3,16,14,5049.46,4052.41
CUST_003770,0.6582742,1,0,High Risk,Australia,APAC,Education,Startup,Business,Annual,262.06,6.0,43.0,9.5,-12.0,11,46,15,6287.06,5064.07
CUST_014952,0.6581308,1,0,High Risk,USA,North America,Finance,Small Business,Business,Monthly,497.07,1.0,48.7,14.4,2.0,5,24,12,11793.89,9968.3
CUST_004976,0.6567954,1,0,High Risk,USA,North America,Healthcare,Startup,Basic,Monthly,27.44,5.0,59.4,21.8,11.0,26,80,20,824.43,513.87
CUST_010248,0.65476763,1,1,High Risk,USA,North America,Manufacturing,Startup,Basic,Annual,26.03,3.0,56.0,16.3,-12.0,1,11,11,632.96,372.95
CUST_013736,0.65296483,1,1,High Risk,Canada,North America,Technology,Startup,Professional,Annual,67.39,5.0,33.2,6.0,-9.0,3,12,14,1990.88,1574.84
CUST_008434,0.6524097,1,1,High Risk,Other,LATAM,Retail,Small Business,Business,Monthly,354.94,2.0,33.5,7.1,16.0,1,7,14,11710.48,9762.01
