customer_id,rfm_segment,recency,frequency,monetary,average_order_value,rfm_score,customer_lifetime_value,usage_score,login_frequency,nps_score,support_tickets,subscription_plan,contract_type,country
CUST_009687,At Risk High Value,63,18,378156.12,21008.673333333332,245,266650.57,63.0,20.4,33.0,4.0,Enterprise,Monthly,USA
CUST_002589,At Risk High Value,144,23,359368.45,15624.715217391305,155,299686.03,71.5,21.0,42.0,7.0,Enterprise,Multi-Year,USA
CUST_010710,Big Spenders,155,15,357194.13,23812.942,135,45360.78,50.9,16.6,6.0,3.0,Enterprise,Annual,USA
CUST_012483,At Risk High Value,51,19,349718.1,18406.215789473685,255,609211.6,94.8,26.9,19.0,1.0,Enterprise,Monthly,Germany
CUST_019825,Big Spenders,136,15,335934.58999999997,22395.639333333333,135,346024.26,71.8,30.1,10.0,0.0,Enterprise,Monthly,India
CUST_019067,At Risk High Value,46,16,315621.01,19726.313125,245,439073.6,67.0,17.3,40.0,0.0,Enterprise,Monthly,USA
CUST_019278,At Risk High Value,56,18,308905.88,17161.437777777777,255,155931.94,69.2,19.3,8.0,3.0,Enterprise,Annual,Other
CUST_003673,At Risk High Value,48,17,302673.28,17804.310588235297,245,463263.89,92.8,31.0,4.0,2.0,Enterprise,Multi-Year,Germany
CUST_016870,Big Spenders,157,15,293095.9,19539.72666666667,135,214318.71,69.3,22.5,17.0,2.0,Enterprise,Annual,Germany
CUST_001690,At Risk High Value,75,19,282665.63,14877.138421052632,255,608625.0,90.9,25.9,11.0,3.0,Enterprise,Annual,UK
CUST_012018,Big Spenders,51,14,280764.92,20054.63714285714,225,209146.83,71.4,17.6,15.0,0.0,Enterprise,Monthly,India
CUST_014080,At Risk High Value,81,17,273279.65,16075.273529411767,245,436722.23,67.0,26.3,17.0,4.0,Enterprise,Annual,India
CUST_013449,At Risk High Value,80,17,272247.08,16014.53411764706,245,260290.56,80.8,28.8,-4.0,3.0,Enterprise,Annual,Canada
CUST_015435,Big Spenders,64,14,271597.89,19399.84928571429,225,797732.15,100.0,31.0,15.0,4.0,Enterprise,Annual,Australia
CUST_002546,At Risk High Value,45,19,270722.07,14248.53,255,503160.43,100.0,31.0,47.0,2.0,Enterprise,Annual,Germany
CUST_003009,Big Spenders,59,16,269832.53,16864.533125,235,587305.01,76.0,18.2,33.0,4.0,Enterprise,Annual,Canada
CUST_018332,Big Spenders,47,12,267951.2,22329.266666666666,215,251262.04,74.1,16.9,10.0,3.0,Enterprise,Annual,USA
CUST_011568,Big Spenders,69,12,264875.74,22072.978333333333,215,763028.18,100.0,29.3,59.0,3.0,Enterprise,Annual,Australia
CUST_009233,At Risk High Value,324,19,262132.58,13796.451578947368,155,224477.89,73.0,30.9,-11.0,6.0,Enterprise,Annual,Canada
CUST_015771,At Risk High Value,48,18,261077.02,14504.278888888888,255,149510.2,56.5,11.0,5.0,1.0,Enterprise,Annual,Germany
CUST_007025,At Risk High Value,179,20,260396.87,13019.843499999999,155,38170.04,40.0,13.2,-29.0,8.0,Enterprise,Annual,USA
CUST_012710,At Risk High Value,45,17,260039.22999999998,15296.425294117646,245,1011538.56,82.8,24.8,41.0,3.0,Enterprise,Annual,USA
CUST_018251,At Risk High Value,49,17,257295.16999999998,15135.009999999998,245,340205.69,100.0,25.4,23.0,1.0,Enterprise,Annual,USA
CUST_002840,At Risk High Value,46,21,255804.34,12181.159047619047,255,663156.41,99.9,31.0,23.0,2.0,Enterprise,Annual,Other
CUST_017593,Big Spenders,53,13,255776.03,19675.07923076923,225,356634.05,82.6,19.5,36.0,5.0,Enterprise,Monthly,Germany
CUST_008209,At Risk High Value,46,17,255650.76,15038.28,245,124292.67,65.7,19.2,7.0,3.0,Enterprise,Annual,USA
CUST_000058,Big Spenders,58,15,255482.46000000002,17032.164,225,1054939.54,89.6,28.2,68.0,2.0,Enterprise,Monthly,USA
CUST_009730,Big Spenders,53,14,249403.47,17814.533571428572,225,284909.38,74.2,25.5,-9.0,3.0,Enterprise,Annual,UK
CUST_004202,At Risk High Value,47,19,249108.53,13110.975263157894,255,603665.41,79.3,27.0,29.0,3.0,Enterprise,Annual,Other
CUST_000973,Big Spenders,47,16,248136.28,15508.5175,235,417453.64,56.0,30.2,-8.0,2.0,Enterprise,Monthly,Germany
CUST_001797,At Risk High Value,55,17,246881.16,14522.421176470589,245,349348.93,77.1,16.0,45.0,3.0,Enterprise,Annual,Germany
CUST_005842,Big Spenders,53,14,246699.34,17621.38142857143,225,365322.86,76.4,24.5,16.0,7.0,Enterprise,Monthly,Germany
CUST_012539,Big Spenders,54,15,246541.66,16436.110666666667,235,328960.79,87.4,19.8,56.0,4.0,Enterprise,Monthly,USA
CUST_010136,At Risk High Value,45,17,242693.06,14276.062352941177,245,297763.02,61.3,24.9,3.0,5.0,Enterprise,Multi-Year,Germany
CUST_019033,At Risk High Value,48,21,241779.94,11513.330476190476,255,337123.03,94.4,29.2,11.0,5.0,Enterprise,Multi-Year,USA
CUST_010273,At Risk High Value,46,19,236828.35,12464.65,255,176636.3,68.1,14.9,53.0,0.0,Enterprise,Annual,Canada
CUST_012892,Big Spenders,50,15,235876.9,15725.126666666667,235,435191.06,73.5,25.7,45.0,2.0,Enterprise,Annual,USA
CUST_007576,At Risk High Value,210,20,235674.89,11783.7445,155,212767.73,67.6,21.6,26.0,2.0,Enterprise,Multi-Year,USA
CUST_012444,At Risk High Value,85,19,235504.9,12394.994736842105,255,218245.92,78.7,25.4,-14.0,4.0,Enterprise,Multi-Year,UK
CUST_002902,At Risk High Value,62,17,234893.23,13817.248823529413,245,229532.28,58.6,20.8,33.0,3.0,Enterprise,Monthly,Germany
CUST_012218,Big Spenders,54,15,234751.7,15650.113333333335,235,394759.27,97.8,24.9,7.0,2.0,Enterprise,Monthly,USA
CUST_015971,At Risk High Value,62,17,234557.63,13797.507647058825,245,661788.27,71.6,28.5,35.0,2.0,Enterprise,Annual,USA
CUST_016926,At Risk High Value,45,17,233777.03,13751.59,245,365227.16,71.0,19.2,31.0,1.0,Enterprise,Monthly,UK
CUST_005444,Big Spenders,61,14,231248.14,16517.72428571429,225,393816.1,61.0,14.0,55.0,3.0,Enterprise,Annual,India
CUST_002467,At Risk High Value,51,17,230739.05,13572.885294117646,245,234936.7,82.9,22.0,31.0,5.0,Enterprise,Annual,India
CUST_000599,At Risk High Value,46,20,229934.8,11496.74,255,198922.42,68.8,17.8,55.0,1.0,Enterprise,Annual,USA
CUST_017416,At Risk High Value,46,16,229354.84,14334.6775,245,126411.41,61.8,19.5,14.0,1.0,Enterprise,Multi-Year,USA
CUST_018048,Big Spenders,64,15,228931.47,15262.098,235,991847.1,97.2,26.8,25.0,3.0,Enterprise,Monthly,USA
CUST_016033,At Risk High Value,50,17,228123.93,13419.054705882352,245,64980.73,44.8,13.4,13.0,4.0,Enterprise,Annual,Germany
CUST_010704,Big Spenders,59,14,226095.09,16149.649285714286,225,180965.36,51.6,12.0,1.0,0.0,Enterprise,Annual,Canada
CUST_002685,At Risk High Value,49,18,223420.88,12412.271111111111,245,232685.81,84.1,24.4,42.0,2.0,Enterprise,Annual,USA
CUST_017421,Big Spenders,51,14,223371.25,15955.089285714286,225,130367.37,74.9,25.4,-17.0,6.0,Enterprise,Annual,USA
CUST_005723,Big Spenders,52,15,222550.05,14836.67,235,108670.17,64.0,19.4,-8.0,5.0,Enterprise,Annual,UK
CUST_014964,Big Spenders,60,15,222548.65,14836.576666666666,235,472285.9,89.9,29.5,40.0,1.0,Enterprise,Multi-Year,Germany
CUST_005783,At Risk High Value,49,18,220329.6,12240.533333333333,245,310516.1,72.4,16.8,24.0,4.0,Enterprise,Annual,UK
CUST_018660,At Risk High Value,81,16,220281.76,13767.61,245,73003.87,51.2,15.0,23.0,3.0,Enterprise,Annual,Canada
CUST_000775,At Risk High Value,50,17,219074.0,12886.70588235294,245,259004.69,71.2,15.8,42.0,3.0,Enterprise,Monthly,Canada
CUST_016230,Big Spenders,90,14,219019.04,15644.217142857144,125,971820.98,99.0,31.0,40.0,1.0,Enterprise,Multi-Year,UK
CUST_012964,At Risk High Value,48,17,218936.68,12878.628235294118,245,131959.26,59.9,20.0,40.0,3.0,Enterprise,Annual,USA
CUST_017766,At Risk High Value,52,20,217834.84,10891.742,255,93757.12,71.4,20.0,-16.0,1.0,Enterprise,Multi-Year,Germany
CUST_001666,At Risk High Value,74,17,217577.47999999998,12798.675294117646,245,112765.76,64.5,10.7,27.0,2.0,Enterprise,Annual,USA
CUST_005862,At Risk High Value,50,22,217432.79,9883.308636363638,255,270251.6,77.2,29.7,31.0,7.0,Enterprise,Multi-Year,Germany
CUST_011171,Big Spenders,201,15,216081.73,14405.448666666667,135,158863.4,71.8,21.5,28.0,0.0,Enterprise,Monthly,USA
CUST_018786,Big Spenders,54,12,215372.71,17947.725833333334,215,229905.86,71.6,20.6,62.0,2.0,Enterprise,Multi-Year,Canada
CUST_013325,At Risk High Value,46,21,214722.21,10224.867142857143,255,68412.23,70.5,17.6,-26.0,6.0,Enterprise,Monthly,USA
CUST_011389,Big Spenders,55,16,213537.79,13346.111875,235,439453.94,86.5,28.8,74.0,0.0,Enterprise,Monthly,UK
CUST_003114,Big Spenders,85,16,213350.73,13334.420625,235,152157.87,77.4,24.0,14.0,5.0,Enterprise,Annual,Canada
CUST_000598,Big Spenders,46,16,212962.14,13310.13375,235,345891.68,76.8,20.9,35.0,2.0,Enterprise,Multi-Year,USA
CUST_013319,At Risk High Value,297,21,212538.44,10120.878095238095,155,153909.91,89.0,15.9,63.0,0.0,Enterprise,Annual,USA
CUST_002308,Big Spenders,48,16,212170.66,13260.66625,235,100916.98,70.4,20.4,5.0,5.0,Enterprise,Multi-Year,USA
CUST_002018,At Risk High Value,52,19,212148.26,11165.697894736842,255,80970.24,58.3,12.6,5.0,3.0,Enterprise,Annual,USA
CUST_016951,At Risk High Value,47,17,211717.63,12453.978235294118,245,286390.44,74.8,21.6,59.0,3.0,Enterprise,Annual,Canada
CUST_016851,At Risk High Value,52,19,211432.72,11128.037894736843,255,716186.05,81.2,31.0,52.0,1.0,Enterprise,Multi-Year,Germany
CUST_000339,Big Spenders,54,16,211380.23,13211.264375,235,458118.36,88.0,26.1,39.0,2.0,Enterprise,Monthly,USA
CUST_010500,At Risk High Value,50,19,210978.04,11104.107368421053,255,118896.41,66.3,20.3,1.0,3.0,Enterprise,Annual,India
CUST_006772,At Risk High Value,85,17,210962.58000000002,12409.563529411766,245,231436.19,79.3,27.9,26.0,3.0,Enterprise,Annual,USA
CUST_005449,At Risk High Value,45,17,210864.1,12403.770588235295,245,773568.22,86.5,28.2,32.0,3.0,Enterprise,Annual,UK
CUST_001917,Big Spenders,47,13,210587.35,16199.026923076923,215,199479.33,68.0,15.3,32.0,6.0,Enterprise,Annual,Other
CUST_019179,Big Spenders,56,13,209810.28,16139.252307692308,225,84661.02,60.5,11.9,28.0,3.0,Enterprise,Multi-Year,USA
CUST_014213,Big Spenders,53,16,209571.39,13098.211875,235,56447.9,64.9,20.4,11.0,7.0,Enterprise,Annual,USA
CUST_000006,At Risk High Value,52,17,207644.57,12214.386470588235,245,187340.82,77.7,27.0,6.0,5.0,Enterprise,Monthly,Canada
CUST_007701,Big Spenders,114,12,207597.7,17299.808333333334,115,120706.47,60.0,17.9,20.0,3.0,Enterprise,Monthly,Germany
CUST_008018,Big Spenders,257,12,207040.28,17253.356666666667,115,228656.17,53.7,21.1,19.0,3.0,Enterprise,Annual,India
CUST_014185,Big Spenders,426,15,206768.41999999998,13784.561333333333,135,63717.33,48.8,18.4,7.0,2.0,Enterprise,Monthly,UK
CUST_006711,Big Spenders,48,15,205151.98,13676.798666666667,235,215622.99,65.2,23.8,21.0,3.0,Enterprise,Monthly,Germany
CUST_018527,Big Spenders,54,13,204808.69,15754.514615384616,225,175578.93,69.1,25.7,16.0,5.0,Enterprise,Annual,Canada
CUST_005635,At Risk High Value,48,20,204367.95,10218.397500000001,255,301479.55,100.0,20.0,23.0,0.0,Enterprise,Monthly,Other
CUST_013756,Big Spenders,66,14,204283.36,14591.66857142857,225,183351.16,71.0,21.8,-2.0,2.0,Enterprise,Monthly,Australia
CUST_013926,Big Spenders,67,15,204163.89,13610.926000000001,235,253771.38,73.5,19.7,32.0,1.0,Enterprise,Multi-Year,Canada
CUST_015858,Big Spenders,65,15,203205.19,13547.012666666667,235,597581.09,100.0,26.9,52.0,1.0,Enterprise,Multi-Year,UK
CUST_000664,Big Spenders,49,16,201883.37,12617.710625,235,299180.36,77.0,22.2,35.0,0.0,Enterprise,Multi-Year,UK
CUST_001308,Big Spenders,67,15,201373.5,13424.9,225,324408.77,74.3,19.7,33.0,4.0,Enterprise,Multi-Year,Australia
CUST_002464,At Risk High Value,230,18,200138.88,11118.826666666668,145,186778.34,66.3,20.0,5.0,2.0,Enterprise,Annual,Canada
CUST_017548,At Risk High Value,98,17,199210.21,11718.247647058823,145,349778.62,86.8,25.9,55.0,3.0,Enterprise,Monthly,UK
CUST_011572,At Risk High Value,49,17,197654.78,11626.751764705883,245,127385.16,78.2,16.2,9.0,3.0,Enterprise,Multi-Year,USA
CUST_018879,At Risk High Value,55,16,197634.85,12352.178125,245,356273.17,65.3,17.7,12.0,3.0,Enterprise,Multi-Year,Other
CUST_019716,At Risk High Value,50,21,195577.73,9313.225238095238,255,594350.06,69.7,18.2,64.0,4.0,Enterprise,Annual,USA
CUST_013753,Big Spenders,46,13,195518.72,15039.901538461538,225,295834.36,71.8,14.6,17.0,3.0,Enterprise,Monthly,USA
CUST_014892,Big Spenders,59,14,195074.01,13933.857857142857,225,657833.6,78.6,23.5,22.0,2.0,Enterprise,Multi-Year,USA
CUST_000962,Big Spenders,45,14,194256.41,13875.457857142857,325,268877.03,84.0,22.2,20.0,3.0,Enterprise,Annual,USA
CUST_007588,Big Spenders,48,15,194030.25,12935.35,235,661758.18,99.4,31.0,19.0,3.0,Enterprise,Annual,USA
CUST_011065,Big Spenders,52,16,193802.76,12112.6725,235,83900.06,62.8,20.5,-20.0,2.0,Enterprise,Annual,Canada
CUST_002819,Big Spenders,503,15,193646.27,12909.751333333332,125,47851.69,43.3,11.0,-0.0,8.0,Enterprise,Multi-Year,India
CUST_005502,Big Spenders,49,15,192136.18,12809.078666666666,235,395888.69,80.4,23.9,32.0,2.0,Enterprise,Annual,USA
CUST_007442,At Risk High Value,88,17,191404.65,11259.097058823529,145,94262.54,65.1,24.0,7.0,3.0,Enterprise,Monthly,Germany
CUST_013121,Big Spenders,66,14,191159.01,13654.215,225,164585.07,70.0,20.9,32.0,4.0,Enterprise,Annual,USA
CUST_019145,Big Spenders,83,15,190985.43,12732.362,235,128081.25,61.9,10.2,57.0,3.0,Enterprise,Multi-Year,UK
CUST_010549,Big Spenders,46,16,190918.83000000002,11932.426875000001,235,434013.42,79.2,25.1,3.0,5.0,Enterprise,Annual,UK
CUST_002421,Big Spenders,123,15,190493.36000000002,12699.557333333334,125,278263.5,75.3,21.4,36.0,2.0,Enterprise,Annual,India
CUST_005983,Big Spenders,56,14,190333.1,13595.221428571429,225,53868.91,57.7,11.7,-8.0,5.0,Enterprise,Annual,USA
CUST_014421,At Risk High Value,195,17,190316.47,11195.086470588236,145,199811.68,84.1,23.1,8.0,1.0,Enterprise,Multi-Year,UK
CUST_015266,Big Spenders,46,15,190250.62,12683.374666666667,235,229240.28,64.2,21.1,19.0,3.0,Enterprise,Annual,UK
CUST_007014,Big Spenders,96,14,190100.89,13578.635,125,232292.25,80.0,24.1,-4.0,3.0,Enterprise,Annual,USA
CUST_002448,At Risk High Value,53,18,189419.74,10523.318888888889,245,330580.94,87.6,22.6,9.0,4.0,Enterprise,Annual,USA
CUST_004389,Big Spenders,72,13,189214.87,14554.99,215,304737.99,75.6,21.1,47.0,1.0,Enterprise,Monthly,USA
CUST_005072,Big Spenders,63,10,189097.69,18909.769,215,328374.75,73.6,17.7,12.0,3.0,Enterprise,Annual,USA
CUST_003245,At Risk High Value,45,18,188576.42,10476.467777777778,245,570096.52,85.0,24.2,64.0,0.0,Enterprise,Multi-Year,UK
CUST_012092,At Risk High Value,47,17,188203.01,11070.765294117647,245,214023.04,75.9,26.0,12.0,0.0,Enterprise,Annual,USA
CUST_011624,At Risk High Value,49,17,187974.97999999998,11057.351764705882,245,545294.67,88.6,26.0,39.0,4.0,Enterprise,Annual,Germany
CUST_005168,Big Spenders,49,14,187945.4,13424.671428571428,225,840976.13,97.4,29.6,61.0,0.0,Enterprise,Annual,USA
CUST_000730,Big Spenders,46,16,187886.71,11742.919375,235,708016.08,83.6,22.3,23.0,4.0,Enterprise,Annual,Australia
CUST_012031,Big Spenders,45,12,187797.54,15649.795,215,621685.8,92.0,28.8,50.0,1.0,Enterprise,Multi-Year,Germany
CUST_002219,Big Spenders,55,16,187741.2,11733.825,235,567072.7,92.1,25.8,46.0,4.0,Enterprise,Annual,USA
CUST_018397,Big Spenders,69,14,187741.05,13410.074999999999,225,86141.16,73.8,23.6,-8.0,6.0,Enterprise,Multi-Year,Germany
CUST_017147,Big Spenders,100,12,185909.68,15492.473333333333,115,926499.18,91.9,30.2,68.0,0.0,Enterprise,Annual,India
CUST_019200,At Risk High Value,62,16,185865.76,11616.61,245,780018.02,92.2,30.9,46.0,4.0,Enterprise,Multi-Year,Other
CUST_003040,Big Spenders,52,13,185236.85,14248.988461538462,215,369303.71,74.7,28.7,39.0,2.0,Enterprise,Annual,USA
CUST_004701,Big Spenders,50,15,184773.7,12318.246666666668,235,167585.71,59.5,18.3,4.0,0.0,Enterprise,Annual,India
CUST_006280,Big Spenders,112,14,184763.45,13197.389285714287,125,176089.48,73.1,19.2,27.0,5.0,Enterprise,Annual,USA
CUST_018009,At Risk High Value,72,20,184287.03,9214.3515,255,36428.67,65.4,18.5,36.0,3.0,Enterprise,Annual,Other
CUST_012655,Big Spenders,47,13,183647.96,14126.766153846153,225,719774.96,97.8,28.0,41.0,3.0,Enterprise,Multi-Year,UK
CUST_006574,At Risk High Value,51,19,183626.63,9664.55947368421,255,215970.51,82.9,20.8,32.0,1.0,Enterprise,Annual,Canada
CUST_003284,Big Spenders,127,12,183276.31,15273.025833333333,115,188847.2,54.2,15.4,5.0,4.0,Enterprise,Monthly,Australia
CUST_004084,At Risk High Value,73,19,182819.29,9622.067894736843,255,152250.8,89.3,24.4,25.0,4.0,Enterprise,Multi-Year,India
CUST_005984,Big Spenders,45,15,182356.64,12157.109333333334,235,645792.67,79.8,26.6,61.0,3.0,Enterprise,Multi-Year,India
CUST_003082,Big Spenders,92,15,182182.22,12145.481333333333,125,250799.12,67.5,18.6,32.0,1.0,Enterprise,Annual,India
CUST_001574,Big Spenders,45,15,181985.28,12132.352,325,179156.06,78.7,22.5,19.0,5.0,Enterprise,Multi-Year,UK
CUST_019584,At Risk High Value,49,16,181910.72,11369.42,245,472940.77,92.9,23.9,49.0,2.0,Enterprise,Annual,USA
CUST_002338,Big Spenders,56,14,181846.41999999998,12989.029999999999,225,289163.51,71.1,21.6,-14.0,2.0,Enterprise,Annual,USA
CUST_011064,Big Spenders,62,16,181804.03,11362.751875,235,171003.2,72.0,22.4,27.0,3.0,Enterprise,Multi-Year,Other
CUST_014504,At Risk High Value,47,20,181594.1,9079.705,255,474750.74,87.3,30.5,11.0,4.0,Enterprise,Annual,Canada
CUST_013932,Big Spenders,58,15,179778.11,11985.207333333332,235,253541.15,71.7,24.1,13.0,2.0,Enterprise,Annual,Canada
CUST_005767,Big Spenders,61,14,179758.63,12839.902142857143,225,844034.79,100.0,31.0,56.0,0.0,Enterprise,Annual,Canada
CUST_015969,At Risk High Value,108,16,179735.91,11233.494375,145,133036.39,76.1,25.2,-3.0,6.0,Enterprise,Annual,Canada
CUST_015765,Big Spenders,50,13,179471.6,13805.507692307692,225,228135.88,77.6,25.1,33.0,4.0,Enterprise,Annual,Canada
CUST_013691,Big Spenders,55,16,179370.99,11210.686875,235,250147.43,82.1,18.5,46.0,1.0,Enterprise,Annual,UK
CUST_000703,Big Spenders,58,14,179175.66999999998,12798.262142857142,225,813266.75,100.0,31.0,66.0,1.0,Enterprise,Multi-Year,Other
CUST_019370,At Risk High Value,49,17,178049.91,10473.524117647059,245,368419.24,76.9,27.2,12.0,4.0,Enterprise,Annual,Canada
CUST_012293,At Risk High Value,229,23,177598.83000000002,7721.688260869566,155,120515.74,84.3,16.3,63.0,2.0,Enterprise,Annual,India
CUST_003382,At Risk High Value,60,17,177534.66,10443.215294117646,245,46212.56,37.5,17.4,-29.0,4.0,Enterprise,Annual,Germany
CUST_013928,At Risk High Value,106,17,176908.69,10406.393529411765,145,163195.98,87.7,18.8,25.0,2.0,Enterprise,Multi-Year,USA
CUST_001629,Big Spenders,60,14,176833.86000000002,12630.990000000002,225,305408.38,82.0,26.3,18.0,4.0,Enterprise,Annual,UK
CUST_011728,Big Spenders,49,15,176756.29,11783.752666666667,235,164013.2,80.3,25.6,2.0,4.0,Enterprise,Monthly,USA
CUST_018876,Big Spenders,53,15,176676.89,11778.459333333334,235,165160.0,65.9,22.8,10.0,7.0,Enterprise,Multi-Year,Germany
CUST_001972,At Risk High Value,191,17,175678.28,10334.016470588234,145,654913.1,88.0,28.1,61.0,2.0,Enterprise,Multi-Year,USA
CUST_008324,Big Spenders,95,15,175600.99,11706.732666666667,135,346932.53,87.9,25.4,46.0,3.0,Enterprise,Annual,Germany
CUST_007229,Big Spenders,50,16,175325.23,10957.826875,235,121051.47,79.4,19.3,43.0,5.0,Enterprise,Multi-Year,USA
CUST_000430,Big Spenders,47,16,174689.47,10918.091875,235,369172.78,91.6,24.2,36.0,2.0,Enterprise,Multi-Year,UK
CUST_002010,Big Spenders,69,15,174328.34,11621.889333333333,225,229997.62,62.6,15.9,6.0,3.0,Enterprise,Annual,USA
CUST_003663,Big Spenders,59,15,174279.07,11618.604666666668,225,435364.2,78.9,25.9,28.0,5.0,Enterprise,Multi-Year,USA
CUST_016509,Big Spenders,63,14,173993.81,12428.129285714285,225,548470.62,81.2,31.0,26.0,4.0,Enterprise,Multi-Year,UK
CUST_011202,Big Spenders,166,16,173888.75,10868.046875,135,108314.82,68.9,15.3,-5.0,7.0,Enterprise,Multi-Year,USA
CUST_015133,At Risk High Value,53,19,172509.47,9079.445789473684,255,185692.22,73.2,21.7,54.0,3.0,Enterprise,Multi-Year,USA
CUST_015390,Big Spenders,50,14,172464.57,12318.897857142858,225,701429.45,100.0,29.3,56.0,4.0,Enterprise,Annual,Australia
CUST_012335,Big Spenders,116,13,171740.73,13210.825384615386,125,415963.08,71.9,26.3,16.0,5.0,Enterprise,Monthly,UK
CUST_000449,At Risk High Value,51,17,171265.51,10074.441764705884,245,405181.18,100.0,31.0,61.0,5.0,Enterprise,Multi-Year,UK
CUST_003681,Big Spenders,50,14,171218.41999999998,12229.887142857142,225,784760.47,74.0,24.2,64.0,0.0,Enterprise,Annual,USA
CUST_018965,Big Spenders,46,15,171059.41999999998,11403.961333333333,235,715197.44,56.0,28.0,53.0,1.0,Enterprise,Annual,USA
CUST_012246,Big Spenders,63,15,170482.35,11365.49,235,104307.48,68.3,17.9,23.0,3.0,Enterprise,Monthly,UK
CUST_017841,Big Spenders,126,11,170190.84,15471.894545454545,115,176766.28,53.5,12.4,11.0,2.0,Enterprise,Annual,USA
CUST_013849,At Risk High Value,544,20,169593.9,8479.695,155,352596.92,84.2,17.6,31.0,3.0,Enterprise,Multi-Year,USA
CUST_000354,Big Spenders,61,14,169440.58,12102.89857142857,225,527083.36,74.4,26.2,53.0,6.0,Enterprise,Multi-Year,USA
CUST_010789,Big Spenders,59,15,168948.53,11263.235333333334,235,81173.58,68.8,22.1,10.0,6.0,Enterprise,Annual,Other
CUST_017512,Big Spenders,63,13,168836.68,12987.436923076923,225,161015.24,64.1,14.7,-7.0,2.0,Enterprise,Annual,Canada
CUST_002414,Big Spenders,63,12,167422.78,13951.898333333333,215,318203.88,86.0,25.3,19.0,1.0,Enterprise,Monthly,Australia
CUST_016231,At Risk High Value,55,16,167301.38,10456.33625,245,695229.74,100.0,31.0,36.0,1.0,Enterprise,Annual,USA
CUST_009875,At Risk High Value,52,17,167159.22,9832.895294117647,245,621860.48,97.3,31.0,45.0,1.0,Enterprise,Multi-Year,USA
CUST_017967,At Risk High Value,61,16,166705.12,10419.07,245,341845.07,91.3,25.3,67.0,0.0,Enterprise,Multi-Year,USA
CUST_010355,Big Spenders,60,14,166488.57,11892.040714285715,225,691646.23,87.2,20.9,76.0,1.0,Enterprise,Multi-Year,UK
CUST_014805,Big Spenders,52,11,166329.24,15120.839999999998,215,195738.71,66.9,25.4,34.0,4.0,Enterprise,Monthly,Germany
CUST_006721,Big Spenders,55,13,165685.5,12745.038461538461,215,281312.96,78.0,14.2,-1.0,2.0,Enterprise,Annual,USA
CUST_003993,Big Spenders,68,13,165532.47,12733.266923076922,215,305028.21,66.2,23.8,19.0,4.0,Enterprise,Annual,Other
CUST_002334,Big Spenders,56,15,165336.63,11022.442000000001,225,72287.43,53.0,11.5,-15.0,4.0,Enterprise,Multi-Year,India
CUST_008481,Big Spenders,102,12,165069.03,13755.7525,115,478774.42,97.3,27.6,24.0,3.0,Enterprise,Annual,USA
CUST_000049,Big Spenders,52,15,164992.88,10999.525333333333,225,125177.76,72.4,19.0,35.0,4.0,Enterprise,Multi-Year,USA
CUST_003522,Big Spenders,45,12,164662.94,13721.911666666667,215,189331.25,73.0,23.5,6.0,4.0,Enterprise,Monthly,Canada
CUST_015967,Big Spenders,57,12,164645.1,13720.425000000001,215,108033.81,75.0,19.9,32.0,5.0,Enterprise,Annual,USA
CUST_016749,Big Spenders,55,14,164614.86000000002,11758.204285714286,225,549388.83,85.5,28.9,50.0,2.0,Enterprise,Monthly,USA
CUST_001702,Big Spenders,45,13,164510.26,12654.635384615385,315,270999.87,82.3,29.7,42.0,3.0,Enterprise,Annual,Australia
CUST_011893,Big Spenders,50,15,164257.41999999998,10950.494666666666,235,99635.46,76.0,23.3,-1.0,2.0,Enterprise,Annual,USA
CUST_000820,Big Spenders,137,12,162980.43,13581.7025,115,97496.55,64.5,15.0,13.0,3.0,Enterprise,Annual,Germany
CUST_008809,At Risk High Value,48,17,162913.06,9583.121176470588,245,91803.22,63.5,15.4,22.0,1.0,Enterprise,Annual,Other
CUST_002764,Big Spenders,55,15,162637.28,10842.485333333334,225,383300.15,84.0,22.8,41.0,2.0,Enterprise,Monthly,USA
CUST_013587,At Risk High Value,178,18,162363.91999999998,9020.217777777776,155,78637.0,63.6,16.1,8.0,7.0,Enterprise,Annual,UK
CUST_018866,At Risk High Value,89,16,162322.53,10145.158125,145,109328.96,68.5,19.4,20.0,5.0,Enterprise,Multi-Year,USA
CUST_011103,Big Spenders,50,10,162049.88,16204.988000000001,215,117354.45,49.6,12.4,14.0,5.0,Enterprise,Annual,USA
CUST_000100,At Risk High Value,54,17,161860.77,9521.221764705882,245,340609.65,95.9,25.8,32.0,2.0,Enterprise,Annual,India
CUST_019667,Big Spenders,56,14,161633.22,11545.23,225,288085.45,66.0,23.4,37.0,4.0,Enterprise,Multi-Year,UK
CUST_000495,Big Spenders,70,13,161446.66999999998,12418.974615384614,215,325380.64,83.4,30.9,34.0,1.0,Enterprise,Annual,Germany
CUST_004118,Big Spenders,49,15,161141.25,10742.75,235,677694.17,91.7,30.3,38.0,0.0,Enterprise,Multi-Year,Australia
CUST_009594,Big Spenders,45,14,161023.17,11501.655,225,234803.6,87.0,24.1,45.0,5.0,Enterprise,Annual,USA
CUST_004042,Big Spenders,48,10,161019.61000000002,16101.961000000001,215,214926.5,76.7,13.2,20.0,2.0,Enterprise,Annual,USA
CUST_002154,Big Spenders,83,10,160620.25,16062.025,215,469743.49,56.0,28.5,20.0,5.0,Enterprise,Annual,USA
CUST_013669,Big Spenders,88,13,160407.39,12339.03,125,194253.22,89.9,17.3,35.0,2.0,Enterprise,Multi-Year,UK
CUST_011105,Big Spenders,64,14,160214.58000000002,11443.898571428572,225,521783.36,89.2,31.0,26.0,3.0,Enterprise,Annual,India
CUST_001794,At Risk High Value,52,19,160081.06,8425.318947368422,255,448608.6,100.0,29.4,23.0,3.0,Enterprise,Multi-Year,USA
CUST_013491,Big Spenders,56,14,160029.72,11430.694285714286,225,249877.03,96.7,29.5,39.0,1.0,Enterprise,Multi-Year,Canada
CUST_002703,At Risk High Value,55,17,159385.05,9375.591176470587,245,170483.7,59.8,24.4,-14.0,4.0,Enterprise,Annual,USA
CUST_000319,Big Spenders,159,15,158832.16,10588.810666666666,125,66333.24,54.4,20.5,27.0,2.0,Enterprise,Annual,USA
CUST_016059,At Risk High Value,61,16,158828.04,9926.7525,245,644701.58,90.5,26.8,59.0,0.0,Enterprise,Annual,USA
CUST_008172,Big Spenders,63,13,158702.16,12207.858461538463,225,349329.37,97.7,31.0,14.0,1.0,Enterprise,Annual,Canada
CUST_003202,Big Spenders,47,14,158583.95,11327.425000000001,225,598138.06,96.2,29.4,44.0,0.0,Enterprise,Multi-Year,USA
CUST_004943,Big Spenders,45,12,158467.18,13205.598333333333,215,145099.86,68.7,16.9,26.0,2.0,Enterprise,Multi-Year,Australia
CUST_011749,Big Spenders,53,15,158191.15,10546.076666666666,235,154711.44,72.1,16.1,9.0,4.0,Enterprise,Annual,USA
CUST_006798,At Risk High Value,46,17,157921.1,9289.476470588235,245,96569.03,53.6,21.5,53.0,3.0,Enterprise,Multi-Year,USA
CUST_000098,Big Spenders,79,13,157853.81,12142.600769230768,215,392938.71,80.7,20.6,22.0,3.0,Enterprise,Multi-Year,UK
CUST_005752,At Risk High Value,49,17,156954.07,9232.592352941178,245,586276.16,88.0,29.3,44.0,2.0,Enterprise,Multi-Year,Germany
CUST_010134,Big Spenders,55,14,156658.76,11189.91142857143,225,223247.66,73.5,23.5,3.0,2.0,Enterprise,Multi-Year,UK
CUST_003634,Big Spenders,57,15,156475.33,10431.688666666665,225,117349.51,65.3,20.9,16.0,3.0,Enterprise,Multi-Year,Canada
CUST_015439,Big Spenders,53,15,155769.23,10384.615333333333,235,710204.53,100.0,26.0,20.0,2.0,Enterprise,Annual,Canada
CUST_012405,Big Spenders,55,15,155723.2,10381.546666666667,235,82959.54,64.7,25.8,3.0,5.0,Enterprise,Annual,USA
CUST_006526,Big Spenders,113,16,155246.1,9702.88125,135,373701.0,92.0,26.1,11.0,3.0,Enterprise,Annual,Canada
CUST_015297,Big Spenders,57,13,155046.59,11926.66076923077,225,288143.31,87.7,27.1,69.0,5.0,Enterprise,Annual,UK
CUST_010165,Big Spenders,98,16,154817.4,9676.0875,135,251746.11,79.5,23.1,34.0,2.0,Enterprise,Multi-Year,Australia
CUST_014160,Big Spenders,77,11,154554.42,14050.40181818182,215,453707.2,81.1,23.4,-5.0,4.0,Enterprise,Multi-Year,USA
CUST_013281,Big Spenders,61,15,154477.11,10298.473999999998,235,322226.72,81.1,25.8,28.0,2.0,Enterprise,Multi-Year,UK
CUST_002713,At Risk High Value,478,20,154448.74,7722.437,155,130620.9,76.6,24.4,22.0,8.0,Enterprise,Annual,Canada
CUST_004519,Big Spenders,70,13,154445.84,11880.44923076923,215,541068.26,82.9,21.3,30.0,3.0,Enterprise,Annual,USA
CUST_001985,Big Spenders,68,12,154429.26,12869.105000000001,215,317304.12,77.9,18.9,42.0,3.0,Enterprise,Multi-Year,USA
CUST_009120,At Risk High Value,47,21,153666.81,7317.467142857143,255,10413.3,61.6,16.7,-7.0,3.0,Enterprise,Monthly,UK
CUST_002115,Big Spenders,105,12,153076.68,12756.39,115,113004.68,48.4,20.1,16.0,4.0,Enterprise,Annual,Canada
CUST_014900,Big Spenders,52,14,153038.59,10931.327857142856,225,106985.44,75.9,25.0,-6.0,6.0,Enterprise,Multi-Year,UK
CUST_008435,Big Spenders,46,14,152311.97,10879.426428571429,225,437248.8,93.3,23.7,73.0,4.0,Enterprise,Multi-Year,UK
CUST_014212,Big Spenders,47,13,152293.87,11714.913076923076,225,134575.48,67.9,19.8,28.0,4.0,Enterprise,Monthly,USA
CUST_002761,Big Spenders,59,15,151995.84,10133.056,225,249948.9,65.8,21.6,14.0,2.0,Enterprise,Multi-Year,USA
CUST_003412,Big Spenders,62,13,150924.89,11609.606923076924,215,517272.41,83.8,19.5,33.0,1.0,Enterprise,Annual,Germany
CUST_006198,Big Spenders,459,12,150092.95,12507.745833333334,115,355180.86,78.9,19.1,27.0,2.0,Enterprise,Annual,USA
CUST_002699,Big Spenders,57,13,149469.18,11497.629230769231,215,13035.13,53.0,7.1,-22.0,9.0,Enterprise,Annual,USA
CUST_018445,Big Spenders,57,12,149297.22,12441.435,215,281693.14,77.7,23.3,19.0,3.0,Enterprise,Annual,USA
CUST_019329,Big Spenders,48,13,149015.88,11462.76,225,148429.77,74.0,24.1,13.0,5.0,Enterprise,Multi-Year,UK
CUST_014748,Big Spenders,51,16,148968.83,9310.551875,235,162352.49,84.9,20.9,54.0,1.0,Enterprise,Annual,Germany
CUST_018427,Big Spenders,85,13,148612.47,11431.728461538461,225,449617.2,100.0,28.5,54.0,3.0,Enterprise,Annual,UK
CUST_011761,Big Spenders,65,11,148215.25,13474.113636363636,215,334694.34,75.5,17.5,36.0,2.0,Enterprise,Annual,Canada
CUST_019650,Big Spenders,46,13,148095.2,11391.938461538462,225,180854.52,68.1,20.4,46.0,1.0,Enterprise,Multi-Year,India
CUST_012004,Big Spenders,178,12,147913.37,12326.114166666666,115,90050.07,62.5,23.8,7.0,4.0,Enterprise,Monthly,Canada
CUST_019328,At Risk High Value,53,17,147846.05,8696.826470588234,245,475307.15,87.2,25.1,41.0,1.0,Enterprise,Multi-Year,Germany
CUST_007017,Big Spenders,62,13,147726.53,11363.57923076923,215,739931.34,85.0,23.2,31.0,4.0,Enterprise,Monthly,USA
CUST_008928,Big Spenders,57,15,147531.05,9835.403333333332,235,265382.96,76.6,22.9,23.0,3.0,Enterprise,Annual,UK
CUST_018289,Big Spenders,61,13,147467.3,11343.638461538461,225,657457.24,74.2,17.2,24.0,1.0,Enterprise,Annual,UK
CUST_016001,At Risk High Value,59,18,147395.36,8188.63111111111,255,521075.12,89.5,31.0,30.0,3.0,Enterprise,Monthly,USA
CUST_013504,Big Spenders,62,13,146473.37,11267.182307692306,225,243266.48,79.9,21.8,18.0,4.0,Enterprise,Multi-Year,Canada
CUST_016000,Big Spenders,86,13,146400.44,11261.572307692308,125,237967.4,82.2,20.7,30.0,2.0,Enterprise,Multi-Year,India
CUST_001410,Big Spenders,46,15,145810.75,9720.716666666667,225,82486.4,69.2,24.8,-9.0,7.0,Enterprise,Multi-Year,USA
CUST_016014,Big Spenders,54,13,145092.62,11160.97076923077,225,410591.9,71.7,19.7,36.0,1.0,Enterprise,Multi-Year,Canada
CUST_001580,Big Spenders,45,15,144882.24,9658.815999999999,325,144232.66,63.3,14.1,34.0,3.0,Enterprise,Multi-Year,Australia
CUST_007534,At Risk High Value,50,20,144690.32,7234.5160000000005,255,12065.7,46.8,13.9,32.0,6.0,Enterprise,Multi-Year,USA
CUST_012776,Big Spenders,47,11,144472.09,13133.826363636363,215,284881.74,80.3,25.4,34.0,1.0,Enterprise,Annual,USA
CUST_017900,Big Spenders,68,13,144452.99,11111.76846153846,225,114918.06,75.0,25.9,-4.0,0.0,Enterprise,Annual,USA
CUST_011483,At Risk High Value,242,21,144108.28,6862.299047619048,155,19695.12,60.7,10.3,14.0,3.0,Enterprise,Annual,USA
CUST_003384,Big Spenders,65,15,143827.22,9588.481333333333,225,427905.32,83.1,29.0,16.0,3.0,Enterprise,Annual,India
CUST_013167,Big Spenders,47,15,143740.92,9582.728000000001,235,86108.46,53.4,19.1,26.0,2.0,Enterprise,Annual,USA
CUST_002118,Big Spenders,455,12,143368.29,11947.3575,115,267148.64,78.8,23.7,4.0,3.0,Enterprise,Annual,USA
CUST_018404,At Risk High Value,52,17,143067.48,8415.73411764706,245,57941.59,77.6,27.2,32.0,1.0,Enterprise,Annual,USA
CUST_017969,Big Spenders,50,14,142594.21,10185.300714285713,225,606050.26,90.7,18.0,54.0,1.0,Enterprise,Monthly,USA
CUST_002884,Big Spenders,70,13,142476.17,10959.705384615385,215,352599.21,72.1,27.5,32.0,3.0,Enterprise,Annual,USA
CUST_012457,At Risk High Value,237,18,142185.19,7899.177222222223,155,43924.95,59.7,19.0,4.0,2.0,Enterprise,Monthly,Other
CUST_010259,Big Spenders,114,12,142100.14,11841.678333333335,115,569046.48,100.0,25.1,40.0,2.0,Enterprise,Multi-Year,UK
CUST_016119,Big Spenders,50,13,142002.08,10923.236923076922,225,260242.71,64.7,23.3,44.0,2.0,Enterprise,Annual,USA
CUST_000628,Big Spenders,59,15,141883.8,9458.92,225,324806.54,76.9,28.8,34.0,2.0,Enterprise,Annual,USA
CUST_004407,Big Spenders,51,14,141850.46,10132.175714285713,225,76115.22,60.9,16.6,-7.0,9.0,Enterprise,Annual,UK
CUST_007635,At Risk High Value,53,19,140690.51,7404.763684210527,255,9783.3,31.1,5.5,-44.0,4.0,Enterprise,Annual,USA
CUST_009079,Big Spenders,79,9,140565.27,15618.363333333333,215,479166.65,75.5,21.7,28.0,0.0,Enterprise,Multi-Year,Australia
CUST_015877,Big Spenders,116,8,140161.59,17520.19875,115,207073.67,62.0,22.9,-12.0,7.0,Enterprise,Monthly,Australia
CUST_007206,Big Spenders,68,10,139403.74,13940.374,215,814361.79,82.3,29.3,88.0,0.0,Enterprise,Multi-Year,India
CUST_003910,Big Spenders,82,12,138596.01,11549.667500000001,215,394213.02,84.0,21.6,27.0,1.0,Enterprise,Annual,Other
CUST_009508,Big Spenders,48,13,138248.49,10634.49923076923,225,216060.21,69.9,23.1,20.0,3.0,Enterprise,Annual,India
CUST_004867,Big Spenders,55,13,138048.39,10619.106923076924,215,134078.82,71.0,24.6,-14.0,2.0,Enterprise,Multi-Year,Australia
CUST_015106,Big Spenders,59,14,138038.16,9859.868571428571,225,196335.83,55.4,18.9,34.0,1.0,Enterprise,Annual,UK
CUST_013659,Big Spenders,63,13,137621.03,10586.233076923078,225,147505.1,55.8,29.3,8.0,6.0,Enterprise,Multi-Year,India
CUST_017052,Big Spenders,55,12,137516.63,11459.719166666668,215,734194.49,92.0,22.9,75.0,1.0,Enterprise,Monthly,USA
CUST_010202,Big Spenders,47,12,137368.49,11447.374166666666,215,743823.43,98.0,31.0,59.0,2.0,Enterprise,Annual,Canada
CUST_002068,Big Spenders,52,12,137287.5,11440.625,215,189489.92,58.4,19.5,43.0,4.0,Enterprise,Annual,USA
CUST_011386,Big Spenders,70,13,137133.18,10548.706153846153,225,704536.58,82.2,28.9,25.0,0.0,Enterprise,Annual,USA
CUST_002087,Big Spenders,208,13,136706.48,10515.883076923077,115,61887.36,74.9,20.9,-19.0,3.0,Enterprise,Multi-Year,USA
CUST_007849,Big Spenders,55,15,136384.24,9092.282666666666,235,74076.18,67.9,19.8,38.0,1.0,Enterprise,Multi-Year,Australia
CUST_014074,Big Spenders,129,11,136366.45,12396.95,115,328815.98,68.9,20.7,28.0,6.0,Enterprise,Monthly,India
CUST_011029,Big Spenders,77,12,136132.65,11344.387499999999,215,737329.69,100.0,31.0,77.0,1.0,Enterprise,Annual,USA
CUST_004497,Big Spenders,60,12,136087.52,11340.626666666665,215,730174.56,83.0,20.8,66.0,2.0,Enterprise,Monthly,Germany
CUST_003707,Big Spenders,54,11,135859.92,12350.90181818182,215,298725.01,71.1,26.7,54.0,4.0,Enterprise,Multi-Year,USA
CUST_010878,Big Spenders,74,11,135546.37,12322.397272727272,215,710306.27,91.7,29.2,44.0,1.0,Enterprise,Annual,USA
CUST_016373,At Risk High Value,50,18,135060.23,7503.346111111112,255,48270.91,74.1,20.7,25.0,4.0,Enterprise,Annual,Canada
CUST_002111,Big Spenders,53,11,134649.79,12240.890000000001,215,725823.17,85.4,26.2,50.0,0.0,Enterprise,Multi-Year,USA
CUST_004388,Big Spenders,92,8,134639.43,16829.92875,115,417571.43,92.4,25.8,30.0,1.0,Enterprise,Monthly,Germany
CUST_008406,At Risk High Value,58,18,133776.88,7432.048888888889,245,101720.11,55.0,16.7,31.0,5.0,Enterprise,Multi-Year,UK
CUST_013290,Big Spenders,54,12,132952.93,11079.410833333333,215,601540.28,89.9,23.9,47.0,2.0,Enterprise,Multi-Year,USA
CUST_018356,Big Spenders,79,10,132893.69,13289.369,215,193953.49,69.1,20.8,60.0,1.0,Enterprise,Monthly,Germany
CUST_003730,At Risk High Value,109,17,132506.02,7794.4717647058815,145,56866.93,77.7,17.9,36.0,2.0,Enterprise,Monthly,USA
CUST_005858,Big Spenders,68,14,132466.22,9461.872857142856,225,157016.47,62.3,19.2,7.0,1.0,Enterprise,Multi-Year,USA
CUST_015361,At Risk High Value,59,17,132248.43,7779.319411764705,245,196941.39,63.8,20.9,46.0,3.0,Enterprise,Multi-Year,UK
CUST_010171,Big Spenders,120,11,131383.95,11943.995454545455,115,337154.35,73.2,27.2,46.0,5.0,Enterprise,Multi-Year,India
CUST_002879,Big Spenders,50,13,131037.5,10079.807692307691,215,255506.81,78.5,25.6,31.0,3.0,Enterprise,Multi-Year,India
CUST_017812,Big Spenders,60,13,130889.86,10068.450769230769,225,272221.21,72.2,19.1,0.0,1.0,Enterprise,Annual,UK
CUST_009403,Big Spenders,50,12,130715.89,10892.990833333333,215,221347.32,88.6,25.8,27.0,2.0,Enterprise,Multi-Year,Australia
CUST_016122,Big Spenders,55,13,130625.45999999999,10048.112307692307,225,87828.73,53.6,25.5,-2.0,5.0,Enterprise,Annual,Canada
CUST_004097,Big Spenders,61,14,130485.95999999999,9320.425714285713,225,592022.18,98.0,31.0,37.0,2.0,Enterprise,Multi-Year,USA
CUST_014515,Big Spenders,50,13,130378.35,10029.103846153846,225,576681.06,100.0,27.8,60.0,1.0,Enterprise,Annual,UK
CUST_009132,Big Spenders,64,10,130375.13,13037.513,215,97268.26,71.4,22.2,6.0,0.0,Enterprise,Annual,USA
CUST_009973,At Risk High Value,53,17,129960.95,7644.761764705882,245,48634.53,51.2,17.3,1.0,2.0,Enterprise,Annual,USA
CUST_007446,Big Spenders,46,13,129565.34,9966.564615384616,215,99932.65,70.4,16.3,17.0,7.0,Enterprise,Annual,UK
CUST_012437,Big Spenders,55,10,129346.34,12934.634,215,451180.7,94.4,31.0,6.0,3.0,Enterprise,Monthly,Other
CUST_004801,At Risk High Value,52,17,129191.06,7599.474117647059,245,345395.92,75.2,17.4,54.0,0.0,Enterprise,Multi-Year,USA
CUST_015854,Big Spenders,48,13,128270.82,9866.986153846154,225,139548.87,82.5,22.2,1.0,2.0,Enterprise,Multi-Year,UK
CUST_016327,Big Spenders,90,12,128025.16,10668.763333333334,115,716981.84,83.7,28.0,24.0,3.0,Enterprise,Annual,USA
CUST_019172,Big Spenders,49,12,128001.16,10666.763333333334,215,162668.28,78.5,23.2,43.0,2.0,Enterprise,Multi-Year,Other
CUST_001819,Big Spenders,54,12,127826.38,10652.198333333334,215,64315.61,64.9,16.1,12.0,4.0,Enterprise,Multi-Year,Australia
CUST_013600,Big Spenders,48,14,127710.26,9122.161428571428,225,308195.04,92.6,28.5,40.0,0.0,Enterprise,Multi-Year,Germany
CUST_016588,Big Spenders,71,13,127474.64,9805.741538461538,225,252373.43,57.8,17.8,36.0,1.0,Enterprise,Multi-Year,USA
CUST_010400,Big Spenders,135,10,127218.37,12721.837,115,662336.37,86.0,31.0,18.0,2.0,Enterprise,Monthly,USA
CUST_000844,Big Spenders,101,14,127209.16,9086.368571428571,125,315445.2,95.8,31.0,32.0,5.0,Enterprise,Multi-Year,UK
CUST_006390,Big Spenders,54,13,126849.81,9757.677692307692,215,572062.49,96.6,25.0,62.0,5.0,Enterprise,Multi-Year,Germany
CUST_008565,Big Spenders,73,9,126670.78,14074.531111111111,215,132899.65,62.3,18.6,-2.0,4.0,Enterprise,Monthly,Canada
CUST_001250,At Risk High Value,54,18,126477.95999999999,7026.553333333333,245,80799.22,94.0,26.3,29.0,2.0,Enterprise,Monthly,India
CUST_010705,Big Spenders,75,12,126413.07,10534.4225,215,94394.05,73.2,15.0,-5.0,6.0,Enterprise,Monthly,USA
CUST_003693,Big Spenders,50,13,126394.2,9722.63076923077,215,353602.4,99.3,31.0,18.0,2.0,Enterprise,Multi-Year,Canada
CUST_006747,Big Spenders,78,11,126116.8,11465.163636363637,215,403772.21,82.6,22.7,-1.0,3.0,Enterprise,Annual,USA
CUST_011763,Big Spenders,152,10,126020.17,12602.017,115,114475.05,69.5,21.2,-5.0,2.0,Enterprise,Annual,Germany
CUST_005579,Big Spenders,69,13,125900.8,9684.676923076924,215,284655.94,98.2,21.2,43.0,3.0,Enterprise,Annual,USA
CUST_010204,At Risk High Value,45,17,125630.15,7390.0088235294115,245,22537.9,51.4,12.0,-5.0,6.0,Enterprise,Annual,Australia
CUST_011899,Big Spenders,52,14,124777.38,8912.67,225,538434.28,91.7,31.0,52.0,1.0,Enterprise,Annual,UK
CUST_004129,At Risk High Value,64,17,124756.99,7338.646470588235,245,365503.56,89.9,26.1,39.0,3.0,Enterprise,Annual,Canada
CUST_008244,Big Spenders,50,11,124679.3,11334.48181818182,215,651262.58,88.6,30.4,41.0,3.0,Enterprise,Multi-Year,Germany
CUST_013897,At Risk High Value,47,18,123900.15,6883.341666666666,255,28710.32,47.2,16.3,46.0,3.0,Enterprise,Annual,Germany
CUST_007632,Big Spenders,86,12,123802.25,10316.854166666666,115,300561.07,82.0,24.7,34.0,2.0,Enterprise,Multi-Year,USA
CUST_009101,Big Spenders,103,16,123631.18,7726.94875,135,11959.15,44.4,13.0,8.0,2.0,Enterprise,Annual,Germany
CUST_005027,Big Spenders,66,14,123604.81,8828.914999999999,225,260115.96,79.7,31.0,21.0,2.0,Enterprise,Monthly,Germany
CUST_016702,At Risk High Value,133,26,123257.61,4740.677307692307,155,11150.44,43.6,9.7,-7.0,5.0,Enterprise,Multi-Year,UK
CUST_000911,Big Spenders,47,14,123075.4,8791.1,225,170817.13,75.4,18.3,12.0,1.0,Enterprise,Multi-Year,USA
CUST_019879,Big Spenders,78,12,122607.18,10217.265,215,404585.88,81.8,23.1,27.0,3.0,Enterprise,Multi-Year,USA
CUST_013029,Big Spenders,54,12,122451.17,10204.264166666666,215,92851.96,74.1,17.8,8.0,1.0,Enterprise,Annual,USA
CUST_001598,Big Spenders,67,13,122369.95999999999,9413.073846153846,215,525432.0,94.0,26.9,44.0,4.0,Enterprise,Multi-Year,Germany
CUST_000424,Big Spenders,64,14,121930.85,8709.346428571429,225,59688.53,57.4,17.9,28.0,6.0,Enterprise,Annual,USA
CUST_009571,Big Spenders,60,13,121492.92,9345.60923076923,225,582959.03,81.2,25.9,39.0,3.0,Enterprise,Annual,USA
CUST_005977,Big Spenders,58,13,121353.94,9334.918461538462,215,239473.44,99.9,31.0,35.0,1.0,Enterprise,Multi-Year,USA
CUST_014505,Big Spenders,107,16,121174.19,7573.386875,135,19010.35,60.3,22.5,11.0,3.0,Enterprise,Annual,UK
CUST_014674,Big Spenders,45,16,120756.84999999999,7547.303124999999,235,17840.83,43.7,16.3,4.0,5.0,Enterprise,Annual,Other
CUST_002180,Big Spenders,50,12,120741.28,10061.773333333333,215,154408.66,56.0,19.4,10.0,2.0,Enterprise,Annual,USA
CUST_011533,Big Spenders,71,11,120603.94,10963.994545454545,215,346290.84,83.2,28.2,45.0,2.0,Enterprise,Monthly,Canada
CUST_013159,Big Spenders,60,14,120491.86,8606.56142857143,225,194155.98,87.7,26.0,4.0,4.0,Enterprise,Multi-Year,India
CUST_008969,Big Spenders,80,10,119397.34,11939.734,215,107524.58,66.3,19.7,25.0,6.0,Enterprise,Annual,USA
CUST_001347,Big Spenders,99,10,118974.29000000001,11897.429,115,212272.96,60.6,17.9,46.0,3.0,Enterprise,Multi-Year,USA
CUST_009147,Big Spenders,49,10,118567.9,11856.789999999999,215,240357.21,65.6,17.5,39.0,3.0,Enterprise,Annual,Canada
CUST_011937,At Risk High Value,316,19,118287.09,6225.636315789474,155,43069.39,65.7,15.4,48.0,1.0,Enterprise,Annual,Germany
CUST_012138,Big Spenders,65,12,118236.06999999999,9853.005833333333,215,165361.26,76.5,20.6,29.0,5.0,Enterprise,Annual,Canada
CUST_000693,Big Spenders,47,14,118195.6,8442.542857142858,225,228215.44,85.3,23.8,54.0,1.0,Enterprise,Multi-Year,UK
CUST_013026,Big Spenders,59,16,117772.81,7360.800625,235,170798.06,85.1,27.6,45.0,4.0,Enterprise,Annual,Other
CUST_007513,Big Spenders,59,13,117770.01,9059.231538461538,215,364795.73,73.6,26.2,44.0,2.0,Enterprise,Annual,India
CUST_002127,Big Spenders,52,14,117650.05,8403.575,225,284390.08,74.2,23.3,26.0,2.0,Enterprise,Multi-Year,USA
CUST_003007,Big Spenders,71,14,117058.67,8361.333571428571,225,594619.57,89.4,31.0,12.0,1.0,Enterprise,Monthly,Other
CUST_009091,Big Spenders,74,12,116659.2,9721.6,215,322626.85,100.0,31.0,14.0,5.0,Enterprise,Monthly,USA
CUST_012624,Big Spenders,108,9,116652.31,12961.367777777778,115,428735.58,84.7,23.6,57.0,0.0,Enterprise,Annual,USA
CUST_008444,Big Spenders,52,12,116527.41,9710.6175,215,282304.68,82.9,28.9,29.0,1.0,Enterprise,Multi-Year,India
CUST_002435,Big Spenders,45,12,115091.59,9590.965833333334,215,112696.68,71.6,20.2,7.0,4.0,Enterprise,Annual,USA
CUST_001533,Big Spenders,52,11,114631.47,10421.042727272727,215,407617.94,71.2,23.4,56.0,2.0,Enterprise,Annual,Other
CUST_000336,Big Spenders,70,14,114384.68,8170.334285714285,225,21340.25,59.8,15.0,-23.0,3.0,Enterprise,Annual,USA
CUST_018098,Big Spenders,48,12,113736.67,9478.055833333334,215,13252.18,53.9,17.6,2.0,7.0,Enterprise,Annual,India
CUST_019732,Big Spenders,53,13,113592.56,8737.889230769231,225,65739.1,65.3,25.8,-9.0,3.0,Enterprise,Annual,USA
CUST_006066,Big Spenders,74,8,113459.95999999999,14182.494999999999,215,55633.45,59.2,16.7,-9.0,3.0,Enterprise,Annual,Germany
CUST_004420,Big Spenders,77,11,112467.18,10224.289090909091,215,68744.66,56.0,16.0,3.0,5.0,Enterprise,Annual,USA
CUST_004146,At Risk High Value,93,18,112288.31,6238.239444444444,145,31273.44,60.1,20.9,1.0,3.0,Enterprise,Multi-Year,Germany
CUST_006233,Big Spenders,65,11,112287.29,10207.935454545453,215,192193.4,82.4,20.6,21.0,3.0,Enterprise,Annual,Australia
CUST_006556,Big Spenders,107,14,112257.25,8018.375,125,25501.78,56.2,13.9,-16.0,2.0,Enterprise,Monthly,USA
CUST_011351,Big Spenders,74,14,110929.85,7923.560714285714,225,489619.17,70.3,25.4,65.0,4.0,Enterprise,Multi-Year,India
CUST_014804,Big Spenders,112,15,110826.39,7388.426,135,326303.6,75.9,24.7,47.0,2.0,Enterprise,Multi-Year,USA
CUST_019262,At Risk High Value,50,16,109913.16,6869.5725,245,82145.5,60.9,22.8,46.0,0.0,Enterprise,Monthly,Canada
CUST_018680,Big Spenders,57,12,109600.42,9133.368333333334,215,122467.8,63.9,24.3,51.0,3.0,Enterprise,Annual,Australia
CUST_007080,Big Spenders,56,10,108610.55,10861.055,215,396116.59,87.8,31.0,40.0,2.0,Enterprise,Monthly,India
CUST_012623,Big Spenders,74,9,108440.46,12048.94,215,141985.98,100.0,23.2,35.0,5.0,Enterprise,Multi-Year,Australia
CUST_000722,Big Spenders,55,14,108275.73,7733.980714285714,225,83701.06,54.0,14.6,-9.0,3.0,Enterprise,Monthly,USA
CUST_006548,Big Spenders,47,16,107908.16,6744.26,235,59554.54,56.6,22.6,11.0,2.0,Enterprise,Annual,Germany
CUST_009321,Big Spenders,48,13,107770.67,8290.05153846154,225,23068.94,63.1,16.2,-6.0,5.0,Enterprise,Monthly,USA
CUST_013109,Big Spenders,58,12,107510.13,8959.1775,215,154645.68,55.4,9.3,8.0,1.0,Enterprise,Annual,Other
CUST_011293,Big Spenders,182,15,107509.62,7167.308,135,23192.87,58.1,15.8,-9.0,5.0,Enterprise,Annual,USA
CUST_005918,Big Spenders,71,9,107478.04000000001,11942.004444444445,215,408246.06,84.5,27.0,4.0,4.0,Enterprise,Monthly,Germany
CUST_007783,Big Spenders,89,9,107461.84,11940.204444444444,115,260658.03,75.3,24.0,24.0,2.0,Enterprise,Annual,Canada
CUST_017211,Big Spenders,76,10,107377.31,10737.731,215,444016.33,75.9,25.0,18.0,0.0,Enterprise,Multi-Year,USA
CUST_003120,Big Spenders,82,14,107332.98,7666.641428571428,225,18940.03,55.7,16.3,22.0,3.0,Enterprise,Multi-Year,Germany
CUST_018270,Big Spenders,59,12,107204.55,8933.7125,215,311495.13,100.0,30.6,15.0,1.0,Enterprise,Monthly,India
CUST_009259,At Risk High Value,49,17,107202.59,6306.034705882353,245,70610.45,62.2,20.1,-10.0,3.0,Enterprise,Monthly,UK
CUST_014547,Big Spenders,58,15,106813.31,7120.887333333333,235,35990.47,88.0,22.6,17.0,2.0,Enterprise,Annual,USA
CUST_011674,Big Spenders,86,10,106551.81,10655.181,115,229681.93,87.3,28.6,18.0,4.0,Enterprise,Annual,UK
CUST_008347,Big Spenders,79,11,106481.28,9680.116363636364,215,172106.9,69.2,21.7,11.0,4.0,Enterprise,Annual,UK
CUST_007400,Big Spenders,151,10,106024.18,10602.418,115,322088.37,80.2,27.7,21.0,7.0,Enterprise,Annual,USA
CUST_008723,Big Spenders,355,16,106020.1,6626.25625,135,96435.38,96.8,25.8,49.0,2.0,Enterprise,Annual,UK
CUST_009487,At Risk High Value,81,17,105932.44,6231.32,245,41591.18,56.8,14.1,31.0,3.0,Enterprise,Multi-Year,Australia
CUST_017768,At Risk High Value,189,19,105834.04,5570.212631578947,155,10831.67,45.6,13.4,9.0,0.0,Enterprise,Annual,UK
CUST_004796,At Risk High Value,46,17,105376.55,6198.620588235294,245,60151.81,85.0,20.4,-1.0,2.0,Enterprise,Monthly,USA
CUST_001302,At Risk High Value,57,17,105365.27,6197.957058823529,245,81672.14,67.1,18.4,34.0,6.0,Enterprise,Monthly,USA
CUST_006515,Big Spenders,380,16,105237.54000000001,6577.3462500000005,135,27596.33,50.9,22.5,10.0,2.0,Enterprise,Annual,USA
CUST_016604,Big Spenders,48,15,105169.92,7011.3279999999995,235,51394.23,65.9,19.6,26.0,4.0,Enterprise,Annual,USA
CUST_018498,Big Spenders,48,14,105044.04,7503.145714285713,225,18729.19,72.8,20.9,-23.0,7.0,Enterprise,Multi-Year,Other
CUST_007869,Big Spenders,80,12,104923.64,8743.636666666667,215,616450.39,80.9,28.0,69.0,1.0,Enterprise,Annual,USA
CUST_000900,Big Spenders,90,14,104869.78000000001,7490.698571428572,125,15626.98,44.6,13.5,-13.0,3.0,Enterprise,Annual,UK
CUST_006501,At Risk High Value,49,17,104753.62,6161.977647058823,245,28006.87,64.7,19.7,7.0,3.0,Enterprise,Annual,USA
CUST_002156,Big Spenders,49,16,104271.41,6516.963125,235,44050.53,78.2,17.6,-7.0,2.0,Enterprise,Multi-Year,UK
CUST_001798,Big Spenders,55,13,103785.38,7983.49076923077,215,192013.45,86.8,30.8,33.0,5.0,Enterprise,Monthly,USA
CUST_001646,Big Spenders,58,13,103312.17,7947.09,215,35284.94,49.9,12.3,1.0,2.0,Enterprise,Multi-Year,USA
CUST_001600,Big Spenders,120,9,102762.18000000001,11418.02,115,218868.2,71.2,23.0,10.0,3.0,Enterprise,Annual,Other
CUST_005081,Big Spenders,105,8,102558.97,12819.87125,115,266917.34,100.0,28.8,50.0,2.0,Enterprise,Multi-Year,Australia
CUST_017696,At Risk High Value,213,17,102316.11,6018.594705882353,145,21068.7,56.0,11.4,-4.0,7.0,Enterprise,Monthly,USA
CUST_007296,At Risk High Value,462,17,101780.17,5987.068823529412,145,26553.2,60.8,15.3,31.0,1.0,Enterprise,Annual,Canada
CUST_016941,Big Spenders,799,12,101604.84,8467.07,115,343011.86,77.2,18.6,27.0,3.0,Enterprise,Multi-Year,Germany
CUST_014759,At Risk High Value,58,17,101260.56999999999,5956.504117647059,245,30975.66,62.2,20.6,26.0,3.0,Enterprise,Annual,India
CUST_013685,Big Spenders,50,14,101252.36,7232.311428571428,225,67871.29,85.0,31.0,64.0,2.0,Enterprise,Multi-Year,USA
CUST_007117,Big Spenders,69,11,100978.27,9179.842727272728,215,220432.03,69.4,17.7,21.0,3.0,Enterprise,Annual,UK
CUST_002746,Big Spenders,136,16,100924.17,6307.760625,135,13809.13,56.6,11.5,-3.0,8.0,Enterprise,Annual,Australia
CUST_016468,Big Spenders,164,15,100494.61,6699.640666666667,135,12691.6,55.8,22.6,2.0,6.0,Enterprise,Annual,Canada
CUST_017272,Big Spenders,55,13,100309.61,7716.123846153846,225,26652.94,65.3,27.7,11.0,6.0,Enterprise,Annual,India
CUST_011256,At Risk High Value,56,19,100147.41,5270.916315789474,255,32679.75,57.2,14.6,23.0,4.0,Enterprise,Multi-Year,Australia
CUST_006970,Big Spenders,50,15,100026.89,6668.459333333333,235,21611.9,34.6,12.1,16.0,4.0,Enterprise,Annual,Canada
CUST_012753,At Risk High Value,50,18,99927.44,5551.524444444444,255,45061.87,47.2,16.6,9.0,0.0,Enterprise,Annual,Australia
CUST_001393,Loyal High Value,45,17,99783.33,5869.607647058823,345,40773.93,72.9,24.6,39.0,3.0,Enterprise,Annual,USA
CUST_005339,Big Spenders,108,9,99672.16,11074.684444444445,115,103608.83,62.8,19.6,13.0,3.0,Enterprise,Multi-Year,Australia
CUST_017082,Big Spenders,167,13,99480.95,7652.380769230769,125,43888.1,58.3,20.6,-2.0,2.0,Enterprise,Multi-Year,Germany
CUST_017446,Big Spenders,49,15,99427.04,6628.4693333333325,235,78044.39,71.2,24.4,26.0,4.0,Enterprise,Annual,UK
CUST_011986,Big Spenders,69,9,99267.61,11029.734444444444,215,128633.98,79.8,18.4,40.0,3.0,Enterprise,Annual,USA
CUST_016960,At Risk High Value,93,19,99089.36,5215.2294736842105,155,5049.37,52.1,14.5,7.0,2.0,Enterprise,Monthly,Germany
CUST_008017,At Risk High Value,199,17,99044.31999999999,5826.136470588235,145,13908.33,61.0,18.8,-2.0,2.0,Enterprise,Multi-Year,Germany
CUST_019964,At Risk High Value,45,16,98764.76000000001,6172.797500000001,245,74820.14,61.1,16.6,27.0,2.0,Enterprise,Monthly,USA
CUST_015952,Big Spenders,50,9,98409.57,10934.396666666667,215,299098.54,87.6,24.0,37.0,0.0,Enterprise,Annual,USA
CUST_019326,At Risk High Value,57,18,98044.32,5446.906666666667,255,78597.93,62.8,20.0,11.0,3.0,Enterprise,Monthly,USA
CUST_004332,At Risk High Value,250,17,97802.46,5753.085882352942,145,6493.79,30.7,4.3,-4.0,5.0,Enterprise,Annual,USA
CUST_014148,At Risk High Value,46,17,97426.55,5730.9735294117645,245,45198.5,89.1,25.5,17.0,3.0,Business,Annual,Canada
CUST_007834,Big Spenders,52,15,97137.8,6475.8533333333335,235,63364.98,81.5,18.7,17.0,0.0,Enterprise,Annual,Australia
CUST_017032,Big Spenders,49,11,97079.89,8825.444545454546,215,96258.88,80.8,18.6,38.0,4.0,Enterprise,Annual,USA
CUST_012938,Big Spenders,62,12,97021.16,8085.096666666667,215,163569.76,89.9,23.3,13.0,3.0,Enterprise,Multi-Year,UK
CUST_002080,Big Spenders,54,15,96862.7,6457.513333333333,225,75797.83,76.1,25.5,29.0,3.0,Enterprise,Annual,Canada
CUST_006616,Big Spenders,47,14,96724.01,6908.857857142857,225,112329.1,71.2,18.4,30.0,3.0,Enterprise,Annual,Canada
CUST_019427,Big Spenders,108,13,96235.47,7402.7284615384615,125,23695.57,60.1,15.2,33.0,3.0,Enterprise,Annual,USA
CUST_001493,Big Spenders,54,15,96218.2,6414.546666666666,225,183712.38,90.3,28.1,44.0,4.0,Enterprise,Annual,USA
CUST_010399,Big Spenders,49,9,96199.26000000001,10688.806666666667,215,240192.12,82.5,22.4,40.0,1.0,Enterprise,Multi-Year,Other
CUST_016884,Big Spenders,53,13,96123.47,7394.113076923077,225,69920.79,69.6,18.6,17.0,5.0,Business,Monthly,Germany
CUST_010297,Big Spenders,249,15,95922.86,6394.857333333333,135,12779.86,39.3,5.7,-19.0,10.0,Enterprise,Annual,USA
CUST_004326,At Risk High Value,47,18,95897.93,5327.662777777778,245,14494.06,59.1,9.7,-15.0,3.0,Enterprise,Annual,India
CUST_005547,Big Spenders,82,12,95784.61,7982.050833333334,215,586060.63,81.0,29.0,22.0,1.0,Enterprise,Multi-Year,Germany
CUST_002874,Big Spenders,48,13,94486.51999999999,7268.193846153846,215,13978.39,49.4,9.3,-29.0,0.0,Enterprise,Annual,Australia
CUST_010992,Big Spenders,79,14,94252.82,6732.344285714286,225,14277.26,48.3,17.7,-2.0,3.0,Enterprise,Multi-Year,Germany
CUST_009705,Big Spenders,664,16,94220.33,5888.770625,135,19295.92,38.4,9.0,-3.0,4.0,Enterprise,Multi-Year,Germany
CUST_014195,Big Spenders,152,11,93951.64,8541.058181818182,115,92305.5,64.3,21.4,-4.0,4.0,Enterprise,Multi-Year,Germany
CUST_015913,At Risk High Value,47,17,93949.84,5526.461176470588,245,33135.87,65.0,20.1,14.0,3.0,Enterprise,Annual,UK
CUST_014445,Big Spenders,379,15,93423.74,6228.249333333334,135,16831.55,49.5,11.2,34.0,6.0,Enterprise,Annual,USA
CUST_002267,Big Spenders,197,16,93082.03,5817.626875,135,15057.03,57.0,20.1,7.0,4.0,Enterprise,Multi-Year,USA
CUST_002829,At Risk High Value,54,17,93037.83,5472.813529411765,245,73683.44,84.4,28.5,11.0,2.0,Enterprise,Multi-Year,Canada
CUST_007583,Big Spenders,69,12,92792.12,7732.676666666666,215,273837.64,77.9,25.5,27.0,2.0,Enterprise,Multi-Year,Canada
CUST_017229,At Risk High Value,50,16,92775.16,5798.4475,245,241567.25,88.5,20.8,39.0,3.0,Enterprise,Monthly,Germany
CUST_013992,Big Spenders,46,13,92758.68000000001,7135.283076923078,225,33210.79,61.3,11.3,21.0,3.0,Enterprise,Annual,India
CUST_008359,Big Spenders,68,10,92630.42,9263.042,215,252180.38,85.3,24.4,39.0,2.0,Enterprise,Multi-Year,USA
CUST_007587,Big Spenders,152,16,92567.02,5785.43875,135,15301.57,61.9,23.2,15.0,3.0,Enterprise,Multi-Year,USA
CUST_015565,Big Spenders,55,9,91894.92,10210.546666666667,215,155270.85,62.0,19.2,13.0,4.0,Enterprise,Annual,USA
CUST_012917,Big Spenders,166,16,91072.95,5692.059375,135,42700.57,65.3,17.5,15.0,3.0,Enterprise,Annual,USA
CUST_018182,At Risk High Value,50,20,91067.68,4553.384,255,25495.81,68.2,19.3,21.0,5.0,Enterprise,Annual,Other
CUST_007861,Big Spenders,48,15,90671.28,6044.7519999999995,235,168821.55,90.8,30.1,32.0,1.0,Enterprise,Annual,UK
CUST_012855,Big Spenders,53,10,90482.7,9048.27,215,212756.39,78.2,22.7,11.0,5.0,Enterprise,Monthly,Other
CUST_010124,Big Spenders,73,13,90482.05,6960.157692307693,225,69980.25,72.7,18.3,26.0,2.0,Enterprise,Annual,UK
CUST_001597,Big Spenders,79,9,90217.44,10024.16,215,140187.91,68.6,21.4,16.0,5.0,Enterprise,Annual,USA
CUST_008362,Big Spenders,55,10,90198.88,9019.888,215,245868.14,70.8,23.1,37.0,4.0,Enterprise,Multi-Year,UK
CUST_006587,Big Spenders,60,16,89995.46,5624.71625,235,81188.1,65.0,23.5,21.0,0.0,Enterprise,Multi-Year,USA
CUST_003107,Big Spenders,69,15,89905.66,5993.710666666667,225,80995.94,74.9,25.0,19.0,3.0,Enterprise,Multi-Year,Germany
CUST_000015,Big Spenders,95,15,89900.04,5993.335999999999,125,94438.06,82.3,29.7,2.0,6.0,Enterprise,Annual,USA
CUST_005097,Big Spenders,68,8,89452.59,11181.57375,215,385800.73,77.4,29.0,34.0,2.0,Enterprise,Annual,USA
CUST_011482,Big Spenders,64,13,89438.3,6879.869230769231,225,37045.67,52.2,23.1,30.0,3.0,Enterprise,Annual,USA
CUST_004507,Big Spenders,118,15,89317.43000000001,5954.495333333334,135,68213.8,56.0,22.1,28.0,0.0,Enterprise,Multi-Year,USA
CUST_019350,At Risk High Value,62,16,89206.81,5575.425625,245,25587.4,53.1,18.0,31.0,5.0,Enterprise,Annual,USA
CUST_002563,Big Spenders,52,16,89037.81,5564.863125,235,26788.76,56.2,14.4,-8.0,4.0,Enterprise,Monthly,Australia
CUST_007436,Big Spenders,48,16,88978.53,5561.158125,235,43627.42,58.3,24.1,12.0,4.0,Enterprise,Multi-Year,USA
CUST_006801,Big Spenders,53,16,88941.6,5558.85,235,68241.5,82.9,22.3,27.0,1.0,Enterprise,Annual,Australia
CUST_002894,Big Spenders,50,16,87979.97,5498.748125,235,133705.96,73.3,28.2,57.0,0.0,Enterprise,Monthly,UK
CUST_012312,At Risk High Value,111,19,87912.55,4626.976315789474,155,12458.66,38.1,15.3,26.0,3.0,Enterprise,Annual,Other
CUST_001412,Big Spenders,47,13,87309.01,6716.077692307692,215,50456.61,74.7,19.0,11.0,3.0,Enterprise,Annual,UK
CUST_003403,Big Spenders,266,13,87039.76,6695.366153846154,115,27998.46,46.9,14.0,22.0,4.0,Enterprise,Annual,Germany
CUST_008961,At Risk High Value,293,21,87016.53,4143.644285714286,155,14535.49,60.4,17.5,10.0,3.0,Enterprise,Multi-Year,USA
CUST_005942,Big Spenders,142,11,87001.11,7909.191818181818,115,576807.87,100.0,29.0,45.0,4.0,Enterprise,Multi-Year,Germany
CUST_007734,At Risk High Value,51,17,86529.84,5089.990588235294,245,41940.7,53.5,18.1,34.0,4.0,Enterprise,Annual,USA
CUST_008234,Big Spenders,61,15,86493.81,5766.254,235,40035.94,55.5,12.5,44.0,2.0,Enterprise,Multi-Year,USA
CUST_001695,At Risk High Value,56,17,86415.95,5083.291176470588,245,155050.68,89.1,28.7,36.0,1.0,Business,Annual,Other
CUST_006763,At Risk High Value,274,17,86131.24,5066.543529411765,145,14105.21,20.0,1.6,-13.0,2.0,Enterprise,Annual,Australia
CUST_002203,Big Spenders,63,14,85863.23,6133.087857142857,225,37571.73,61.2,16.5,16.0,2.0,Enterprise,Annual,India
CUST_014364,Big Spenders,51,16,85614.27,5350.891875,235,46077.1,66.1,25.5,41.0,0.0,Enterprise,Annual,USA
CUST_000111,Big Spenders,52,16,85328.37,5333.023125,235,39218.67,55.4,17.8,26.0,3.0,Enterprise,Annual,India
CUST_000809,Big Spenders,50,16,85193.36,5324.585,235,19646.16,63.0,11.2,8.0,2.0,Enterprise,Annual,Canada
CUST_006802,Big Spenders,170,11,85136.25,7739.659090909091,115,51705.15,69.6,21.7,-9.0,4.0,Enterprise,Multi-Year,India
CUST_010486,At Risk High Value,51,20,84885.25,4244.2625,255,58886.44,80.4,17.7,46.0,1.0,Enterprise,Multi-Year,Germany
CUST_019168,Big Spenders,73,13,84618.14,6509.087692307692,225,40995.05,65.1,16.6,31.0,3.0,Enterprise,Annual,Canada
CUST_009754,Big Spenders,600,16,84549.06999999999,5284.3168749999995,135,49859.7,70.5,18.9,27.0,3.0,Enterprise,Annual,USA
CUST_016295,Big Spenders,48,12,84401.51000000001,7033.459166666667,215,70442.73,69.1,23.3,26.0,3.0,Business,Annual,USA
CUST_019039,At Risk High Value,52,18,84192.54,4677.363333333333,255,66766.91,76.6,23.9,44.0,1.0,Enterprise,Annual,India
CUST_006087,At Risk High Value,230,22,84138.98,3824.4990909090907,155,18098.45,48.5,9.8,-17.0,3.0,Enterprise,Annual,UK
CUST_002297,At Risk High Value,53,18,83007.97,4611.553888888889,245,83193.32,92.4,28.3,25.0,2.0,Enterprise,Annual,Canada
CUST_019899,Big Spenders,63,9,83003.48,9222.608888888888,215,222779.17,81.3,26.4,30.0,0.0,Enterprise,Annual,USA
CUST_010420,Big Spenders,54,12,82978.34,6914.861666666667,215,51944.51,71.6,26.7,21.0,2.0,Enterprise,Annual,Other
CUST_004503,At Risk High Value,50,20,82705.11,4135.2555,255,56013.52,77.8,19.4,39.0,5.0,Enterprise,Multi-Year,UK
CUST_004985,Big Spenders,58,14,82588.57,5899.183571428572,225,115853.91,83.9,29.7,46.0,5.0,Enterprise,Annual,UK
CUST_007202,Big Spenders,298,16,82286.74,5142.92125,135,15568.77,58.8,16.9,20.0,4.0,Enterprise,Annual,USA
CUST_019766,Big Spenders,67,14,82237.0,5874.071428571428,225,43765.47,78.1,21.7,23.0,2.0,Enterprise,Multi-Year,USA
CUST_000983,Big Spenders,448,15,82149.8,5476.653333333334,125,6669.54,32.0,4.8,-18.0,7.0,Enterprise,Multi-Year,India
CUST_018005,Big Spenders,45,15,82104.22,5473.614666666666,235,66039.66,69.6,15.9,29.0,4.0,Enterprise,Annual,Australia
CUST_009792,At Risk High Value,60,17,82098.62,4829.330588235294,245,85120.85,65.7,21.4,40.0,1.0,Enterprise,Annual,USA
CUST_009510,At Risk High Value,204,19,82022.84,4316.991578947368,155,16942.77,45.9,15.8,5.0,2.0,Enterprise,Monthly,UK
CUST_016822,Big Spenders,50,14,81829.89,5844.992142857142,225,68773.76,76.6,24.2,28.0,5.0,Enterprise,Multi-Year,India
CUST_010426,At Risk High Value,56,18,81648.58,4536.032222222222,245,110016.14,76.7,30.6,47.0,4.0,Business,Multi-Year,USA
CUST_015043,Big Spenders,144,16,81637.78,5102.36125,135,28580.58,74.5,25.2,28.0,2.0,Enterprise,Annual,Other
CUST_018870,Big Spenders,78,10,81591.7,8159.17,215,551747.46,86.6,25.6,57.0,1.0,Enterprise,Annual,Other
CUST_001938,At Risk High Value,131,17,81363.28,4786.075294117647,145,30498.57,63.8,17.8,21.0,0.0,Enterprise,Annual,Other
CUST_018204,Big Spenders,873,11,81350.45,7395.495454545454,115,191838.7,72.9,17.4,13.0,3.0,Enterprise,Annual,USA
CUST_006672,Big Spenders,47,13,81288.98000000001,6252.998461538462,215,61694.79,61.8,22.1,6.0,3.0,Business,Annual,Canada
CUST_010341,At Risk High Value,165,17,80918.31,4759.900588235294,145,13744.63,62.2,15.1,48.0,5.0,Enterprise,Annual,Germany
CUST_004212,Big Spenders,55,11,80611.22,7328.2927272727275,215,126431.39,82.1,27.4,46.0,1.0,Enterprise,Annual,USA
CUST_018144,Big Spenders,68,14,80524.43,5751.745,225,88771.12,77.7,20.9,45.0,2.0,Enterprise,Annual,Australia
CUST_001294,Big Spenders,56,11,80313.41,7301.219090909091,215,10965.23,46.5,19.3,-14.0,4.0,Enterprise,Multi-Year,Germany
CUST_016375,At Risk High Value,45,16,79736.03,4983.501875,245,32513.56,65.6,19.9,39.0,5.0,Enterprise,Annual,USA
CUST_010975,Big Spenders,329,15,79723.51,5314.900666666666,135,7719.97,35.7,8.8,-8.0,7.0,Enterprise,Annual,UK
CUST_010289,At Risk High Value,78,19,79488.29000000001,4183.594210526317,255,63779.14,73.8,19.0,11.0,2.0,Enterprise,Multi-Year,USA
CUST_000612,At Risk High Value,117,18,79414.05,4411.891666666666,145,89621.34,70.8,25.7,49.0,1.0,Business,Annual,Australia
CUST_007459,Big Spenders,79,12,78953.35,6579.445833333334,215,28595.9,59.3,17.5,14.0,4.0,Enterprise,Annual,USA
CUST_012215,Big Spenders,46,10,78707.64,7870.764,215,55592.55,85.3,26.2,16.0,0.0,Enterprise,Monthly,Germany
CUST_002596,Big Spenders,94,6,78566.27,13094.378333333334,115,128489.44,84.3,21.7,9.0,3.0,Enterprise,Annual,USA
CUST_003332,Big Spenders,49,14,78426.62,5601.901428571428,225,49621.24,50.8,11.7,18.0,1.0,Enterprise,Annual,USA
CUST_015951,Big Spenders,51,14,78210.57,5586.469285714286,225,84092.37,78.5,19.6,40.0,3.0,Enterprise,Multi-Year,Germany
CUST_015625,At Risk High Value,447,16,77961.44,4872.59,145,46603.33,70.9,25.8,-7.0,4.0,Business,Annual,UK
CUST_004167,At Risk High Value,51,18,77369.02,4298.278888888889,245,237073.18,100.0,25.9,56.0,0.0,Enterprise,Monthly,USA
CUST_005999,Big Spenders,52,15,77352.24,5156.816000000001,235,17657.69,53.4,16.4,-11.0,4.0,Enterprise,Annual,Canada
CUST_011301,Big Spenders,47,15,76625.96,5108.397333333333,235,28190.02,73.5,24.5,6.0,3.0,Enterprise,Multi-Year,USA
CUST_004539,Big Spenders,52,16,76397.3,4774.83125,235,46090.74,73.4,23.3,17.0,6.0,Enterprise,Monthly,Australia
CUST_016257,Big Spenders,74,12,76303.64,6358.636666666666,215,27698.97,51.2,17.8,0.0,4.0,Enterprise,Annual,USA
CUST_011711,Big Spenders,75,10,76053.25,7605.325,215,38854.71,71.3,19.3,35.0,2.0,Enterprise,Annual,USA
CUST_000232,Big Spenders,72,13,75959.62,5843.047692307692,215,51105.81,63.1,15.3,37.0,1.0,Enterprise,Monthly,Germany
CUST_019369,At Risk High Value,425,17,75795.14,4458.5376470588235,145,6059.78,40.6,11.7,-13.0,2.0,Enterprise,Multi-Year,Germany
CUST_006142,At Risk High Value,48,17,75744.61,4455.565294117647,245,36515.72,56.6,22.5,13.0,3.0,Enterprise,Annual,Canada
CUST_018218,Big Spenders,55,12,75730.63,6310.885833333334,215,36859.0,68.1,21.5,19.0,4.0,Enterprise,Annual,Other
CUST_019568,Big Spenders,83,11,75717.54000000001,6883.412727272728,215,23413.23,67.4,18.6,15.0,4.0,Business,Monthly,USA
CUST_011927,Big Spenders,65,16,75621.05,4726.315625,235,307089.79,98.8,27.0,66.0,2.0,Business,Annual,Germany
CUST_018760,Big Spenders,68,15,75256.59,5017.106,235,16584.87,45.0,13.9,29.0,4.0,Enterprise,Multi-Year,USA
CUST_002316,Big Spenders,50,13,75248.15,5788.319230769231,215,112845.57,76.4,30.1,46.0,3.0,Enterprise,Annual,Germany
CUST_007016,Big Spenders,50,14,75018.29,5358.449285714285,225,13666.9,57.5,16.7,-2.0,7.0,Enterprise,Annual,USA
CUST_016528,Big Spenders,63,14,74355.33,5311.095,225,11339.62,43.1,6.8,-18.0,8.0,Enterprise,Annual,Germany
CUST_007795,Big Spenders,68,16,74291.28,4643.205,235,20327.88,39.6,8.0,-6.0,3.0,Enterprise,Annual,UK
CUST_002449,Big Spenders,240,12,74041.51,6170.125833333333,115,17181.87,71.5,14.3,-21.0,4.0,Enterprise,Monthly,Australia
CUST_016007,Big Spenders,79,13,73926.41,5686.6469230769235,225,38521.02,68.3,20.0,-2.0,9.0,Enterprise,Annual,USA
CUST_002565,Big Spenders,53,12,73865.12,6155.426666666666,215,70027.5,82.7,26.1,29.0,6.0,Enterprise,Multi-Year,USA
CUST_017148,Big Spenders,154,13,73735.08,5671.929230769231,125,21577.83,65.1,17.9,-19.0,6.0,Enterprise,Annual,USA
CUST_005404,Big Spenders,161,15,73505.07,4900.338000000001,135,47277.12,68.4,17.9,14.0,3.0,Enterprise,Monthly,Other
CUST_002756,Big Spenders,126,10,73455.51,7345.5509999999995,115,35921.36,53.5,14.1,21.0,1.0,Enterprise,Annual,Australia
CUST_007901,Big Spenders,49,13,73419.48,5647.652307692308,225,73205.5,70.2,20.8,21.0,4.0,Enterprise,Annual,Other
CUST_008827,Big Spenders,56,9,72947.03,8105.225555555556,215,354925.08,93.0,29.9,64.0,2.0,Enterprise,Multi-Year,USA
CUST_008737,Big Spenders,825,16,72620.81,4538.800625,135,14936.31,56.0,14.7,-18.0,5.0,Enterprise,Monthly,USA
CUST_015004,Big Spenders,45,15,72550.34,4836.689333333333,235,37689.66,78.4,26.2,7.0,3.0,Enterprise,Annual,India
CUST_012058,Big Spenders,53,11,71976.05,6543.277272727273,215,87752.89,85.2,27.7,41.0,0.0,Enterprise,Multi-Year,Other
CUST_006188,Big Spenders,56,14,71950.76000000001,5139.340000000001,225,39225.49,72.3,21.4,20.0,4.0,Enterprise,Annual,UK
CUST_011274,Big Spenders,49,15,71644.26,4776.284,235,6004.99,38.1,7.5,-21.0,4.0,Enterprise,Multi-Year,USA
CUST_014667,Big Spenders,206,15,71082.86,4738.857333333333,135,11848.3,61.5,20.1,-9.0,4.0,Enterprise,Annual,Canada
CUST_010817,Big Spenders,143,9,71075.83,7897.314444444444,115,13213.1,38.6,13.4,7.0,2.0,Enterprise,Annual,UK
CUST_012551,Big Spenders,130,13,70873.20999999999,5451.785384615384,125,29836.59,60.7,19.3,-1.0,1.0,Enterprise,Annual,USA
CUST_001751,At Risk High Value,505,21,70814.71,3372.129047619048,155,33406.28,69.0,31.0,15.0,4.0,Enterprise,Monthly,Other
CUST_011790,Big Spenders,51,13,70771.53,5443.963846153846,225,35278.73,61.8,18.4,42.0,1.0,Enterprise,Annual,UK
CUST_011835,Big Spenders,62,14,70721.4,5051.528571428571,225,86603.46,89.4,29.3,36.0,3.0,Enterprise,Annual,Canada
CUST_013163,Big Spenders,71,12,70626.21,5885.517500000001,215,13500.11,54.9,21.9,0.0,3.0,Enterprise,Annual,India
CUST_002151,Big Spenders,50,15,70593.82,4706.254666666667,225,65596.19,81.0,31.0,27.0,3.0,Enterprise,Multi-Year,Germany
CUST_009379,At Risk High Value,326,19,70314.04,3700.7389473684207,155,7191.82,42.1,15.2,-7.0,0.0,Enterprise,Multi-Year,Australia
CUST_015073,Big Spenders,70,14,70123.56,5008.825714285714,225,57223.09,70.6,19.6,30.0,2.0,Enterprise,Annual,USA
CUST_008913,Big Spenders,61,11,70085.59,6371.417272727273,215,40306.49,63.2,22.3,6.0,2.0,Enterprise,Annual,USA
CUST_014825,Big Spenders,52,15,69891.98999999999,4659.465999999999,235,153014.87,87.6,31.0,28.0,2.0,Business,Multi-Year,USA
CUST_017726,At Risk High Value,639,17,69807.99,4106.352352941177,145,18964.8,44.8,12.4,-31.0,4.0,Enterprise,Annual,UK
CUST_010382,At Risk High Value,459,21,69788.3,3323.252380952381,155,10435.4,49.6,18.8,-28.0,5.0,Enterprise,Multi-Year,India
CUST_002827,Big Spenders,51,16,69299.45,4331.215625,235,46002.04,86.6,23.1,30.0,5.0,Enterprise,Annual,USA
CUST_008320,Big Spenders,46,15,69065.85,4604.39,235,19814.24,66.0,15.9,-8.0,4.0,Enterprise,Annual,USA
CUST_017865,Big Spenders,143,12,69002.16,5750.18,115,36109.49,60.9,20.2,36.0,0.0,Enterprise,Multi-Year,India
CUST_018537,At Risk High Value,58,18,68715.36,3817.52,255,4941.89,59.3,12.5,13.0,5.0,Enterprise,Annual,Canada
CUST_017631,Big Spenders,183,13,68642.91,5280.223846153846,125,13709.29,63.4,19.2,-31.0,3.0,Enterprise,Annual,USA
CUST_001821,Big Spenders,55,14,68609.94,4900.71,225,36535.22,67.9,17.4,15.0,1.0,Enterprise,Annual,Germany
CUST_002330,Big Spenders,151,13,68606.72,5277.4400000000005,115,23856.64,55.8,14.8,34.0,3.0,Enterprise,Annual,India
CUST_008867,At Risk High Value,106,18,68381.07,3798.9483333333337,145,17685.2,67.5,16.0,-0.0,10.0,Business,Multi-Year,USA
CUST_016838,Big Spenders,78,10,68110.32,6811.032000000001,215,348467.49,86.4,27.6,30.0,0.0,Enterprise,Multi-Year,USA
CUST_012287,Big Spenders,307,16,68036.04,4252.2525,135,37913.44,64.6,18.9,20.0,0.0,Enterprise,Annual,USA
CUST_006620,At Risk High Value,51,17,67903.03,3994.295882352941,245,44746.76,78.5,24.6,32.0,4.0,Enterprise,Annual,Australia
CUST_002250,At Risk High Value,49,17,67875.13,3992.654705882353,245,93108.18,75.9,29.9,37.0,5.0,Business,Annual,Canada
CUST_013549,Big Spenders,584,16,67802.16,4237.635,135,18564.39,47.6,14.8,-5.0,5.0,Enterprise,Multi-Year,Germany
CUST_002143,Big Spenders,109,10,67781.1,6778.110000000001,115,92665.42,84.9,29.3,46.0,0.0,Enterprise,Monthly,USA
CUST_007753,At Risk High Value,56,17,67529.42,3972.3188235294115,245,23705.8,67.9,16.9,-4.0,3.0,Business,Annual,USA
CUST_001286,Big Spenders,67,16,67384.9,4211.55625,235,12402.26,67.1,13.6,-14.0,6.0,Enterprise,Multi-Year,Canada
CUST_006547,Big Spenders,375,11,66875.64,6079.603636363637,115,11556.49,53.6,10.3,-17.0,2.0,Enterprise,Multi-Year,Canada
CUST_016612,Big Spenders,77,15,66863.16,4457.544,235,54089.97,70.1,22.7,32.0,0.0,Enterprise,Multi-Year,UK
CUST_007791,Big Spenders,52,12,66833.6,5569.466666666667,215,33058.35,59.0,13.7,30.0,6.0,Enterprise,Annual,USA
CUST_001283,Big Spenders,696,16,66408.14,4150.50875,135,90172.53,73.8,18.4,14.0,3.0,Enterprise,Monthly,UK
CUST_010882,At Risk High Value,166,17,66042.15,3884.832352941176,145,3519.39,35.4,14.2,-27.0,1.0,Enterprise,Monthly,USA
CUST_008624,Big Spenders,84,12,66006.98,5500.581666666666,215,28549.04,53.5,23.3,7.0,5.0,Enterprise,Multi-Year,USA
CUST_000794,Big Spenders,57,16,65849.03,4115.564375,235,15324.84,47.7,22.3,13.0,3.0,Enterprise,Annual,USA
CUST_002877,At Risk High Value,381,17,65681.95,3863.6441176470585,145,19600.99,68.6,22.5,5.0,4.0,Enterprise,Annual,India
CUST_018224,Big Spenders,57,13,65475.69,5036.591538461538,225,22241.8,56.0,18.7,20.0,3.0,Enterprise,Annual,USA
CUST_007089,Big Spenders,88,8,65430.72,8178.84,115,53372.08,50.3,18.3,4.0,1.0,Enterprise,Multi-Year,India
CUST_009661,Big Spenders,45,11,65418.13,5947.102727272727,215,55206.83,85.4,19.8,15.0,4.0,Enterprise,Multi-Year,USA
CUST_018256,Big Spenders,57,13,65415.81,5031.985384615385,225,34495.75,60.3,23.6,69.0,4.0,Enterprise,Multi-Year,USA
CUST_002997,Big Spenders,174,12,65178.29,5431.524166666667,115,28777.47,60.3,18.8,5.0,4.0,Enterprise,Monthly,Germany
CUST_019850,Big Spenders,50,10,64592.89,6459.289,215,56532.63,62.2,21.6,37.0,2.0,Enterprise,Annual,USA
CUST_003355,At Risk High Value,45,19,64572.3,3398.542105263158,255,9932.0,48.1,8.4,27.0,3.0,Enterprise,Annual,India
CUST_017034,Big Spenders,94,14,64547.21,4610.515,125,29748.46,61.8,15.6,2.0,2.0,Enterprise,Monthly,USA
CUST_010154,Big Spenders,63,12,64445.3,5370.441666666667,215,33449.74,78.8,15.9,39.0,3.0,Enterprise,Annual,Germany
CUST_009967,Big Spenders,53,15,64022.99,4268.199333333333,235,55426.55,66.2,21.8,23.0,1.0,Enterprise,Annual,Germany
CUST_006658,Big Spenders,52,14,63972.31,4569.450714285714,225,14037.1,43.5,15.9,-5.0,1.0,Enterprise,Multi-Year,USA
CUST_012942,Big Spenders,80,13,63656.69,4896.668461538462,225,22416.44,61.2,15.9,-3.0,7.0,Enterprise,Annual,USA
CUST_016932,Big Spenders,58,12,63452.86,5287.738333333334,215,71490.48,72.9,24.9,11.0,2.0,Enterprise,Annual,USA
CUST_003164,Big Spenders,607,13,63372.41,4874.800769230769,115,19273.55,53.8,13.8,1.0,5.0,Enterprise,Monthly,USA
CUST_001462,Big Spenders,750,16,63294.78,3955.92375,135,19096.1,62.9,16.3,-4.0,6.0,Enterprise,Multi-Year,Canada
CUST_018435,At Risk High Value,55,17,63224.73,3719.1017647058825,245,47878.18,62.3,25.6,36.0,3.0,Enterprise,Multi-Year,UK
CUST_008103,Big Spenders,69,13,63195.35,4861.180769230769,225,22796.18,66.2,18.5,5.0,4.0,Enterprise,Monthly,USA
CUST_013233,Big Spenders,75,9,63184.81,7020.5344444444445,215,298415.96,92.0,22.1,-0.0,2.0,Enterprise,Multi-Year,India
CUST_002562,Big Spenders,71,13,63150.32,4857.716923076923,215,39850.47,68.4,29.2,-18.0,3.0,Enterprise,Multi-Year,USA
CUST_017037,Big Spenders,47,15,63140.5,4209.366666666667,235,18110.66,55.6,14.8,38.0,3.0,Enterprise,Annual,Other
CUST_007945,Big Spenders,88,7,63064.56,9009.222857142857,115,165174.72,62.5,22.8,26.0,2.0,Enterprise,Annual,Germany
CUST_004362,Big Spenders,94,11,63037.23,5730.657272727273,115,9116.92,43.4,9.6,5.0,5.0,Enterprise,Annual,UK
CUST_000822,Big Spenders,442,13,63005.13,4846.548461538461,115,15659.48,51.9,19.7,28.0,5.0,Enterprise,Annual,Other
CUST_007304,Big Spenders,54,16,62806.28,3925.3925,235,41432.19,47.0,15.4,13.0,2.0,Business,Monthly,Canada
CUST_008285,Big Spenders,49,16,62599.28,3912.455,235,54279.71,73.0,28.9,-13.0,4.0,Business,Multi-Year,India
CUST_012569,Big Spenders,70,12,62423.82,5201.985,215,32509.15,75.6,18.3,8.0,3.0,Business,Multi-Year,USA
CUST_012977,At Risk High Value,58,18,62396.18,3466.4544444444446,255,132718.11,70.2,20.9,46.0,2.0,Business,Annual,USA
CUST_004645,Big Spenders,99,13,61874.15,4759.55,115,20018.45,61.0,13.7,8.0,2.0,Enterprise,Annual,Other
CUST_003078,Big Spenders,528,16,61873.97,3867.123125,135,49811.55,80.1,29.3,30.0,2.0,Enterprise,Monthly,Canada
CUST_008808,At Risk High Value,45,20,61654.02,3082.701,255,194765.08,79.5,31.0,24.0,4.0,Business,Annual,Germany
CUST_004959,Big Spenders,161,16,61227.97,3826.748125,135,17177.69,63.6,15.1,25.0,4.0,Enterprise,Multi-Year,USA
CUST_014029,Big Spenders,810,16,60990.85,3811.928125,135,18360.02,45.2,14.3,10.0,0.0,Enterprise,Annual,USA
CUST_004687,Big Spenders,75,13,60806.21,4677.40076923077,215,41810.04,61.9,17.1,22.0,0.0,Enterprise,Annual,Germany
CUST_002329,At Risk High Value,50,17,60287.909999999996,3546.3476470588234,245,206165.79,100.0,24.5,25.0,1.0,Business,Annual,UK
CUST_015548,At Risk High Value,52,19,60101.7,3163.2473684210527,255,7714.17,60.5,17.3,-13.0,6.0,Business,Multi-Year,UK
CUST_019008,Big Spenders,56,13,60025.4,4617.338461538462,225,22630.89,46.6,23.0,-12.0,7.0,Business,Annual,Australia
CUST_017332,Big Spenders,60,11,60020.19,5456.380909090909,215,45337.69,62.7,18.0,26.0,3.0,Enterprise,Annual,India
CUST_007292,Big Spenders,59,13,59921.81,4609.37,215,25664.77,71.9,14.9,4.0,4.0,Business,Annual,UK
CUST_003519,Big Spenders,47,14,59535.18,4252.512857142857,225,88602.56,100.0,22.4,19.0,3.0,Business,Annual,USA
CUST_007815,Big Spenders,188,12,59522.2,4960.183333333333,115,17941.85,81.1,24.2,-29.0,6.0,Enterprise,Multi-Year,USA
CUST_013457,Big Spenders,69,11,59093.9,5372.172727272728,215,42388.68,62.9,25.9,1.0,1.0,Enterprise,Multi-Year,USA
CUST_017225,Big Spenders,390,13,59076.630000000005,4544.3561538461545,125,28891.65,46.0,13.1,23.0,2.0,Enterprise,Annual,Canada
CUST_018499,Big Spenders,63,12,58916.98,4909.748333333334,215,121062.83,83.1,25.4,52.0,2.0,Enterprise,Multi-Year,India
CUST_015985,At Risk High Value,308,16,58870.35,3679.396875,145,14275.48,74.5,21.1,10.0,5.0,Enterprise,Annual,UK
CUST_016992,Big Spenders,50,10,58807.06,5880.706,215,58504.8,73.0,16.7,50.0,2.0,Enterprise,Annual,India
CUST_003260,Big Spenders,51,14,58590.85,4185.060714285714,225,237273.85,83.3,22.1,40.0,1.0,Business,Multi-Year,USA
CUST_011871,Big Spenders,320,14,58588.07,4184.862142857143,125,59318.67,80.9,25.5,7.0,1.0,Enterprise,Annual,UK
CUST_018231,At Risk High Value,205,22,58425.08,2655.685454545455,155,2122.69,32.4,4.0,-45.0,8.0,Enterprise,Annual,USA
CUST_010881,Big Spenders,57,15,58284.37,3885.624666666667,235,173067.43,100.0,26.3,45.0,1.0,Business,Multi-Year,Australia
CUST_009931,At Risk High Value,49,17,57834.25,3402.014705882353,245,69714.91,78.5,20.9,41.0,2.0,Business,Annual,USA
CUST_000977,Big Spenders,81,11,57775.43,5252.311818181818,215,33356.15,61.2,18.2,0.0,4.0,Enterprise,Annual,UK
CUST_012460,Big Spenders,59,12,57555.13,4796.260833333333,215,42860.22,70.0,18.1,-11.0,4.0,Enterprise,Annual,UK
CUST_014102,Big Spenders,51,11,57550.16,5231.832727272727,215,89363.33,78.2,28.7,46.0,1.0,Enterprise,Annual,USA
CUST_010718,Big Spenders,70,15,57398.1,3826.54,235,110264.3,99.3,30.6,50.0,7.0,Business,Multi-Year,India
CUST_003748,Big Spenders,60,15,57187.33,3812.4886666666666,235,43819.38,84.1,26.8,6.0,2.0,Business,Annual,Germany
CUST_014999,Big Spenders,56,12,57108.96,4759.08,215,115486.3,81.6,25.6,35.0,3.0,Business,Multi-Year,USA
CUST_016040,At Risk High Value,45,18,56884.09,3160.227222222222,255,47280.64,50.5,11.4,22.0,3.0,Business,Annual,USA
CUST_017453,Big Spenders,74,11,56824.97,5165.9063636363635,215,44386.96,83.5,20.0,-0.0,5.0,Enterprise,Annual,UK
CUST_004792,At Risk High Value,52,17,56803.35,3341.3735294117646,245,12589.89,50.7,18.4,10.0,7.0,Enterprise,Multi-Year,India
CUST_007532,Big Spenders,46,14,56391.28,4027.9485714285715,225,47881.44,73.9,18.5,27.0,6.0,Business,Annual,Germany
CUST_009944,Big Spenders,47,12,55891.8,4657.650000000001,215,77525.66,67.0,29.3,5.0,4.0,Business,Annual,USA
CUST_018574,At Risk High Value,46,16,55840.85,3490.053125,245,24287.39,65.6,19.6,63.0,2.0,Business,Annual,India
CUST_011031,At Risk High Value,61,18,55764.88,3098.0488888888885,255,30990.47,61.3,18.3,6.0,4.0,Business,Annual,USA
CUST_000710,At Risk High Value,151,17,55713.7,3277.276470588235,145,6266.57,60.3,14.9,-9.0,6.0,Enterprise,Annual,USA
CUST_001562,Big Spenders,55,16,54933.72,3433.3575,235,5927.96,58.5,17.2,25.0,4.0,Enterprise,Annual,Australia
CUST_006915,Big Spenders,581,13,54912.19,4224.014615384615,115,18796.67,68.8,18.9,7.0,3.0,Enterprise,Annual,Other
CUST_019932,Big Spenders,47,13,54555.83,4196.6023076923075,225,44933.37,72.0,19.5,29.0,3.0,Business,Annual,Germany
CUST_000832,Big Spenders,57,13,54391.78,4183.983076923077,215,162265.6,86.9,29.9,22.0,1.0,Business,Annual,Other
CUST_004387,Big Spenders,57,14,53993.53,3856.680714285714,225,92126.36,65.9,23.7,36.0,1.0,Business,Multi-Year,UK
CUST_001613,Big Spenders,54,10,53726.759999999995,5372.6759999999995,215,30945.24,57.2,16.5,42.0,3.0,Enterprise,Multi-Year,USA
CUST_003785,At Risk High Value,694,18,53594.72,2977.4844444444443,145,222791.59,96.4,27.0,64.0,4.0,Business,Multi-Year,USA
CUST_004900,Big Spenders,769,13,53078.31,4082.9469230769228,115,39485.54,82.9,20.4,48.0,3.0,Enterprise,Monthly,UK
CUST_011669,Big Spenders,67,14,53069.01,3790.6435714285717,225,99184.19,75.9,22.7,14.0,0.0,Business,Multi-Year,Germany
CUST_017273,Big Spenders,74,14,52983.47,3784.5335714285716,225,30984.04,74.5,20.8,28.0,2.0,Enterprise,Annual,UK
CUST_008326,At Risk High Value,47,17,52924.6,3113.211764705882,245,22522.5,75.0,18.5,-3.0,6.0,Business,Multi-Year,India
CUST_012372,Big Spenders,57,15,52547.72,3503.1813333333334,235,17951.68,73.5,17.4,14.0,5.0,Business,Annual,USA
CUST_008972,Big Spenders,45,15,52406.95,3493.7966666666666,235,9292.97,49.8,15.4,25.0,3.0,Enterprise,Multi-Year,Germany
CUST_004951,Big Spenders,63,15,52332.67,3488.8446666666664,235,119878.52,81.9,29.9,33.0,6.0,Business,Monthly,USA
CUST_010243,Big Spenders,46,14,52264.71,3733.1935714285714,225,188497.62,80.9,31.0,31.0,0.0,Business,Annual,USA
CUST_015615,Big Spenders,57,11,52202.11,4745.646363636363,215,38659.45,72.9,24.3,17.0,4.0,Enterprise,Annual,UK
CUST_005164,Big Spenders,62,12,52035.299999999996,4336.275,215,44521.38,60.9,18.6,11.0,6.0,Enterprise,Annual,UK
CUST_013174,Big Spenders,62,11,51255.32,4659.574545454546,215,46545.66,80.9,23.1,17.0,4.0,Enterprise,Annual,Germany
CUST_018815,Big Spenders,61,14,51171.15,3655.082142857143,225,13165.56,67.3,19.5,-18.0,4.0,Enterprise,Annual,India
CUST_018582,Big Spenders,555,14,51160.88,3654.348571428571,125,53235.49,60.6,16.9,-7.0,1.0,Enterprise,Annual,USA
CUST_014551,Big Spenders,63,13,51131.32,3933.1784615384613,225,253985.25,85.6,31.0,53.0,1.0,Business,Annual,Australia
CUST_015825,Big Spenders,46,15,50977.94,3398.5293333333334,235,106255.04,92.0,22.1,11.0,4.0,Business,Annual,Australia
CUST_007019,Big Spenders,139,9,50873.98,5652.664444444445,115,24213.7,68.8,17.6,36.0,1.0,Enterprise,Multi-Year,Australia
CUST_001323,Big Spenders,45,15,50841.93,3389.462,325,71691.9,74.9,22.9,3.0,2.0,Business,Annual,USA
CUST_000946,Big Spenders,91,16,50698.79,3168.674375,135,152835.9,81.2,21.5,33.0,4.0,Business,Monthly,USA
CUST_019668,Big Spenders,47,14,50664.1,3618.8642857142854,225,51062.35,69.9,19.3,34.0,1.0,Business,Annual,USA
CUST_016931,Big Spenders,59,9,50503.3,5611.477777777778,215,24833.02,46.4,22.9,34.0,1.0,Enterprise,Annual,Australia
CUST_016651,Big Spenders,78,10,50421.51,5042.151,215,36106.91,55.3,24.1,19.0,2.0,Enterprise,Annual,Germany
CUST_005353,Big Spenders,291,14,50413.45,3600.960714285714,125,24649.45,74.8,22.4,-0.0,5.0,Enterprise,Multi-Year,USA
CUST_006301,Big Spenders,45,10,50005.05,5000.505,215,25796.02,59.9,14.3,11.0,3.0,Enterprise,Annual,India
CUST_011428,At Risk High Value,52,20,49992.25,2499.6125,255,133737.1,75.8,23.4,27.0,1.0,Business,Annual,Germany
CUST_001465,At Risk High Value,50,18,49987.55,2777.086111111111,245,91616.39,90.0,22.6,11.0,4.0,Business,Multi-Year,USA
CUST_001483,Big Spenders,86,10,49751.07,4975.107,115,97669.57,77.8,18.6,52.0,2.0,Enterprise,Annual,Germany
CUST_014886,Big Spenders,62,13,49621.13,3817.0099999999998,225,40767.56,66.6,18.8,1.0,5.0,Business,Annual,UK
CUST_007367,Big Spenders,52,12,49543.55,4128.629166666667,215,24625.44,70.2,17.7,11.0,3.0,Business,Annual,USA
CUST_009153,At Risk High Value,101,18,49495.59,2749.7549999999997,145,7035.5,44.7,18.8,22.0,4.0,Enterprise,Monthly,Other
CUST_011671,Big Spenders,63,9,49415.62,5490.624444444445,215,112955.87,80.3,31.0,36.0,2.0,Enterprise,Annual,Canada
CUST_009812,Big Spenders,46,14,49200.94,3514.3528571428574,225,22242.15,71.3,20.6,37.0,4.0,Enterprise,Multi-Year,Canada
CUST_018387,At Risk High Value,60,17,49099.9,2888.229411764706,245,93247.78,93.1,28.1,35.0,2.0,Business,Monthly,India
CUST_006831,At Risk High Value,53,17,49039.18,2884.6576470588234,245,78329.63,74.3,24.7,15.0,4.0,Business,Annual,Other
CUST_005080,At Risk High Value,49,17,48944.99,2879.117058823529,245,172006.85,90.0,21.9,46.0,1.0,Business,Annual,USA
CUST_006366,Big Spenders,58,9,48809.4,5423.266666666666,215,21772.35,62.1,18.7,-7.0,5.0,Enterprise,Annual,Australia
CUST_005947,At Risk High Value,60,17,48739.54,2867.0317647058823,245,102717.09,80.5,31.0,31.0,3.0,Business,Annual,Canada
CUST_017413,Big Spenders,71,10,48704.06,4870.406,215,19611.7,45.7,12.4,-2.0,2.0,Business,Monthly,USA
CUST_019577,Big Spenders,62,15,48684.51,3245.634,235,99081.61,80.8,18.8,-15.0,4.0,Business,Multi-Year,Germany
CUST_002270,At Risk High Value,47,17,48629.85,2860.5794117647056,245,27736.44,51.2,15.6,9.0,1.0,Business,Multi-Year,USA
CUST_014632,Big Spenders,82,16,48295.8,3018.4875,235,57039.93,76.9,21.3,28.0,3.0,Business,Annual,Australia
CUST_014263,At Risk High Value,112,18,48258.5,2681.027777777778,155,3883.99,42.7,17.7,19.0,6.0,Enterprise,Monthly,USA
CUST_018637,At Risk High Value,300,18,48092.75,2671.8194444444443,155,1913.36,46.2,6.9,6.0,5.0,Enterprise,Annual,Canada
CUST_014995,Big Spenders,146,16,48066.26,3004.14125,135,7585.48,56.0,13.6,27.0,3.0,Enterprise,Monthly,UK
CUST_001417,Big Spenders,63,13,47825.65,3678.896153846154,215,130169.97,100.0,29.2,43.0,1.0,Business,Annual,USA
CUST_004055,Big Spenders,70,13,47605.29,3661.9453846153847,215,229956.41,95.4,24.8,43.0,3.0,Business,Annual,UK
CUST_016442,Big Spenders,313,15,47358.630000000005,3157.242,135,2895.5,57.3,13.5,-36.0,5.0,Enterprise,Annual,UK
CUST_009708,Big Spenders,66,13,47310.48,3639.2676923076924,225,55977.87,65.0,19.2,32.0,5.0,Business,Annual,UK
CUST_008991,Big Spenders,61,10,47272.25,4727.225,215,288641.74,96.7,31.0,66.0,1.0,Business,Monthly,India
CUST_018188,Big Spenders,52,13,47155.44,3627.3415384615387,225,30174.16,70.6,17.5,20.0,3.0,Business,Multi-Year,Germany
CUST_019954,At Risk High Value,45,18,47101.76,2616.7644444444445,255,4316.19,48.8,13.8,-14.0,9.0,Enterprise,Annual,USA
CUST_017056,Big Spenders,83,12,47093.86,3924.4883333333332,215,19146.93,57.4,14.9,15.0,1.0,Enterprise,Annual,USA
CUST_008522,Big Spenders,65,11,46866.12,4260.556363636364,215,12811.07,41.6,13.4,-42.0,8.0,Enterprise,Annual,UK
CUST_012091,Big Spenders,47,13,46833.03,3602.540769230769,225,34060.39,71.5,21.1,23.0,5.0,Business,Annual,India
CUST_008376,At Risk High Value,45,17,46818.43,2754.0252941176473,245,35583.81,49.8,17.5,1.0,2.0,Business,Annual,Australia
CUST_015130,Big Spenders,54,9,46654.83,5183.87,215,221018.22,100.0,23.2,62.0,0.0,Enterprise,Annual,USA
CUST_004264,Big Spenders,48,12,46490.43,3874.2025,215,50463.66,84.8,21.8,49.0,3.0,Business,Multi-Year,Canada
CUST_005137,At Risk High Value,53,17,46468.65,2733.4500000000003,245,186503.68,100.0,31.0,49.0,2.0,Business,Annual,USA
CUST_008651,At Risk High Value,103,23,46467.91,2020.3439130434783,155,2994.85,50.6,10.6,-21.0,6.0,Enterprise,Multi-Year,UK
CUST_018089,At Risk High Value,47,18,46139.87,2563.3261111111115,255,63204.75,81.3,23.4,21.0,4.0,Business,Monthly,Canada
CUST_017338,Big Spenders,59,11,46053.24,4186.658181818181,215,64749.78,69.1,25.0,19.0,3.0,Enterprise,Multi-Year,India
CUST_016640,Big Spenders,136,8,45813.51,5726.68875,115,11159.7,53.4,16.4,-23.0,6.0,Enterprise,Annual,Germany
CUST_017795,Big Spenders,66,14,45808.91,3272.065,225,17962.07,64.8,15.1,20.0,1.0,Enterprise,Multi-Year,USA
CUST_003855,At Risk High Value,49,17,45620.62,2683.565882352941,245,46125.44,88.9,24.9,10.0,3.0,Business,Annual,Germany
CUST_010099,Big Spenders,54,14,45546.17,3253.297857142857,225,3955.94,31.6,8.8,-14.0,0.0,Enterprise,Annual,USA
CUST_004161,Big Spenders,51,15,45542.159999999996,3036.144,235,147228.98,95.2,29.2,52.0,0.0,Business,Annual,Australia
CUST_013642,At Risk High Value,48,20,45502.86,2275.143,255,1236.03,47.1,16.2,5.0,5.0,Enterprise,Monthly,UK
CUST_000363,Big Spenders,201,16,45415.63,2838.476875,135,37033.7,74.5,22.4,33.0,3.0,Business,Annual,USA
CUST_001878,At Risk High Value,58,18,45340.13,2518.896111111111,245,35927.1,85.2,20.9,52.0,4.0,Business,Annual,Australia
CUST_019019,Big Spenders,78,10,45217.83,4521.783,215,47493.58,62.8,27.4,23.0,6.0,Enterprise,Multi-Year,India
CUST_006565,Big Spenders,395,12,45130.520000000004,3760.876666666667,115,4596.71,30.7,6.1,-32.0,6.0,Enterprise,Annual,India
CUST_016070,At Risk High Value,163,22,45014.61,2046.1186363636364,155,5385.74,56.0,12.5,40.0,3.0,Enterprise,Multi-Year,Other
CUST_006660,Big Spenders,313,14,44892.2,3206.585714285714,125,42971.82,76.2,21.5,34.0,3.0,Business,Annual,UK
CUST_017299,At Risk High Value,106,19,44443.9,2339.1526315789474,155,2771.06,39.6,8.8,-6.0,5.0,Enterprise,Annual,Germany
CUST_019978,Big Spenders,66,12,44437.11,3703.0925,215,248188.73,100.0,26.2,67.0,3.0,Business,Annual,Canada
CUST_002252,Big Spenders,201,16,44178.64,2761.165,135,6834.06,48.0,13.5,11.0,5.0,Enterprise,Multi-Year,UK
CUST_005645,Big Spenders,45,12,43991.7,3665.975,215,61994.05,70.3,21.3,21.0,6.0,Business,Annual,USA
CUST_018093,At Risk High Value,499,18,43902.14,2439.007777777778,155,4339.1,55.5,15.5,-13.0,6.0,Enterprise,Annual,USA
CUST_015184,Big Spenders,115,9,43848.68,4872.075555555555,115,103940.1,75.4,25.2,46.0,2.0,Enterprise,Monthly,UK
CUST_000528,Big Spenders,52,16,43816.76,2738.5475,235,103056.93,82.5,31.0,27.0,4.0,Business,Annual,Canada
CUST_001866,Big Spenders,61,15,43663.57,2910.904666666667,225,26986.54,69.9,21.7,13.0,6.0,Enterprise,Annual,USA
CUST_007327,At Risk High Value,53,17,43501.4,2558.9058823529413,245,13882.92,73.8,22.8,19.0,1.0,Business,Multi-Year,Canada
CUST_014698,Big Spenders,482,12,43464.34,3622.028333333333,115,16114.14,52.6,14.5,-40.0,7.0,Enterprise,Multi-Year,USA
CUST_016449,At Risk High Value,224,17,43432.03,2554.825294117647,145,7229.6,66.3,19.7,17.0,5.0,Enterprise,Multi-Year,USA
CUST_015136,Big Spenders,75,14,43316.31,3094.0221428571426,225,210402.19,92.8,26.3,51.0,0.0,Business,Annual,USA
CUST_007316,Big Spenders,60,15,43146.3,2876.42,235,54914.91,76.3,18.1,25.0,4.0,Business,Annual,Canada
CUST_010540,Big Spenders,59,14,42827.770000000004,3059.1264285714287,225,88917.2,78.1,29.1,36.0,3.0,Business,Annual,Australia
CUST_004738,Big Spenders,47,12,42794.630000000005,3566.219166666667,215,60749.14,77.7,24.4,27.0,0.0,Business,Multi-Year,Canada
CUST_004399,Big Spenders,48,16,42785.65,2674.103125,235,27221.89,68.1,19.0,24.0,2.0,Business,Annual,USA
CUST_015530,At Risk High Value,50,19,42692.4,2246.9684210526316,255,9626.11,45.4,14.8,-39.0,4.0,Business,Annual,Australia
CUST_018936,At Risk High Value,98,16,42658.700000000004,2666.1687500000003,145,2347.06,52.5,12.4,18.0,4.0,Enterprise,Monthly,Germany
CUST_014772,Big Spenders,389,14,42352.64,3025.1885714285713,125,3643.46,47.5,7.4,-0.0,5.0,Enterprise,Monthly,USA
CUST_012706,Big Spenders,51,13,42286.05,3252.773076923077,225,131422.19,83.5,24.6,53.0,1.0,Business,Multi-Year,USA
CUST_005594,Big Spenders,48,11,42049.0,3822.6363636363635,215,33130.78,70.1,16.7,27.0,1.0,Enterprise,Multi-Year,India
CUST_016578,Big Spenders,62,14,41959.83,2997.1307142857145,225,22811.77,68.3,21.9,13.0,2.0,Enterprise,Monthly,UK
CUST_005255,Big Spenders,58,13,41612.14,3200.933846153846,215,30464.8,82.3,28.1,2.0,9.0,Business,Multi-Year,USA
CUST_004300,Big Spenders,119,13,41568.76,3197.5969230769233,115,90077.35,56.0,25.6,41.0,3.0,Business,Annual,USA
CUST_018951,Big Spenders,114,12,41361.44,3446.786666666667,115,154617.13,91.7,26.7,22.0,1.0,Business,Multi-Year,India
CUST_000617,Big Spenders,82,13,40959.62,3150.7400000000002,215,17863.81,52.1,12.4,-23.0,6.0,Business,Annual,USA
CUST_000896,Big Spenders,210,10,40943.18,4094.318,115,26442.04,77.7,25.8,8.0,4.0,Enterprise,Annual,Germany
CUST_010832,Big Spenders,471,13,40615.479999999996,3124.267692307692,125,28305.89,55.8,16.5,6.0,5.0,Business,Annual,USA
CUST_002040,At Risk High Value,107,19,40413.05,2127.0026315789473,155,3705.09,62.8,14.4,-12.0,8.0,Business,Annual,USA
CUST_013203,Big Spenders,115,15,40387.92,2692.528,135,14232.7,54.2,12.8,16.0,4.0,Business,Annual,UK
CUST_014330,Big Spenders,60,12,39535.3,3294.6083333333336,215,49130.21,63.3,20.6,22.0,5.0,Business,Annual,UK
CUST_010189,Big Spenders,47,15,39474.5,2631.633333333333,235,7913.08,49.8,17.5,36.0,0.0,Enterprise,Monthly,USA
CUST_002237,Big Spenders,50,12,39362.7,3280.225,215,89456.65,86.2,24.9,3.0,2.0,Business,Annual,Australia
CUST_005490,Big Spenders,50,15,39302.64,2620.176,235,3554.4,52.1,15.1,-29.0,5.0,Enterprise,Annual,USA
CUST_010715,Big Spenders,159,11,39085.02,3553.183636363636,115,15038.91,65.2,20.5,14.0,2.0,Enterprise,Annual,Other
CUST_008883,Big Spenders,194,8,38952.48,4869.06,115,27287.06,69.7,18.4,40.0,3.0,Enterprise,Multi-Year,USA
CUST_001246,At Risk High Value,386,19,38903.729999999996,2047.564736842105,155,43903.69,74.3,19.6,45.0,1.0,Business,Multi-Year,USA
CUST_015852,Big Spenders,50,15,38640.45,2576.0299999999997,235,63643.85,81.6,14.2,53.0,2.0,Business,Multi-Year,UK
CUST_019845,At Risk High Value,56,16,38610.08,2413.13,245,82878.71,68.5,24.5,-3.0,3.0,Business,Annual,USA
CUST_008185,Big Spenders,51,16,38532.57,2408.285625,235,3987.41,41.1,14.1,-1.0,1.0,Enterprise,Monthly,UK
CUST_000460,Big Spenders,50,16,38483.24,2405.2025,235,3772.33,37.5,7.2,-8.0,3.0,Enterprise,Annual,Australia
CUST_011131,Big Spenders,48,11,38261.56,3478.323636363636,215,32975.14,67.1,17.8,0.0,4.0,Business,Annual,Other
CUST_007471,Big Spenders,68,14,38069.71,2719.265,225,90042.3,87.2,25.8,35.0,4.0,Business,Annual,India
CUST_016555,Big Spenders,56,10,38033.37,3803.3370000000004,215,64705.22,70.7,20.7,16.0,3.0,Business,Monthly,USA
CUST_019746,At Risk High Value,54,17,38026.5,2236.8529411764707,245,3664.85,62.6,18.8,-4.0,6.0,Business,Annual,USA
CUST_017425,At Risk High Value,50,19,38005.48,2000.2884210526317,255,72037.9,88.3,26.8,46.0,2.0,Business,Annual,USA
CUST_003142,Big Spenders,91,16,37927.16,2370.4475,135,7110.59,56.3,15.8,29.0,4.0,Enterprise,Monthly,Australia
CUST_017745,Big Spenders,96,10,37924.1,3792.41,115,79554.18,66.2,21.7,12.0,5.0,Business,Annual,USA
CUST_010787,Big Spenders,65,16,37711.27,2356.954375,235,104541.34,70.7,30.2,49.0,0.0,Business,Annual,USA
CUST_012277,At Risk High Value,84,17,37665.83,2215.6370588235295,245,2062.84,37.0,7.7,27.0,5.0,Enterprise,Annual,Australia
CUST_018817,Big Spenders,55,15,37629.19,2508.612666666667,235,19704.09,72.8,20.6,-7.0,2.0,Business,Annual,UK
CUST_008654,Big Spenders,50,11,37553.79,3413.9809090909093,215,149511.13,76.3,19.9,47.0,2.0,Business,Annual,Canada
CUST_003909,Big Spenders,71,7,37485.79,5355.112857142857,215,47918.78,87.0,25.3,32.0,3.0,Enterprise,Multi-Year,USA
CUST_001998,Big Spenders,152,10,37408.57,3740.857,115,26590.82,77.7,24.4,7.0,9.0,Enterprise,Monthly,USA
CUST_010059,At Risk High Value,216,17,37385.73,2199.160588235294,145,7419.67,56.0,17.8,-1.0,3.0,Business,Monthly,Germany
CUST_004141,Big Spenders,57,12,37345.71,3112.1425,215,28625.44,83.0,18.1,8.0,4.0,Business,Multi-Year,India
CUST_013276,Big Spenders,56,12,37288.3,3107.3583333333336,215,17703.45,67.7,17.1,11.0,5.0,Business,Annual,USA
CUST_002601,Big Spenders,80,12,37283.56,3106.963333333333,215,172396.81,67.5,18.8,50.0,1.0,Business,Monthly,USA
CUST_000565,Big Spenders,192,13,37129.47,2856.113076923077,115,2880.46,39.1,9.7,2.0,3.0,Enterprise,Annual,USA
CUST_004698,Big Spenders,70,11,36995.08,3363.189090909091,215,40224.93,78.0,22.0,48.0,2.0,Enterprise,Multi-Year,Australia
CUST_010413,Big Spenders,48,12,36970.91,3080.909166666667,215,51313.58,78.5,20.1,49.0,2.0,Business,Annual,USA
CUST_012269,At Risk High Value,46,17,36937.51,2172.794705882353,245,5929.58,49.5,14.0,4.0,1.0,Enterprise,Annual,UK
CUST_012814,Big Spenders,67,16,36757.25,2297.328125,235,9474.17,61.8,15.6,-1.0,9.0,Business,Annual,USA
CUST_013703,At Risk High Value,45,18,36703.75,2039.0972222222222,255,5072.69,64.1,15.8,1.0,7.0,Business,Monthly,USA
CUST_014497,Big Spenders,55,14,36621.67,2615.8335714285713,225,8475.37,58.6,14.6,18.0,4.0,Business,Annual,UK
CUST_011938,At Risk High Value,47,17,36520.11,2148.2417647058824,245,2055.87,28.5,1.9,-32.0,5.0,Enterprise,Multi-Year,USA
CUST_018321,At Risk High Value,59,19,36501.37,1921.1247368421054,255,8114.49,49.5,11.8,18.0,4.0,Business,Annual,Germany
CUST_016336,At Risk High Value,449,18,36471.53,2026.1961111111111,155,4780.7,53.2,15.8,4.0,5.0,Enterprise,Monthly,India
CUST_014542,Big Spenders,65,11,36312.61,3301.1463636363637,215,120097.92,81.2,24.5,23.0,1.0,Business,Annual,USA
CUST_004013,Big Spenders,56,13,36171.04,2782.3876923076923,215,6458.98,52.7,14.1,5.0,4.0,Enterprise,Annual,India
CUST_009431,Big Spenders,48,14,35945.85,2567.5607142857143,225,23209.39,90.6,23.2,5.0,6.0,Professional,Multi-Year,Other
CUST_008845,Big Spenders,66,15,35909.23,2393.9486666666667,235,3003.41,41.7,13.6,16.0,4.0,Enterprise,Annual,Australia
CUST_001477,At Risk High Value,80,23,35836.42,1558.1052173913042,255,1044.22,19.5,0.0,-24.0,6.0,Enterprise,Monthly,USA
CUST_007798,Big Spenders,46,16,35807.65,2237.978125,235,22402.12,74.2,19.2,17.0,2.0,Business,Annual,USA
CUST_001942,At Risk High Value,155,19,35621.94,1874.8389473684213,155,3725.57,47.7,13.5,-23.0,3.0,Business,Monthly,India
CUST_009667,Big Spenders,49,13,35611.61,2739.3546153846155,225,172824.7,100.0,31.0,47.0,1.0,Business,Multi-Year,Canada
CUST_010226,At Risk High Value,50,18,35251.43,1958.4127777777778,245,6881.76,63.7,12.3,23.0,3.0,Business,Annual,UK
CUST_006377,At Risk High Value,66,19,35168.98,1850.998947368421,255,5535.9,56.1,20.2,5.0,4.0,Business,Monthly,USA
CUST_015104,Big Spenders,65,14,35060.32,2504.308571428571,225,3240.98,56.3,15.0,-2.0,7.0,Business,Multi-Year,Canada
CUST_013741,Big Spenders,66,13,35027.28,2694.4061538461538,225,114249.69,82.6,24.4,30.0,4.0,Business,Annual,USA
CUST_019258,At Risk High Value,87,16,34980.22,2186.26375,145,14043.1,54.9,24.0,39.0,2.0,Enterprise,Annual,USA
CUST_016764,At Risk High Value,103,17,34939.91,2055.288823529412,145,4556.19,52.6,16.1,15.0,4.0,Business,Annual,USA
CUST_002443,Big Spenders,60,16,34925.52,2182.845,235,4963.29,56.7,20.8,18.0,5.0,Business,Annual,USA
CUST_000332,Big Spenders,60,16,34910.39,2181.899375,235,66778.54,79.9,31.0,46.0,4.0,Business,Annual,Canada
CUST_013256,Big Spenders,62,12,34809.1,2900.758333333333,215,82331.92,77.2,20.1,38.0,4.0,Business,Annual,USA
CUST_008963,Big Spenders,63,15,34745.99,2316.3993333333333,235,56485.2,87.0,29.3,7.0,3.0,Business,Annual,USA
CUST_002654,At Risk High Value,125,18,34556.13,1919.7849999999999,145,6674.15,56.1,18.8,-2.0,5.0,Business,Annual,Germany
CUST_016396,At Risk High Value,113,16,34489.87,2155.616875,145,9247.44,55.7,16.1,22.0,1.0,Enterprise,Monthly,Other
CUST_001855,At Risk High Value,61,20,34425.32,1721.266,255,7267.67,59.9,21.8,12.0,2.0,Business,Annual,USA
CUST_019574,At Risk High Value,75,17,34408.83,2024.048823529412,245,8274.11,72.1,20.6,3.0,1.0,Business,Monthly,Other
CUST_000064,Big Spenders,48,10,34339.44,3433.9440000000004,215,39447.88,83.1,20.7,20.0,5.0,Business,Multi-Year,Germany
CUST_000042,At Risk High Value,51,20,34178.73,1708.9365000000003,255,8927.48,44.6,20.6,0.0,4.0,Business,Annual,UK
CUST_010844,Big Spenders,58,14,34149.43,2439.245,225,94232.0,74.4,25.8,47.0,1.0,Business,Annual,USA
CUST_012348,At Risk High Value,45,21,34069.67,1622.365238095238,255,5801.34,50.0,18.2,6.0,4.0,Business,Annual,USA
CUST_002335,Big Spenders,49,10,33866.17,3386.6169999999997,215,50130.53,62.6,24.9,19.0,2.0,Business,Annual,Germany
CUST_007704,At Risk High Value,49,20,33808.61,1690.4305,255,22037.18,55.2,20.0,47.0,5.0,Business,Monthly,Other
CUST_016289,At Risk High Value,54,18,33744.68,1874.7044444444446,255,6732.79,46.8,16.9,-11.0,5.0,Business,Annual,USA
CUST_014873,At Risk High Value,151,19,33703.26,1773.8557894736844,155,9133.4,67.7,18.6,33.0,1.0,Business,Annual,USA
CUST_019002,Big Spenders,59,13,33695.82,2591.9861538461537,225,27768.66,73.5,22.7,-13.0,5.0,Business,Multi-Year,USA
CUST_016569,Big Spenders,83,7,33690.86,4812.9800000000005,215,72214.27,87.6,23.4,38.0,1.0,Enterprise,Multi-Year,USA
CUST_005220,Big Spenders,102,11,33653.8,3059.4363636363637,115,139349.11,76.6,22.3,44.0,3.0,Business,Annual,UK
CUST_015250,At Risk High Value,61,17,33568.13,1974.595882352941,245,20078.47,58.8,15.8,50.0,3.0,Business,Monthly,USA
CUST_005225,Big Spenders,68,14,33418.22,2387.0157142857142,225,52742.88,75.9,22.4,28.0,1.0,Business,Multi-Year,Germany
CUST_012305,Big Spenders,49,13,33342.57,2564.813076923077,225,7130.9,49.8,14.7,62.0,3.0,Enterprise,Monthly,USA
CUST_007165,Big Spenders,61,13,33228.36,2556.027692307692,215,137208.59,94.4,29.5,63.0,3.0,Business,Annual,Germany
CUST_010140,At Risk High Value,61,17,33144.81,1949.6947058823528,245,11679.17,72.9,27.6,24.0,4.0,Business,Annual,Germany
CUST_018794,Big Spenders,63,14,33135.7,2366.835714285714,225,9674.18,61.4,20.2,13.0,3.0,Business,Annual,USA
CUST_014559,At Risk High Value,54,17,32985.0,1940.2941176470588,245,7592.04,59.7,21.5,5.0,4.0,Business,Annual,Germany
CUST_003423,At Risk High Value,46,21,32959.17,1569.4842857142855,255,4597.36,53.8,19.3,1.0,7.0,Business,Annual,Canada
CUST_015040,At Risk High Value,161,19,32954.21,1734.4321052631578,155,3575.27,39.4,5.6,26.0,3.0,Business,Annual,USA
CUST_011061,Big Spenders,66,14,32812.79,2343.7707142857143,225,53049.19,77.2,20.5,53.0,2.0,Business,Multi-Year,UK
CUST_002632,Big Spenders,165,12,32745.17,2728.7641666666664,115,150589.56,89.2,25.7,42.0,1.0,Business,Annual,Other
CUST_016205,At Risk High Value,353,21,32737.93,1558.9490476190476,155,26017.69,93.6,26.5,7.0,2.0,Business,Annual,Other
CUST_011586,At Risk High Value,214,18,32593.86,1810.77,155,5980.1,54.4,11.7,41.0,5.0,Enterprise,Multi-Year,India
CUST_004888,At Risk High Value,896,18,32540.32,1807.7955555555554,145,25629.16,64.6,13.5,2.0,6.0,Business,Annual,UK
CUST_009920,Big Spenders,47,13,32511.14,2500.856923076923,225,30695.73,66.6,28.5,49.0,1.0,Enterprise,Annual,USA
CUST_001423,Big Spenders,52,15,32491.6,2166.1066666666666,225,12261.01,60.6,16.8,26.0,0.0,Enterprise,Monthly,USA
CUST_000470,Big Spenders,82,13,32484.07,2498.7746153846156,215,9438.88,69.8,11.2,39.0,5.0,Enterprise,Annual,USA
CUST_015150,At Risk High Value,73,24,32478.79,1353.2829166666668,255,2112.16,49.6,11.9,-12.0,5.0,Business,Annual,Canada
CUST_012937,At Risk High Value,46,20,32448.67,1622.4334999999999,255,33515.86,75.5,21.9,15.0,3.0,Business,Annual,USA
CUST_013034,Big Spenders,64,14,32414.67,2315.3335714285713,225,45317.22,74.8,20.4,8.0,3.0,Business,Annual,Other
CUST_013719,Big Spenders,61,15,32237.579999999998,2149.172,235,7605.07,77.7,19.3,17.0,3.0,Enterprise,Annual,USA
CUST_000132,At Risk High Value,46,18,32111.78,1783.9877777777776,245,4066.49,45.3,10.6,-30.0,2.0,Business,Annual,Australia
CUST_016901,At Risk High Value,46,16,32058.329999999998,2003.6456249999999,245,16908.38,70.4,20.2,12.0,2.0,Business,Annual,Canada
CUST_004236,Big Spenders,62,14,31941.09,2281.5064285714284,225,26549.02,75.1,25.8,28.0,2.0,Business,Monthly,UK
CUST_014092,At Risk High Value,45,22,31877.559999999998,1448.9799999999998,255,57513.2,100.0,28.7,54.0,1.0,Professional,Annual,Germany
CUST_007068,At Risk High Value,48,17,31830.72,1872.3952941176472,245,8784.89,68.5,19.8,3.0,3.0,Business,Annual,USA
CUST_009305,At Risk High Value,86,17,31749.52,1867.6188235294119,145,5743.21,57.9,19.2,12.0,3.0,Enterprise,Monthly,Australia
CUST_018991,At Risk High Value,521,20,31699.84,1584.992,155,7483.32,42.9,8.7,15.0,5.0,Business,Monthly,UK
CUST_001654,Big Spenders,692,11,31693.739999999998,2881.2490909090907,115,16920.27,67.0,23.3,14.0,2.0,Enterprise,Annual,Other
CUST_011448,Big Spenders,66,15,31609.55,2107.3033333333333,235,4945.6,34.5,14.2,19.0,4.0,Enterprise,Annual,Germany
CUST_005859,At Risk High Value,130,22,31348.04,1424.9109090909092,155,4467.19,44.4,6.7,38.0,5.0,Business,Annual,Australia
CUST_000854,Big Spenders,58,11,31320.46,2847.314545454545,215,25893.64,68.6,20.5,2.0,0.0,Business,Annual,USA
CUST_007720,Big Spenders,168,11,31310.7,2846.427272727273,115,11000.44,74.4,20.0,4.0,3.0,Enterprise,Monthly,UK
CUST_006184,At Risk High Value,63,17,31240.629999999997,1837.6841176470587,245,12163.38,62.8,21.8,-5.0,7.0,Business,Annual,USA
CUST_008007,Big Spenders,57,12,31027.07,2585.5891666666666,215,57544.71,73.3,20.6,26.0,1.0,Business,Annual,Canada
CUST_007107,Big Spenders,52,13,31010.38,2385.4138461538464,215,6267.99,61.6,21.2,-5.0,5.0,Enterprise,Monthly,Germany
CUST_010799,Big Spenders,149,16,30993.06,1937.06625,135,3294.11,53.7,14.6,1.0,2.0,Business,Multi-Year,Germany
CUST_015924,At Risk High Value,68,16,30840.61,1927.538125,245,3072.11,39.2,15.8,-12.0,6.0,Enterprise,Multi-Year,Other
CUST_005585,Big Spenders,69,14,30501.1,2178.65,225,52767.71,76.7,27.7,11.0,3.0,Business,Multi-Year,USA
CUST_011769,At Risk High Value,56,17,30483.34,1793.1376470588236,245,14628.06,69.7,22.4,-1.0,4.0,Business,Annual,USA
CUST_016145,Big Spenders,56,15,30413.72,2027.5813333333333,235,3663.87,48.2,12.1,-14.0,6.0,Business,Multi-Year,Germany
CUST_009242,Big Spenders,179,16,30392.59,1899.536875,135,5252.75,48.8,12.5,0.0,9.0,Business,Annual,India
CUST_001602,Big Spenders,53,13,30349.710000000003,2334.593076923077,215,7725.57,75.6,21.4,11.0,4.0,Business,Annual,USA
CUST_006260,Big Spenders,61,14,30316.010000000002,2165.429285714286,225,8289.98,53.3,11.5,25.0,4.0,Business,Monthly,Australia
CUST_005292,At Risk High Value,49,20,30236.63,1511.8315,255,14960.18,70.5,16.0,18.0,2.0,Business,Annual,USA
CUST_018924,Big Spenders,222,15,30143.31,2009.554,135,6788.62,60.2,24.3,25.0,3.0,Enterprise,Multi-Year,USA
CUST_014572,At Risk High Value,220,17,30122.32,1771.9011764705883,145,15821.75,84.4,25.2,3.0,3.0,Business,Annual,Australia
CUST_007000,At Risk High Value,53,18,29928.36,1662.6866666666667,245,13472.0,71.4,27.0,23.0,0.0,Business,Multi-Year,UK
CUST_000878,Big Spenders,69,14,29902.97,2135.9264285714285,225,88684.79,91.8,30.5,8.0,2.0,Business,Annual,Other
CUST_010836,At Risk High Value,46,18,29820.47,1656.6927777777778,245,4342.95,41.6,8.5,-14.0,3.0,Business,Monthly,Other
CUST_008117,Big Spenders,603,12,29707.38,2475.6150000000002,115,86862.13,81.6,31.0,37.0,2.0,Business,Monthly,USA
CUST_008760,Big Spenders,61,16,29691.850000000002,1855.7406250000001,235,12178.76,83.7,19.8,-4.0,3.0,Business,Annual,Other
CUST_006935,At Risk High Value,266,21,29610.37,1410.017619047619,155,4421.64,51.8,11.7,6.0,1.0,Business,Annual,USA
CUST_002611,Big Spenders,62,16,29553.59,1847.099375,235,47367.45,56.0,25.4,57.0,3.0,Business,Multi-Year,India
CUST_012758,Big Spenders,232,16,29485.2,1842.825,135,9027.59,60.2,19.2,20.0,5.0,Business,Annual,USA
CUST_013157,Big Spenders,244,12,29466.93,2455.5775,115,5134.92,46.2,14.1,2.0,5.0,Enterprise,Multi-Year,USA
CUST_014161,At Risk High Value,48,17,29442.239999999998,1731.8964705882352,245,3076.07,49.9,6.7,-32.0,3.0,Business,Annual,USA
CUST_013246,Big Spenders,46,12,29407.9,2450.6583333333333,215,37707.88,64.5,26.5,-3.0,3.0,Business,Annual,USA
CUST_001147,At Risk High Value,168,17,29405.5,1729.735294117647,145,7625.77,73.9,19.4,-10.0,3.0,Business,Annual,India
CUST_001931,At Risk High Value,68,19,29403.86,1547.5715789473684,255,7087.81,64.4,28.2,13.0,2.0,Business,Annual,USA
CUST_019559,At Risk High Value,48,17,29289.12,1722.8894117647058,245,12259.22,71.9,19.0,7.0,2.0,Business,Multi-Year,USA
CUST_002533,Big Spenders,71,14,29181.170000000002,2084.369285714286,225,3205.27,25.7,11.7,-45.0,10.0,Enterprise,Annual,USA
CUST_004707,At Risk High Value,78,17,29104.12,1712.0070588235294,245,3871.33,52.3,12.8,16.0,3.0,Business,Multi-Year,USA
CUST_010613,Big Spenders,72,15,29083.35,1938.8899999999999,235,29675.3,89.9,28.1,35.0,3.0,Business,Annual,Canada
CUST_017174,At Risk High Value,596,18,29018.329999999998,1612.1294444444443,155,7132.82,60.1,15.9,14.0,5.0,Business,Annual,USA
CUST_010167,At Risk High Value,293,19,28981.03,1525.3173684210526,155,5187.18,56.6,16.6,1.0,6.0,Business,Annual,USA
CUST_016665,Big Spenders,58,12,28905.76,2408.813333333333,215,5526.78,68.7,21.6,24.0,3.0,Enterprise,Monthly,USA
CUST_000866,Loyal High Value,45,17,28895.19,1699.7170588235294,345,12012.31,60.5,17.8,7.0,2.0,Business,Monthly,USA
CUST_017683,At Risk High Value,389,20,28883.07,1444.1535,155,5261.87,69.9,18.9,8.0,5.0,Business,Multi-Year,Germany
CUST_000699,Big Spenders,259,14,28869.75,2062.125,125,4812.88,47.8,15.7,0.0,9.0,Enterprise,Annual,UK
CUST_006503,Big Spenders,73,15,28826.6,1921.7733333333333,235,6452.79,45.1,13.7,20.0,4.0,Enterprise,Annual,USA
CUST_014959,Big Spenders,89,16,28750.59,1796.911875,135,14751.1,57.4,13.3,23.0,2.0,Business,Annual,USA
CUST_006673,Big Spenders,61,14,28724.31,2051.736428571429,225,12050.93,75.7,26.3,2.0,6.0,Business,Annual,USA
CUST_002291,At Risk High Value,60,19,28703.33,1510.7015789473685,255,41881.63,80.7,28.5,31.0,3.0,Business,Annual,Canada
CUST_017670,Big Spenders,80,13,28699.72,2207.670769230769,225,8273.77,61.4,22.7,10.0,2.0,Business,Monthly,USA
CUST_018262,Big Spenders,108,13,28605.72,2200.44,125,4193.71,45.2,14.9,8.0,2.0,Business,Monthly,Other
CUST_007609,Big Spenders,56,11,28592.760000000002,2599.3418181818183,215,11868.23,72.3,21.8,14.0,4.0,Enterprise,Monthly,USA
CUST_014432,At Risk High Value,57,17,28569.8,1680.5764705882352,245,48424.03,97.2,28.7,21.0,1.0,Business,Monthly,Other
CUST_011452,At Risk High Value,50,20,28556.41,1427.8205,255,31210.92,83.7,20.7,11.0,0.0,Business,Multi-Year,Other
CUST_004567,Big Spenders,300,11,28415.06,2583.187272727273,115,16270.46,39.7,3.4,5.0,4.0,Business,Annual,Australia
CUST_013429,Big Spenders,357,16,28402.39,1775.149375,135,13643.97,55.2,23.4,24.0,6.0,Business,Annual,UK
CUST_008973,At Risk High Value,45,19,28294.29,1489.173157894737,255,5097.99,64.6,15.6,23.0,2.0,Business,Multi-Year,USA
CUST_007594,At Risk High Value,46,17,28231.73,1660.69,245,7934.46,64.2,13.8,22.0,2.0,Business,Multi-Year,USA
CUST_004646,At Risk High Value,157,17,28206.46,1659.2035294117647,145,3618.22,48.7,17.3,15.0,3.0,Business,Annual,Germany
CUST_016535,At Risk High Value,112,19,28204.18,1484.4305263157894,155,2192.35,40.7,12.0,-22.0,3.0,Business,Annual,USA
CUST_014439,Big Spenders,412,16,28171.94,1760.74625,135,4467.12,68.5,19.5,-7.0,5.0,Business,Annual,UK
CUST_005190,Big Spenders,300,10,28136.170000000002,2813.617,115,32103.88,67.8,22.2,28.0,2.0,Business,Annual,Germany
CUST_013399,At Risk High Value,54,21,28074.76,1336.8933333333332,255,4260.17,43.0,12.1,-6.0,4.0,Business,Annual,UK
CUST_010979,Big Spenders,195,15,27987.37,1865.8246666666666,135,2714.65,34.3,10.4,-11.0,3.0,Enterprise,Annual,Australia
CUST_003733,At Risk High Value,49,17,27968.54,1645.2082352941177,245,15715.49,79.8,15.5,65.0,1.0,Business,Monthly,USA
CUST_015432,At Risk High Value,236,17,27916.45,1642.144117647059,145,10016.44,64.6,17.8,24.0,6.0,Business,Monthly,USA
CUST_013601,Big Spenders,54,14,27837.06,1988.3614285714286,225,10773.02,70.3,18.9,27.0,2.0,Business,Monthly,USA
CUST_019731,At Risk High Value,83,16,27730.88,1733.18,245,6568.14,64.1,11.3,18.0,5.0,Business,Annual,Other
CUST_015030,Big Spenders,231,14,27730.03,1980.7164285714284,125,4586.91,50.7,21.5,21.0,3.0,Business,Annual,India
CUST_015470,At Risk High Value,46,21,27708.78,1319.4657142857143,255,10656.07,56.0,16.1,41.0,3.0,Business,Multi-Year,India
CUST_014934,Big Spenders,162,10,27702.14,2770.214,115,31248.45,57.0,23.4,16.0,1.0,Enterprise,Multi-Year,USA
CUST_014757,At Risk High Value,271,21,27598.78,1314.227619047619,155,4684.98,58.0,10.7,6.0,4.0,Business,Monthly,India
CUST_002606,Big Spenders,56,15,27587.1,1839.1399999999999,225,18847.48,57.1,16.1,45.0,2.0,Business,Annual,USA
CUST_004884,At Risk High Value,51,17,27554.12,1620.830588235294,245,6535.29,55.0,22.0,-16.0,9.0,Business,Annual,Australia
CUST_011570,Big Spenders,50,12,27546.91,2295.5758333333333,215,6446.48,57.2,10.1,-7.0,5.0,Business,Annual,USA
CUST_004200,Big Spenders,94,16,27417.149999999998,1713.5718749999999,135,14079.28,66.5,19.1,31.0,1.0,Business,Multi-Year,Canada
CUST_003940,Big Spenders,108,15,27392.13,1826.142,135,3891.72,46.0,20.2,4.0,2.0,Business,Annual,India
CUST_016876,At Risk High Value,50,16,27384.0,1711.5,245,14503.89,66.5,23.3,32.0,4.0,Enterprise,Annual,Canada
CUST_001649,Big Spenders,138,15,27337.56,1822.5040000000001,125,7908.75,45.1,19.8,22.0,2.0,Business,Multi-Year,Other
CUST_017643,At Risk High Value,46,21,27155.44,1293.1161904761905,255,4443.16,54.9,13.4,1.0,2.0,Business,Annual,USA
CUST_000377,At Risk High Value,61,17,27127.77,1595.7511764705882,245,7793.91,55.3,18.2,-20.0,6.0,Business,Annual,Canada
CUST_009876,Big Spenders,65,14,27039.46,1931.3899999999999,225,10835.84,59.9,20.3,9.0,7.0,Business,Multi-Year,USA
CUST_000433,Loyal High Value,45,17,27009.59,1588.7994117647058,345,26143.58,74.9,18.4,11.0,2.0,Business,Annual,UK
CUST_010496,At Risk High Value,159,18,26989.04,1499.391111111111,145,9351.29,57.6,17.7,34.0,1.0,Business,Annual,Australia
CUST_019767,Big Spenders,51,15,26928.67,1795.2446666666665,235,21592.69,70.8,22.7,86.0,0.0,Business,Annual,USA
CUST_007811,Big Spenders,82,11,26836.67,2439.697272727273,215,14903.36,56.0,24.5,16.0,3.0,Business,Monthly,USA
CUST_007569,Big Spenders,67,14,26826.14,1916.152857142857,225,5969.02,40.2,15.0,50.0,5.0,Business,Multi-Year,USA
CUST_015242,Big Spenders,46,14,26777.74,1912.6957142857143,225,21704.04,74.4,25.7,61.0,1.0,Business,Monthly,Germany
CUST_014523,Big Spenders,49,14,26772.19,1912.2992857142856,225,3699.38,37.7,9.9,-2.0,5.0,Enterprise,Annual,USA
CUST_009591,Big Spenders,60,12,26680.47,2223.3725,215,11862.9,65.2,20.0,-12.0,4.0,Business,Annual,USA
CUST_006572,Big Spenders,52,16,26674.76,1667.1725,235,10109.02,66.4,18.0,24.0,3.0,Business,Multi-Year,Canada
CUST_014083,At Risk High Value,59,18,26620.61,1478.9227777777778,255,24478.17,100.0,28.2,-1.0,1.0,Business,Annual,USA
CUST_011883,Big Spenders,83,12,26593.68,2216.14,215,54703.55,78.9,23.8,27.0,6.0,Business,Annual,UK
CUST_014024,At Risk High Value,102,17,26578.02,1563.4129411764707,145,5166.7,53.4,22.3,-4.0,9.0,Business,Annual,USA
CUST_008763,At Risk High Value,70,17,26574.55,1563.2088235294118,245,4838.86,52.9,18.5,18.0,2.0,Business,Multi-Year,Canada
CUST_017308,At Risk High Value,54,20,26571.489999999998,1328.5745,255,2934.92,42.9,16.1,-31.0,10.0,Business,Multi-Year,Other
CUST_017213,At Risk High Value,48,19,26511.13,1395.3226315789475,255,10343.21,63.4,16.3,22.0,2.0,Business,Annual,India
CUST_016477,Big Spenders,45,12,26455.33,2204.6108333333336,215,3121.5,42.5,15.4,1.0,3.0,Enterprise,Multi-Year,USA
CUST_007611,Big Spenders,378,16,26450.64,1653.165,135,5401.46,44.2,16.0,-6.0,2.0,Business,Monthly,USA
CUST_003424,Big Spenders,75,15,26434.04,1762.2693333333334,225,3523.91,41.7,20.4,-17.0,3.0,Business,Annual,USA
CUST_006571,Big Spenders,68,13,26414.69,2031.8992307692306,215,7913.67,55.6,20.6,29.0,4.0,Business,Annual,Other
CUST_012978,Big Spenders,87,9,26368.49,2929.8322222222223,115,8058.0,46.1,14.6,24.0,6.0,Enterprise,Monthly,Australia
CUST_012266,Big Spenders,59,16,26352.97,1647.060625,235,22636.45,68.0,24.9,34.0,3.0,Business,Annual,UK
CUST_000484,Big Spenders,157,13,26275.47,2021.19,115,3398.11,58.2,19.6,-3.0,3.0,Business,Annual,India
CUST_000298,Big Spenders,186,16,26255.95,1640.996875,135,3835.19,44.8,12.0,15.0,2.0,Business,Multi-Year,India
CUST_017661,At Risk High Value,47,16,26238.77,1639.923125,245,7147.54,51.1,21.0,7.0,2.0,Business,Multi-Year,India
CUST_010910,Big Spenders,60,16,26215.739999999998,1638.4837499999999,235,3114.46,48.8,22.5,-14.0,5.0,Enterprise,Monthly,USA
CUST_009069,At Risk High Value,45,17,26107.6,1535.7411764705882,245,14048.51,66.9,19.1,46.0,2.0,Business,Annual,Germany
CUST_011078,At Risk High Value,242,18,26084.62,1449.1455555555556,155,5484.9,57.0,10.0,15.0,3.0,Business,Multi-Year,USA
CUST_017003,At Risk High Value,257,16,26084.48,1630.28,145,3781.22,51.5,12.5,4.0,3.0,Business,Monthly,Other
CUST_004747,At Risk High Value,55,18,26045.93,1446.996111111111,245,4434.82,39.2,15.3,-24.0,1.0,Business,Annual,USA
CUST_001939,At Risk High Value,49,20,26002.45,1300.1225,255,11919.16,64.6,20.7,6.0,3.0,Business,Annual,USA
CUST_002921,At Risk High Value,81,17,25984.19,1528.4817647058824,245,1681.12,44.7,7.2,-11.0,6.0,Business,Annual,Germany
CUST_005702,At Risk High Value,51,21,25917.66,1234.1742857142858,255,2697.93,41.6,12.2,1.0,7.0,Business,Annual,Other
CUST_013480,Big Spenders,102,12,25914.62,2159.5516666666667,115,2365.35,43.0,11.0,6.0,11.0,Enterprise,Monthly,USA
CUST_016775,At Risk High Value,52,17,25901.56,1523.6211764705884,245,7566.24,77.9,21.0,16.0,4.0,Business,Annual,Canada
CUST_002583,Big Spenders,54,16,25887.53,1617.970625,235,2223.63,30.9,11.6,-24.0,4.0,Business,Annual,Australia
CUST_015358,At Risk High Value,271,16,25852.33,1615.770625,145,12016.73,69.3,17.2,48.0,0.0,Business,Annual,India
CUST_009621,At Risk High Value,49,19,25843.09,1360.1626315789474,255,35444.3,79.6,23.2,55.0,2.0,Business,Multi-Year,Australia
CUST_014975,At Risk High Value,58,19,25842.78,1360.1463157894736,255,11676.57,68.0,24.1,30.0,3.0,Business,Monthly,India
CUST_009858,At Risk High Value,235,20,25822.75,1291.1375,155,4030.54,66.6,20.3,-11.0,5.0,Business,Annual,Canada
CUST_005085,At Risk High Value,275,18,25752.36,1430.6866666666667,145,3263.22,57.4,19.7,-9.0,3.0,Business,Annual,USA
CUST_012525,At Risk High Value,193,17,25719.25,1512.8970588235295,145,2828.54,41.0,12.6,1.0,7.0,Business,Monthly,USA
CUST_010702,At Risk High Value,46,18,25676.04,1426.4466666666667,245,8147.96,51.6,19.5,10.0,3.0,Business,Annual,Germany
CUST_012046,At Risk High Value,243,19,25667.32,1350.9115789473683,155,12233.96,84.6,24.5,48.0,2.0,Business,Annual,Australia
CUST_015968,At Risk High Value,182,17,25657.47,1509.2629411764706,145,4371.75,56.1,19.3,14.0,10.0,Business,Annual,India
CUST_005990,At Risk High Value,65,17,25568.71,1504.0417647058823,245,13878.68,79.8,21.8,18.0,4.0,Business,Annual,India
CUST_014339,At Risk High Value,142,17,25536.98,1502.1752941176471,145,13085.77,86.7,26.8,39.0,4.0,Professional,Multi-Year,USA
CUST_015126,At Risk High Value,176,17,25459.2,1497.6000000000001,145,5278.75,64.9,20.0,10.0,4.0,Business,Multi-Year,USA
CUST_016357,At Risk High Value,89,18,25342.63,1407.923888888889,155,4654.79,68.1,24.1,18.0,3.0,Business,Annual,USA
CUST_014535,At Risk High Value,47,17,25312.11,1488.9476470588236,245,11972.5,70.5,24.7,-18.0,1.0,Business,Annual,USA
CUST_007495,Big Spenders,56,15,25262.57,1684.1713333333332,235,5818.23,63.1,14.4,19.0,7.0,Business,Monthly,USA
CUST_012077,At Risk High Value,279,17,25247.19,1485.1288235294116,145,2229.87,54.0,5.4,10.0,6.0,Business,Annual,USA
CUST_017857,At Risk High Value,122,16,25237.21,1577.325625,145,3863.58,48.4,16.6,-2.0,5.0,Business,Annual,USA
CUST_007801,At Risk High Value,524,17,25162.3,1480.135294117647,145,8320.42,58.5,20.0,-9.0,2.0,Business,Monthly,USA
CUST_009167,Big Spenders,45,15,25131.52,1675.4346666666668,235,11351.59,67.9,27.0,36.0,2.0,Business,Multi-Year,USA
CUST_004295,At Risk High Value,312,19,25113.01,1321.7373684210525,155,3735.55,57.4,21.8,12.0,6.0,Business,Annual,USA
CUST_001704,Big Spenders,312,13,25104.71,1931.1315384615384,115,14852.62,67.9,16.9,35.0,3.0,Business,Multi-Year,USA
CUST_008984,Big Spenders,65,16,25069.39,1566.836875,235,19759.51,74.0,20.3,45.0,4.0,Business,Annual,USA
CUST_018228,At Risk High Value,50,18,25041.31,1391.183888888889,255,2009.69,39.1,16.2,-31.0,10.0,Business,Annual,USA
CUST_012263,Big Spenders,54,16,25035.48,1564.7175,235,3849.83,60.8,17.0,-9.0,4.0,Business,Annual,USA
CUST_009053,At Risk High Value,57,20,25033.68,1251.684,255,2211.8,38.9,11.0,8.0,3.0,Business,Multi-Year,Germany
CUST_003043,Big Spenders,61,14,25007.52,1786.2514285714285,225,4271.05,53.9,16.3,21.0,5.0,Business,Annual,USA
CUST_014788,At Risk High Value,54,17,24974.52,1469.0894117647058,245,6545.28,56.6,16.4,4.0,3.0,Business,Annual,USA
CUST_003488,Big Spenders,61,16,24940.940000000002,1558.8087500000001,235,9474.71,69.9,23.1,-1.0,7.0,Business,Annual,Germany
CUST_010458,Big Spenders,86,12,24940.27,2078.3558333333335,115,101924.69,83.3,25.5,37.0,2.0,Business,Multi-Year,USA
CUST_010015,At Risk High Value,61,18,24909.72,1383.8733333333334,245,23150.3,79.2,19.9,37.0,1.0,Business,Annual,USA
CUST_014514,Big Spenders,145,13,24905.48,1915.8061538461538,125,25163.18,87.4,31.0,33.0,2.0,Business,Monthly,USA
CUST_015082,At Risk High Value,324,18,24899.49,1383.305,155,2045.28,38.6,12.2,-24.0,3.0,Business,Multi-Year,USA
CUST_006936,Big Spenders,47,12,24899.42,2074.9516666666664,215,10215.36,63.7,13.8,35.0,3.0,Business,Annual,UK
CUST_016213,Big Spenders,372,15,24884.66,1658.9773333333333,135,8501.96,59.2,19.9,21.0,5.0,Business,Annual,USA
CUST_002932,Big Spenders,61,15,24837.47,1655.8313333333333,225,16053.03,68.4,22.9,32.0,5.0,Business,Annual,USA
CUST_019127,At Risk High Value,381,16,24789.06,1549.31625,145,5384.85,64.1,20.3,24.0,4.0,Business,Annual,India
CUST_010886,Big Spenders,60,14,24662.33,1761.595,225,10579.3,71.7,20.8,-11.0,6.0,Business,Annual,USA
CUST_007691,Big Spenders,59,12,24547.5,2045.625,215,6958.31,63.9,24.7,-8.0,3.0,Business,Monthly,Australia
CUST_019726,At Risk High Value,53,16,24504.88,1531.555,245,13150.69,62.2,16.3,16.0,3.0,Business,Annual,USA
CUST_006926,Big Spenders,462,12,24468.670000000002,2039.0558333333336,115,4483.32,49.7,10.2,26.0,5.0,Enterprise,Annual,USA
CUST_009787,Big Spenders,48,15,24405.71,1627.0473333333332,235,8499.08,70.0,19.6,3.0,4.0,Business,Annual,India
CUST_002850,Big Spenders,45,15,24330.260000000002,1622.0173333333335,225,2233.8,39.8,12.6,-23.0,2.0,Business,Multi-Year,Germany
CUST_005629,Big Spenders,62,14,24328.93,1737.7807142857143,225,11934.0,55.4,18.9,26.0,5.0,Business,Monthly,Germany
CUST_011838,At Risk High Value,46,18,24324.66,1351.37,255,10332.88,51.8,11.4,52.0,5.0,Business,Annual,USA
CUST_008549,At Risk High Value,49,17,24299.27,1429.3688235294119,245,7996.35,61.4,16.7,13.0,2.0,Business,Annual,USA
CUST_011281,Big Spenders,48,14,24290.23,1735.0164285714286,225,10803.41,63.8,11.0,11.0,1.0,Business,Monthly,USA
CUST_008110,At Risk High Value,231,17,24271.4,1427.729411764706,145,2411.89,50.5,10.4,-32.0,6.0,Business,Annual,Canada
CUST_015161,At Risk High Value,225,17,24264.13,1427.3017647058823,145,10938.98,70.9,19.5,22.0,2.0,Business,Multi-Year,USA
CUST_005592,Big Spenders,56,16,24263.58,1516.47375,235,7822.36,53.9,11.0,-3.0,6.0,Business,Annual,USA
CUST_010352,Big Spenders,55,16,24261.18,1516.32375,235,4189.63,44.2,11.6,14.0,4.0,Business,Multi-Year,UK
CUST_012885,At Risk High Value,48,17,24232.36,1425.4329411764706,245,32409.35,87.5,31.0,32.0,3.0,Business,Annual,USA
CUST_016744,Big Spenders,55,13,24228.31,1863.716153846154,225,6667.81,66.4,9.8,17.0,0.0,Business,Monthly,USA
CUST_013475,At Risk High Value,107,17,24205.72,1423.8658823529413,145,14485.98,79.7,21.9,14.0,0.0,Business,Annual,Canada
CUST_007130,At Risk High Value,397,17,24189.71,1422.9241176470587,145,11453.88,67.5,21.0,28.0,2.0,Business,Monthly,UK
CUST_007517,Big Spenders,107,15,24154.85,1610.3233333333333,135,2247.21,42.0,10.2,-17.0,5.0,Business,Multi-Year,Other
CUST_016520,Big Spenders,242,15,24129.8,1608.6533333333332,135,5945.2,48.9,9.8,19.0,6.0,Business,Multi-Year,UK
CUST_009865,At Risk High Value,57,18,24084.1,1338.0055555555555,245,5658.25,67.8,17.8,-7.0,3.0,Business,Multi-Year,Other
CUST_008882,Big Spenders,66,15,23881.47,1592.0980000000002,235,18931.38,65.2,20.5,40.0,3.0,Business,Annual,USA
CUST_019504,Big Spenders,316,9,23878.91,2653.2122222222224,115,9287.89,84.1,21.9,23.0,1.0,Enterprise,Monthly,Other
CUST_007213,At Risk High Value,81,22,23866.1,1084.8227272727272,255,1814.28,36.1,13.8,-9.0,7.0,Business,Multi-Year,USA
CUST_013125,Big Spenders,67,15,23786.36,1585.7573333333335,235,7736.89,57.6,16.0,16.0,2.0,Enterprise,Annual,Germany
CUST_001492,Big Spenders,75,15,23779.91,1585.3273333333334,225,8385.72,56.0,16.2,13.0,5.0,Business,Annual,USA
CUST_012529,Big Spenders,63,12,23743.77,1978.6475,215,12999.13,63.0,21.9,35.0,3.0,Enterprise,Annual,UK
CUST_002644,Big Spenders,61,15,23736.54,1582.4360000000001,225,15937.74,62.8,19.5,27.0,4.0,Business,Annual,USA
CUST_009257,At Risk High Value,212,17,23735.05,1396.179411764706,145,2799.86,46.1,19.2,-22.0,8.0,Business,Annual,USA
CUST_019188,At Risk High Value,64,21,23717.95,1129.4261904761904,255,26826.04,74.5,26.2,42.0,2.0,Professional,Monthly,USA
CUST_008330,Big Spenders,66,13,23715.12,1824.24,225,7267.35,58.7,21.2,6.0,3.0,Business,Annual,USA
CUST_017928,Big Spenders,248,13,23700.29,1823.0992307692309,125,13728.3,56.0,18.7,16.0,7.0,Business,Annual,UK
CUST_004061,Big Spenders,54,14,23669.35,1690.667857142857,225,9103.77,86.8,20.2,25.0,4.0,Business,Annual,Canada
CUST_013904,Big Spenders,51,12,23635.29,1969.6075,215,1676.82,36.2,3.0,-32.0,9.0,Business,Annual,USA
CUST_016109,Needs Attention,60,12,23516.02,1959.6683333333333,214,11586.98,57.2,21.9,40.0,2.0,Business,Multi-Year,UK
CUST_019289,At Risk High Value,54,17,23490.260000000002,1381.7800000000002,244,5185.36,75.8,24.0,39.0,4.0,Business,Multi-Year,USA
CUST_003466,At Risk High Value,312,18,23452.99,1302.943888888889,144,10862.69,56.8,13.0,56.0,3.0,Business,Annual,Australia
CUST_002011,Needs Attention,64,14,23444.7,1674.6214285714286,224,14657.19,73.7,17.7,26.0,2.0,Business,Annual,Canada
CUST_004564,Needs Attention,49,13,23432.25,1802.4807692307693,214,15673.14,68.0,16.0,16.0,3.0,Business,Annual,Other
CUST_003490,Needs Attention,55,16,23427.03,1464.189375,234,2749.02,54.4,11.0,-36.0,6.0,Business,Annual,Germany
CUST_000205,At Risk High Value,62,18,23411.24,1300.6244444444446,244,2458.79,39.7,8.3,12.0,5.0,Enterprise,Monthly,Canada
CUST_006533,At Risk High Value,327,17,23279.2,1369.364705882353,144,11978.93,62.3,20.3,31.0,3.0,Business,Annual,USA
CUST_011455,Needs Attention,66,12,23277.51,1939.7924999999998,214,12207.01,54.7,25.0,16.0,4.0,Business,Annual,Australia
CUST_010891,Needs Attention,55,15,23276.11,1551.7406666666668,234,26682.46,88.5,27.7,18.0,1.0,Business,Annual,USA
CUST_010589,Needs Attention,49,16,23265.31,1454.081875,234,3586.53,50.5,12.7,3.0,6.0,Business,Annual,Other
CUST_017526,Needs Attention,165,12,23259.1,1938.2583333333332,114,3659.05,60.4,18.7,20.0,6.0,Enterprise,Monthly,UK
CUST_008181,Needs Attention,47,15,23114.28,1540.952,234,8118.8,68.7,15.4,2.0,0.0,Business,Multi-Year,Canada
CUST_014711,At Risk High Value,56,18,23104.64,1283.591111111111,254,6554.09,71.5,19.5,1.0,3.0,Business,Annual,Germany
CUST_007007,Needs Attention,174,16,23100.57,1443.785625,134,17288.3,63.7,23.4,37.0,2.0,Business,Multi-Year,USA
CUST_002331,Needs Attention,58,15,23099.87,1539.9913333333332,224,3621.35,54.2,15.7,9.0,5.0,Enterprise,Annual,UK
CUST_002779,At Risk High Value,478,18,23094.42,1283.0233333333333,144,3083.64,42.5,11.3,-15.0,5.0,Business,Annual,USA
CUST_005675,At Risk High Value,52,17,23072.53,1357.2076470588236,244,9042.37,65.5,18.6,51.0,3.0,Business,Multi-Year,USA
CUST_018037,Needs Attention,210,11,23052.49,2095.680909090909,114,11236.0,65.6,19.7,-5.0,7.0,Business,Monthly,Australia
CUST_013688,At Risk High Value,409,18,23045.62,1280.312222222222,154,6420.26,60.8,12.2,60.0,2.0,Business,Monthly,USA
CUST_015569,Needs Attention,146,14,23044.45,1646.0321428571428,124,8146.55,70.7,23.0,19.0,7.0,Business,Monthly,Australia
CUST_003591,At Risk High Value,177,18,23012.84,1278.4911111111112,144,1323.7,32.0,3.8,-17.0,4.0,Business,Annual,USA
CUST_002739,At Risk High Value,45,18,23004.3,1278.0166666666667,244,25437.73,68.0,25.1,58.0,0.0,Business,Annual,Other
CUST_017353,Needs Attention,53,14,22965.95,1640.425,224,17632.6,72.3,24.2,50.0,4.0,Business,Multi-Year,UK
CUST_009479,At Risk High Value,47,18,22959.239999999998,1275.5133333333333,244,21753.7,77.3,26.9,44.0,2.0,Business,Multi-Year,USA
CUST_012220,Needs Attention,519,13,22927.48,1763.6523076923077,124,30221.41,57.9,19.7,29.0,3.0,Business,Annual,India
CUST_003050,Needs Attention,51,15,22909.33,1527.2886666666668,224,9047.85,73.6,25.0,12.0,2.0,Business,Multi-Year,Australia
CUST_007994,At Risk High Value,468,20,22904.07,1145.2035,154,2613.46,58.5,15.7,9.0,7.0,Business,Monthly,UK
CUST_017866,At Risk High Value,55,16,22894.54,1430.90875,244,4818.13,59.9,12.8,11.0,3.0,Business,Multi-Year,USA
CUST_017205,Needs Attention,201,11,22889.53,2080.8663636363635,114,22016.47,51.2,17.0,43.0,2.0,Business,Multi-Year,USA
CUST_011807,At Risk High Value,51,17,22885.23,1346.19,244,9339.71,61.2,17.3,-0.0,2.0,Business,Multi-Year,Canada
CUST_007812,Needs Attention,52,15,22884.15,1525.6100000000001,234,15338.12,65.3,23.9,43.0,0.0,Business,Annual,USA
CUST_004472,Needs Attention,62,11,22820.91,2074.628181818182,214,17607.12,84.1,24.0,37.0,4.0,Business,Multi-Year,USA
CUST_011589,At Risk High Value,180,17,22801.92,1341.2894117647058,144,4727.4,51.8,18.5,24.0,4.0,Business,Annual,Australia
CUST_008575,Needs Attention,57,16,22750.73,1421.920625,234,23394.96,81.8,20.1,58.0,2.0,Business,Multi-Year,India
CUST_003097,At Risk High Value,47,19,22711.17,1195.3247368421053,254,12341.04,91.6,24.3,29.0,5.0,Business,Multi-Year,UK
CUST_000290,Needs Attention,61,16,22697.64,1418.6025,234,6472.77,49.2,14.1,-14.0,2.0,Business,Annual,Canada
CUST_001504,At Risk High Value,453,19,22681.87,1193.7826315789473,154,13721.95,81.7,16.0,44.0,2.0,Business,Annual,Other
CUST_012152,At Risk High Value,48,17,22644.76,1332.044705882353,244,2884.45,56.5,13.0,-17.0,8.0,Business,Multi-Year,Australia
CUST_001491,Needs Attention,68,13,22639.92,1741.5323076923075,214,6126.29,52.4,21.7,27.0,3.0,Business,Monthly,Canada
CUST_019866,Needs Attention,72,14,22636.71,1616.907857142857,224,37245.16,85.5,27.7,35.0,2.0,Business,Annual,Canada
CUST_016254,At Risk High Value,48,19,22616.47,1190.3405263157895,254,9574.16,85.3,20.7,49.0,3.0,Business,Multi-Year,USA
CUST_015363,At Risk High Value,692,19,22603.03,1189.6331578947368,154,2065.19,51.5,12.3,4.0,5.0,Business,Annual,USA
CUST_010006,Needs Attention,57,15,22597.55,1506.5033333333333,234,15772.98,62.5,17.1,35.0,2.0,Business,Annual,Other
CUST_016795,Needs Attention,51,15,22596.17,1506.4113333333332,234,9630.73,66.5,24.2,20.0,1.0,Business,Annual,Australia
CUST_016133,Needs Attention,62,14,22492.62,1606.6157142857141,224,13342.61,70.2,28.9,-13.0,3.0,Business,Multi-Year,Canada
CUST_016408,Needs Attention,110,14,22468.0,1604.857142857143,124,9398.52,68.4,25.6,16.0,4.0,Business,Multi-Year,India
CUST_010724,Needs Attention,72,14,22438.47,1602.7478571428571,224,7251.06,60.7,14.1,47.0,1.0,Business,Annual,Other
CUST_003657,At Risk High Value,187,18,22436.44,1246.4688888888888,144,1695.58,42.9,18.0,-17.0,0.0,Enterprise,Monthly,USA
CUST_015707,At Risk High Value,392,17,22433.36,1319.609411764706,144,11460.48,70.6,17.7,48.0,4.0,Enterprise,Monthly,Canada
CUST_012961,Needs Attention,63,16,22383.760000000002,1398.9850000000001,234,3288.49,61.4,16.6,11.0,7.0,Business,Annual,USA
CUST_018128,At Risk High Value,84,16,22378.92,1398.6825,244,7338.33,42.2,16.2,11.0,4.0,Business,Multi-Year,UK
CUST_002702,Needs Attention,66,12,22359.65,1863.3041666666668,214,14216.02,59.4,25.4,27.0,5.0,Business,Annual,USA
CUST_017870,At Risk High Value,57,16,22354.94,1397.18375,244,3248.65,42.3,14.9,11.0,4.0,Business,Annual,Other
CUST_000539,Loyal High Value,45,17,22305.32,1312.0776470588235,344,6162.9,63.3,22.3,-7.0,3.0,Business,Multi-Year,India
CUST_006226,Needs Attention,48,16,22270.18,1391.88625,234,21238.74,71.9,20.6,44.0,0.0,Business,Annual,UK
CUST_019066,At Risk High Value,47,19,22254.13,1171.27,254,13247.94,77.8,27.4,10.0,5.0,Business,Multi-Year,UK
CUST_014252,At Risk High Value,150,18,22249.4,1236.0777777777778,154,2238.38,33.6,11.4,16.0,4.0,Enterprise,Annual,USA
CUST_019852,Needs Attention,69,14,22246.99,1589.0707142857143,224,17823.78,70.8,17.2,37.0,2.0,Business,Annual,Germany
CUST_018030,At Risk High Value,273,16,22242.14,1390.13375,144,4286.53,42.1,13.6,6.0,4.0,Business,Annual,USA
CUST_005774,At Risk High Value,46,21,22236.5,1058.8809523809523,254,16506.79,84.0,23.8,-11.0,2.0,Business,Annual,USA
CUST_018147,At Risk High Value,271,22,22232.81,1010.5822727272728,154,1875.63,51.9,12.6,-5.0,5.0,Business,Multi-Year,India
CUST_006921,Needs Attention,54,16,22199.58,1387.47375,234,1375.85,35.3,12.0,-23.0,7.0,Enterprise,Monthly,Australia
CUST_017242,At Risk High Value,55,18,22197.28,1233.1822222222222,254,22892.82,75.7,17.1,50.0,2.0,Professional,Annual,Australia
CUST_001401,Needs Attention,51,14,22177.08,1584.077142857143,224,6913.28,63.7,17.9,9.0,6.0,Business,Multi-Year,India
CUST_003658,Needs Attention,47,11,22168.579999999998,2015.3254545454545,214,5462.66,51.0,15.2,-5.0,4.0,Business,Annual,USA
CUST_014190,At Risk High Value,77,20,22156.59,1107.8295,254,2324.55,49.9,10.2,9.0,4.0,Business,Annual,USA
CUST_009381,Needs Attention,47,14,22153.44,1582.3885714285714,224,6213.35,50.0,9.6,26.0,3.0,Business,Multi-Year,UK
CUST_015997,Needs Attention,147,13,22116.56,1701.2738461538463,124,3680.29,56.8,12.0,45.0,1.0,Business,Annual,India
CUST_012025,At Risk High Value,99,17,22038.82,1296.4011764705883,144,9761.6,45.9,12.0,40.0,2.0,Business,Multi-Year,Other
CUST_003174,Needs Attention,62,14,22034.85,1573.917857142857,224,41263.69,90.8,25.8,23.0,4.0,Business,Multi-Year,Canada
CUST_013892,Needs Attention,383,14,22015.51,1572.5364285714284,124,4496.65,58.4,20.3,10.0,0.0,Business,Annual,Germany
CUST_001233,Needs Attention,69,13,22005.59,1692.7376923076922,214,9694.8,68.1,20.2,-7.0,4.0,Business,Annual,India
CUST_001921,At Risk High Value,64,17,22003.26,1294.3094117647058,244,29620.55,83.4,25.6,28.0,3.0,Business,Monthly,UK
CUST_005604,Needs Attention,74,13,22002.13,1692.4715384615386,214,18750.17,52.8,22.9,13.0,5.0,Business,Monthly,India
CUST_003689,At Risk High Value,53,18,21975.98,1220.8877777777777,244,10411.24,62.7,17.8,19.0,3.0,Business,Annual,India
CUST_008712,At Risk High Value,228,18,21906.39,1217.0216666666665,144,1625.2,33.9,19.3,-29.0,7.0,Business,Multi-Year,Other
CUST_010431,Needs Attention,63,12,21898.19,1824.8491666666666,214,17816.49,78.7,20.7,8.0,9.0,Business,Monthly,USA
CUST_012734,Needs Attention,58,11,21888.079999999998,1989.8254545454545,214,17048.59,56.0,21.0,19.0,2.0,Business,Annual,Australia
CUST_002016,Needs Attention,479,13,21875.190000000002,1682.7069230769232,114,20889.79,89.7,24.4,31.0,2.0,Business,Monthly,Other
CUST_016659,At Risk High Value,57,18,21858.829999999998,1214.3794444444443,254,3241.58,59.2,14.9,-1.0,5.0,Enterprise,Annual,USA
CUST_007391,Needs Attention,60,16,21822.33,1363.895625,234,19037.11,67.9,23.4,12.0,2.0,Business,Multi-Year,Canada
CUST_010491,At Risk High Value,56,19,21797.24,1147.223157894737,254,8964.13,57.7,21.2,-6.0,6.0,Business,Monthly,USA
CUST_001909,Needs Attention,95,15,21793.14,1452.876,124,7746.41,53.0,17.6,-2.0,4.0,Business,Annual,USA
CUST_015083,At Risk High Value,45,20,21785.83,1089.2915,254,3407.72,51.3,19.5,-13.0,5.0,Business,Annual,USA
CUST_019158,At Risk High Value,53,16,21781.86,1361.36625,244,27119.06,85.3,19.0,72.0,2.0,Business,Multi-Year,UK
CUST_008671,Needs Attention,56,15,21767.08,1451.1386666666667,234,3810.6,46.7,14.9,23.0,3.0,Enterprise,Monthly,India
CUST_005799,At Risk High Value,45,17,21730.510000000002,1278.2652941176473,244,11253.31,83.7,30.9,37.0,2.0,Professional,Annual,UK
CUST_003343,Needs Attention,50,15,21713.03,1447.5353333333333,224,5553.41,56.0,12.2,24.0,6.0,Business,Annual,UK
CUST_008960,At Risk High Value,324,17,21706.44,1276.8494117647058,144,4975.69,61.9,13.8,6.0,3.0,Business,Monthly,USA
CUST_012352,Needs Attention,52,13,21651.75,1665.5192307692307,224,7655.95,61.4,17.2,3.0,4.0,Business,Monthly,UK
CUST_014930,Needs Attention,58,14,21609.69,1543.5492857142856,224,9986.85,56.6,10.6,47.0,2.0,Business,Annual,India
CUST_000334,Needs Attention,58,13,21525.45,1655.8038461538463,214,7546.18,72.5,20.0,16.0,2.0,Business,Annual,USA
CUST_011939,Needs Attention,60,13,21471.05,1651.6192307692306,224,4012.91,38.1,11.6,-22.0,8.0,Business,Annual,USA
CUST_012443,Needs Attention,46,16,21458.53,1341.158125,234,4823.32,66.1,15.6,7.0,2.0,Business,Annual,USA
CUST_000588,Needs Attention,57,15,21412.82,1427.5213333333334,224,4771.88,51.6,8.0,-11.0,0.0,Business,Multi-Year,India
CUST_019797,Needs Attention,75,15,21407.43,1427.162,234,16220.67,85.3,14.5,39.0,2.0,Business,Annual,UK
CUST_011872,Needs Attention,47,13,21376.77,1644.366923076923,224,5732.4,66.6,16.9,66.0,5.0,Business,Annual,USA
CUST_004563,Needs Attention,65,15,21372.14,1424.8093333333334,234,7428.77,76.2,28.9,12.0,5.0,Business,Annual,USA
CUST_001502,Needs Attention,64,15,21366.28,1424.4186666666667,224,23156.69,72.7,23.8,42.0,1.0,Business,Annual,USA
CUST_007012,Needs Attention,576,13,21339.78,1641.5215384615383,114,5958.86,56.4,18.4,-25.0,7.0,Enterprise,Annual,USA
CUST_002238,At Risk High Value,46,20,21324.89,1066.2445,254,13232.2,77.0,22.1,17.0,2.0,Business,Annual,India
CUST_008455,Needs Attention,49,16,21324.66,1332.79125,234,6074.21,48.5,8.5,-9.0,5.0,Business,Multi-Year,UK
CUST_011159,At Risk High Value,45,17,21323.06,1254.2976470588237,244,2267.83,54.4,16.0,2.0,4.0,Business,Annual,USA
CUST_000781,At Risk High Value,281,17,21306.48,1253.3223529411764,144,2508.1,48.7,12.1,12.0,5.0,Enterprise,Monthly,Canada
CUST_015584,Needs Attention,59,14,21293.18,1520.9414285714286,224,13457.47,58.6,21.9,42.0,2.0,Business,Multi-Year,India
CUST_018868,Needs Attention,60,15,21292.91,1419.5273333333332,234,6547.64,80.4,19.9,-12.0,5.0,Business,Annual,Australia
CUST_019834,Needs Attention,369,12,21261.93,1771.8275,114,3950.97,60.4,19.2,-24.0,7.0,Enterprise,Annual,Germany
CUST_009500,Needs Attention,288,15,21259.25,1417.2833333333333,134,12413.92,72.2,22.7,31.0,4.0,Business,Annual,UK
CUST_011113,Needs Attention,297,16,21255.01,1328.438125,134,2275.42,33.6,9.3,26.0,4.0,Business,Multi-Year,Canada
CUST_004381,Needs Attention,74,11,21240.44,1930.9490909090907,214,31840.52,81.6,24.4,59.0,1.0,Business,Annual,UK
CUST_006762,Needs Attention,58,14,21231.63,1516.545,224,14157.59,76.3,21.5,42.0,5.0,Business,Annual,USA
CUST_019893,Needs Attention,556,12,21217.19,1768.0991666666666,114,4597.43,56.8,15.1,-7.0,10.0,Business,Annual,UK
CUST_004360,Needs Attention,59,14,21197.93,1514.1378571428572,224,16048.05,66.1,17.0,46.0,2.0,Business,Multi-Year,USA
CUST_009712,At Risk High Value,451,18,21191.670000000002,1177.315,144,3033.68,52.6,8.4,31.0,4.0,Business,Multi-Year,USA
CUST_014969,At Risk High Value,259,17,21184.36,1246.1388235294119,144,6791.23,59.0,20.6,15.0,2.0,Business,Annual,USA
CUST_014054,Needs Attention,60,10,21166.440000000002,2116.6440000000002,214,29067.66,76.9,29.1,33.0,5.0,Business,Multi-Year,USA
CUST_000032,Needs Attention,65,15,21166.25,1411.0833333333333,224,9221.74,46.0,18.6,5.0,3.0,Business,Monthly,USA
CUST_001845,Needs Attention,46,13,21104.65,1623.4346153846154,214,9122.33,74.1,14.3,7.0,1.0,Business,Annual,USA
CUST_000467,Needs Attention,59,14,21099.28,1507.0914285714284,224,2990.12,49.8,19.4,-38.0,5.0,Business,Annual,USA
CUST_013119,Needs Attention,48,13,21095.51,1622.7315384615383,224,32796.46,95.7,31.0,43.0,3.0,Business,Monthly,Canada
CUST_005287,Needs Attention,59,16,21085.8,1317.8625,234,17436.71,82.4,19.4,57.0,2.0,Business,Annual,USA
CUST_001663,Needs Attention,57,13,21040.35,1618.4884615384615,214,16889.99,71.8,18.2,24.0,3.0,Business,Annual,Australia
CUST_003874,At Risk High Value,56,17,21002.94,1235.4670588235294,244,4281.17,55.9,19.6,-18.0,7.0,Business,Annual,USA
CUST_010090,Needs Attention,53,14,20996.16,1499.7257142857143,224,23038.04,81.9,17.9,88.0,3.0,Business,Multi-Year,USA
CUST_008563,At Risk High Value,46,23,20993.45,912.758695652174,254,1052.5,55.9,18.7,-2.0,6.0,Business,Annual,UK
CUST_003540,Needs Attention,49,14,20979.94,1498.5671428571427,224,27597.45,58.2,18.6,32.0,3.0,Business,Monthly,Canada
CUST_010168,Needs Attention,315,13,20950.86,1611.6046153846155,124,3619.61,56.0,17.2,-13.0,7.0,Business,Annual,UK
CUST_007045,Needs Attention,362,16,20901.85,1306.365625,134,9790.06,78.9,18.7,23.0,1.0,Business,Annual,Germany
CUST_009212,Needs Attention,57,16,20806.559999999998,1300.4099999999999,234,6926.51,58.8,19.8,4.0,4.0,Business,Annual,UK
CUST_004060,At Risk High Value,70,17,20794.34,1223.1964705882353,244,18979.5,80.1,29.6,36.0,2.0,Business,Multi-Year,USA
CUST_015485,Needs Attention,66,15,20791.82,1386.1213333333333,234,3360.17,32.4,10.0,32.0,3.0,Business,Multi-Year,USA
CUST_014712,Needs Attention,263,16,20790.55,1299.409375,134,14179.41,77.8,17.4,47.0,1.0,Business,Multi-Year,India
CUST_014777,Needs Attention,83,11,20781.38,1889.2163636363637,214,5226.88,46.5,20.9,-17.0,4.0,Business,Multi-Year,Australia
CUST_007996,Needs Attention,45,15,20767.71,1384.514,234,18300.01,70.6,28.4,7.0,2.0,Business,Annual,Canada
CUST_007020,At Risk High Value,58,17,20755.1,1220.8882352941175,244,789.0,30.6,6.4,-15.0,4.0,Business,Annual,USA
CUST_013081,Needs Attention,249,7,20749.62,2964.2314285714283,114,129382.59,69.5,24.6,34.0,1.0,Business,Annual,USA
CUST_000992,Needs Attention,179,13,20733.48,1594.883076923077,114,5562.11,36.5,13.2,4.0,6.0,Business,Monthly,Australia
CUST_013783,Needs Attention,47,14,20691.77,1477.9835714285714,224,7329.0,78.9,26.9,-3.0,2.0,Business,Multi-Year,India
CUST_000204,At Risk High Value,119,17,20670.01,1215.8829411764705,144,6137.89,79.9,27.9,7.0,6.0,Business,Multi-Year,USA
CUST_006557,At Risk High Value,58,17,20659.99,1215.293529411765,244,16408.21,73.8,22.2,24.0,3.0,Business,Multi-Year,USA
CUST_006735,At Risk High Value,194,21,20652.05,983.4309523809524,154,2318.32,69.1,18.6,25.0,3.0,Business,Monthly,USA
CUST_009133,Needs Attention,398,11,20630.36,1875.4872727272727,114,4913.22,61.3,23.1,12.0,3.0,Business,Monthly,USA
CUST_006939,Needs Attention,337,14,20612.48,1472.32,124,4661.32,64.4,21.8,2.0,4.0,Business,Monthly,USA
CUST_005945,Needs Attention,47,10,20597.0,2059.7,214,17594.44,75.4,24.4,-19.0,5.0,Business,Annual,Other
CUST_003498,Needs Attention,49,13,20579.93,1583.0715384615385,214,7491.13,50.5,12.1,-14.0,3.0,Business,Multi-Year,India
CUST_003945,At Risk High Value,52,18,20550.16,1141.6755555555555,244,6815.84,67.4,19.3,-15.0,5.0,Business,Multi-Year,Other
CUST_014168,Needs Attention,49,15,20538.35,1369.2233333333331,234,3442.54,55.2,14.0,-27.0,4.0,Business,Multi-Year,Canada
CUST_016716,Needs Attention,50,13,20524.9,1578.8384615384616,224,12186.15,66.9,19.7,8.0,6.0,Business,Annual,USA
CUST_012740,At Risk High Value,84,17,20522.09,1207.1817647058824,244,4459.22,66.8,18.8,13.0,2.0,Business,Monthly,Germany
CUST_015698,Needs Attention,243,15,20498.85,1366.59,134,4431.84,55.2,17.1,8.0,2.0,Business,Annual,India
CUST_006727,Needs Attention,46,14,20412.13,1458.0092857142859,224,17052.26,86.4,30.6,34.0,1.0,Business,Monthly,USA
CUST_008924,Needs Attention,51,15,20411.8,1360.7866666666666,234,6654.48,59.8,23.5,27.0,4.0,Business,Multi-Year,Germany
CUST_010098,Needs Attention,81,15,20393.12,1359.5413333333333,234,21531.88,75.8,23.6,42.0,2.0,Business,Annual,USA
CUST_011109,Needs Attention,170,16,20360.96,1272.56,134,1756.62,26.7,9.3,-21.0,4.0,Business,Monthly,UK
CUST_019687,At Risk High Value,168,16,20359.72,1272.4825,144,1295.07,53.0,10.1,-10.0,7.0,Enterprise,Multi-Year,UK
CUST_011907,At Risk High Value,141,17,20328.56,1195.7976470588237,144,1471.82,49.5,11.6,20.0,5.0,Business,Monthly,USA
CUST_013853,Needs Attention,50,16,20323.41,1270.213125,234,4394.53,56.0,18.1,6.0,4.0,Business,Multi-Year,USA
CUST_017691,Needs Attention,48,13,20315.57,1562.736153846154,224,8839.09,61.7,16.3,2.0,4.0,Business,Multi-Year,USA
CUST_008757,Needs Attention,184,12,20277.66,1689.805,114,4871.45,60.8,11.9,-1.0,1.0,Enterprise,Annual,UK
CUST_018078,At Risk High Value,725,16,20231.88,1264.4925,144,2939.75,57.3,15.5,-14.0,0.0,Enterprise,Monthly,Other
CUST_007309,Needs Attention,68,13,20229.74,1556.1338461538462,214,20444.76,69.8,14.9,49.0,2.0,Business,Annual,Canada
CUST_010428,At Risk High Value,50,18,20215.07,1123.0594444444444,244,12759.52,65.4,20.8,35.0,4.0,Business,Annual,Australia
CUST_000668,Needs Attention,62,11,20189.75,1835.4318181818182,214,2542.03,35.8,12.3,3.0,5.0,Enterprise,Monthly,USA
CUST_017976,Needs Attention,234,14,20169.95,1440.7107142857144,124,2981.45,26.3,2.8,-3.0,4.0,Business,Annual,India
CUST_019101,At Risk High Value,46,16,20145.48,1259.0925,244,4604.51,47.2,19.1,-34.0,3.0,Business,Monthly,USA
CUST_015769,Needs Attention,91,14,20140.93,1438.6378571428572,124,34778.07,76.9,22.2,40.0,0.0,Business,Annual,USA
CUST_012595,Needs Attention,73,12,20133.05,1677.7541666666666,214,5369.69,47.5,19.0,17.0,4.0,Business,Multi-Year,USA
CUST_002064,Needs Attention,141,10,20129.239999999998,2012.9239999999998,114,24133.35,70.1,30.4,61.0,1.0,Business,Annual,USA
CUST_001058,Needs Attention,72,10,20119.13,2011.913,214,15618.54,59.5,26.7,29.0,1.0,Business,Annual,USA
CUST_009308,Needs Attention,56,14,20096.96,1435.4971428571428,224,29825.63,94.4,26.3,57.0,1.0,Business,Multi-Year,Canada
CUST_016267,Needs Attention,51,12,20058.34,1671.5283333333334,214,6108.77,57.7,23.1,-6.0,5.0,Business,Multi-Year,Germany
CUST_012016,Needs Attention,66,14,20001.95,1428.7107142857144,224,4858.82,49.9,21.1,-3.0,7.0,Business,Annual,Germany
CUST_009741,Needs Attention,63,14,19992.46,1428.032857142857,224,7538.27,53.5,11.2,-22.0,6.0,Business,Monthly,USA
CUST_013927,Needs Attention,60,16,19973.56,1248.3475,234,4313.66,63.9,19.6,-15.0,7.0,Business,Annual,UK
CUST_014283,Needs Attention,209,16,19965.63,1247.851875,134,755.55,28.3,11.1,2.0,8.0,Business,Annual,USA
CUST_011303,At Risk High Value,47,19,19937.66,1049.3505263157895,254,4012.68,65.0,15.9,9.0,2.0,Professional,Annual,Germany
CUST_006290,Needs Attention,50,16,19927.87,1245.491875,234,17662.0,83.9,23.7,42.0,5.0,Business,Multi-Year,UK
CUST_001050,At Risk High Value,79,21,19889.91,947.1385714285714,254,846.51,38.3,3.7,11.0,3.0,Business,Monthly,India
CUST_000563,Needs Attention,76,14,19787.27,1413.3764285714285,224,16322.94,61.6,16.8,25.0,4.0,Business,Annual,Germany
CUST_003619,Needs Attention,47,16,19780.44,1236.2775,234,5764.59,57.4,15.4,32.0,5.0,Business,Annual,USA
CUST_005412,Needs Attention,147,13,19761.48,1520.1138461538462,114,8714.29,66.2,25.7,42.0,1.0,Business,Annual,USA
CUST_009795,Needs Attention,143,15,19745.99,1316.3993333333335,134,3114.95,45.6,14.8,11.0,6.0,Business,Multi-Year,India
CUST_002326,At Risk High Value,69,24,19742.25,822.59375,254,762.01,38.1,16.1,-32.0,10.0,Business,Monthly,USA
CUST_016369,At Risk High Value,446,18,19730.48,1096.1377777777777,154,2590.13,45.3,17.6,16.0,2.0,Enterprise,Monthly,Australia
CUST_003588,Needs Attention,58,13,19587.39,1506.7223076923076,214,42060.52,70.7,24.7,70.0,4.0,Business,Annual,USA
CUST_010284,Needs Attention,55,16,19531.79,1220.736875,234,38183.2,73.7,26.7,64.0,2.0,Business,Annual,Australia
CUST_003662,Needs Attention,56,15,19523.33,1301.5553333333335,224,11835.64,63.3,20.3,16.0,4.0,Business,Multi-Year,Australia
CUST_013766,Needs Attention,64,13,19515.05,1501.1576923076923,224,3095.62,52.4,15.4,31.0,3.0,Enterprise,Annual,Australia
CUST_006824,Needs Attention,360,13,19469.66,1497.6661538461537,114,7073.58,54.5,13.4,24.0,4.0,Business,Annual,Canada
CUST_015736,Needs Attention,58,12,19466.26,1622.1883333333333,214,27955.66,86.6,26.7,7.0,3.0,Business,Multi-Year,UK
CUST_011582,At Risk High Value,68,19,19462.4,1024.3368421052633,254,993.81,37.7,15.2,-10.0,1.0,Business,Monthly,USA
CUST_016990,Needs Attention,67,14,19461.03,1390.0735714285713,224,9854.99,66.8,16.8,21.0,6.0,Business,Multi-Year,USA
CUST_003768,Needs Attention,48,16,19449.93,1215.620625,234,3506.72,53.0,11.5,-7.0,4.0,Business,Multi-Year,Australia
CUST_003872,Needs Attention,63,13,19434.329999999998,1494.9484615384613,214,14018.45,75.7,19.2,6.0,2.0,Business,Annual,Other
CUST_014570,Needs Attention,70,9,19422.22,2158.0244444444447,214,66951.08,79.7,22.4,14.0,1.0,Business,Multi-Year,India
CUST_018214,Needs Attention,169,15,19369.760000000002,1291.3173333333334,134,1203.57,56.0,11.1,16.0,8.0,Enterprise,Monthly,India
CUST_007174,Needs Attention,59,14,19356.63,1382.6164285714287,224,4476.03,57.8,21.8,-1.0,4.0,Business,Monthly,USA
CUST_009082,Needs Attention,48,12,19318.04,1609.8366666666668,214,27199.36,91.2,31.0,51.0,2.0,Business,Annual,USA
CUST_007935,Needs Attention,60,13,19249.69,1480.7453846153844,224,9043.39,55.0,16.4,15.0,0.0,Business,Monthly,USA
CUST_019098,Needs Attention,53,15,19223.59,1281.5726666666667,234,7610.51,80.9,22.1,-7.0,3.0,Business,Multi-Year,Canada
CUST_009207,At Risk High Value,203,19,19223.47,1011.7615789473684,154,1181.32,40.5,15.2,-5.0,4.0,Business,Annual,USA
CUST_015725,Needs Attention,70,14,19200.81,1371.4864285714286,224,9590.55,59.4,18.9,1.0,5.0,Business,Annual,Australia
CUST_019303,Needs Attention,52,11,19200.27,1745.479090909091,214,9159.26,67.7,18.8,4.0,4.0,Business,Monthly,USA
CUST_010285,Needs Attention,62,14,19199.8,1371.4142857142856,224,3340.96,52.4,16.3,48.0,6.0,Enterprise,Monthly,India
CUST_000867,Needs Attention,63,11,19158.45,1741.6772727272728,214,9546.53,64.6,24.0,-9.0,5.0,Business,Monthly,UK
CUST_010873,Needs Attention,48,13,19147.97,1472.9207692307693,224,17976.44,83.7,22.2,41.0,2.0,Business,Annual,Germany
CUST_011962,Needs Attention,64,16,19141.68,1196.355,234,20597.97,75.9,21.6,53.0,4.0,Business,Annual,USA
CUST_009870,Needs Attention,55,11,19117.11,1737.919090909091,214,8617.59,68.3,25.3,22.0,3.0,Business,Annual,UK
CUST_011024,Needs Attention,53,14,19091.99,1363.7135714285716,224,1703.93,43.4,13.3,-48.0,5.0,Business,Multi-Year,Other
CUST_011121,Needs Attention,56,13,19073.43,1467.186923076923,224,12794.2,59.6,23.7,21.0,3.0,Business,Annual,USA
CUST_011748,Needs Attention,59,11,19057.49,1732.4990909090911,214,5593.73,69.4,14.1,31.0,3.0,Business,Multi-Year,Other
CUST_005527,Needs Attention,57,14,19056.3,1361.1642857142856,224,7596.64,66.4,24.1,21.0,2.0,Business,Multi-Year,UK
CUST_003782,Needs Attention,56,15,19020.29,1268.0193333333334,234,23128.65,62.6,25.1,26.0,4.0,Business,Annual,USA
CUST_006723,Needs Attention,409,14,19010.56,1357.8971428571429,124,1610.19,49.8,18.7,4.0,7.0,Enterprise,Monthly,Canada
CUST_009413,Needs Attention,63,12,18966.46,1580.5383333333332,214,10427.44,77.2,17.5,8.0,2.0,Business,Monthly,USA
CUST_016519,At Risk High Value,56,16,18957.38,1184.83625,244,2104.74,51.8,11.4,6.0,3.0,Enterprise,Monthly,UK
CUST_006550,Needs Attention,262,16,18941.96,1183.8725,134,9194.55,73.6,22.8,-1.0,5.0,Business,Multi-Year,UK
CUST_003793,Needs Attention,93,14,18911.65,1350.832142857143,124,2876.14,58.4,15.5,-16.0,7.0,Business,Multi-Year,UK
CUST_013354,Needs Attention,64,13,18904.89,1454.2223076923076,224,8968.16,71.6,12.1,24.0,4.0,Business,Multi-Year,Germany
CUST_018054,At Risk High Value,47,16,18817.81,1176.113125,244,5269.79,53.3,8.7,36.0,3.0,Business,Multi-Year,Germany
CUST_010503,Needs Attention,313,15,18805.34,1253.6893333333333,134,54795.52,100.0,27.0,59.0,1.0,Professional,Annual,Other
CUST_009491,Needs Attention,60,16,18797.65,1174.853125,234,34119.93,64.5,13.7,77.0,2.0,Business,Multi-Year,USA
CUST_015345,Needs Attention,70,14,18794.05,1342.4321428571427,224,3702.61,52.8,16.7,-4.0,6.0,Business,Annual,Germany
CUST_009486,Needs Attention,61,16,18769.93,1173.120625,234,3578.42,32.9,7.2,13.0,6.0,Business,Annual,UK
CUST_014953,Needs Attention,47,13,18747.14,1442.0876923076924,224,10074.15,83.2,25.2,33.0,2.0,Business,Monthly,India
CUST_019459,At Risk High Value,55,16,18741.22,1171.32625,244,6633.83,54.4,17.1,8.0,3.0,Business,Annual,USA
CUST_001678,Needs Attention,48,16,18736.1,1171.00625,234,4925.38,62.7,14.6,-5.0,4.0,Business,Annual,Other
CUST_009538,At Risk High Value,107,17,18735.239999999998,1102.0729411764705,144,4169.96,44.2,18.9,-5.0,4.0,Business,Monthly,Germany
CUST_008591,Needs Attention,73,15,18734.89,1248.9926666666665,234,5870.7,64.2,20.2,20.0,5.0,Business,Multi-Year,USA
CUST_007862,Needs Attention,52,14,18714.0,1336.7142857142858,224,15819.46,71.2,19.5,9.0,3.0,Business,Annual,India
CUST_016821,At Risk High Value,73,17,18703.09,1100.1817647058824,244,2123.29,39.3,14.7,14.0,3.0,Enterprise,Monthly,USA
CUST_010368,At Risk High Value,252,20,18689.4,934.47,154,13232.34,93.0,31.0,37.0,2.0,Business,Multi-Year,Canada
CUST_009922,Needs Attention,290,14,18688.61,1334.9007142857142,124,1905.17,46.5,11.3,-48.0,6.0,Business,Annual,USA
CUST_001757,Needs Attention,178,13,18686.45,1437.4192307692308,114,3704.95,73.1,16.8,-2.0,4.0,Business,Annual,USA
CUST_018399,At Risk High Value,65,17,18661.01,1097.706470588235,244,10472.94,56.0,24.7,11.0,2.0,Business,Annual,UK
CUST_002947,Needs Attention,233,15,18633.94,1242.2626666666665,124,890.59,26.0,8.0,-21.0,6.0,Enterprise,Monthly,USA
CUST_015863,Needs Attention,48,13,18631.38,1433.183076923077,224,12811.11,69.8,19.6,46.0,3.0,Business,Multi-Year,UK
CUST_016598,Needs Attention,49,11,18627.25,1693.3863636363637,214,6006.77,75.1,19.0,15.0,5.0,Business,Multi-Year,Australia
CUST_008995,At Risk High Value,104,20,18613.25,930.6625,154,2457.59,62.6,19.3,4.0,2.0,Business,Multi-Year,USA
CUST_013759,Needs Attention,58,14,18597.59,1328.3992857142857,224,6823.55,62.1,19.9,28.0,4.0,Business,Multi-Year,USA
CUST_004169,Needs Attention,511,16,18593.56,1162.0975,134,2426.33,57.1,14.3,-5.0,2.0,Business,Monthly,Canada
CUST_001033,Needs Attention,135,14,18584.33,1327.452142857143,124,2537.75,48.1,5.3,-21.0,3.0,Enterprise,Monthly,Canada
CUST_004166,Needs Attention,45,13,18559.58,1427.66,214,3155.68,72.6,24.5,-16.0,6.0,Business,Multi-Year,USA
CUST_013813,Needs Attention,49,16,18514.96,1157.185,234,10512.88,67.1,21.9,37.0,1.0,Business,Annual,USA
CUST_019073,Needs Attention,273,14,18507.65,1321.9750000000001,124,1347.83,38.7,14.9,-24.0,3.0,Business,Monthly,Canada
CUST_007732,Needs Attention,81,13,18505.29,1423.4838461538461,214,12205.37,59.7,20.3,29.0,3.0,Business,Annual,UK
CUST_015716,Needs Attention,67,15,18503.87,1233.5913333333333,234,37178.12,80.9,26.3,57.0,2.0,Business,Annual,India
CUST_006685,Needs Attention,76,13,18484.93,1421.9176923076923,214,3514.98,49.8,10.8,-28.0,8.0,Business,Annual,Germany
CUST_014703,Needs Attention,172,15,18478.48,1231.8986666666667,134,7677.23,58.7,21.3,46.0,1.0,Business,Annual,Germany
CUST_008810,Needs Attention,394,14,18473.93,1319.5664285714286,124,8788.2,60.5,16.8,21.0,2.0,Business,Annual,Other
CUST_018483,Needs Attention,107,12,18471.61,1539.3008333333335,114,2306.19,46.6,9.7,-20.0,6.0,Business,Monthly,USA
CUST_006943,Needs Attention,106,15,18464.66,1230.9773333333333,134,2946.89,50.5,9.6,-12.0,3.0,Business,Annual,UK
CUST_006649,At Risk High Value,71,22,18461.87,839.175909090909,254,4180.81,83.4,26.0,-12.0,6.0,Professional,Monthly,Other
CUST_008966,Needs Attention,140,16,18426.68,1151.6675,134,2798.89,73.0,23.8,-19.0,0.0,Business,Annual,Australia
CUST_008674,At Risk High Value,50,17,18390.3,1081.7823529411764,244,48713.94,59.0,22.3,8.0,3.0,Professional,Multi-Year,India
CUST_003626,At Risk High Value,65,18,18355.11,1019.7283333333334,244,21013.07,85.5,30.5,25.0,3.0,Business,Multi-Year,UK
CUST_000167,Needs Attention,52,12,18315.68,1526.3066666666666,214,13085.01,85.0,22.9,25.0,1.0,Business,Annual,USA
CUST_014458,Needs Attention,79,14,18307.17,1307.655,224,4127.96,57.3,19.8,19.0,4.0,Business,Multi-Year,Canada
CUST_011186,Needs Attention,77,10,18304.0,1830.4,214,23549.97,81.2,21.9,49.0,3.0,Business,Annual,Canada
CUST_019940,Needs Attention,153,15,18296.94,1219.7959999999998,134,3833.02,51.0,14.8,28.0,1.0,Business,Annual,USA
CUST_003621,Needs Attention,47,15,18275.8,1218.3866666666665,224,2196.08,38.0,13.0,-18.0,7.0,Business,Annual,USA
CUST_007794,Needs Attention,128,14,18249.75,1303.5535714285713,124,573.02,23.6,6.2,-26.0,4.0,Business,Annual,UK
CUST_013453,Needs Attention,60,12,18240.86,1520.0716666666667,214,10669.16,65.9,28.2,-8.0,2.0,Business,Annual,UK
CUST_008687,At Risk High Value,310,18,18219.04,1012.1688888888889,144,9946.3,73.7,21.9,17.0,3.0,Business,Multi-Year,Australia
CUST_004480,At Risk High Value,46,18,18124.62,1006.9233333333333,244,25087.32,84.9,23.2,12.0,3.0,Professional,Monthly,USA
CUST_018298,Needs Attention,115,13,18116.19,1393.5530769230768,124,6597.71,52.7,21.7,20.0,5.0,Business,Annual,USA
CUST_010636,At Risk High Value,172,17,18114.84,1065.5788235294117,144,3785.58,55.1,22.3,18.0,3.0,Business,Multi-Year,India
CUST_009916,Needs Attention,54,15,18108.989999999998,1207.2659999999998,234,3945.57,35.8,8.4,-16.0,3.0,Business,Annual,India
CUST_010417,Needs Attention,67,13,18079.7,1390.746153846154,224,2921.51,64.7,18.1,-39.0,6.0,Business,Multi-Year,India
CUST_009991,Needs Attention,49,12,18071.14,1505.9283333333333,214,29180.74,75.8,25.3,45.0,1.0,Business,Annual,UK
CUST_018064,At Risk High Value,255,17,18049.45,1061.7323529411765,144,1721.4,61.4,12.3,14.0,9.0,Business,Annual,India
CUST_005605,Needs Attention,109,12,18012.21,1501.0175,114,10261.34,66.0,16.3,39.0,3.0,Business,Annual,USA
CUST_001125,Needs Attention,61,15,17987.15,1199.1433333333334,224,4757.27,74.5,19.3,-5.0,6.0,Business,Annual,Australia
CUST_009387,Needs Attention,466,15,17968.36,1197.8906666666667,134,3471.62,40.1,11.0,2.0,5.0,Business,Monthly,USA
CUST_006993,At Risk High Value,55,17,17929.190000000002,1054.6582352941177,244,8343.78,70.0,14.6,36.0,3.0,Business,Annual,USA
CUST_018688,Needs Attention,249,15,17922.71,1194.8473333333334,134,1555.19,42.3,12.0,-10.0,3.0,Business,Annual,Australia
CUST_015314,Needs Attention,56,13,17919.21,1378.4007692307691,224,8886.88,62.4,19.5,48.0,2.0,Business,Annual,India
CUST_000750,Needs Attention,99,16,17914.09,1119.630625,134,2940.88,38.3,2.5,11.0,6.0,Business,Multi-Year,Australia
CUST_019939,Needs Attention,58,14,17877.129999999997,1276.937857142857,224,10364.82,65.2,13.6,45.0,1.0,Business,Annual,Canada
CUST_017975,Needs Attention,47,14,17858.8,1275.6285714285714,224,5109.57,62.0,25.2,-9.0,5.0,Business,Annual,USA
CUST_018530,At Risk High Value,46,21,17834.059999999998,849.2409523809523,254,1590.97,38.6,12.7,9.0,4.0,Professional,Annual,UK
CUST_005091,At Risk High Value,55,18,17800.53,988.9183333333333,244,6845.27,71.3,18.8,20.0,3.0,Business,Monthly,USA
CUST_010377,Needs Attention,55,13,17799.04,1369.1569230769232,224,16724.74,56.0,25.6,16.0,1.0,Business,Multi-Year,Other
CUST_016444,Needs Attention,242,15,17793.14,1186.2093333333332,134,3911.25,59.6,19.8,-7.0,7.0,Business,Monthly,USA
CUST_003959,At Risk High Value,49,20,17749.61,887.4805,254,4289.47,56.9,20.8,11.0,4.0,Business,Annual,Other
CUST_014413,Needs Attention,50,12,17748.11,1479.0091666666667,214,17514.0,61.5,21.0,8.0,5.0,Business,Annual,USA
CUST_001318,Needs Attention,62,14,17747.34,1267.6671428571428,224,5685.69,44.3,12.5,29.0,1.0,Business,Annual,UK
CUST_010064,Needs Attention,79,13,17740.15,1364.6269230769233,224,9829.31,50.7,15.6,31.0,5.0,Business,Multi-Year,USA
CUST_019890,Needs Attention,54,12,17731.22,1477.6016666666667,214,15963.8,71.9,22.4,23.0,2.0,Business,Annual,Canada
CUST_013043,Needs Attention,100,12,17714.73,1476.2275,114,3795.1,64.4,21.8,7.0,4.0,Business,Annual,Canada
CUST_018276,Needs Attention,60,12,17651.91,1470.9925,214,9848.82,69.6,20.4,10.0,3.0,Business,Multi-Year,Other
CUST_019611,At Risk High Value,58,16,17595.71,1099.731875,244,5405.65,49.4,10.4,21.0,1.0,Business,Multi-Year,USA
CUST_009445,Needs Attention,544,16,17578.81,1098.675625,134,2430.74,62.9,15.3,-11.0,0.0,Enterprise,Monthly,USA
CUST_009150,Needs Attention,283,14,17577.15,1255.5107142857144,124,4513.04,63.7,20.3,14.0,2.0,Business,Annual,Other
CUST_008628,Needs Attention,70,15,17571.89,1171.4593333333332,234,5379.4,59.8,15.3,-5.0,5.0,Business,Annual,Australia
CUST_006336,At Risk High Value,45,17,17544.66,1032.0388235294117,244,13794.28,83.4,22.3,3.0,3.0,Business,Annual,USA
CUST_016878,Needs Attention,46,14,17544.47,1253.1764285714287,224,7863.51,60.9,20.6,25.0,1.0,Business,Annual,USA
CUST_000309,Needs Attention,47,13,17505.19,1346.5530769230768,214,29164.45,98.3,31.0,9.0,3.0,Business,Monthly,USA
CUST_011967,Needs Attention,65,14,17502.51,1250.1792857142857,224,5493.64,54.0,11.3,-15.0,6.0,Business,Annual,USA
CUST_013208,Needs Attention,55,15,17498.75,1166.5833333333333,234,9161.39,67.4,19.5,26.0,0.0,Business,Multi-Year,USA
CUST_015721,Needs Attention,71,13,17498.69,1346.0530769230768,224,6110.47,43.3,15.0,5.0,6.0,Business,Multi-Year,USA
CUST_002349,At Risk High Value,54,19,17492.27,920.6457894736842,254,4129.98,53.1,16.4,3.0,6.0,Business,Multi-Year,Other
CUST_017305,Needs Attention,64,14,17491.61,1249.4007142857142,224,5467.74,75.6,27.2,-9.0,6.0,Enterprise,Monthly,Germany
CUST_002653,Needs Attention,645,15,17436.06,1162.404,124,22682.91,68.1,26.5,30.0,3.0,Business,Annual,USA
CUST_003982,Needs Attention,49,14,17427.43,1244.8164285714286,224,9528.18,55.1,9.2,33.0,1.0,Business,Multi-Year,USA
CUST_015196,At Risk High Value,77,20,17414.38,870.719,254,1106.87,58.0,12.7,-47.0,9.0,Business,Monthly,Germany
CUST_012534,Needs Attention,226,16,17372.95,1085.809375,134,1901.79,46.0,3.5,-20.0,7.0,Business,Multi-Year,Canada
CUST_008708,Needs Attention,55,16,17371.41,1085.713125,234,2945.4,43.8,11.9,-12.0,2.0,Business,Multi-Year,Australia
CUST_017042,Needs Attention,60,11,17363.62,1578.510909090909,214,12950.45,81.7,18.1,26.0,3.0,Business,Monthly,Australia
CUST_011554,At Risk High Value,81,21,17346.32,826.015238095238,254,1406.07,57.2,18.3,-34.0,7.0,Business,Monthly,Other
CUST_015904,Needs Attention,54,12,17342.96,1445.2466666666667,214,10288.55,65.1,24.6,23.0,2.0,Business,Annual,Germany
CUST_008412,Needs Attention,390,13,17338.239999999998,1333.710769230769,124,21669.06,78.4,22.8,31.0,4.0,Professional,Annual,Australia
CUST_014191,Needs Attention,68,14,17329.55,1237.825,224,11399.62,58.7,17.6,10.0,4.0,Business,Multi-Year,USA
CUST_015070,Needs Attention,49,15,17307.12,1153.808,234,1260.23,57.2,13.9,29.0,5.0,Business,Multi-Year,UK
CUST_006897,Needs Attention,80,14,17286.25,1234.732142857143,224,27790.87,68.1,23.2,41.0,5.0,Business,Annual,Other
CUST_005591,At Risk High Value,300,17,17226.57,1013.3276470588235,144,3696.2,53.3,9.5,11.0,1.0,Business,Multi-Year,Germany
CUST_017619,Needs Attention,63,13,17211.19,1323.9376923076923,224,4227.71,40.8,12.4,-28.0,6.0,Business,Monthly,USA
CUST_014342,Needs Attention,82,9,17207.59,1911.9544444444446,214,10528.55,57.2,16.8,12.0,3.0,Enterprise,Annual,Canada
CUST_015218,Needs Attention,50,13,17186.46,1322.0353846153846,224,42297.62,85.0,26.4,61.0,2.0,Business,Annual,Australia
CUST_019086,Needs Attention,58,14,17179.71,1227.1221428571428,224,41001.43,89.4,31.0,44.0,2.0,Business,Annual,UK
CUST_007918,Needs Attention,51,14,17163.78,1225.9842857142855,224,15247.97,89.0,24.7,18.0,1.0,Business,Multi-Year,Canada
CUST_019353,Needs Attention,154,14,17160.73,1225.7664285714286,124,2345.66,45.9,17.1,11.0,5.0,Business,Annual,UK
CUST_011144,Needs Attention,64,15,17155.06,1143.6706666666666,234,8105.04,71.2,25.6,9.0,3.0,Business,Multi-Year,USA
CUST_013258,Needs Attention,71,14,17136.34,1224.0242857142857,224,6929.11,64.7,22.1,9.0,3.0,Business,Annual,Other
CUST_013410,Needs Attention,57,13,17126.9,1317.4538461538464,224,9659.31,52.4,15.9,0.0,1.0,Business,Multi-Year,India
CUST_003118,At Risk High Value,514,20,17125.95,856.2975,154,3610.68,68.7,13.8,-7.0,3.0,Business,Monthly,USA
CUST_011968,Needs Attention,49,14,17113.24,1222.3742857142859,224,3648.39,55.3,15.4,-6.0,5.0,Business,Annual,Germany
CUST_005719,Needs Attention,51,14,17101.91,1221.565,224,8942.75,58.3,19.7,22.0,4.0,Business,Monthly,USA
CUST_015954,Needs Attention,532,15,17078.25,1138.55,134,4738.31,56.0,7.6,13.0,4.0,Business,Annual,USA
CUST_002971,Needs Attention,351,14,17052.14,1218.01,124,4505.33,56.9,11.5,-5.0,6.0,Business,Annual,UK
CUST_012289,Needs Attention,79,13,17042.84,1310.9876923076922,224,93801.94,91.6,29.7,23.0,2.0,Professional,Annual,Australia
CUST_019367,Needs Attention,65,13,17033.87,1310.2976923076922,224,19261.0,73.4,25.7,9.0,2.0,Business,Monthly,Canada
CUST_019445,Needs Attention,255,10,16996.39,1699.639,114,7995.9,64.5,17.9,30.0,2.0,Business,Annual,Canada
CUST_006064,Needs Attention,47,14,16990.84,1213.6314285714286,224,7331.58,71.2,21.5,-14.0,6.0,Business,Multi-Year,Australia
CUST_010246,At Risk High Value,676,17,16951.25,997.1323529411765,144,5225.51,48.4,10.3,31.0,2.0,Business,Annual,USA
CUST_001177,Needs Attention,68,12,16912.47,1409.3725000000002,214,7815.8,68.0,24.2,5.0,4.0,Professional,Annual,UK
CUST_001207,Needs Attention,288,13,16895.3,1299.6384615384616,114,3780.92,44.1,22.1,-9.0,3.0,Business,Annual,USA
CUST_010965,Needs Attention,61,13,16830.4,1294.646153846154,224,13657.48,80.2,19.3,30.0,3.0,Business,Annual,Canada
CUST_008657,At Risk High Value,434,17,16816.28,989.1929411764705,144,11738.29,63.7,18.9,22.0,5.0,Business,Multi-Year,Germany
CUST_007975,Needs Attention,64,12,16815.66,1401.305,214,47174.78,90.1,27.0,50.0,3.0,Business,Annual,Germany
CUST_008730,Needs Attention,49,15,16808.45,1120.5633333333333,234,29252.48,91.2,25.6,61.0,1.0,Business,Multi-Year,UK
CUST_000372,Needs Attention,65,13,16807.59,1292.8915384615384,214,5480.86,65.6,21.9,-18.0,4.0,Business,Multi-Year,Australia
CUST_012492,Needs Attention,322,10,16793.3,1679.33,114,2091.05,36.5,7.0,-34.0,6.0,Enterprise,Monthly,India
CUST_004254,Needs Attention,63,10,16791.55,1679.155,214,16922.98,86.0,23.1,16.0,2.0,Business,Annual,USA
CUST_005369,Needs Attention,53,14,16755.61,1196.8292857142858,224,4972.25,66.0,13.8,27.0,3.0,Business,Annual,USA
CUST_010966,Needs Attention,62,13,16740.47,1287.7284615384617,224,6453.4,77.6,25.6,11.0,0.0,Enterprise,Monthly,USA
CUST_014612,At Risk High Value,71,21,16724.02,796.3819047619048,254,1107.51,56.0,6.2,12.0,1.0,Business,Annual,USA
CUST_015635,Needs Attention,62,15,16718.07,1114.538,234,4733.34,64.7,22.6,-2.0,6.0,Business,Annual,Other
CUST_004529,Needs Attention,48,16,16715.1,1044.69375,234,10234.22,52.3,21.7,29.0,2.0,Professional,Multi-Year,Germany
CUST_004593,Needs Attention,48,10,16706.2,1670.6200000000001,214,3911.99,36.1,15.2,-16.0,5.0,Business,Annual,Canada
CUST_009613,Needs Attention,57,14,16685.329999999998,1191.8092857142856,224,3322.32,37.5,16.8,-30.0,4.0,Business,Annual,Germany
CUST_010321,Needs Attention,50,14,16681.690000000002,1191.5492857142858,224,7539.64,51.3,14.1,-5.0,2.0,Professional,Annual,India
CUST_008157,Needs Attention,75,13,16667.25,1282.0961538461538,224,9211.0,71.9,19.7,36.0,2.0,Business,Annual,USA
CUST_004700,Needs Attention,47,12,16663.95,1388.6625000000001,214,35238.67,86.6,23.6,66.0,3.0,Business,Multi-Year,Germany
CUST_012969,Needs Attention,58,11,16662.37,1514.760909090909,214,11229.91,75.6,21.5,23.0,5.0,Business,Annual,Canada
CUST_019947,Needs Attention,58,13,16613.27,1277.9438461538462,224,6702.16,70.1,15.7,22.0,6.0,Business,Multi-Year,USA
CUST_009234,At Risk High Value,114,18,16611.94,922.8855555555555,144,1123.32,35.0,0.0,10.0,5.0,Business,Monthly,USA
CUST_003116,Needs Attention,84,15,16608.02,1107.2013333333334,224,2432.4,67.3,24.2,-11.0,6.0,Business,Monthly,USA
CUST_015032,Needs Attention,61,15,16550.49,1103.3660000000002,234,5967.1,75.5,25.7,42.0,4.0,Business,Monthly,Australia
CUST_017017,At Risk High Value,374,17,16548.19,973.4229411764705,144,8318.21,62.5,19.9,36.0,0.0,Business,Monthly,UK
CUST_002081,At Risk High Value,375,21,16503.4,785.8761904761906,154,1652.27,32.1,10.8,27.0,5.0,Business,Monthly,UK
CUST_019139,At Risk High Value,55,17,16465.34,968.5494117647058,244,1154.18,63.3,17.4,-28.0,3.0,Business,Annual,Australia
CUST_010002,Needs Attention,45,16,16458.96,1028.685,234,8808.53,62.1,18.0,21.0,3.0,Professional,Annual,USA
CUST_019102,At Risk High Value,50,16,16454.47,1028.404375,244,4177.5,61.0,20.8,29.0,2.0,Business,Monthly,USA
CUST_009710,Needs Attention,50,15,16450.06,1096.6706666666666,234,4848.26,58.0,14.7,8.0,4.0,Business,Multi-Year,Australia
CUST_013907,At Risk High Value,48,18,16443.26,913.5144444444444,254,4114.19,57.5,23.3,-1.0,3.0,Business,Monthly,Germany
CUST_019171,At Risk High Value,56,21,16431.75,782.4642857142857,254,544.64,29.0,12.8,-49.0,9.0,Business,Monthly,USA
CUST_018106,Needs Attention,63,13,16392.06,1260.9276923076925,224,14070.63,76.3,19.5,6.0,0.0,Business,Multi-Year,USA
CUST_008557,Needs Attention,278,15,16349.08,1089.9386666666667,134,4827.79,68.2,18.2,31.0,3.0,Business,Annual,USA
CUST_011621,Needs Attention,49,14,16336.42,1166.8871428571429,224,26464.06,88.3,28.8,43.0,2.0,Professional,Annual,USA
CUST_001665,Needs Attention,70,9,16217.53,1801.947777777778,214,5038.67,60.6,19.7,3.0,6.0,Business,Monthly,India
CUST_013979,Needs Attention,53,11,16215.11,1474.1009090909092,214,8579.72,48.9,15.4,21.0,0.0,Business,Multi-Year,USA
CUST_002830,Needs Attention,66,12,16208.5,1350.7083333333333,214,4050.3,68.5,20.4,-13.0,7.0,Business,Annual,UK
CUST_001675,Needs Attention,47,13,16202.88,1246.3753846153845,214,4036.27,63.4,14.7,7.0,3.0,Business,Monthly,USA
CUST_012382,Needs Attention,295,14,16187.53,1156.2521428571429,124,2919.04,63.2,22.9,43.0,2.0,Business,Monthly,Canada
CUST_014014,Needs Attention,60,11,16187.45,1471.5863636363638,214,3957.37,39.8,11.8,-9.0,4.0,Business,Monthly,USA
CUST_002692,Needs Attention,72,14,16147.55,1153.3964285714285,224,11324.33,70.3,15.6,9.0,5.0,Business,Multi-Year,Australia
CUST_016261,At Risk High Value,76,20,16120.37,806.0185,254,858.2,50.1,20.5,-26.0,4.0,Business,Multi-Year,USA
CUST_014539,Needs Attention,49,12,16114.2,1342.8500000000001,214,6798.33,78.9,19.3,29.0,2.0,Business,Multi-Year,USA
CUST_002284,Needs Attention,631,16,16112.74,1007.04625,134,7032.48,65.0,19.7,9.0,7.0,Business,Multi-Year,USA
CUST_010342,At Risk High Value,46,19,16103.1,847.5315789473684,254,4115.7,69.0,23.7,38.0,6.0,Business,Monthly,USA
CUST_011275,Needs Attention,46,13,16098.06,1238.3123076923077,224,23724.26,86.8,26.5,46.0,4.0,Professional,Multi-Year,USA
CUST_002375,Needs Attention,55,11,16092.53,1462.9572727272728,214,4217.87,57.4,16.9,-23.0,4.0,Business,Annual,Germany
CUST_002935,Needs Attention,53,12,16050.54,1337.545,214,7350.8,65.3,14.5,-3.0,3.0,Business,Annual,USA
CUST_013170,Needs Attention,295,15,15990.539999999999,1066.0359999999998,134,10640.42,75.8,20.5,34.0,5.0,Business,Annual,Australia
